run_tag,seed,env_id,episode_idx,traj_type,rmse_pos,rmse_vel,terminated,steps,thrust5_mean_N,thrust5_impulse_frac,power_mean,total_reward
A_active,0,0,0,langevin,0.09781469963828232,0.29344409891484696,0,500.0,0.021652185380916934,0.0005363509435062305,10181071173.334623,602.1853003617177
A_active,0,1,1,null,0.050292457064263274,0.15087737119278982,0,500.0,0.017315233823198575,0.0007247784770863019,10072914479.237215,649.7075429357367
A_active,0,2,2,langevin,0.08726498670136967,0.261794960104109,0,500.0,0.020142111206578984,0.0007213379653279113,9852709182.599667,612.7350132986303
A_active,0,3,3,null,0.04359032734033556,0.13077098202100668,0,500.0,0.01758940343660011,0.0007265512879301294,10007944421.496332,656.4096726596645
A_active,0,4,4,langevin,0.07553320174895738,0.22659960524687212,0,500.0,0.01609045768821579,0.0006409474426047795,10001628436.103668,624.4667982510426
A_active,0,5,5,null,0.04235070480996607,0.12705211442989822,0,500.0,0.026470319071991037,0.000767339098197246,9457767504.206806,657.649295190034
A_active,0,6,6,langevin,0.043602071848905695,0.1308062155467171,0,500.0,0.01912613953972419,0.0006244476255090313,10042728599.499722,656.3979281510943
A_active,0,7,7,null,0.047772878009507344,0.14331863402852202,0,500.0,0.030589193775255243,0.0005554645903974385,9924478998.5746,652.2271219904926
A_active,0,0,8,langevin,0.12223776891810575,0.36671330675431724,0,500.0,0.023233514981009236,0.0007329730039042928,9897198725.662508,577.7622310818942
A_active,0,1,9,null,0.027253509888846963,0.08176052966654089,0,500.0,0.020837323721113705,0.0006775680754488214,9754529589.151085,672.746490111153
A_active,0,2,10,langevin,0.0677178035326479,0.20315341059794373,0,500.0,0.019639781601363863,0.0005721915043605889,9980346006.429556,632.2821964673522
A_active,0,3,11,null,0.046432650070423145,0.13929795021126945,0,500.0,0.02017793118527743,0.0006160375008352352,10118749614.357164,653.5673499295768
A_active,0,4,12,langevin,0.09920567585390572,0.29761702756171715,0,500.0,0.02160424152283282,0.000584843643927636,10146330456.757088,600.7943241460943
A_active,0,5,13,null,0.03986649656512157,0.11959948969536471,0,500.0,0.024395803091439926,0.0005594879249789222,10182893440.625755,660.1335034348784
A_active,0,6,14,langevin,0.08098106767594954,0.2429432030278486,0,500.0,0.013756255548327923,0.0006352767194699819,10010820455.754309,619.0189323240504
A_active,0,7,15,null,0.048383041499068136,0.1451491244972044,0,500.0,0.015089059375295113,0.0005559293619501473,10039916906.569416,651.6169585009319
A_active,0,0,16,langevin,0.0720473444306631,0.2161420332919893,0,500.0,0.021177528058651127,0.0007426186189145045,9670242526.72981,627.9526555693369
A_active,0,1,17,null,0.04818060604995294,0.1445418181498588,0,500.0,0.02612323483767866,0.0006369139822296193,9837837083.352486,651.819393950047
A_active,0,2,18,langevin,0.096427213311851,0.289281639935553,0,500.0,0.02126723258104071,0.0007562549737444227,9930956857.989744,603.572786688149
A_active,0,3,19,null,0.029082335757314823,0.08724700727194447,0,500.0,0.019449946176443744,0.0006220838513655434,10155064764.409515,670.9176642426852
A_active,0,4,20,langevin,0.08525499373580223,0.25576498120740665,0,500.0,0.011845753837824494,0.0005471503586563466,10176757807.317451,614.7450062641977
A_active,0,5,21,null,0.052859751959855455,0.15857925587956637,0,500.0,0.016798783170457555,0.0006665617870099385,10089114710.755238,647.1402480401446
A_active,0,6,22,langevin,0.0907504234852047,0.27225127045561415,0,500.0,0.02438121098057175,0.0006923152293888228,9981034332.2063,609.2495765147953
A_active,0,7,23,null,0.04253500805559284,0.12760502416677852,0,500.0,0.025278714002666257,0.0004415812391588129,9972268934.981733,657.4649919444072
A_active,0,0,24,langevin,0.08204233884794035,0.24612701654382105,0,500.0,0.012873255195649063,0.0006999480279804713,9869743797.511322,617.9576611520597
A_active,0,1,25,null,0.05486922952773236,0.16460768858319708,0,500.0,0.019372039579828363,0.0007335819907456119,10243768721.034245,645.1307704722676
A_active,0,2,26,langevin,0.0890409284225286,0.2671227852675858,0,500.0,0.015621394282885774,0.0005152348034962028,10350676823.503275,610.9590715774714
A_active,0,3,27,null,0.044158122643196435,0.1324743679295893,0,500.0,0.016557175261828393,0.0006810923754727491,9961717733.903471,655.8418773568036
A_active,0,4,28,langevin,0.09842518205251291,0.2952755461575387,0,500.0,0.020169640912185503,0.0006680416250285086,9857084055.793407,601.5748179474871
A_active,0,5,29,null,0.050547585854481575,0.15164275756344472,0,500.0,0.014830666388225087,0.0007332556106430634,10304787502.598026,649.4524141455184
A_active,0,6,30,langevin,0.050888616006276116,0.15266584801882835,0,500.0,0.007668853843243411,0.0007283545421820985,10509579563.096624,649.1113839937238
A_active,0,7,31,null,0.03437216343066832,0.10311649029200495,0,500.0,0.01374652120599006,0.000725563560044714,9831855681.988338,665.6278365693316
A_active,0,0,32,langevin,0.07126182708952442,0.21378548126857325,0,500.0,0.018259412666581112,0.0007198668752958465,9918939527.721376,628.7381729104756
A_active,0,1,33,null,0.04843904800914091,0.14531714402742274,0,500.0,0.019117333705532123,0.0005821995563015063,9936034748.451355,651.560951990859
A_active,0,2,34,langevin,0.062374343464900776,0.18712303039470232,0,500.0,0.020032574929348745,0.000554280043910103,9781421126.140951,637.6256565350992
A_active,0,3,35,null,0.061408916736616956,0.18422675020985085,0,500.0,0.019734078898473294,0.0006612764641194624,10102307283.983524,638.5910832633831
A_active,0,4,36,langevin,0.07296519671728173,0.21889559015184518,0,500.0,0.01885732316260921,0.0007091815401998575,10056483168.448881,627.0348032827183
A_active,0,5,37,null,0.032630072772002416,0.09789021831600725,0,500.0,0.02416671298334831,0.0006076231723377624,9788784209.937162,667.3699272279976
A_active,0,6,38,langevin,0.06337283536827812,0.19011850610483436,0,500.0,0.018047273278223384,0.0008293966921289733,9764892819.015844,636.6271646317218
A_active,0,7,39,null,0.047143171586136894,0.14142951475841067,0,500.0,0.009310878209547114,0.000666509973352147,10179913283.495201,652.8568284138631
A_active,0,0,40,langevin,0.07664907032703004,0.2299472109810901,0,500.0,0.01685322538058329,0.0006898177730725204,10140030350.23013,623.35092967297
A_active,0,1,41,null,0.05268257004945062,0.15804771014835187,0,500.0,0.02986236926964896,0.0006875834139002943,9881517980.049414,647.3174299505494
A_active,0,2,42,langevin,0.0788627529685263,0.23658825890557889,0,500.0,0.01963750727190094,0.0006775404050144785,9993994437.354113,621.1372470314737
A_active,0,3,43,null,0.04729596209611738,0.14188788628835214,0,500.0,0.011645749696924437,0.0007496295622706709,9885052146.215794,652.7040379038826
A_active,0,4,44,langevin,0.05791916283931865,0.17375748851795597,0,500.0,0.02318875579820718,0.0007983992674052749,10098605629.899889,642.0808371606813
A_active,0,5,45,null,0.04715508922055987,0.1414652676616796,0,500.0,0.015338898473140239,0.0009538234004480165,10176051724.132301,652.8449107794402
A_active,0,6,46,langevin,0.05859644336139963,0.1757893300841989,0,500.0,0.01610181041880128,0.000675364591523857,9689053773.600803,641.4035566386003
A_active,0,7,47,null,0.0472372712453748,0.1417118137361244,0,500.0,0.017704642221436206,0.0007892937266982884,10192430932.725649,652.7627287546252
A_active,0,0,48,langevin,0.0271566280195637,0.0814698840586911,0,500.0,0.020208512930136563,0.0005049199167142978,10221927599.849705,672.8433719804362
A_active,0,1,49,null,0.047231501328665215,0.14169450398599565,0,500.0,0.022742027260934987,0.0005601541937863368,10365686047.5991,652.7684986713348
A_active,0,2,50,langevin,0.12178380411126805,0.36535141233380414,0,500.0,0.014676144786868937,0.0007039481788532983,9865339514.321962,578.2161958887319
A_active,0,3,51,null,0.04512306746279109,0.13536920238837327,0,500.0,0.013671815103877182,0.0008533812181247285,9806164097.783466,654.8769325372089
A_active,0,4,52,langevin,0.07546066046830927,0.2263819814049278,0,500.0,0.022507414655552612,0.0006019105988250538,9952137514.05354,624.5393395316908
A_active,0,5,53,null,0.039182298457562534,0.1175468953726876,0,500.0,0.01933269622581853,0.0005496124031566363,9912402384.87954,660.8177015424375
A_active,0,6,54,langevin,0.07724447827401426,0.23173343482204278,0,500.0,0.018331369980979326,0.0006723356621560462,9941379556.128656,622.7555217259858
A_active,0,7,55,null,0.05366766226109233,0.161002986783277,0,500.0,0.018384020371070852,0.0006530017070370782,9867043732.800829,646.3323377389077
A_active,0,0,56,langevin,0.0708520399659544,0.21255611989786322,0,500.0,0.01367753604590144,0.000718545158754463,9771496396.469501,629.1479600340456
A_active,0,1,57,null,0.03717791638818757,0.11153374916456271,0,500.0,0.021796223260056022,0.0007069240032611198,9919977049.798986,662.8220836118124
A_active,0,2,58,langevin,0.040997020558483116,0.12299106167544935,0,500.0,0.022102566436477875,0.0006926230125558726,9717523756.905645,659.0029794415169
A_active,0,3,59,null,0.0538558796789986,0.1615676390369958,0,500.0,0.01649450099783287,0.0005540478550513366,10019146142.192852,646.1441203210014
A_active,0,4,60,langevin,0.07781292814027485,0.23343878442082455,0,500.0,0.021013120004955737,0.0005060918608342228,10362446023.254475,622.1870718597252
A_active,0,5,61,null,0.03875309200827814,0.11625927602483441,0,500.0,0.012301703457517944,0.0007285508855233816,9929039173.979765,661.2469079917219
A_active,0,6,62,langevin,0.08787950648371723,0.2636385194511517,0,500.0,0.018301957846874807,0.0006606926306186746,10049154568.747726,612.1204935162827
A_active,0,7,63,null,0.03716915504444726,0.11150746513334178,0,500.0,0.02339369797929779,0.0006196766567587123,9826062571.165905,662.8308449555527
A_active,0,0,64,langevin,0.08292298520470921,0.24876895561412765,0,500.0,0.02222520639245521,0.0006437587325048027,9827496042.584087,617.0770147952908
A_active,0,1,65,null,0.05219997799765411,0.15659993399296232,0,500.0,0.011198356039386115,0.0005635802530631134,10007904578.106676,647.8000220023459
A_active,0,2,66,langevin,0.054161148802157805,0.16248344640647341,0,500.0,0.020139971321245845,0.0006611803548648203,10179747957.771633,645.8388511978422
A_active,0,3,67,null,0.035319642898312936,0.10595892869493881,0,500.0,0.016870467381791786,0.0006999848351367667,9508487281.95884,664.680357101687
A_active,0,4,68,langevin,0.14338318274655085,0.43014954823965257,0,500.0,0.016506746347691156,0.0005936831613941109,10172225502.180742,556.6168172534492
A_active,0,5,69,null,0.04494418651246662,0.13483255953739987,0,500.0,0.011102856906482045,0.0007293594046759279,10171075566.79984,655.0558134875333
A_active,0,6,70,langevin,0.07238341129874032,0.21715023389622096,0,500.0,0.018591998208539875,0.0007152651263926059,9818243950.01711,627.6165887012597
A_active,0,7,71,null,0.050204610974535144,0.15061383292360542,0,500.0,0.020996492552222492,0.0005991734050890749,9721579625.23763,649.7953890254648
A_active,0,0,72,langevin,0.07687022015303743,0.2306106604591123,0,500.0,0.015622888708699158,0.0007668076892346831,10028817073.699986,623.1297798469626
A_active,0,1,73,null,0.05398526651641801,0.16195579954925404,0,500.0,0.02067310967672229,0.0006929567783751698,9843400216.553925,646.014733483582
A_active,0,2,74,langevin,0.09474328529970205,0.28422985589910615,0,500.0,0.028923491371535125,0.0006356979111149124,9881445094.45717,605.256714700298
A_active,0,3,75,null,0.04364613304416527,0.13093839913249583,0,500.0,0.01759359858199438,0.0005965187368013127,10027638728.793633,656.3538669558347
A_active,0,4,76,langevin,0.07556398610725734,0.22669195832177202,0,500.0,0.027194367969213293,0.000666686830962179,10064782395.526285,624.4360138927427
A_active,0,5,77,null,0.05585457731625697,0.1675637319487709,0,500.0,0.018496220737477285,0.0008103403206755605,9873461157.495977,644.145422683743
A_active,0,6,78,langevin,0.06521578273053666,0.19564734819160998,0,500.0,0.01816866490574874,0.0006551949274699529,9719736359.98019,634.7842172694634
A_active,0,7,79,null,0.044996294142841835,0.1349888824285255,0,500.0,0.011662567047802894,0.0008058805067212166,9983800609.718462,655.0037058571581
A_active,0,0,80,langevin,0.06854318227433967,0.205629546823019,0,500.0,0.015458309408582137,0.000628223619245847,9955384106.313915,631.4568177256604
A_active,0,1,81,null,0.03389271614653418,0.10167814843960253,0,500.0,0.015401024530885828,0.000647949166160513,9895843250.440872,666.1072838534658
A_active,0,2,82,langevin,0.10016659884182558,0.30049979652547676,0,500.0,0.025689351871227624,0.0006682687870266556,10094719914.410906,599.8334011581744
A_active,0,3,83,null,0.030695264658382824,0.09208579397514847,0,500.0,0.023187088547163073,0.0006636083197153402,10096933663.190166,669.3047353416172
A_active,0,4,84,langevin,0.11338945940013234,0.340168378200397,0,500.0,0.00859571121827818,0.0006927614845720095,9780176187.366426,586.6105405998677
A_active,0,5,85,null,0.051896500373708514,0.15568950112112553,0,500.0,0.013433432812857669,0.0006171267099662673,10040546751.152075,648.1034996262915
A_active,0,6,86,langevin,0.0936525244969666,0.2809575734908998,0,500.0,0.020373970446682863,0.0005873835727678856,9889293556.456919,606.3474755030334
A_active,0,7,87,null,0.055111868572002315,0.16533560571600694,0,500.0,0.01997250192156731,0.0004982852269825609,10168732541.653938,644.8881314279977
A_active,0,0,88,langevin,0.08970730636252863,0.26912191908758587,0,500.0,0.024367077726259734,0.0006330039200289984,10165631303.685322,610.2926936374714
A_active,0,1,89,null,0.03371062264824072,0.10113186794472216,0,500.0,0.022849999054327295,0.0006176286357038609,10134870340.98403,666.2893773517593
A_active,0,2,90,langevin,0.10149521909658696,0.30448565728976085,0,500.0,0.016320049239957352,0.0006615437187167922,10007790925.2912,598.504780903413
A_active,0,3,91,null,0.05846864976450604,0.1754059492935181,0,500.0,0.02355279045684891,0.0005447389122656208,10091521652.141712,641.531350235494
A_active,0,4,92,langevin,0.09628412095584192,0.28885236286752575,0,500.0,0.030619029479638717,0.0004987517569912474,9892729540.013203,603.7158790441581
A_active,0,5,93,null,0.06004941983721983,0.18014825951165947,0,500.0,0.013224648506966537,0.000546720608274194,10103416439.07606,639.9505801627802
A_active,0,6,94,langevin,0.10175050998583482,0.3052515299575045,0,500.0,0.016656597563122228,0.0007206793838958728,10023391053.88599,598.2494900141652
A_active,0,7,95,null,0.06208857614246522,0.18626572842739567,0,500.0,0.019992407801456315,0.0007656913978634733,9819376428.137146,637.9114238575348
A_active,0,0,96,langevin,0.07768475977901872,0.23305427933705614,0,500.0,0.019516477731190907,0.0007805774614151891,10115922607.90409,622.3152402209813
A_active,0,1,97,null,0.03711305232402988,0.11133915697208964,0,500.0,0.023409838818399677,0.0007437297943094281,9977670855.53611,662.8869476759701
A_active,0,2,98,langevin,0.07622909046762297,0.2286872714028689,0,500.0,0.01903098377288722,0.0004971674260677782,10037748601.624924,623.770909532377
A_active,0,3,99,null,0.04796269398975923,0.1438880819692777,0,500.0,0.01567235738120505,0.0007409112916541734,9725406612.835276,652.0373060102407
A_active,0,4,100,langevin,0.0703460803404,0.2110382410212,0,500.0,0.01762390465504224,0.0008654176498655587,9680163187.348423,629.6539196596
A_active,0,5,101,null,0.05157126957552803,0.15471380872658408,0,500.0,0.024710616387944816,0.0007044392230706534,10236361588.870678,648.428730424472
A_active,0,6,102,langevin,0.0613275830257307,0.1839827490771921,0,500.0,0.008598706988439056,0.000743348455563693,9760834367.065783,638.6724169742693
A_active,0,7,103,null,0.04179193812625386,0.12537581437876158,0,500.0,0.014105770012876113,0.0007719008523616197,10173030046.973484,658.2080618737461
A_active,0,0,104,langevin,0.06698106353011926,0.20094319059035778,0,500.0,0.0245174592230483,0.0006787943925986383,9972122233.88805,633.0189364698807
A_active,0,1,105,null,0.04601392005072517,0.1380417601521755,0,500.0,0.01898625320075022,0.0007281671930477635,10062069514.088617,653.9860799492749
A_active,0,2,106,langevin,0.07439299383958271,0.22317898151874815,0,500.0,0.02503127872907779,0.000605519105190284,10057386728.613491,625.6070061604173
A_active,0,3,107,null,0.05002604585203461,0.15007813755610383,0,500.0,0.02739403529918265,0.0006161225303317698,10348616489.262081,649.9739541479654
A_active,0,4,108,langevin,0.08490563580070765,0.25471690740212294,0,500.0,0.019030115446737134,0.0005994193915728056,10117258683.810907,615.0943641992924
A_active,0,5,109,null,0.045920624457125345,0.13776187337137602,0,500.0,0.014481953670361071,0.000553877949040803,9888896158.439894,654.0793755428747
A_active,0,6,110,langevin,0.0678622166908358,0.20358665007250737,0,500.0,0.02545151195863605,0.0008042204964636845,10173711924.773502,632.1377833091642
A_active,0,7,111,null,0.04931889455860084,0.14795668367580253,0,500.0,0.017858808960776962,0.0006721149877586912,10176941401.20571,650.6811054413992
A_active,0,0,112,langevin,0.1240017814427254,0.3720053443281762,0,500.0,0.024564496026508967,0.0006386254522371943,10007605015.154177,575.9982185572746
A_active,0,1,113,null,0.04007434285558899,0.12022302856676696,0,500.0,0.01608800712025292,0.0006482424664448702,10039122938.441023,659.925657144411
A_active,0,2,114,langevin,0.11810036850181044,0.3543011055054313,0,500.0,0.020260162349766967,0.0008024024741630102,10353497816.224947,581.8996314981896
A_active,0,3,115,null,0.04624922334111591,0.13874767002334773,0,500.0,0.028038994438081194,0.0007381602071235549,9916492941.008078,653.7507766588841
A_active,0,4,116,langevin,0.08668593726523671,0.26005781179571014,0,500.0,0.020114389090224654,0.0006434327636721715,9960243753.401012,613.3140627347633
A_active,0,5,117,null,0.046968639106462026,0.14090591731938606,0,500.0,0.022170905702411085,0.0005781784791507937,9998122467.600761,653.031360893538
A_active,0,6,118,langevin,0.050935236329359035,0.1528057089880771,0,500.0,0.02130397749640104,0.0007290266142448051,10032790967.67196,649.064763670641
A_active,0,7,119,null,0.04852672143936532,0.14558016431809595,0,500.0,0.02294971551779833,0.0006001565822449667,9952190228.135082,651.4732785606346
A_active,0,0,120,langevin,0.09160077764457485,0.2748023329337245,0,500.0,0.025009428673645716,0.0007061588068011919,10510571884.471039,608.3992223554252
A_active,0,1,121,null,0.04437737047422556,0.13313211142267667,0,500.0,0.02499830214677423,0.000793339434491675,9973246030.731644,655.6226295257744
A_active,0,2,122,langevin,0.0649720791242043,0.1949162373726129,0,500.0,0.014086985362364041,0.0006828943666495837,10222058390.907766,635.0279208757956
A_active,0,3,123,null,0.04837068915566874,0.14511206746700622,0,500.0,0.02086428037684877,0.000628745278365396,10112205946.558714,651.6293108443313
A_active,0,4,124,langevin,0.0386657157393847,0.1159971472181541,0,500.0,0.021161866256873586,0.0006694792976219627,9725931950.687653,661.3342842606153
A_active,0,5,125,null,0.06931391393384162,0.20794174180152486,0,500.0,0.013062933842227065,0.0005589146169819006,9759827378.489435,630.6860860661584
A_active,0,6,126,langevin,0.1035896928034329,0.3107690784102987,0,500.0,0.015559575694204048,0.0007335323079630879,10117502030.50425,596.4103071965671
A_active,0,7,127,null,0.04823871128978869,0.14471613386936608,0,500.0,0.013462105466715448,0.0006054560288678846,10334622994.006815,651.7612887102113
A_active,0,0,128,langevin,0.05556724878060678,0.16670174634182033,0,500.0,0.01584172519815781,0.0006504420143886287,10161798014.407475,644.4327512193933
A_active,0,1,129,null,0.0481503678649127,0.14445110359473812,0,500.0,0.02371022079647669,0.0005599372433694672,10188955318.783203,651.8496321350873
A_active,0,2,130,langevin,0.0927629130998356,0.2782887392995068,0,500.0,0.012027177224381833,0.0008206582874573938,10458479572.035051,607.2370869001644
A_active,0,3,131,null,0.036927985839645384,0.11078395751893616,0,500.0,0.020278264083083516,0.0008064089249774211,9703751954.11456,663.0720141603546
A_active,0,4,132,langevin,0.04158513038686415,0.12475539116059245,0,500.0,0.013515279389000389,0.0006099599880310599,9884311557.603022,658.4148696131358
A_active,0,5,133,null,0.052063155680527703,0.1561894670415831,0,500.0,0.021342681859815298,0.0005420589401997603,10113475994.01777,647.9368443194724
A_active,0,6,134,langevin,0.11886396360188324,0.35659189080564974,0,500.0,0.025985271395351416,0.0007657774114350209,10004035585.704273,581.1360363981167
A_active,0,7,135,null,0.05620228210934921,0.16860684632804762,0,500.0,0.015169335900152119,0.0007417681303669718,9982550316.103771,643.7977178906508
A_active,0,0,136,langevin,0.10400045072584815,0.31200135217754443,0,500.0,0.022330052756289333,0.0005576786880954314,10025598590.694702,595.9995492741518
A_active,0,1,137,null,0.05878277293618879,0.17634831880856638,0,500.0,0.014353830574666004,0.0006107526788482001,9846265398.322453,641.2172270638112
A_active,0,2,138,langevin,0.051469417959343934,0.1544082538780318,0,500.0,0.024806341376348483,0.0007977663969652693,10160008641.411406,648.5305820406561
A_active,0,3,139,null,0.04805061023806918,0.14415183071420756,0,500.0,0.019739843078427712,0.0006906046967191322,9853688816.581783,651.9493897619308
A_active,0,4,140,langevin,0.09925924877729259,0.29777774633187776,0,500.0,0.025227461620191925,0.0007599210200670574,9893810356.456242,600.7407512227074
A_active,0,5,141,null,0.046244784529673975,0.13873435358902192,0,500.0,0.019171095905103228,0.0008455241454634003,10035939240.384512,653.755215470326
A_active,0,6,142,langevin,0.04374091888965122,0.13122275666895367,0,500.0,0.021992528254155368,0.0008548932915737653,10137035143.244513,656.2590811103488
A_active,0,7,143,null,0.05505661357876747,0.16516984073630242,0,500.0,0.020180306334244516,0.00046952771804814836,9637948449.189413,644.9433864212325
A_active,0,0,144,langevin,0.05646338127354146,0.1693901438206244,0,500.0,0.019365839814801365,0.000697666516315798,10137882830.427904,643.5366187264585
A_active,0,1,145,null,0.04163729829784719,0.12491189489354157,0,500.0,0.024784646292055443,0.0006386917908287044,9859102096.930592,658.3627017021528
A_active,0,2,146,langevin,0.09841517107715715,0.29524551323147147,0,500.0,0.015427775084479135,0.00039375817358455674,9788008648.21042,601.5848289228428
A_active,0,3,147,null,0.04641809176879102,0.13925427530637305,0,500.0,0.00459911120475171,0.000630952862048809,9933581928.247398,653.581908231209
A_active,0,4,148,langevin,0.052853217388873566,0.1585596521666207,0,500.0,0.012587482677010962,0.0006204204718567391,9890579966.073038,647.1467826111265
A_active,0,5,149,null,0.05924144037156716,0.1777243211147015,0,500.0,0.021874315225663996,0.0005085811221161087,9829069706.032652,640.7585596284329
A_active,0,6,150,langevin,0.0954851673106998,0.2864555019320994,0,500.0,0.029479883844789518,0.0007053166160410891,10062142508.931896,604.5148326893002
A_active,0,7,151,null,0.06585061387415123,0.19755184162245368,0,500.0,0.01988664277990492,0.0006357565708331933,9717350243.541666,634.1493861258488
A_active,0,0,152,langevin,0.07112201512370503,0.2133660453711151,0,500.0,0.030893563712990766,0.000524492527417795,10002238341.36265,628.8779848762949
A_active,0,1,153,null,0.02989073506078367,0.08967220518235101,0,500.0,0.02064237874025879,0.0007554313870118788,9951270136.037363,670.1092649392164
A_active,0,2,154,langevin,0.0959892821742491,0.2879678465227473,0,500.0,0.023604219127544193,0.0007113691482773581,10343249599.88319,604.0107178257509
A_active,0,3,155,null,0.05394954986223775,0.16184864958671324,0,500.0,0.01847520216932842,0.0005985843118174552,9830938730.49913,646.0504501377623
A_active,0,4,156,langevin,0.0908996855209594,0.2726990565628782,0,500.0,0.01838139092874916,0.0009395833705670962,10368489521.12363,609.1003144790407
A_active,0,5,157,null,0.043022572773689594,0.12906771832106878,0,500.0,0.01835434372918505,0.0008356843219983089,9623328043.739002,656.9774272263104
A_active,0,6,158,langevin,0.07235131558215699,0.21705394674647097,0,500.0,0.02475378475497686,0.0005754569095747703,9904634005.381304,627.648684417843
A_active,0,7,159,null,0.04151978394121758,0.12455935182365274,0,500.0,0.02330404248253282,0.0006804193551489795,10080417482.057627,658.4802160587824
A_active,0,0,160,langevin,0.09328801127192594,0.27986403381577785,0,500.0,0.020149691140885665,0.0007777232864915338,9854208225.778873,606.7119887280741
A_active,0,1,161,null,0.02958500031636613,0.0887550009490984,0,500.0,0.011115640975937778,0.0005045656887704208,9889896854.090485,670.4149996836338
A_active,0,2,162,langevin,0.10198327463338555,0.3059498239001567,0,500.0,0.020870833786859885,0.0006068120057131304,9786028881.396868,598.0167253666144
A_active,0,3,163,null,0.03956459460362272,0.11869378381086818,0,500.0,0.017981668073017813,0.0006101567275767484,9713491135.851452,660.4354053963773
A_active,0,4,164,langevin,0.07186618034581377,0.2155985410374413,0,500.0,0.02508568066689539,0.0004492057725071194,9951878265.511126,628.1338196541863
A_active,0,5,165,null,0.022047504865101365,0.0661425145953041,0,500.0,0.020915238052889508,0.0005919177275758361,9582862466.381466,677.9524951348986
A_active,0,6,166,langevin,0.08339638056692764,0.2501891417007829,0,500.0,0.029087026767761953,0.000677555820001883,10232358296.75647,616.6036194330724
A_active,0,7,167,null,0.044595788344401144,0.13378736503320343,0,500.0,0.009212045859189522,0.0007157150157290676,9916344138.637558,655.4042116555988
A_active,0,0,168,langevin,0.05214063821480157,0.1564219146444047,0,500.0,0.02392418336961559,0.0006953524232120493,9894918071.856365,647.8593617851984
A_active,0,1,169,null,0.0549311004476822,0.1647933013430466,0,500.0,0.015639640161034838,0.0007310099005406763,9811907906.15134,645.0688995523178
A_active,0,2,170,langevin,0.09206143200238073,0.2761842960071422,0,500.0,0.014496260277253394,0.0008155854869687778,10050861500.003181,607.9385679976193
A_active,0,3,171,null,0.061143963044183375,0.18343188913255012,0,500.0,0.01588777011240075,0.0006190564293699139,10167932959.702961,638.8560369558166
A_active,0,4,172,langevin,0.02650799380207266,0.07952398140621797,0,500.0,0.014666045726763735,0.0007699843618948341,10093021864.778875,673.4920061979274
A_active,0,5,173,null,0.056148799534855034,0.16844639860456512,0,500.0,0.01845119556457638,0.0007230666048269787,9853831145.956635,643.851200465145
A_active,0,6,174,langevin,0.05394312941581121,0.16182938824743365,0,500.0,0.011526025131416899,0.0006114957095636242,9890211715.5151,646.0568705841888
A_active,0,7,175,null,0.03845918539469532,0.11537755618408596,0,500.0,0.002255975145010313,0.0004668063066630125,9893473502.161308,661.5408146053047
A_active,0,0,176,langevin,0.08712266932021018,0.26136800796063053,0,500.0,0.017106036874764773,0.0005789769466315963,9538305333.369673,612.8773306797898
A_active,0,1,177,null,0.06761882619699437,0.2028564785909831,0,500.0,0.014494443602665365,0.000835006330436576,10312137183.39871,632.3811738030056
A_active,0,2,178,langevin,0.08686091808627781,0.2605827542588334,0,500.0,0.01713695297468661,0.000679888219784893,9769391605.19213,613.1390819137222
A_active,0,3,179,null,0.04825036816193705,0.14475110448581113,0,500.0,0.020014760739247947,0.0007198634934614928,10190087369.728756,651.7496318380629
A_active,0,4,180,langevin,0.11603910651651606,0.34811731954954817,0,500.0,0.01805842082741673,0.000771005508442595,9841666083.87422,583.9608934834839
A_active,0,5,181,null,0.03554212234552527,0.10662636703657581,0,500.0,0.01690971782340312,0.0005684701010877006,10196052863.666931,664.4578776544747
A_active,0,6,182,langevin,0.09984715953749365,0.2995414786124809,0,500.0,0.026361558735196952,0.0006641366337402547,10054876319.217455,600.1528404625063
A_active,0,7,183,null,0.0390196397836584,0.11705891935097519,0,500.0,0.014245193760751253,0.0007113684817198223,10053674622.263308,660.9803602163416
A_active,0,0,184,langevin,0.059242071467104696,0.1777262144013141,0,500.0,0.022926662333233035,0.0004924939324066938,9964200303.175093,640.7579285328953
A_active,0,1,185,null,0.03844888455998845,0.11534665367996534,0,500.0,0.017353618918886028,0.0005583208911441466,10190498818.29238,661.5511154400116
A_active,0,2,186,langevin,0.0927013010092416,0.2781039030277248,0,500.0,0.025917101334055875,0.0006797164015311844,9740389269.160826,607.2986989907585
A_active,0,3,187,null,0.041213320070866186,0.12363996021259856,0,500.0,0.014042410973132274,0.0007113461831646597,10239741185.80965,658.7866799291338
A_active,0,4,188,langevin,0.08770414459985096,0.26311243379955285,0,500.0,0.016937395430701753,0.0006283339544183246,10038090000.533329,612.2958554001491
A_active,0,5,189,null,0.02931840543920386,0.08795521631761158,0,500.0,0.020673010716297777,0.0006850164544191038,9887951424.869562,670.6815945607962
A_active,0,6,190,langevin,0.07270163142735157,0.2181048942820547,0,500.0,0.020769223215424838,0.0005828377819410478,9831907441.200674,627.2983685726484
A_active,0,7,191,null,0.053742016276747004,0.161226048830241,0,500.0,0.021016853597691076,0.000832533026748185,9798404400.214302,646.257983723253
A_active,0,0,192,langevin,0.04536301979514899,0.13608905938544696,0,500.0,0.024593894420839396,0.0007600811085457954,9847563334.786354,654.636980204851
A_active,0,1,193,null,0.028960909626397437,0.08688272887919231,0,500.0,0.0196390470440112,0.0004888761277456918,9926207070.66825,671.0390903736026
A_active,0,2,194,langevin,0.0371640927680235,0.1114922783040705,0,500.0,0.018660271182158187,0.00045153163964706873,9946232079.712542,662.8359072319765
A_active,0,3,195,null,0.06171196063387663,0.18513588190162988,0,500.0,0.018496523871171046,0.0007401905248531608,9864584651.048307,638.2880393661234
A_active,0,4,196,langevin,0.06281267598613077,0.18843802795839232,0,500.0,0.012324608129839843,0.0007668975129520244,9980604053.883795,637.1873240138692
A_active,0,5,197,null,0.06278783771382715,0.18836351314148145,0,500.0,0.013900907448990953,0.0006401574265764176,10007237357.61093,637.2121622861729
A_active,0,6,198,langevin,0.10874577074028682,0.3262373122208605,0,500.0,0.02888467325630211,0.000597207330911675,9763943217.630083,591.2542292597132
A_active,0,7,199,null,0.02576003650810955,0.07728010952432865,0,500.0,0.026443615843622564,0.0006530672435779855,9860504617.199259,674.2399634918904
A_active,1,0,0,langevin,0.027416070521273185,0.08224821156381956,0,500.0,0.011116834871579091,0.0007550468953539376,10068806510.770391,672.5839294787268
A_active,1,1,1,null,0.04467311439747282,0.13401934319241846,0,500.0,0.01473156544787832,0.0007202011715538797,10345181065.106798,655.3268856025272
A_active,1,2,2,langevin,0.05404887525407462,0.16214662576222386,0,500.0,0.01980918435691146,0.000617848293830302,10061522366.9579,645.9511247459254
A_active,1,3,3,null,0.04316056262501406,0.1294816878750422,0,500.0,0.018996900224243253,0.0005730851319909344,9986082949.162579,656.8394373749859
A_active,1,4,4,langevin,0.06622841678436746,0.19868525035310236,0,500.0,0.01899801710449284,0.0006549152889324437,10120059103.930286,633.7715832156325
A_active,1,5,5,null,0.036594749326305784,0.10978424797891735,0,500.0,0.018112898982813146,0.0007684633568437769,9945534560.876062,663.4052506736942
A_active,1,6,6,langevin,0.07327495556341376,0.2198248666902413,0,500.0,0.024051350737038308,0.0006885192851574945,10007448524.776188,626.7250444365862
A_active,1,7,7,null,0.04542239031029973,0.13626717093089918,0,500.0,0.013534898470636245,0.0007074870315657263,10254759593.440722,654.5776096897002
A_active,1,0,8,langevin,0.09019256886162288,0.2705777065848687,0,500.0,0.011969114695873473,0.0006901926964327,9809455016.314877,609.8074311383771
A_active,1,1,9,null,0.040587504094472246,0.12176251228341674,0,500.0,0.02041954860045519,0.0005429636143947092,10258421088.033602,659.4124959055277
A_active,1,2,10,langevin,0.07736100680071749,0.23208302040215245,0,500.0,0.023752031949702847,0.0007260146525307512,10260671334.261835,622.6389931992825
A_active,1,3,11,null,0.05626369209053853,0.1687910762716156,0,500.0,0.012434199048575735,0.0006671477569631164,9565518896.671516,643.7363079094615
A_active,1,4,12,langevin,0.06991870034049306,0.20975610102147918,0,500.0,0.02339211343046913,0.0007544963319467262,10250765191.64289,630.081299659507
A_active,1,5,13,null,0.039064685827310645,0.11719405748193193,0,500.0,0.02142982040558934,0.0006730340297498622,10246737362.35519,660.9353141726893
A_active,1,6,14,langevin,0.11070023978720048,0.33210071936160146,0,500.0,0.018042333506602153,0.0010418301633933025,9992791853.164124,589.2997602127996
A_active,1,7,15,null,0.03920646720721981,0.11761940162165943,0,500.0,0.02283920018373609,0.0007393859051724503,10103122850.95243,660.7935327927802
A_active,1,0,16,langevin,0.06600070730324006,0.1980021219097202,0,500.0,0.027219004857587027,0.0006692490530561479,10302094033.336412,633.99929269676
A_active,1,1,17,null,0.058626420450112654,0.17587926135033796,0,500.0,0.013505723853330705,0.0005662353539735822,9795153372.437916,641.3735795498874
A_active,1,2,18,langevin,0.0841357911852841,0.2524073735558523,0,500.0,0.02016057061250399,0.0006914241906200656,9833457838.123434,615.8642088147159
A_active,1,3,19,null,0.048072860998526715,0.14421858299558016,0,500.0,0.026925523048841295,0.0005313071952020926,9957240951.270487,651.9271390014733
A_active,1,4,20,langevin,0.08421435506352243,0.2526430651905673,0,500.0,0.019264747107098225,0.0006452539221907771,10350452796.909054,615.7856449364775
A_active,1,5,21,null,0.057531982526090104,0.17259594757827032,0,500.0,0.024166974716630762,0.0005889467103275207,10445121343.994371,642.4680174739099
A_active,1,6,22,langevin,0.08651229322790498,0.2595368796837149,0,500.0,0.017035120285796696,0.000631428938519783,9899134276.168459,613.4877067720951
A_active,1,7,23,null,0.06676614305703191,0.20029842917109572,0,500.0,0.020955934878383715,0.0006715986349609412,9566677568.13635,633.233856942968
A_active,1,0,24,langevin,0.09407044501900254,0.28221133505700763,0,500.0,0.014642520214574047,0.000552371003292027,10119911539.592802,605.9295549809974
A_active,1,1,25,null,0.03395374628440609,0.10186123885321827,0,500.0,0.024114174752529603,0.0007775559754615162,9639521015.901825,666.0462537155939
A_active,1,2,26,langevin,0.0766120392760913,0.2298361178282739,0,500.0,0.012065910155444207,0.0006591732683851909,10179839595.701244,623.3879607239087
A_active,1,3,27,null,0.028449138948499784,0.08534741684549935,0,500.0,0.028945799053694547,0.0006342025527787304,9760486439.992071,671.5508610515002
A_active,1,4,28,langevin,0.07680789293384017,0.23042367880152054,0,500.0,0.023883873638624518,0.0005273733370638702,9997146807.770342,623.1921070661598
A_active,1,5,29,null,0.028306302514456677,0.08491890754337003,0,500.0,0.025937730857622507,0.000680453955949931,9911463029.137321,671.6936974855433
A_active,1,6,30,langevin,0.09994396946107872,0.29983190838323615,0,500.0,0.01346694370201085,0.000625497987306092,10365503713.40162,600.0560305389213
A_active,1,7,31,null,0.0420205097883525,0.1260615293650575,0,500.0,0.02668780465428707,0.0006842402616988134,9856075007.663054,657.9794902116475
A_active,1,0,32,langevin,0.0742698125511757,0.22280943765352712,0,500.0,0.020284670207831965,0.0006236652951023763,9831059654.047953,625.7301874488243
A_active,1,1,33,null,0.0347679315143886,0.10430379454316581,0,500.0,0.01247766031618152,0.0006755769936605521,10074416168.980968,665.2320684856114
A_active,1,2,34,langevin,0.09414023801443175,0.2824207140432953,0,500.0,0.010862068771345336,0.0007450534388196084,9992178785.4483,605.8597619855683
A_active,1,3,35,null,0.027637464502917555,0.08291239350875267,0,500.0,0.02037917556224053,0.0007459261477829746,10100084146.236502,672.3625354970825
A_active,1,4,36,langevin,0.09366078472610417,0.2809823541783125,0,500.0,0.024616672175532733,0.0007540623921526615,9988509990.230185,606.3392152738959
A_active,1,5,37,null,0.020447703280017226,0.061343109840051674,0,500.0,0.016093842137884267,0.0007001262805048595,9901825435.72511,679.5522967199828
A_active,1,6,38,langevin,0.09288188413963604,0.2786456524189081,0,500.0,0.023884090524917113,0.0006694022277995824,10371837420.473623,607.118115860364
A_active,1,7,39,null,0.032643377616391016,0.09793013284917304,0,500.0,0.024555291662969127,0.0006174080663213402,9839906737.177776,667.356622383609
A_active,1,0,40,langevin,0.09097054537195755,0.27291163611587266,0,500.0,0.01682193115324016,0.0007505955648382782,9762741262.556355,609.0294546280425
A_active,1,1,41,null,0.04376566324807213,0.13129698974421639,0,500.0,0.01568535038848244,0.0006412188607050451,9921717731.669998,656.2343367519279
A_active,1,2,42,langevin,0.05663485235139025,0.16990455705417074,0,500.0,0.023181398331508986,0.000540242312546586,9800182086.608814,643.3651476486098
A_active,1,3,43,null,0.053194502828742066,0.1595835084862262,0,500.0,0.024773701755039,0.0007316111942007445,10064408118.195131,646.8054971712579
A_active,1,4,44,langevin,0.12479969064560242,0.37439907193680727,0,500.0,0.013862972937690928,0.0005905678485326797,9797744509.194714,575.2003093543976
A_active,1,5,45,null,0.05329028713039379,0.15987086139118137,0,500.0,0.021355049734621035,0.0007760652599338317,10191152466.450636,646.7097128696062
A_active,1,6,46,langevin,0.07476174081786133,0.22428522245358398,0,500.0,0.01582301665761347,0.0005658216701361536,10439134742.325285,625.2382591821387
A_active,1,7,47,null,0.05406429679054274,0.1621928903716282,0,500.0,0.022887660045951688,0.0006312336224646414,9957320365.847675,645.9357032094573
A_active,1,0,48,langevin,0.07241239725819269,0.21723719177457806,0,500.0,0.018306075857210356,0.0004248167298065153,9984760116.67374,627.5876027418074
A_active,1,1,49,null,0.039225769639381895,0.11767730891814568,0,500.0,0.021374781616335593,0.0006861506229836193,10167743598.6651,660.774230360618
A_active,1,2,50,langevin,0.07904125436480519,0.23712376309441557,0,500.0,0.02391215896138451,0.00040912236451779485,9776864583.085133,620.9587456351948
A_active,1,3,51,null,0.062420110741145854,0.18726033222343758,0,500.0,0.01383240551141001,0.000637336189764145,10138520707.018919,637.5798892588541
A_active,1,4,52,langevin,0.061659847945218144,0.18497954383565443,0,500.0,0.023541872475953813,0.0005224410220680132,9614498763.253412,638.3401520547818
A_active,1,5,53,null,0.028816264659371493,0.08644879397811447,0,500.0,0.011660662930011787,0.0006634807291872895,9933612133.41309,671.1837353406285
A_active,1,6,54,langevin,0.08587979180234358,0.25763937540703075,0,500.0,0.014750527649567812,0.0009195424038098975,9978075834.334494,614.1202081976564
A_active,1,7,55,null,0.04293514869771553,0.1288054460931466,0,500.0,0.0222083006797267,0.0006409066912995396,9870895843.208174,657.0648513022845
A_active,1,0,56,langevin,0.08103021084036367,0.24309063252109103,0,500.0,0.024523887900434537,0.0007318425718755709,10185616070.77411,618.9697891596363
A_active,1,1,57,null,0.03723865229299235,0.11171595687897705,0,500.0,0.016058491441252223,0.0008657833739667992,9949622046.95962,662.7613477070076
A_active,1,2,58,langevin,0.08890811489251593,0.2667243446775478,0,500.0,0.023629609194378235,0.0008075169018635681,9727354353.303026,611.0918851074841
A_active,1,3,59,null,0.038181478451826026,0.11454443535547808,0,500.0,0.01777353347492369,0.000635358597908745,9515152976.945059,661.818521548174
A_active,1,4,60,langevin,0.07744231807552099,0.23232695422656297,0,500.0,0.005474133665622563,0.0006953760064564877,10105369543.054075,622.557681924479
A_active,1,5,61,null,0.05005588571425026,0.15016765714275077,0,500.0,0.013924591680772778,0.0007611714485022538,9825218546.17007,649.9441142857497
A_active,1,6,62,langevin,0.05485769692318937,0.1645730907695681,0,500.0,0.015050855133599512,0.0005809628405172413,10032701887.668896,645.1423030768107
A_active,1,7,63,null,0.05257035771806154,0.15771107315418462,0,500.0,0.009449719772643615,0.0006117389629004144,10178794330.258467,647.4296422819384
A_active,1,0,64,langevin,0.08351813882873818,0.25055441648621457,0,500.0,0.022508866447334765,0.0005161995697083187,10189747482.627422,616.4818611712618
A_active,1,1,65,null,0.026335854053977346,0.07900756216193204,0,500.0,0.020950357320145756,0.000802792405755466,10375870077.969393,673.6641459460227
A_active,1,2,66,langevin,0.08982497097438347,0.2694749129231504,0,500.0,0.02440484600979146,0.000606033503249491,9903711173.552816,610.1750290256166
A_active,1,3,67,null,0.05645789705872055,0.16937369117616163,0,500.0,0.02000803191236232,0.0006539352842805669,9717888379.962585,643.5421029412795
A_active,1,4,68,langevin,0.08260605953135207,0.2478181785940562,0,500.0,0.023229317035413193,0.0005872497191426222,9898584035.510254,617.3939404686479
A_active,1,5,69,null,0.06097926252968708,0.18293778758906123,0,500.0,0.020891330745744313,0.0006378073021081664,9772603442.132132,639.020737470313
A_active,1,6,70,langevin,0.0672026593478363,0.20160797804350888,0,500.0,0.01875001874479245,0.0008035794517880384,9877901060.36355,632.7973406521637
A_active,1,7,71,null,0.06333193341558385,0.18999580024675156,0,500.0,0.01535656091524569,0.0006309079861840613,10168708729.582184,636.6680665844161
A_active,1,0,72,langevin,0.07479034135075557,0.22437102405226672,0,500.0,0.015848689787996965,0.0006534823255184992,10089742498.685787,625.2096586492444
A_active,1,1,73,null,0.024721163610117704,0.07416349083035312,0,500.0,0.018757318271256648,0.0006557330042215021,9919250448.014866,675.2788363898823
A_active,1,2,74,langevin,0.09430136130103706,0.28290408390311117,0,500.0,0.017157239152420626,0.0006302151818080332,10007528517.472506,605.6986386989629
A_active,1,3,75,null,0.05161158001092731,0.15483474003278194,0,500.0,0.018894186911761448,0.0008183263937568423,9818456339.995255,648.3884199890726
A_active,1,4,76,langevin,0.10532452702013895,0.31597358106041684,0,500.0,0.01571089224444668,0.0006503600184690792,10072809237.07351,594.6754729798611
A_active,1,5,77,null,0.066197478447314,0.198592435341942,0,500.0,0.02447913073326547,0.0006260803817109723,10259823823.118343,633.802521552686
A_active,1,6,78,langevin,0.07532014187558311,0.22596042562674934,0,500.0,0.016042770718501763,0.0007115351358453349,10018894169.606659,624.6798581244169
A_active,1,7,79,null,0.054084570013352845,0.16225371004005854,0,500.0,0.017251308179263434,0.0007048170164327592,10126909866.566954,645.9154299866472
A_active,1,0,80,langevin,0.08515515116447084,0.25546545349341254,0,500.0,0.01985508233954321,0.0005969048292575666,10180750358.271078,614.8448488355292
A_active,1,1,81,null,0.045103709476894016,0.13531112843068205,0,500.0,0.022481519862544284,0.0006315888425806075,10002602338.14843,654.896290523106
A_active,1,2,82,langevin,0.05884968013936287,0.1765490404180886,0,500.0,0.02042762647567901,0.0007431876990320978,10018598657.215967,641.1503198606372
A_active,1,3,83,null,0.05304756088915794,0.15914268266747383,0,500.0,0.02156455241061336,0.0008030523296685985,9961990073.569439,646.9524391108421
A_active,1,4,84,langevin,0.04682163544239905,0.14046490632719716,0,500.0,0.022162441145427852,0.0006501477178789104,9805141323.543468,653.178364557601
A_active,1,5,85,null,0.05075815891060767,0.152274476731823,0,500.0,0.02132164569627319,0.0007112005268601286,9933524809.84266,649.2418410893923
A_active,1,6,86,langevin,0.08353518325841235,0.250605549775237,0,500.0,0.021271695220777126,0.0008441321773208367,9863208047.108263,616.4648167415877
A_active,1,7,87,null,0.0434788037783259,0.1304364113349777,0,500.0,0.021819299061348232,0.0004941879740571267,9679406326.51436,656.5211962216741
A_active,1,0,88,langevin,0.12291060739001344,0.3687318221700403,0,500.0,0.01116440523169166,0.0007241595811321925,9830354918.787086,577.0893926099866
A_active,1,1,89,null,0.035199478843194805,0.10559843652958442,0,500.0,0.01008737547863829,0.0005765928094341319,10156875723.100737,664.8005211568052
A_active,1,2,90,langevin,0.05181938315512699,0.15545814946538097,0,500.0,0.022977134401708912,0.0006979964416015251,10403660459.870478,648.180616844873
A_active,1,3,91,null,0.038374370557622384,0.11512311167286715,0,500.0,0.026317070196014026,0.0007555535620908107,9942666316.536343,661.6256294423777
A_active,1,4,92,langevin,0.046335120194733924,0.13900536058420176,0,500.0,0.02754720189793254,0.0005302277760823124,9905316809.475441,653.6648798052661
A_active,1,5,93,null,0.053309181913459305,0.15992754574037793,0,500.0,0.02557977784396643,0.0005821219970508678,9993599662.820354,646.6908180865407
A_active,1,6,94,langevin,0.07442267113207027,0.2232680133962108,0,500.0,0.02590779287791181,0.0009171300040847585,9634022634.896013,625.5773288679297
A_active,1,7,95,null,0.053674891983284206,0.16102467594985262,0,500.0,0.005709123115466378,0.0006680733038831314,9778243095.210163,646.3251080167158
A_active,1,0,96,langevin,0.1194306157756583,0.35829184732697494,0,500.0,0.020831842641505297,0.0005929894918710878,9900137429.058235,580.5693842243417
A_active,1,1,97,null,0.03726598670099279,0.11179796010297838,0,500.0,0.02094155804281344,0.0006508518196286959,10131177114.796305,662.7340132990072
A_active,1,2,98,langevin,0.11039946161195106,0.3311983848358532,0,500.0,0.02350706023453742,0.0005440663618962573,9675238638.702803,589.6005383880489
A_active,1,3,99,null,0.035284625191244534,0.1058538755737336,0,500.0,0.025266076321548668,0.0006331618513001318,9866485436.184683,664.7153748087554
A_active,1,4,100,langevin,0.0823598911295749,0.2470796733887247,0,500.0,0.012922370252042927,0.0005527338944997374,10102065085.041895,617.6401088704251
A_active,1,5,101,null,0.04025955155146681,0.12077865465440042,0,500.0,0.017733818789547412,0.000698430169198317,9883025759.363838,659.7404484485332
A_active,1,6,102,langevin,0.06586841904220375,0.19760525712661126,0,500.0,0.01770094918733163,0.0007269287255778265,10011963987.144241,634.1315809577962
A_active,1,7,103,null,0.03045366654201783,0.09136099962605349,0,500.0,0.01848471542735396,0.0007314890593117973,10374150388.631376,669.5463334579822
A_active,1,0,104,langevin,0.056747160131018215,0.17024148039305464,0,500.0,0.021692676470242617,0.0006407918389851309,10165103887.362452,643.2528398689818
A_active,1,1,105,null,0.04853934472393399,0.14561803417180197,0,500.0,0.027360884538704073,0.0007186117568941276,9890977337.554218,651.4606552760661
A_active,1,2,106,langevin,0.06882237640987147,0.2064671292296144,0,500.0,0.022027750548585648,0.0007061609856091257,10479587453.51708,631.1776235901285
A_active,1,3,107,null,0.062033899889778796,0.18610169966933637,0,500.0,0.014132108238124722,0.0007016891462440221,9733802227.726282,637.9661001102212
A_active,1,4,108,langevin,0.046480702059070685,0.13944210617721206,0,500.0,0.02371773000721355,0.0007218414199711823,9792286441.132599,653.5192979409293
A_active,1,5,109,null,0.061674794092541105,0.1850243822776233,0,500.0,0.015112150352498532,0.0005498938285519997,10130523644.284006,638.3252059074589
A_active,1,6,110,langevin,0.08401301088776827,0.25203903266330485,0,500.0,0.019197459995155836,0.0006599600833765702,10044760158.251705,615.9869891122318
A_active,1,7,111,null,0.04205886013022006,0.12617658039066018,0,500.0,0.019137475658594815,0.00047707099780002176,9731607726.798067,657.9411398697799
A_active,1,0,112,langevin,0.09181323137991247,0.2754396941397374,0,500.0,0.01647849554776653,0.000721185992577837,10247092779.849133,608.1867686200875
A_active,1,1,113,null,0.039689780882524534,0.1190693426475736,0,500.0,0.02141484890671543,0.0008743143113445354,10138987128.46271,660.3102191174755
A_active,1,2,114,langevin,0.116431716588484,0.349295149765452,0,500.0,0.027667035269570397,0.0007420027016187802,9977621247.71525,583.568283411516
A_active,1,3,115,null,0.03433231110786619,0.10299693332359858,0,500.0,0.014441510052388168,0.0007152995601347936,10093636675.334959,665.6676888921338
A_active,1,4,116,langevin,0.0761017958128032,0.2283053874384096,0,500.0,0.02424233190543299,0.0006062129552323518,10222043813.622238,623.8982041871968
A_active,1,5,117,null,0.04403431768610457,0.1321029530583137,0,500.0,0.019818367121097174,0.0006666393369687202,9980281744.643095,655.9656823138954
A_active,1,6,118,langevin,0.12935952574003168,0.38807857722009503,0,500.0,0.011942400854261985,0.0006843889210448465,10248821237.867811,570.6404742599683
A_active,1,7,119,null,0.05148688355175499,0.15446065065526499,0,500.0,0.01848959014146365,0.0008406787690883503,9786301428.446863,648.513116448245
A_active,1,0,120,langevin,0.05346831737909261,0.16040495213727785,0,500.0,0.022840352814662054,0.0005212196865433641,9524410049.406677,646.5316826209074
A_active,1,1,121,null,0.05330599298846525,0.15991797896539575,0,500.0,0.02380675156310218,0.0007398953529610117,9902505771.063175,646.6940070115347
A_active,1,2,122,langevin,0.0832531625272441,0.2497594875817323,0,500.0,0.015173367108787753,0.0008401017873279323,10158204850.30089,616.7468374727559
A_active,1,3,123,null,0.05175905676952965,0.15527717030858895,0,500.0,0.010250076295466827,0.000747396871065655,10298794404.396273,648.2409432304703
A_active,1,4,124,langevin,0.1039194816864047,0.31175844505921413,0,500.0,0.0239456516789825,0.0006665709497637001,9931633430.548992,596.0805183135953
A_active,1,5,125,null,0.05021229851526496,0.15063689554579487,0,500.0,0.021913846778986813,0.0006903041197052518,9938155050.642197,649.7877014847351
A_active,1,6,126,langevin,0.1132193705319659,0.3396581115958977,0,500.0,0.014160783539020075,0.0006644034210854583,9883963825.44214,586.7806294680341
A_active,1,7,127,null,0.054946713502456695,0.1648401405073701,0,500.0,0.027152407536471405,0.0007910755507476936,10151081436.351698,645.0532864975434
A_active,1,0,128,langevin,0.051542200443857086,0.15462660133157125,0,500.0,0.030406163537731637,0.0007183362756241316,9978307351.000637,648.457799556143
A_active,1,1,129,null,0.043830746530719215,0.13149223959215764,0,500.0,0.018302404331741993,0.0007090547239390479,10062033561.62212,656.1692534692808
A_active,1,2,130,langevin,0.0723922390601232,0.21717671718036957,0,500.0,0.007150542816122617,0.0006631545331618694,10095367191.2479,627.6077609398768
A_active,1,3,131,null,0.049382086267272834,0.1481462588018185,0,500.0,0.019232674996121565,0.0007119981436130074,10205663788.087395,650.6179137327272
A_active,1,4,132,langevin,0.07018923432217991,0.21056770296653973,0,500.0,0.02733139522709314,0.00047115083648457414,9747790293.256186,629.8107656778201
A_active,1,5,133,null,0.03363764551932765,0.10091293655798295,0,500.0,0.007777666452622289,0.000566690404563388,10249674395.127275,666.3623544806724
A_active,1,6,134,langevin,0.10442482127850891,0.3132744638355267,0,500.0,0.020486792313631028,0.000838766863340464,10047898043.989239,595.575178721491
A_active,1,7,135,null,0.03811830845067846,0.1143549253520354,0,500.0,0.02120815384691408,0.0006529520056302765,10147186692.1,661.8816915493215
A_active,1,0,136,langevin,0.04953322717838923,0.1485996815351677,0,500.0,0.024997074716656145,0.0006207139935478147,10171064603.302052,650.4667728216108
A_active,1,1,137,null,0.026642797753147006,0.07992839325944101,0,500.0,0.01790370672273856,0.0006744729887016882,10180290525.790234,673.357202246853
A_active,1,2,138,langevin,0.05524361859002008,0.16573085577006025,0,500.0,0.028337221279543783,0.0007149330141670182,9894844916.319378,644.7563814099799
A_active,1,3,139,null,0.05698456234952614,0.1709536870485784,0,500.0,0.02051355511511315,0.0007824963647377896,10464629561.749355,643.0154376504738
A_active,1,4,140,langevin,0.09496480752662885,0.28489442257988656,0,500.0,0.017366602682149828,0.0006240959231275518,10116510869.275694,605.0351924733711
A_active,1,5,141,null,0.04676119956148859,0.14028359868446577,0,500.0,0.01583485018223505,0.0005998557151040687,10133156405.856438,653.2388004385114
A_active,1,6,142,langevin,0.1265282073906832,0.37958462217204963,0,500.0,0.006848163093460305,0.0007390582804489388,9957790563.395664,573.4717926093168
A_active,1,7,143,null,0.0521672518245993,0.1565017554737979,0,500.0,0.024338606890326367,0.0006719504751705215,9796805290.59556,647.8327481754006
A_active,1,0,144,langevin,0.051653202103397355,0.15495960631019207,0,500.0,0.010629106557034177,0.0007889012266901582,9958059526.8486,648.3467978966027
A_active,1,1,145,null,0.03765121533251314,0.1129536459975394,0,500.0,0.018611402945868032,0.0005327198948270094,10060922915.904211,662.3487846674868
A_active,1,2,146,langevin,0.10596826989433315,0.31790480968299945,0,500.0,0.025692303153854814,0.0005100867595438947,10272702376.761791,594.0317301056668
A_active,1,3,147,null,0.03518763413146756,0.10556290239440269,0,500.0,0.010435238673786176,0.0005437194431256052,9806697177.75099,664.8123658685324
A_active,1,4,148,langevin,0.07945528316665647,0.23836584949996942,0,500.0,0.014840122635068766,0.0005156421205886738,9947101192.97374,620.5447168333435
A_active,1,5,149,null,0.06475718334418655,0.19427155003255964,0,500.0,0.016488245588056998,0.0007130920182116412,10015989366.245893,635.2428166558135
A_active,1,6,150,langevin,0.13275559425734873,0.3982667827720462,0,500.0,0.010508709201702606,0.0007762048313881645,9743723000.839977,567.2444057426512
A_active,1,7,151,null,0.03707767217923576,0.11123301653770727,0,500.0,0.01951659173303294,0.0009852752868464707,9847398937.943335,662.9223278207643
A_active,1,0,152,langevin,0.0418165577084905,0.1254496731254715,0,500.0,0.02648681800170613,0.0005827430558336563,9951409929.261862,658.1834422915096
A_active,1,1,153,null,0.04332977992107043,0.12998933976321128,0,500.0,0.020484943927904464,0.0006496528038309775,10053551287.19481,656.6702200789296
A_active,1,2,154,langevin,0.08734143201817211,0.2620242960545163,0,500.0,0.024269614091089697,0.0006239433530767004,9850253971.32902,612.6585679818279
A_active,1,3,155,null,0.031895186908119655,0.09568556072435896,0,500.0,0.022963544500845996,0.0006620368521470551,10110640914.285566,668.1048130918804
A_active,1,4,156,langevin,0.09035816480977467,0.271074494429324,0,500.0,0.028429384666773028,0.0006874171762233703,10150474263.338013,609.6418351902254
A_active,1,5,157,null,0.030365751884214302,0.0910972556526429,0,500.0,0.014598491619050233,0.0006354928920862306,9756656464.83711,669.6342481157857
A_active,1,6,158,langevin,0.0933861043292802,0.2801583129878406,0,500.0,0.013334736058628397,0.000673504968540238,9508380875.700079,606.6138956707198
A_active,1,7,159,null,0.031441663015998454,0.09432498904799536,0,500.0,0.018304823318655267,0.0006407626979801442,9641670851.326744,668.5583369840016
A_active,1,0,160,langevin,0.08176762155530654,0.2453028646659196,0,500.0,0.02487432014351642,0.0007314907071904269,9868283387.11242,618.2323784446935
A_active,1,1,161,null,0.037133974753603326,0.11140192426080997,0,500.0,0.01406849859150279,0.0007296454661278624,10288331767.55039,662.8660252463967
A_active,1,2,162,langevin,0.06907513046344672,0.20722539139034019,0,500.0,0.0115109096652611,0.0006866670909271565,10141553884.821306,630.9248695365533
A_active,1,3,163,null,0.013650877626481227,0.04095263287944368,0,500.0,0.020691780198160894,0.0008831053646347507,10164129521.885939,686.3491223735188
A_active,1,4,164,langevin,0.09060341599190636,0.27181024797571907,0,500.0,0.02201060638662533,0.0007728565487961326,9811766549.238611,609.3965840080937
A_active,1,5,165,null,0.034295524146650325,0.10288657243995097,0,500.0,0.022037846544470684,0.0005981337322176297,10051740484.04296,665.7044758533497
A_active,1,6,166,langevin,0.04134299030084939,0.12402897090254816,0,500.0,0.023789773318573168,0.0007513638078866502,10008735580.41945,658.6570096991506
A_active,1,7,167,null,0.0454028923260863,0.1362086769782589,0,500.0,0.028103255428516216,0.0005583572038784662,9817368668.742956,654.5971076739137
A_active,1,0,168,langevin,0.05771811409514818,0.17315434228544455,0,500.0,0.01787634914372227,0.0005655516745658295,10007409695.437788,642.2818859048518
A_active,1,1,169,null,0.03643613510746731,0.10930840532240192,0,500.0,0.012754254401723132,0.000511648893049193,10242331421.376287,663.5638648925327
A_active,1,2,170,langevin,0.07821666361438635,0.23464999084315907,0,500.0,0.01886331087832718,0.0006693236252069678,9983527576.831171,621.7833363856137
A_active,1,3,171,null,0.051911482264863265,0.1557344467945898,0,500.0,0.022811295140976174,0.0006076958920312796,9835294588.557344,648.0885177351367
A_active,1,4,172,langevin,0.05785982420223533,0.17357947260670598,0,500.0,0.013744343518942086,0.000806881230673701,9816692153.067116,642.1401757977646
A_active,1,5,173,null,0.021384736244499134,0.0641542087334974,0,500.0,0.015782577690712347,0.0005878304972354976,10065970322.83196,678.6152637555009
A_active,1,6,174,langevin,0.06187458825774965,0.18562376477324893,0,500.0,0.022673765335183355,0.0007055193641268222,10253365903.60699,638.1254117422503
A_active,1,7,175,null,0.06743116384326603,0.2022934915297981,0,500.0,0.03424452062565464,0.0008017501309549432,9768059935.744675,632.5688361567339
A_active,1,0,176,langevin,0.0715102521134266,0.2145307563402798,0,500.0,0.02123823071505652,0.000873479417066298,10135324066.519436,628.4897478865734
A_active,1,1,177,null,0.05683133642408792,0.17049400927226377,0,500.0,0.019130240591940992,0.0007256951162977333,10143638451.194046,643.1686635759121
A_active,1,2,178,langevin,0.07046807006419542,0.21140421019258626,0,500.0,0.02388663981827174,0.0007737477260392929,9968326853.048838,629.5319299358046
A_active,1,3,179,null,0.05479385184876431,0.16438155554629294,0,500.0,0.02823977355160056,0.0006732966605143478,10000064435.555344,645.2061481512357
A_active,1,4,180,langevin,0.07340189407292845,0.22020568221878534,0,500.0,0.016903452714870138,0.0006822817813312337,9917634629.634567,626.5981059270715
A_active,1,5,181,null,0.0401624527310537,0.12048735819316109,0,500.0,0.01613254362919838,0.0005130618566709026,9812551181.65474,659.8375472689463
A_active,1,6,182,langevin,0.08617418857259886,0.2585225657177966,0,500.0,0.014084308130365899,0.0006018692773096049,10328432025.390015,613.8258114274012
A_active,1,7,183,null,0.05598591338270636,0.16795774014811907,0,500.0,0.016532919738176853,0.0007270046093441973,9869942811.09857,644.0140866172936
A_active,1,0,184,langevin,0.11214602330540713,0.3364380699162214,0,500.0,0.017071531523312217,0.0006748383367027553,10276961723.249949,587.8539766945929
A_active,1,1,185,null,0.03448759561910794,0.10346278685732382,0,500.0,0.026522671038193262,0.0005849215327095229,10047639148.974073,665.512404380892
A_active,1,2,186,langevin,0.07368194611654524,0.22104583834963573,0,500.0,0.019557474816982223,0.000682675696669553,9985131121.588299,626.3180538834547
A_active,1,3,187,null,0.03240357247309762,0.09721071741929287,0,500.0,0.024332899117042683,0.0007387205995615441,10257967304.846628,667.5964275269024
A_active,1,4,188,langevin,0.107293203110043,0.32187960933012905,0,500.0,0.01328016086862398,0.0007952177953215235,10259546934.7561,592.706796889957
A_active,1,5,189,null,0.03773956484432369,0.11321869453297106,0,500.0,0.025187023029349838,0.0008134897838262113,9892232899.298923,662.2604351556763
A_active,1,6,190,langevin,0.05201905298898818,0.15605715896696454,0,500.0,0.018202317368949956,0.0009459373731079011,10047252090.56006,647.9809470110118
A_active,1,7,191,null,0.03023793600426812,0.09071380801280436,0,500.0,0.01873526363796501,0.0005672614452070012,9920143880.83666,669.7620639957319
A_active,1,0,192,langevin,0.08149712234459394,0.24449136703378183,0,500.0,0.007192014975290673,0.0007027067448146052,10282933927.406286,618.5028776554061
A_active,1,1,193,null,0.04142318311464572,0.12426954934393716,0,500.0,0.01808652538547516,0.0007760257112581499,9746672274.788105,658.5768168853543
A_active,1,2,194,langevin,0.05467643635128577,0.16402930905385732,0,500.0,0.013047319686517376,0.0006509288709801008,10078805395.52344,645.3235636487142
A_active,1,3,195,null,0.042597937588798686,0.12779381276639606,0,500.0,0.022748881116490472,0.0007497413866629119,10099317053.454304,657.4020624112013
A_active,1,4,196,langevin,0.063421163842632,0.19026349152789598,0,500.0,0.018659561554318346,0.0007914913861877095,9790662681.355274,636.578836157368
A_active,1,5,197,null,0.04080657922411191,0.12241973767233574,0,500.0,0.01791363093167583,0.0006486578007705679,9784866301.653616,659.1934207758881
A_active,1,6,198,langevin,0.05260756992171103,0.15782270976513307,0,500.0,0.03277981989874745,0.0007612567751754335,9857476553.004524,647.392430078289
A_active,1,7,199,null,0.04294562523260088,0.12883687569780264,0,500.0,0.023383542576466472,0.0006323005687784982,10123304713.19064,657.0543747673992
A_active,2,0,0,langevin,0.07036827823036458,0.21110483469109376,0,500.0,0.019576156220793006,0.0006209171155909578,9509435501.875164,629.6317217696354
A_active,2,1,1,null,0.04177153415108744,0.1253146024532623,0,500.0,0.021308110078641602,0.0007142863135161622,9801202998.34033,658.2284658489126
A_active,2,2,2,langevin,0.0844238085386803,0.2532714256160409,0,500.0,0.021078502934451113,0.0004897848795260082,9559612938.908148,615.5761914613197
A_active,2,3,3,null,0.04678003765775484,0.1403401129732645,0,500.0,0.015229073319155427,0.0007668872994509861,10428074259.266172,653.2199623422451
A_active,2,4,4,langevin,0.06588432310743829,0.19765296932231485,0,500.0,0.016553026217946794,0.000665497054158241,10134949335.377075,634.1156768925617
A_active,2,5,5,null,0.029045069877051646,0.08713520963115494,0,500.0,0.026227358313042314,0.0007657888244279579,10132221295.668343,670.9549301229483
A_active,2,6,6,langevin,0.066742041622286,0.200226124866858,0,500.0,0.02458151047922013,0.0007523879526697149,9759805820.343012,633.257958377714
A_active,2,7,7,null,0.06453088851952025,0.19359266555856075,0,500.0,0.018497363336343484,0.0007035852640882303,9895168912.672121,635.4691114804798
A_active,2,0,8,langevin,0.08523679665748302,0.25571038997244905,0,500.0,0.025800412087960727,0.0005859298008677118,9668914826.474167,614.763203342517
A_active,2,1,9,null,0.03658902087377402,0.10976706262132205,0,500.0,0.01346976993536174,0.0005908093939425418,9974703398.953888,663.410979126226
A_active,2,2,10,langevin,0.0762557131736941,0.2287671395210823,0,500.0,0.026453644815126093,0.000565186831551806,10070541680.705513,623.7442868263059
A_active,2,3,11,null,0.035955619245010964,0.10786685773503289,0,500.0,0.02682528517588975,0.0009194365162334162,10060687947.167036,664.044380754989
A_active,2,4,12,langevin,0.11102268225576109,0.3330680467672833,0,500.0,0.017348972042804826,0.0005067260157874552,9745920296.8001,588.9773177442389
A_active,2,5,13,null,0.024168871914624006,0.07250661574387202,0,500.0,0.015226253389496298,0.0006426447962453439,10230020689.045578,675.831128085376
A_active,2,6,14,langevin,0.09153604347268322,0.27460813041804966,0,500.0,0.0223188192045969,0.0006242930596832854,9855617535.955736,608.4639565273168
A_active,2,7,15,null,0.04190477243886759,0.12571431731660276,0,500.0,0.020688333651524872,0.0006922877876033845,10074309624.835688,658.0952275611324
A_active,2,0,16,langevin,0.075186582183974,0.225559746551922,0,500.0,0.010376718522338981,0.0005551427635562634,9834877132.565538,624.813417816026
A_active,2,1,17,null,0.06020292098504132,0.18060876295512396,0,500.0,0.017863637641135303,0.0007341700796391116,10292847695.314978,639.7970790149586
A_active,2,2,18,langevin,0.08420613424680277,0.2526184027404083,0,500.0,0.018036042176777192,0.0006373445658280431,9795521462.822548,615.7938657531972
A_active,2,3,19,null,0.04491078906269498,0.13473236718808496,0,500.0,0.02564034899273588,0.0007236478078102649,10154263433.492476,655.089210937305
A_active,2,4,20,langevin,0.0918924802541612,0.2756774407624836,0,500.0,0.03002011533062928,0.0006032853562752663,10031504770.501432,608.1075197458388
A_active,2,5,21,null,0.04929909763680228,0.14789729291040682,0,500.0,0.02623633158034126,0.0004239024233762174,9895531679.896694,650.7009023631978
A_active,2,6,22,langevin,0.07336898779798294,0.2201069633939488,0,500.0,0.014852898422568248,0.0007513800995472913,10043797903.256186,626.631012202017
A_active,2,7,23,null,0.03717791526771003,0.11153374580313008,0,500.0,0.011829397521701536,0.0005342894342670013,9802933057.809465,662.82208473229
A_active,2,0,24,langevin,0.0866351018742018,0.2599053056226054,0,500.0,0.013903695479536586,0.00045972388041339165,9709496496.269905,613.3648981257982
A_active,2,1,25,null,0.03502727670605323,0.10508183011815969,0,500.0,0.028366377933293028,0.0009168597135626093,9903724225.855242,664.9727232939467
A_active,2,2,26,langevin,0.09641602876479317,0.28924808629437954,0,500.0,0.02700605492433252,0.0007951208659171307,9976642864.386791,603.5839712352068
A_active,2,3,27,null,0.027215988918305928,0.08164796675491778,0,500.0,0.017558478206004927,0.0004804684296643131,10047727137.400932,672.7840110816941
A_active,2,4,28,langevin,0.0930887410881477,0.2792662232644431,0,500.0,0.010535047644296539,0.000661484744277044,10058471137.108685,606.9112589118523
A_active,2,5,29,null,0.05528139099811724,0.16584417299435172,0,500.0,0.026893115580818343,0.0007467940607923931,9862653186.58681,644.7186090018828
A_active,2,6,30,langevin,0.0701719079974327,0.2105157239922981,0,500.0,0.026021463462320957,0.0006060760120394306,9991550417.467203,629.8280920025672
A_active,2,7,31,null,0.058707777126944485,0.17612333138083347,0,500.0,0.020639407694105508,0.0005292151346909788,9940882052.48769,641.2922228730555
A_active,2,0,32,langevin,0.09032530052266133,0.270975901567984,0,500.0,0.01904834539107872,0.000782797874175741,10256401911.702806,609.6746994773387
A_active,2,1,33,null,0.0343798638471264,0.1031395915413792,0,500.0,0.017481706476489847,0.0006562360070908644,9759647207.149134,665.6201361528736
A_active,2,2,34,langevin,0.08509522749333179,0.2552856824799954,0,500.0,0.019098864383767657,0.0007451870170176836,9879979314.94706,614.9047725066682
A_active,2,3,35,null,0.03186142775175439,0.09558428325526318,0,500.0,0.02918891749244492,0.0005787340536476351,9882875453.825354,668.1385722482456
A_active,2,4,36,langevin,0.06288910927816643,0.1886673278344993,0,500.0,0.01847688129703787,0.0005750620392966562,9991002755.669018,637.1108907218336
A_active,2,5,37,null,0.03378522133175277,0.1013556639952583,0,500.0,0.017915624434178573,0.0007029484656234196,10140316164.558891,666.2147786682473
A_active,2,6,38,langevin,0.08687825613099391,0.2606347683929817,0,500.0,0.016319667673583668,0.0007063831068419169,9975907421.476786,613.1217438690061
A_active,2,7,39,null,0.04036928303976882,0.12110784911930646,0,500.0,0.011388153907800415,0.0007337983880784738,9972078922.015968,659.6307169602312
A_active,2,0,40,langevin,0.1116642101473227,0.3349926304419681,0,500.0,0.0232005095983014,0.0005550149302664972,9725561286.19088,588.3357898526773
A_active,2,1,41,null,0.0541996241794008,0.1625988725382024,0,500.0,0.015625643808518788,0.0007351157874123005,9939845823.263075,645.8003758205992
A_active,2,2,42,langevin,0.11961555591846879,0.35884666775540636,0,500.0,0.020400967159092436,0.0008182439864585568,10266829434.21477,580.3844440815312
A_active,2,3,43,null,0.03646724261113521,0.10940172783340563,0,500.0,0.018369741853125204,0.0008156178718075178,10001415635.497324,663.5327573888648
A_active,2,4,44,langevin,0.060325276909743236,0.1809758307292297,0,500.0,0.026068286763259778,0.0009251513172125426,9995300122.482645,639.6747230902567
A_active,2,5,45,null,0.05714139822539044,0.17142419467617132,0,500.0,0.019300725381732258,0.0008047818209555974,9957706167.364332,642.8586017746096
A_active,2,6,46,langevin,0.10481145349772608,0.31443436049317824,0,500.0,0.02288932096765082,0.000651981110146419,10055174202.655073,595.1885465022739
A_active,2,7,47,null,0.03603099081932716,0.10809297245798148,0,500.0,0.014587051770660026,0.0005656027793940195,9998277880.539644,663.9690091806729
A_active,2,0,48,langevin,0.05739267749837366,0.17217803249512098,0,500.0,0.022467319264550388,0.0007253917452509812,10105749447.77203,642.6073225016263
A_active,2,1,49,null,0.03673246897016338,0.11019740691049013,0,500.0,0.020591758357716358,0.0006704225050893174,10277470817.796917,663.2675310298366
A_active,2,2,50,langevin,0.06270164039191202,0.18810492117573607,0,500.0,0.01840667232814228,0.0006499731670578681,9984895440.126095,637.2983596080879
A_active,2,3,51,null,0.034040481362825996,0.10212144408847798,0,500.0,0.017197085748550497,0.0007751784021398231,9886146906.677176,665.959518637174
A_active,2,4,52,langevin,0.09728346263461975,0.29185038790385925,0,500.0,0.030529445029329947,0.000801591565621386,9652411063.869827,602.7165373653802
A_active,2,5,53,null,0.050830243968455216,0.15249073190536566,0,500.0,0.022747913581083013,0.0007282292012707314,9688789851.054598,649.1697560315448
A_active,2,6,54,langevin,0.09414324181785444,0.2824297254535633,0,500.0,0.014904396394640976,0.000803122371424486,10228286141.583065,605.8567581821455
A_active,2,7,55,null,0.07034347166263027,0.21103041498789082,0,500.0,0.018403823562366087,0.0005207889606699742,10222856821.82773,629.6565283373698
A_active,2,0,56,langevin,0.09632140122500171,0.28896420367500514,0,500.0,0.01840694838973407,0.000809156759966319,10150542708.354519,603.6785987749982
A_active,2,1,57,null,0.028061097079922707,0.08418329123976812,0,500.0,0.018555493831180183,0.000628296702427709,9990507316.233921,671.9389029200773
A_active,2,2,58,langevin,0.0826223981441407,0.2478671944324221,0,500.0,0.016830077441158026,0.0006530847688321576,10130268861.971434,617.3776018558593
A_active,2,3,59,null,0.0414026012556102,0.12420780376683059,0,500.0,0.018953833814284237,0.0006422903119615749,9992102838.665838,658.5973987443898
A_active,2,4,60,langevin,0.04043643736157966,0.12130931208473898,0,500.0,0.02110520481922446,0.0005698470954754789,10033321712.692736,659.5635626384203
A_active,2,5,61,null,0.026007660447041045,0.07802298134112313,0,500.0,0.02491363209995446,0.0006964083499104804,9741812194.742554,673.9923395529589
A_active,2,6,62,langevin,0.0834933201042855,0.2504799603128565,0,500.0,0.016503742700573268,0.0008528798750908975,10110381346.888268,616.5066798957145
A_active,2,7,63,null,0.0334453869439386,0.1003361608318158,0,500.0,0.021432446054373222,0.0006695947328909334,10252125387.560507,666.5546130560614
A_active,2,0,64,langevin,0.08594206748733471,0.25782620246200416,0,500.0,0.02288800374740626,0.000561252153447273,10171516528.293976,614.0579325126653
A_active,2,1,65,null,0.06529732348183886,0.1958919704455166,0,500.0,0.023516963772113327,0.0006693703829240833,10046145008.69887,634.7026765181612
A_active,2,2,66,langevin,0.059818553263429865,0.1794556597902896,0,500.0,0.021266763557784833,0.0005635654673818272,10022355573.660095,640.1814467365701
A_active,2,3,67,null,0.03801542426470786,0.11404627279412358,0,500.0,0.016185671951969124,0.0007315335808892298,9715731258.633516,661.9845757352921
A_active,2,4,68,langevin,0.07810319240167654,0.23430957720502962,0,500.0,0.013717512938098392,0.0008565944273958479,10408865765.742283,621.8968075983234
A_active,2,5,69,null,0.05161293641011657,0.1548388092303497,0,500.0,0.029833701304714882,0.0007329151393205295,10122309054.601793,648.3870635898834
A_active,2,6,70,langevin,0.07040842287993103,0.21122526863979307,0,500.0,0.015865467580292905,0.0006862888754983387,9906536376.117004,629.591577120069
A_active,2,7,71,null,0.037469389290348244,0.11240816787104474,0,500.0,0.023984404837959755,0.0006606595657815896,9701276271.28861,662.5306107096518
A_active,2,0,72,langevin,0.07454258304156534,0.22362774912469602,0,500.0,0.016514163930620687,0.0006437885029954525,9793546582.266825,625.4574169584347
A_active,2,1,73,null,0.05545882269351416,0.1663764680805425,0,500.0,0.02983992646871259,0.0005619940867028836,10142664245.691736,644.5411773064858
A_active,2,2,74,langevin,0.09078940591247109,0.27236821773741327,0,500.0,0.014949506710786157,0.0006831968168805253,10295024643.620768,609.2105940875289
A_active,2,3,75,null,0.05155520276185711,0.15466560828557133,0,500.0,0.028411674112219586,0.0005558690334673893,9863018433.214289,648.4447972381429
A_active,2,4,76,langevin,0.08458302574181026,0.2537490772254308,0,500.0,0.02207174905275153,0.0006750128122948558,9934235949.71523,615.4169742581897
A_active,2,5,77,null,0.03765201050195258,0.11295603150585776,0,500.0,0.017242523554932786,0.0007172955820179579,9458936510.146711,662.3479894980475
A_active,2,6,78,langevin,0.11060559162164849,0.33181677486494543,0,500.0,0.01762475657004551,0.0005288073714989632,10119082721.732576,589.3944083783515
A_active,2,7,79,null,0.026631422129700263,0.07989426638910078,0,500.0,0.022176155637956343,0.0006313055641461514,10127568625.09395,673.3685778702998
A_active,2,0,80,langevin,0.09424858410160922,0.2827457523048277,0,500.0,0.02669903333110609,0.0006215368238527608,9950385572.814728,605.7514158983907
A_active,2,1,81,null,0.041867359784811084,0.12560207935443324,0,500.0,0.01313279528774839,0.0007300293580343448,10033741665.814621,658.1326402151889
A_active,2,2,82,langevin,0.05151241103726998,0.15453723311180995,0,500.0,0.026245805352912745,0.0008070833301061974,9744144852.85422,648.48758896273
A_active,2,3,83,null,0.048243692145103004,0.14473107643530903,0,500.0,0.02643834208347976,0.0007543158393096505,9811001574.680841,651.756307854897
A_active,2,4,84,langevin,0.050301019209805994,0.15090305762941797,0,500.0,0.019596648715066216,0.0006204770627749755,10005141211.680725,649.698980790194
A_active,2,5,85,null,0.04077129803816526,0.12231389411449578,0,500.0,0.02280002998823151,0.0006138098329175556,9973932092.76843,659.2287019618348
A_active,2,6,86,langevin,0.1375201325167525,0.4125603975502575,0,500.0,0.019502842884802314,0.0007432940157465264,10063512043.39366,562.4798674832475
A_active,2,7,87,null,0.044250230161546236,0.13275069048463872,0,500.0,0.015579324973516107,0.000722095451670065,9995021575.316998,655.7497698384537
A_active,2,0,88,langevin,0.09441230257760543,0.2832369077328163,0,500.0,0.030384569138923605,0.0006876532274120539,10157260692.469265,605.5876974223945
A_active,2,1,89,null,0.030550139672811616,0.09165041901843485,0,500.0,0.020705426483616927,0.0008242049267621298,9992744343.368317,669.4498603271884
A_active,2,2,90,langevin,0.06526654439718658,0.19579963319155974,0,500.0,0.021148021608097707,0.0006504982058852575,9956447026.689987,634.7334556028134
A_active,2,3,91,null,0.03768900873083071,0.11306702619249213,0,500.0,0.030045829345655604,0.0005818048476803,9921871751.329401,662.3109912691693
A_active,2,4,92,langevin,0.06657405393884716,0.19972216181654148,0,500.0,0.026310557500424298,0.0006409692531979948,10265225189.948814,633.4259460611529
A_active,2,5,93,null,0.043609281304121526,0.13082784391236457,0,500.0,0.019991272558351546,0.0005227454059076933,10246566278.352674,656.3907186958785
A_active,2,6,94,langevin,0.08878554456136975,0.2663566336841092,0,500.0,0.022131690618440933,0.0006570490304811048,9920906261.187037,611.2144554386302
A_active,2,7,95,null,0.02782309633917899,0.08346928901753697,0,500.0,0.024834650897269026,0.000695678640265149,9932411563.196478,672.176903660821
A_active,2,0,96,langevin,0.0653552967991079,0.1960658903973237,0,500.0,0.020686168221145003,0.0006597005076374256,10332821981.435043,634.6447032008921
A_active,2,1,97,null,0.05028587294892926,0.15085761884678778,0,500.0,0.017126362658581487,0.0005582471966141938,9957108555.033169,649.7141270510707
A_active,2,2,98,langevin,0.0597379487716918,0.1792138463150754,0,500.0,0.020488710340333036,0.0007092723294290108,10131727111.008436,640.2620512283082
A_active,2,3,99,null,0.04636889124510874,0.13910667373532623,0,500.0,0.01916565145075945,0.0007291360819305646,9827150352.099085,653.6311087548912
A_active,2,4,100,langevin,0.07648238165870659,0.2294471449761198,0,500.0,0.02419308223752531,0.000698137185691414,9751214983.043816,623.5176183412934
A_active,2,5,101,null,0.029138369680127084,0.08741510904038124,0,500.0,0.012066696181694543,0.0008499725857710305,9695958096.491371,670.8616303198729
A_active,2,6,102,langevin,0.07537822057352637,0.2261346617205791,0,500.0,0.029336229066523674,0.0007774980502636884,10269762607.780228,624.6217794264736
A_active,2,7,103,null,0.03640238572285827,0.1092071571685748,0,500.0,0.02385727618457727,0.0009744849913905164,9999314356.491816,663.5976142771417
A_active,2,0,104,langevin,0.08647499346156752,0.2594249803847026,0,500.0,0.018592019867795594,0.00066874590196196,10081605092.536776,613.5250065384325
A_active,2,1,105,null,0.05717399330473699,0.17152197991421098,0,500.0,0.0156726263093745,0.0005273278423371353,10012219297.936394,642.826006695263
A_active,2,2,106,langevin,0.08235945640207361,0.24707836920622084,0,500.0,0.027236119188215606,0.0007420433723993931,9882378591.079876,617.6405435979264
A_active,2,3,107,null,0.048173597561821976,0.14452079268546592,0,500.0,0.02576321169920229,0.0006989428574035948,9939348487.852745,651.826402438178
A_active,2,4,108,langevin,0.09180285244219903,0.2754085573265971,0,500.0,0.01840756158146295,0.00048356372825119405,10273355886.500267,608.1971475578009
A_active,2,5,109,null,0.027740961492962107,0.08322288447888632,0,500.0,0.01850042695595216,0.0006384834583988161,9939663809.69342,672.2590385070379
A_active,2,6,110,langevin,0.07250279112380988,0.21750837337142964,0,500.0,0.012960146118716823,0.000722404405219147,10011664943.957998,627.4972088761901
A_active,2,7,111,null,0.04230383356138872,0.12691150068416615,0,500.0,0.025507541639545238,0.000779535621236712,10273504898.366705,657.6961664386113
A_active,2,0,112,langevin,0.11511555249370836,0.3453466574811251,0,500.0,0.02240636961323445,0.0005156450394996654,10048145911.573872,584.8844475062916
A_active,2,1,113,null,0.04198780593512837,0.12596341780538511,0,500.0,0.02048432812009551,0.0006094180604272093,9827805159.84284,658.0121940648717
A_active,2,2,114,langevin,0.0940253877093539,0.2820761631280617,0,500.0,0.024989267465729638,0.0005576779116202915,10113500607.736094,605.9746122906461
A_active,2,3,115,null,0.03998686508606149,0.11996059525818446,0,500.0,0.018200465246842133,0.0007378762462894378,9995277965.081526,660.0131349139385
A_active,2,4,116,langevin,0.06700095082421301,0.20100285247263902,0,500.0,0.020413304866561434,0.0004696315931372849,9886644019.253422,632.999049175787
A_active,2,5,117,null,0.036973566088863,0.110920698266589,0,500.0,0.013128130031287486,0.0006866320495900885,10058056118.354746,663.026433911137
A_active,2,6,118,langevin,0.06589151510820296,0.19767454532460887,0,500.0,0.019241290049978092,0.0007357158481244855,10215235366.00792,634.108484891797
A_active,2,7,119,null,0.03334821654928405,0.10004464964785215,0,500.0,0.021767881703482574,0.0007717432754294033,9996479275.400272,666.6517834507159
A_active,2,0,120,langevin,0.062336909530252525,0.18701072859075757,0,500.0,0.016218467149847038,0.0006353790601455683,9795065680.427885,637.6630904697474
A_active,2,1,121,null,0.063759598994626,0.19127879698387798,0,500.0,0.01718202871598104,0.0007050385974455109,10037593706.543327,636.240401005374
A_active,2,2,122,langevin,0.09035881090261468,0.27107643270784404,0,500.0,0.018089411714581217,0.0005370186244751855,10327943528.098415,609.6411890973853
A_active,2,3,123,null,0.04068614890167431,0.12205844670502293,0,500.0,0.02058499071934589,0.0006867026897221696,10252335891.636389,659.3138510983257
A_active,2,4,124,langevin,0.09292021870054824,0.27876065610164474,0,500.0,0.02587032156789136,0.000748949951508618,10030769340.09908,607.0797812994517
A_active,2,5,125,null,0.04434681796009573,0.13304045388028718,0,500.0,0.016291174280226195,0.0004729510017516881,9952446373.476614,655.6531820399043
A_active,2,6,126,langevin,0.056112224676042044,0.16833667402812613,0,500.0,0.03294319766270704,0.0008227088352009526,10234437134.14901,643.887775323958
A_active,2,7,127,null,0.03549786402480678,0.10649359207442033,0,500.0,0.030301586340303173,0.0004964033448138063,9758622051.299252,664.5021359751933
A_active,2,0,128,langevin,0.06195240117478794,0.1858572035243638,0,500.0,0.015217735177801114,0.0006800738546362039,10039081426.534054,638.047598825212
A_active,2,1,129,null,0.06256587232898746,0.18769761698696236,0,500.0,0.024994696283264107,0.0007889112274001421,10084005656.32992,637.4341276710126
A_active,2,2,130,langevin,0.07462568447268508,0.22387705341805525,0,500.0,0.01657588903612235,0.0005159110515438376,9826371640.98348,625.3743155273149
A_active,2,3,131,null,0.03736681065678615,0.11210043197035843,0,500.0,0.02382201180325341,0.0004981800596057868,9727057416.225014,662.6331893432139
A_active,2,4,132,langevin,0.08196015650369026,0.2458804695110708,0,500.0,0.014763078346561917,0.0007003618881332664,9917965076.49087,618.0398434963097
A_active,2,5,133,null,0.03328572193589642,0.09985716580768926,0,500.0,0.01334215166651629,0.0006574188854269659,9854551784.625217,666.7142780641036
A_active,2,6,134,langevin,0.06530816587577351,0.19592449762732053,0,500.0,0.0168204826845543,0.0006854345365040636,10029845929.278997,634.6918341242265
A_active,2,7,135,null,0.022696728030738102,0.0680901840922143,0,500.0,0.01919755086626915,0.0007065399511242724,10207892355.63425,677.3032719692619
A_active,2,0,136,langevin,0.09320440035801841,0.27961320107405524,0,500.0,0.021047719025285076,0.0005524217127818031,9846012043.674583,606.7955996419815
A_active,2,1,137,null,0.05159889862863572,0.15479669588590717,0,500.0,0.016489169048779236,0.0007692931280894752,10254793500.542156,648.4011013713642
A_active,2,2,138,langevin,0.05629534146715843,0.1688860244014753,0,500.0,0.0222030733043423,0.0006554593518120135,10405540729.308258,643.7046585328416
A_active,2,3,139,null,0.05075736677401581,0.1522721003220474,0,500.0,0.01744770301650457,0.000707397513168326,9816463252.472103,649.2426332259842
A_active,2,4,140,langevin,0.07450921075767825,0.22352763227303474,0,500.0,0.021024947088098708,0.000681603798715587,10061553705.860945,625.4907892423217
A_active,2,5,141,null,0.03156251760704608,0.09468755282113824,0,500.0,0.01073360118353955,0.0006303751880364842,9821528564.298573,668.4374823929539
A_active,2,6,142,langevin,0.063535178531921,0.19060553559576301,0,500.0,0.030686680100243065,0.0007829554652597182,9965109768.325766,636.464821468079
A_active,2,7,143,null,0.02577107106367221,0.07731321319101662,0,500.0,0.013509021070890987,0.0007027862741973542,10213869763.24053,674.2289289363277
A_active,2,0,144,langevin,0.07176856260084213,0.2153056878025264,0,500.0,0.020675498342154826,0.0006921472398838577,10213238638.26336,628.2314373991578
A_active,2,1,145,null,0.020853676378699032,0.0625610291360971,0,500.0,0.02077976142089048,0.0007072197606335982,10190018419.48477,679.146323621301
A_active,2,2,146,langevin,0.08546162108752292,0.25638486326256876,0,500.0,0.014496515536225111,0.0006086113091931281,9695163481.320103,614.5383789124771
A_active,2,3,147,null,0.04366408846647831,0.13099226539943493,0,500.0,0.020961800171853263,0.0007178498286229144,9806025602.620153,656.3359115335217
A_active,2,4,148,langevin,0.054734247578012804,0.1642027427340384,0,500.0,0.02762799278422623,0.0006848848767337238,10349200684.294172,645.2657524219871
A_active,2,5,149,null,0.04637274686062464,0.13911824058187391,0,500.0,0.012691464225556757,0.0007472083449281253,10247026066.025583,653.6272531393754
A_active,2,6,150,langevin,0.06852439250825873,0.2055731775247762,0,500.0,0.010376706752280111,0.0007331908041830667,9971929485.621675,631.4756074917412
A_active,2,7,151,null,0.044592384281943974,0.13377715284583191,0,500.0,0.006567440352307507,0.0007123791729364574,9449896838.640324,655.407615718056
A_active,2,0,152,langevin,0.06019073452665394,0.18057220357996182,0,500.0,0.02442950706965004,0.00048421895137403057,9627239458.572735,639.809265473346
A_active,2,1,153,null,0.03659129229988328,0.10977387689964985,0,500.0,0.02823330039334225,0.0008282318939753052,9878343495.05343,663.4087077001167
A_active,2,2,154,langevin,0.09752931578125586,0.2925879473437676,0,500.0,0.022894580658723053,0.0006927648319250454,10070877648.684952,602.4706842187442
A_active,2,3,155,null,0.03355166411514931,0.10065499234544792,0,500.0,0.02400022029566408,0.0007726634809020714,10539982206.427578,666.4483358848507
A_active,2,4,156,langevin,0.09584278346857111,0.28752835040571334,0,500.0,0.007726401329385579,0.0005459564869358794,10066020934.0607,604.1572165314288
A_active,2,5,157,null,0.042254621556575354,0.12676386466972606,0,500.0,0.010677952558064372,0.0006522700025235245,9927456809.51792,657.7453784434247
A_active,2,6,158,langevin,0.07645328704880935,0.22935986114642806,0,500.0,0.01936367228630558,0.0007582381259527569,10291900774.77293,623.5467129511907
A_active,2,7,159,null,0.049003875923563416,0.14701162777069024,0,500.0,0.014423516143649288,0.0005798489704214078,9866611009.195055,650.9961240764366
A_active,2,0,160,langevin,0.07631996059221491,0.22895988177664472,0,500.0,0.017843925588839595,0.0006312261620684829,9814627626.21756,623.6800394077851
A_active,2,1,161,null,0.051932995273794316,0.15579898582138296,0,500.0,0.024235908393978604,0.0007617068237051963,9983127643.61267,648.0670047262057
A_active,2,2,162,langevin,0.08655643005650647,0.2596692901695194,0,500.0,0.015424977276212382,0.0005650993837736974,9890482011.288391,613.4435699434936
A_active,2,3,163,null,0.047931889057651986,0.14379566717295594,0,500.0,0.019237954861524676,0.0005521207940314272,10017995122.420626,652.068110942348
A_active,2,4,164,langevin,0.08593591502217388,0.2578077450665216,0,500.0,0.020801642881232586,0.0005997626589206497,10012416627.257973,614.0640849778262
A_active,2,5,165,null,0.036876017294691,0.11062805188407299,0,500.0,0.01836104690672564,0.000657497368266408,10150274319.67205,663.123982705309
A_active,2,6,166,langevin,0.11400463815678502,0.34201391447035506,0,500.0,0.02778372078173999,0.0007293409905771709,9919683173.182592,585.9953618432149
A_active,2,7,167,null,0.038128565270748996,0.11438569581224699,0,500.0,0.018664910405948226,0.0007817707482059217,9446936127.17574,661.871434729251
A_active,2,0,168,langevin,0.08269489637751884,0.24808468913255652,0,500.0,0.010037552850819531,0.0006662796486824499,10264908994.690304,617.3051036224812
A_active,2,1,169,null,0.03151851011708675,0.09455553035126024,0,500.0,0.00858566119934051,0.0007963787354578841,10301164479.602343,668.4814898829133
A_active,2,2,170,langevin,0.08751040237814091,0.26253120713442274,0,500.0,0.02627634146713141,0.0005864176886440083,10234522998.35916,612.489597621859
A_active,2,3,171,null,0.06024572742440211,0.18073718227320634,0,500.0,0.02320089465428896,0.0006947730851614125,10256657667.770353,639.7542725755978
A_active,2,4,172,langevin,0.10017781218196786,0.3005334365459036,0,500.0,0.016255863055433462,0.0008026693315304925,10148923936.643051,599.8221878180321
A_active,2,5,173,null,0.04328450393394691,0.12985351180184074,0,500.0,0.026518594462596728,0.0007592119162892,10149186903.037437,656.7154960660531
A_active,2,6,174,langevin,0.06738189727174135,0.20214569181522404,0,500.0,0.024167373099834577,0.0005558152254364668,9974710175.445702,632.6181027282587
A_active,2,7,175,null,0.02291298717991731,0.06873896153975192,0,500.0,0.011478040501972228,0.0007109722769990569,9983598660.08819,677.0870128200827
A_active,2,0,176,langevin,0.07923394925167063,0.23770184775501188,0,500.0,0.022959749883743913,0.0007016650354464126,9822723129.699572,620.7660507483293
A_active,2,1,177,null,0.04234661083712653,0.12703983251137957,0,500.0,0.01966464896037125,0.0006146696257865734,9975090312.047886,657.6533891628735
A_active,2,2,178,langevin,0.07023054074483367,0.21069162223450102,0,500.0,0.016754455811788957,0.0006332406098169649,10046996454.519247,629.7694592551663
A_active,2,3,179,null,0.06423433992116899,0.19270301976350696,0,500.0,0.015915087760006934,0.0007188584026095522,9707734249.264893,635.765660078831
A_active,2,4,180,langevin,0.10933935767680367,0.328018073030411,0,500.0,0.018333123358316133,0.0006805542325135444,10255483836.49061,590.6606423231963
A_active,2,5,181,null,0.05240330979910102,0.15720992939730305,0,500.0,0.012540703097052148,0.0007221859536543564,9954521544.584959,647.5966902008989
A_active,2,6,182,langevin,0.08992133219766624,0.2697639965929987,0,500.0,0.020761921938509124,0.000740270593995304,10058391127.7021,610.0786678023337
A_active,2,7,183,null,0.040000463578876495,0.12000139073662949,0,500.0,0.02588489494437871,0.0005122620086818025,9913387984.31804,659.9995364211235
A_active,2,0,184,langevin,0.0584268809996132,0.1752806429988396,0,500.0,0.01928064228756425,0.0006236723936270701,9970390400.929256,641.5731190003868
A_active,2,1,185,null,0.036144041044878845,0.10843212313463654,0,500.0,0.01765200996398626,0.0005022615056732359,9992466100.10652,663.8559589551212
A_active,2,2,186,langevin,0.08370495941723224,0.25111487825169676,0,500.0,0.017018235901372924,0.0006009729104975628,9871084706.151373,616.2950405827678
A_active,2,3,187,null,0.06000831116542718,0.18002493349628154,0,500.0,0.02094008901275504,0.0007054406306714246,9939918856.285624,639.9916888345729
A_active,2,4,188,langevin,0.06753995969155155,0.20261987907465465,0,500.0,0.015607102301068727,0.0008208794457303176,9659913955.481663,632.4600403084485
A_active,2,5,189,null,0.04483853431884142,0.13451560295652426,0,500.0,0.019879792156859158,0.000641104437067628,9686718494.377039,655.1614656811586
A_active,2,6,190,langevin,0.05283835261224712,0.15851505783674136,0,500.0,0.024908323612637617,0.0005972933680957946,10175819565.913836,647.1616473877529
A_active,2,7,191,null,0.04890587687666359,0.14671763062999077,0,500.0,0.022896918430558466,0.0007428158155314685,9757946683.520239,651.0941231233364
A_active,2,0,192,langevin,0.06805766693020054,0.20417300079060163,0,500.0,0.02339300394914851,0.0005404304386032657,10332920055.399689,631.9423330697995
A_active,2,1,193,null,0.03538283859823874,0.10614851579471624,0,500.0,0.019678443312154553,0.0005641540708787947,10073161758.348478,664.6171614017612
A_active,2,2,194,langevin,0.06286272126650927,0.1885881637995278,0,500.0,0.018787488288316362,0.000552794338053036,10238351345.190722,637.1372787334907
A_active,2,3,195,null,0.023579966534563717,0.07073989960369115,0,500.0,0.022255595852016405,0.000690373682208332,10087559828.02559,676.4200334654363
A_active,2,4,196,langevin,0.057125814806916586,0.17137744442074976,0,500.0,0.02516870389840328,0.0007631053804319421,10031916290.152023,642.8741851930835
A_active,2,5,197,null,0.04497814045694441,0.13493442137083322,0,500.0,0.019213203795692486,0.0007309717124453142,9835760170.68239,655.0218595430556
A_active,2,6,198,langevin,0.0886359866494933,0.26590795994847993,0,500.0,0.022031632236211747,0.000525663823576508,9475189904.14976,611.3640133505066
A_active,2,7,199,null,0.040249331991672056,0.12074799597501618,0,500.0,0.019192199747244718,0.0007884717556515925,10011519361.261421,659.7506680083279
A_active,3,0,0,langevin,0.050812840941069845,0.15243852282320952,0,500.0,0.019558681588469816,0.0006082828785086854,9779456064.720127,649.1871590589302
A_active,3,1,1,null,0.040684225996239706,0.12205267798871912,0,500.0,0.025284936162420925,0.0006759429236391844,9790187469.220133,659.3157740037603
A_active,3,2,2,langevin,0.08455426938423569,0.25366280815270703,0,500.0,0.014509661499409934,0.0005088989043991036,10098850877.38641,615.4457306157643
A_active,3,3,3,null,0.03595494906035659,0.10786484718106976,0,500.0,0.025567854688975763,0.0006977689222916885,9838715951.138147,664.0450509396434
A_active,3,4,4,langevin,0.08239491525945565,0.24718474577836697,0,500.0,0.026477574970696242,0.0006477953087024057,9787773855.765982,617.6050847405444
A_active,3,5,5,null,0.034732774477267525,0.10419832343180258,0,500.0,0.015934695008417283,0.0005485678751890445,9741503062.43876,665.2672255227325
A_active,3,6,6,langevin,0.08645640253436099,0.25936920760308296,0,500.0,0.025547279300077906,0.0006304783117760237,10157316454.44394,613.543597465639
A_active,3,7,7,null,0.051998975546144834,0.1559969266384345,0,500.0,0.028419804963247936,0.0006480318574272116,9930116725.535019,648.0010244538552
A_active,3,0,8,langevin,0.08643373170885242,0.25930119512655725,0,500.0,0.020487884086965443,0.0006968703736957202,10259311691.200645,613.5662682911476
A_active,3,1,9,null,0.03728682897123138,0.11186048691369414,0,500.0,0.02108269048771411,0.000568542735244276,9968112667.975765,662.7131710287687
A_active,3,2,10,langevin,0.06454262544611106,0.19362787633833317,0,500.0,0.016212287733752377,0.0006446951958303754,9910689349.202988,635.4573745538889
A_active,3,3,11,null,0.046096148933709086,0.13828844680112726,0,500.0,0.024019177646403655,0.0005174304217156683,10200671711.951967,653.9038510662909
A_active,3,4,12,langevin,0.03348166843150898,0.10044500529452693,0,500.0,0.021237262260141377,0.0007376960643874766,9869857394.950344,666.518331568491
A_active,3,5,13,null,0.03948871318792939,0.11846613956378817,0,500.0,0.01609114005387116,0.0007561417619465458,9365566481.659803,660.5112868120706
A_active,3,6,14,langevin,0.05858469081540976,0.1757540724462293,0,500.0,0.010315036867484525,0.0006855063272300935,10259843711.076614,641.4153091845902
A_active,3,7,15,null,0.055116159523768485,0.16534847857130547,0,500.0,0.023340755137942374,0.0006914893050861025,9846787660.044643,644.8838404762315
A_active,3,0,16,langevin,0.1023770679045494,0.3071312037136482,0,500.0,0.02311657064308582,0.000582236090999602,9744087065.05923,597.6229320954506
A_active,3,1,17,null,0.03509337448314842,0.10528012344944526,0,500.0,0.02540906502906286,0.0007917526998493731,10323159102.730648,664.9066255168516
A_active,3,2,18,langevin,0.06250035930381129,0.18750107791143386,0,500.0,0.018200717505600483,0.0008049370793193212,10044011030.988392,637.4996406961887
A_active,3,3,19,null,0.05041524269995656,0.15124572809986966,0,500.0,0.013395263521243518,0.0006297274659190969,9996842203.518333,649.5847573000434
A_active,3,4,20,langevin,0.07093048612638957,0.21279145837916869,0,500.0,0.017931346651774854,0.0005034326625324662,10326220834.009825,629.0695138736104
A_active,3,5,21,null,0.04364764781951007,0.1309429434585302,0,500.0,0.0127334710444254,0.0007747420268898273,10014486798.629389,656.3523521804899
A_active,3,6,22,langevin,0.09248525069900342,0.27745575209701023,0,500.0,0.019079189272659856,0.0005893701321084258,9850529985.417948,607.5147493009965
A_active,3,7,23,null,0.04592515373689164,0.1377754612106749,0,500.0,0.02394095809257309,0.0007170790150269043,10132161341.683378,654.0748462631084
A_active,3,0,24,langevin,0.1024071267033031,0.3072213801099093,0,500.0,0.02152814174440615,0.0007690780098821759,10225895223.770603,597.5928732966969
A_active,3,1,25,null,0.04549166843697641,0.13647500531092924,0,500.0,0.019749977449527507,0.0006259775135917933,9765293511.341267,654.5083315630236
A_active,3,2,26,langevin,0.04748536137568021,0.14245608412704064,0,500.0,0.02672798970415971,0.0006687628096966,9897364393.743433,652.5146386243198
A_active,3,3,27,null,0.05976612313727417,0.1792983694118225,0,500.0,0.025046759358697865,0.0006765718857327596,10209292769.639925,640.2338768627259
A_active,3,4,28,langevin,0.07505197316774394,0.22515591950323183,0,500.0,0.022018109583251837,0.0008533802969493114,10221309395.7997,624.9480268322561
A_active,3,5,29,null,0.03954109882853312,0.11862329648559936,0,500.0,0.023722677686069296,0.0007900910034561576,9987352552.264538,660.4589011714669
A_active,3,6,30,langevin,0.0707828280200744,0.21234848406022322,0,500.0,0.02967215795075135,0.0006432370274115909,9749053450.854544,629.2171719799256
A_active,3,7,31,null,0.04434219922969857,0.13302659768909572,0,500.0,0.03181337395164598,0.0007376707126722082,10208803467.375706,655.6578007703014
A_active,3,0,32,langevin,0.03649845360506309,0.10949536081518926,0,500.0,0.017731617558026474,0.00079785082785392,9941457483.978434,663.5015463949369
A_active,3,1,33,null,0.057758771252539295,0.17327631375761787,0,500.0,0.02297813151412007,0.0007185583038617174,10361120118.832626,642.2412287474607
A_active,3,2,34,langevin,0.07047998019481962,0.21143994058445886,0,500.0,0.018303835691298172,0.0006904052315812191,10070245890.196846,629.5200198051804
A_active,3,3,35,null,0.02480047165018978,0.07440141495056934,0,500.0,0.026816278939119975,0.0007029497261960921,9993745050.90267,675.1995283498102
A_active,3,4,36,langevin,0.09313576792000507,0.2794073037600152,0,500.0,0.018697127998370665,0.0008010253326120058,10040283662.513115,606.864232079995
A_active,3,5,37,null,0.05144628649821777,0.1543388594946533,0,500.0,0.016252245056936083,0.0006525110249678453,10101509433.658318,648.5537135017822
A_active,3,6,38,langevin,0.061794429490101194,0.18538328847030358,0,500.0,0.017369281676041976,0.0006746874846562831,10248816615.045074,638.2055705098988
A_active,3,7,39,null,0.051819194017199116,0.15545758205159735,0,500.0,0.02517087504904108,0.0007099518312530871,10206117421.274796,648.1808059828008
A_active,3,0,40,langevin,0.11138284331699028,0.33414852995097083,0,500.0,0.02147820446950876,0.0007228883844820902,10142015207.763224,588.6171566830097
A_active,3,1,41,null,0.02137254594641263,0.06411763783923788,0,500.0,0.020125835725257217,0.0007208331703808548,10175357186.002005,678.6274540535874
A_active,3,2,42,langevin,0.07402814547974237,0.22208443643922712,0,500.0,0.025481301146292837,0.0006146767555210343,9988551015.49374,625.9718545202576
A_active,3,3,43,null,0.061816514034754286,0.18544954210426284,0,500.0,0.013831007905088745,0.000670222622342563,9992935462.57016,638.1834859652457
A_active,3,4,44,langevin,0.07840500986945885,0.23521502960837654,0,500.0,0.017873186503206826,0.0007422108665110069,9806838929.170446,621.5949901305412
A_active,3,5,45,null,0.028602737970337962,0.08580821391101388,0,500.0,0.02289846186232336,0.0005572496070385376,10093958971.260035,671.397262029662
A_active,3,6,46,langevin,0.08030388784202151,0.24091166352606452,0,500.0,0.01703037327549999,0.000641152389116299,9997722876.589956,619.6961121579785
A_active,3,7,47,null,0.04788316346889523,0.14364949040668568,0,500.0,0.017257133512859804,0.0006537646989988469,9729431398.803202,652.1168365311048
A_active,3,0,48,langevin,0.07404671395650919,0.22214014186952757,0,500.0,0.010783409877226488,0.0006691802975274431,9922660113.380135,625.9532860434908
A_active,3,1,49,null,0.06573792509096404,0.19721377527289213,0,500.0,0.026736139039464413,0.0006577732062898252,10201252205.663795,634.262074909036
A_active,3,2,50,langevin,0.08480821181558178,0.2544246354467453,0,500.0,0.014537313031793016,0.00042959901693799795,10231495995.416742,615.1917881844182
A_active,3,3,51,null,0.04681288274274681,0.14043864822824043,0,500.0,0.010458259948620268,0.0007346906850380729,10190994483.05538,653.1871172572532
A_active,3,4,52,langevin,0.06516226865430962,0.19548680596292883,0,500.0,0.024143556623061613,0.0004985645705761901,9963602175.270033,634.8377313456904
A_active,3,5,53,null,0.042789558378409885,0.12836867513522965,0,500.0,0.024082824014597302,0.0007098833484090384,10051081450.915833,657.2104416215901
A_active,3,6,54,langevin,0.08976519240923589,0.2692955772277077,0,500.0,0.016890012485341572,0.0008175496434671959,9938012342.95784,610.2348075907641
A_active,3,7,55,null,0.051065861619912355,0.15319758485973706,0,500.0,0.020126750153109992,0.0006449225933551234,10122702064.085863,648.9341383800877
A_active,3,0,56,langevin,0.08748610798841223,0.2624583239652367,0,500.0,0.026850715947728032,0.0007767581015430945,9891950930.800396,612.5138920115878
A_active,3,1,57,null,0.04781690382927893,0.14345071148783678,0,500.0,0.02064617259542369,0.0005898350963374221,9785369545.862581,652.1830961707211
A_active,3,2,58,langevin,0.08363396098682245,0.25090188296046734,0,500.0,0.01745802184387008,0.0005306461620304827,9986220872.154055,616.3660390131776
A_active,3,3,59,null,0.04471928244786312,0.13415784734358938,0,500.0,0.02062231417922896,0.0005486935667395849,9888918701.19829,655.2807175521368
A_active,3,4,60,langevin,0.10584857382262841,0.31754572146788523,0,500.0,0.016267981212265983,0.0006362595664603277,10465255493.624743,594.1514261773716
A_active,3,5,61,null,0.046074787988321236,0.1382243639649637,0,500.0,0.017593591182538598,0.00047425989271018267,10065481875.763323,653.9252120116788
A_active,3,6,62,langevin,0.05059029466606453,0.1517708839981936,0,500.0,0.019957883315242647,0.0005816101003394911,9668351835.289188,649.4097053339354
A_active,3,7,63,null,0.060337976722367175,0.18101393016710152,0,500.0,0.019533170170931192,0.0007597544548115471,10149975229.927393,639.6620232776328
A_active,3,0,64,langevin,0.06360652758320606,0.1908195827496182,0,500.0,0.020491672157110508,0.0006318503309852753,10194442236.085676,636.3934724167939
A_active,3,1,65,null,0.04682638957579962,0.14047916872739885,0,500.0,0.018262470835195277,0.0008331525835329552,10104932843.098719,653.1736104242004
A_active,3,2,66,langevin,0.08735626186512703,0.2620687855953811,0,500.0,0.0161122674385027,0.0007078918435750886,9708010272.936228,612.6437381348729
A_active,3,3,67,null,0.047139532098683316,0.14141859629604994,0,500.0,0.015344611246746125,0.0006853938527971352,9945251069.847061,652.8604679013167
A_active,3,4,68,langevin,0.08264502677382882,0.24793508032148645,0,500.0,0.021802508098131165,0.0006611421575864924,9989147562.647123,617.3549732261712
A_active,3,5,69,null,0.02565398882571835,0.07696196647715506,0,500.0,0.010510415421285058,0.000792825573037114,10114796738.72278,674.3460111742817
A_active,3,6,70,langevin,0.0484258213369121,0.14527746401073632,0,500.0,0.029546019397723597,0.0005952270920934952,10102192512.909372,651.5741786630879
A_active,3,7,71,null,0.04668634954833722,0.14005904864501165,0,500.0,0.020542780086221547,0.0007275136577275697,9725215879.302666,653.3136504516627
A_active,3,0,72,langevin,0.07728599706826955,0.23185799120480866,0,500.0,0.01872972648841625,0.0006754229889048823,9945164593.591663,622.7140029317304
A_active,3,1,73,null,0.034946113618814494,0.10483834085644347,0,500.0,0.01634417418316813,0.0007551342260536259,9830399679.530024,665.0538863811855
A_active,3,2,74,langevin,0.08525801562361528,0.2557740468708458,0,500.0,0.021749407860716184,0.0006568767177310596,10084674051.158812,614.7419843763847
A_active,3,3,75,null,0.0479717728105778,0.1439153184317334,0,500.0,0.017339223235068254,0.0007002832032130446,10381110638.477818,652.0282271894222
A_active,3,4,76,langevin,0.05659062440561803,0.1697718732168541,0,500.0,0.01848795532197687,0.0005899737037930073,10397002264.116962,643.409375594382
A_active,3,5,77,null,0.026578147283037645,0.07973444184911294,0,500.0,0.020035418209391805,0.0007595805967596397,9826360095.996313,673.4218527169623
A_active,3,6,78,langevin,0.07528856400678666,0.22586569202035997,0,500.0,0.016440155701005106,0.0005326237201803328,9985791705.139803,624.7114359932134
A_active,3,7,79,null,0.04743395531056062,0.14230186593168187,0,500.0,0.01800791833062113,0.0006829785204305982,10136459536.402187,652.5660446894394
A_active,3,0,80,langevin,0.10185656040435047,0.3055696812130514,0,500.0,0.013827195668911814,0.0007277920845704586,9875749383.96225,598.1434395956495
A_active,3,1,81,null,0.021283824799147154,0.06385147439744146,0,500.0,0.016110091849557064,0.0007306587301745594,10061251855.592388,678.7161752008528
A_active,3,2,82,langevin,0.05607714226559074,0.16823142679677222,0,500.0,0.028021011991437302,0.0007068619402706978,9986171097.858711,643.9228577344093
A_active,3,3,83,null,0.03604725753514842,0.10814177260544525,0,500.0,0.02208244137750532,0.0006278909280799673,10226474167.599834,663.9527424648516
A_active,3,4,84,langevin,0.08426096450358399,0.25278289351075195,0,500.0,0.02306818222712593,0.0006360875103552867,9705003145.86054,615.739035496416
A_active,3,5,85,null,0.04779468482037581,0.14338405446112745,0,500.0,0.014964085126040787,0.0006560470566141835,9997166198.454052,652.2053151796242
A_active,3,6,86,langevin,0.06242731059435008,0.18728193178305025,0,500.0,0.024433141029573308,0.0005242181270737858,10297311898.567087,637.57268940565
A_active,3,7,87,null,0.03552990126107534,0.10658970378322602,0,500.0,0.024801526561868473,0.0007955088254398071,9828128764.071177,664.4700987389247
A_active,3,0,88,langevin,0.0633446579427645,0.1900339738282935,0,500.0,0.024681436686327683,0.0006852528832126772,10016406884.031467,636.6553420572355
A_active,3,1,89,null,0.021967567091090358,0.06590270127327108,0,500.0,0.011822294208401049,0.0007201443140631677,10285646918.46079,678.0324329089096
A_active,3,2,90,langevin,0.0638934574664196,0.19168037239925878,0,500.0,0.015695105357588814,0.000687487107117736,10092376483.441898,636.1065425335804
A_active,3,3,91,null,0.048164816006361494,0.14449444801908448,0,500.0,0.01781009901113628,0.0004731741169378533,10290056089.797884,651.8351839936386
A_active,3,4,92,langevin,0.06813268858111948,0.20439806574335845,0,500.0,0.02624733189218357,0.00046878307340488966,10073815598.230963,631.8673114188805
A_active,3,5,93,null,0.036542870189356355,0.10962861056806907,0,500.0,0.014606758714047794,0.0007631464947640474,10256663467.766209,663.4571298106437
A_active,3,6,94,langevin,0.0663612093039889,0.19908362791196668,0,500.0,0.023213933709623807,0.0005599141078044103,9877159424.132662,633.6387906960111
A_active,3,7,95,null,0.039329031715116744,0.11798709514535023,0,500.0,0.01827495321022365,0.0007300942002373725,9760334511.273914,660.6709682848832
A_active,3,0,96,langevin,0.09724037223556531,0.2917211167066959,0,500.0,0.024799192781324544,0.000645053988551398,9764877697.942049,602.7596277644348
A_active,3,1,97,null,0.01604386993433491,0.04813160980300473,0,500.0,0.019687175939738604,0.0005955855146523979,10020332732.204868,683.9561300656651
A_active,3,2,98,langevin,0.05706290565872816,0.17118871697618449,0,500.0,0.02001322715592738,0.0006605607754701013,10002231870.95033,642.9370943412719
A_active,3,3,99,null,0.04512486305294762,0.13537458915884287,0,500.0,0.021447220582117593,0.0007628579428411759,9844750792.42424,654.8751369470524
A_active,3,4,100,langevin,0.09228941609060703,0.2768682482718211,0,500.0,0.020797471449002538,0.0006253322766255367,9802832521.993713,607.710583909393
A_active,3,5,101,null,0.057909938639969114,0.17372981591990733,0,500.0,0.021191440327916002,0.0006156788625944417,10014758979.174438,642.0900613600309
A_active,3,6,102,langevin,0.07814392520059951,0.23443177560179854,0,500.0,0.017422738477329128,0.0005303970627902351,10030785410.639193,621.8560747994005
A_active,3,7,103,null,0.04026364629203044,0.12079093887609132,0,500.0,0.01861833912357519,0.000764379482019183,9740919433.267178,659.7363537079696
A_active,3,0,104,langevin,0.059193091928048266,0.17757927578414479,0,500.0,0.020810674840986743,0.0007494339990107298,10121627800.315235,640.8069080719517
A_active,3,1,105,null,0.049960277159419586,0.14988083147825876,0,500.0,0.009143628488510476,0.0007161215071585619,10083250903.898632,650.0397228405805
A_active,3,2,106,langevin,0.09159928724156849,0.27479786172470544,0,500.0,0.016622506587078936,0.0007175190193583762,10199168267.969574,608.4007127584315
A_active,3,3,107,null,0.059522629820671774,0.17856788946201532,0,500.0,0.021280685183833768,0.0005358562765549482,10012137713.718021,640.4773701793282
A_active,3,4,108,langevin,0.09088453463688156,0.2726536039106447,0,500.0,0.02257167986531496,0.0008565881145793623,9961856310.053307,609.1154653631185
A_active,3,5,109,null,0.03102890557104867,0.093086716713146,0,500.0,0.016896951439857682,0.0007323927481056866,9843295918.690876,668.9710944289513
A_active,3,6,110,langevin,0.05758839833376905,0.17276519500130716,0,500.0,0.0159118299959966,0.000787000216239292,10048817210.80104,642.4116016662309
A_active,3,7,111,null,0.03845472257826291,0.11536416773478875,0,500.0,0.02424355870912228,0.0007355323009466214,9809369553.787594,661.5452774217371
A_active,3,0,112,langevin,0.09463331000436945,0.2838999300131083,0,500.0,0.021255069869789006,0.0004639972720896398,9767744757.863214,605.3666899956305
A_active,3,1,113,null,0.044967037526849454,0.13490111258054838,0,500.0,0.022458827832353544,0.0006394762992008512,9805152584.610285,655.0329624731505
A_active,3,2,114,langevin,0.08316264492808391,0.24948793478425174,0,500.0,0.011024061680634892,0.0007229863315041907,9972914078.814184,616.8373550719161
A_active,3,3,115,null,0.04186806681067619,0.12560420043202858,0,500.0,0.01685448842683306,0.0007501341559921626,9542637368.954596,658.1319331893238
A_active,3,4,116,langevin,0.061184500962376924,0.18355350288713077,0,500.0,0.022942480631549814,0.000598879377245829,10292516844.276436,638.8154990376231
A_active,3,5,117,null,0.04683526886995002,0.14050580660985007,0,500.0,0.016325895419800278,0.0007783600215650316,9986586775.77258,653.16473113005
A_active,3,6,118,langevin,0.09002654965934365,0.27007964897803094,0,500.0,0.017092761841481424,0.0006102474482404983,10146441363.153717,609.9734503406563
A_active,3,7,119,null,0.04345679989556819,0.13037039968670458,0,500.0,0.01643178821303854,0.0005832808044383582,10135570630.27942,656.5432001044318
A_active,3,0,120,langevin,0.11354006283582614,0.34062018850747844,0,500.0,0.016053290881780178,0.0007378261242536558,9433846502.647144,586.4599371641739
A_active,3,1,121,null,0.02740600110689443,0.0822180033206833,0,500.0,0.023555282085180734,0.0008280044668406577,10021350406.45627,672.5939988931055
A_active,3,2,122,langevin,0.08969899351879643,0.2690969805563893,0,500.0,0.0215125802160481,0.0007709775641454121,9795409866.520176,610.3010064812036
A_active,3,3,123,null,0.049445668102151154,0.14833700430645347,0,500.0,0.018097874514855092,0.000638046650045918,10008838045.05724,650.5543318978489
A_active,3,4,124,langevin,0.07493308522876668,0.22479925568630005,0,500.0,0.01645356547087897,0.0006463822947387591,9823057474.813465,625.0669147712333
A_active,3,5,125,null,0.0586494100578954,0.17594823017368622,0,500.0,0.023706492282267774,0.0006308689335295263,10324297785.544426,641.3505899421046
A_active,3,6,126,langevin,0.10442932750651114,0.31328798251953344,0,500.0,0.022665003002392433,0.0006190025563124222,10061271374.27105,595.5706724934888
A_active,3,7,127,null,0.04879579153935441,0.14638737461806323,0,500.0,0.027124010188014025,0.0006540783629152797,9898535222.30603,651.2042084606455
A_active,3,0,128,langevin,0.12435239908202234,0.373057197246067,0,500.0,0.027116286138034306,0.0007028106732544622,9828697621.506235,575.6476009179777
A_active,3,1,129,null,0.047882941321823774,0.14364882396547132,0,500.0,0.02578707611601665,0.0007465250451446379,10173397372.859364,652.1170586781762
A_active,3,2,130,langevin,0.07991774674931539,0.23975324024794614,0,500.0,0.025883925151244474,0.000612269684245975,9923464112.554394,620.0822532506846
A_active,3,3,131,null,0.03714137143016381,0.11142411429049143,0,500.0,0.017068296987392186,0.0008645219651074472,9675142920.539364,662.8586285698362
A_active,3,4,132,langevin,0.08368797847566553,0.25106393542699657,0,500.0,0.015374909089215886,0.0005485416792643717,10029501865.5702,616.3120215243345
A_active,3,5,133,null,0.02548339914015359,0.07645019742046077,0,500.0,0.019782540504591987,0.0008982652325674797,9986922070.811811,674.5166008598464
A_active,3,6,134,langevin,0.0879517151278713,0.2638551453836139,0,500.0,0.01601169866275067,0.0007186973703427451,9713012824.260538,612.0482848721288
A_active,3,7,135,null,0.04453522670788655,0.13360568012365964,0,500.0,0.019564097056506163,0.0008853232796152712,9989406340.562,655.4647732921135
A_active,3,0,136,langevin,0.07142267554717281,0.21426802664151845,0,500.0,0.017364454120570652,0.0005503430973584404,10157508249.480824,628.5773244528272
A_active,3,1,137,null,0.0580867625149938,0.1742602875449814,0,500.0,0.018263742117071047,0.0007392706178119719,9933596538.248043,641.9132374850062
A_active,3,2,138,langevin,0.08637975660447444,0.25913926981342333,0,500.0,0.02237175454783617,0.0005261642884484727,9849912386.862223,613.6202433955256
A_active,3,3,139,null,0.0524193777712984,0.1572581333138952,0,500.0,0.01060330548700374,0.00066884599505596,9934420594.176517,647.5806222287016
A_active,3,4,140,langevin,0.05980869232317371,0.17942607696952112,0,500.0,0.020313087566946962,0.0006985578558536264,10109737305.298563,640.1913076768263
A_active,3,5,141,null,0.013328088273807371,0.039984264821422116,0,500.0,0.028418528171784283,0.0006202409751521945,10209815167.209448,686.6719117261927
A_active,3,6,142,langevin,0.07579186280818988,0.22737558842456962,0,500.0,0.01715248411200506,0.0006611977680159132,10634209318.469187,624.2081371918101
A_active,3,7,143,null,0.059280830019888583,0.17784249005966574,0,500.0,0.018311692893010923,0.0006901240490262629,10225519481.937147,640.7191699801115
A_active,3,0,144,langevin,0.08974801216970624,0.2692440365091187,0,500.0,0.02045571273911617,0.0006485734994586447,9786366547.915934,610.2519878302937
A_active,3,1,145,null,0.05032472584519566,0.15097417753558698,0,500.0,0.02553280791983184,0.000890042617980648,9891968772.905405,649.6752741548044
A_active,3,2,146,langevin,0.0911094738968922,0.2733284216906766,0,500.0,0.019862574727625336,0.0007926633215945192,9981179800.880024,608.8905261031078
A_active,3,3,147,null,0.03493630225668209,0.10480890677004626,0,500.0,0.011577398631264587,0.0007385166400282039,10032907152.457972,665.0636977433179
A_active,3,4,148,langevin,0.10055267738634363,0.30165803215903086,0,500.0,0.017268350054131708,0.0009262885784974027,9859236604.307304,599.4473226136564
A_active,3,5,149,null,0.04769456216525478,0.14308368649576433,0,500.0,0.022093854641504304,0.0007774039349239473,9967725621.454008,652.3054378347452
A_active,3,6,150,langevin,0.05974995878860302,0.17924987636580908,0,500.0,0.015078489271141438,0.0007483808995120835,10021491972.833567,640.2500412113969
A_active,3,7,151,null,0.04581688788174512,0.13745066364523537,0,500.0,0.01593642477129196,0.0006807864120356501,10043817808.025734,654.1831121182548
A_active,3,0,152,langevin,0.09034211986814575,0.2710263596044372,0,500.0,0.012691930003519938,0.0005899469267112447,10345840621.785,609.6578801318542
A_active,3,1,153,null,0.03768634500034182,0.11305903500102546,0,500.0,0.01958037020472069,0.0006268282295879575,9700655868.740795,662.3136549996582
A_active,3,2,154,langevin,0.056494406517521,0.169483219552563,0,500.0,0.021853517530999112,0.0005994583404431019,10405427002.581072,643.505593482479
A_active,3,3,155,null,0.02552879899475756,0.07658639698427268,0,500.0,0.010288235301073048,0.0006274699269644343,9758089938.295525,674.4712010052424
A_active,3,4,156,langevin,0.10562206958583506,0.31686620875750515,0,500.0,0.01786888352037215,0.0007183021638638013,9716289872.81676,594.3779304141649
A_active,3,5,157,null,0.049276518736460835,0.1478295562093825,0,500.0,0.023167915213084242,0.0007900042188977647,10042618362.944078,650.7234812635392
A_active,3,6,158,langevin,0.08819957593337517,0.2645987278001255,0,500.0,0.020797390865524637,0.0007583286043189069,9915847606.61161,611.8004240666248
A_active,3,7,159,null,0.04790710373504413,0.14372131120513237,0,500.0,0.017110629592695784,0.0007364224769948277,9942742834.557858,652.0928962649559
A_active,3,0,160,langevin,0.06482562280914732,0.19447686842744194,0,500.0,0.01655912473097449,0.0008127926430298277,9686410346.850523,635.1743771908527
A_active,3,1,161,null,0.02558801490880401,0.07676404472641203,0,500.0,0.023134520003972175,0.0005660456125239466,9904709878.490913,674.411985091196
A_active,3,2,162,langevin,0.06793247721855261,0.20379743165565783,0,500.0,0.03134660250329097,0.0005983363716593857,9853530278.08716,632.0675227814475
A_active,3,3,163,null,0.03761625571324352,0.11284876713973056,0,500.0,0.021109598116237013,0.0007158029825171689,9703995750.350985,662.3837442867565
A_active,3,4,164,langevin,0.08677940195233651,0.2603382058570095,0,500.0,0.029730979312265843,0.0004872652167129399,10113933455.975512,613.2205980476635
A_active,3,5,165,null,0.050406119639729796,0.1512183589191894,0,500.0,0.020744067306815828,0.0006465117762210292,9527830251.48911,649.5938803602702
A_active,3,6,166,langevin,0.10189490207969909,0.30568470623909727,0,500.0,0.018349998799205774,0.0006454878082807282,10244372335.942207,598.1050979203009
A_active,3,7,167,null,0.016202310591785396,0.04860693177535619,0,500.0,0.019630937774831297,0.0007257110843343811,10142889164.024885,683.7976894082146
A_active,3,0,168,langevin,0.09008283660430627,0.2702485098129188,0,500.0,0.03017149125423537,0.0006945424719336067,10202790896.859114,609.9171633956937
A_active,3,1,169,null,0.050458735323753064,0.1513762059712592,0,500.0,0.012576762593978462,0.0005895431823393105,10416112603.7206,649.5412646762469
A_active,3,2,170,langevin,0.07252900357952276,0.2175870107385683,0,500.0,0.019659052313707258,0.0005348193322932844,9931146704.703094,627.4709964204773
A_active,3,3,171,null,0.02755121017112913,0.0826536305133874,0,500.0,0.0169501227298093,0.0007219365309243223,9833603253.645674,672.4487898288709
A_active,3,4,172,langevin,0.06569738304926476,0.19709214914779427,0,500.0,0.026685829080589054,0.0007136270639567677,10103059912.60427,634.3026169507352
A_active,3,5,173,null,0.05294027387756034,0.15882082163268102,0,500.0,0.01724046905004767,0.0006275480927062367,9588133558.798534,647.0597261224397
A_active,3,6,174,langevin,0.09266297028146014,0.27798891084438043,0,500.0,0.01896046922139581,0.000666159789858773,9781844675.47933,607.3370297185398
A_active,3,7,175,null,0.048818885672782274,0.14645665701834681,0,500.0,0.023128971861689853,0.0006847503880698233,9682045364.430311,651.1811143272178
A_active,3,0,176,langevin,0.06114565918938618,0.18343697756815852,0,500.0,0.019824402511257496,0.000582894223026394,10077093709.93636,638.8543408106138
A_active,3,1,177,null,0.05306876515432747,0.15920629546298243,0,500.0,0.01622053333119182,0.0006484944153909187,9862871904.053406,646.9312348456725
A_active,3,2,178,langevin,0.09862629591674676,0.2958788877502403,0,500.0,0.02448276461417345,0.0009328271688374731,10001423448.734705,601.3737040832532
A_active,3,3,179,null,0.03173462477598139,0.09520387432794418,0,500.0,0.022048111448502772,0.0006434274806497937,10038246257.981352,668.2653752240186
A_active,3,4,180,langevin,0.1028896121311959,0.3086688363935877,0,500.0,0.018577141628600434,0.000738995973243262,9576800547.2839,597.1103878688041
A_active,3,5,181,null,0.05366006409176692,0.16098019227530075,0,500.0,0.020678797116289324,0.0006429152927448164,9900409366.574594,646.3399359082331
A_active,3,6,182,langevin,0.10639554187218765,0.31918662561656297,0,500.0,0.017483922954490076,0.000793848624114538,9899470407.152397,593.6044581278123
A_active,3,7,183,null,0.04257140230083692,0.12771420690251076,0,500.0,0.02180510293839104,0.0008697759189161236,10051315444.074492,657.4285976991631
A_active,3,0,184,langevin,0.08290283919740349,0.24870851759221047,0,500.0,0.019709211283168826,0.000637470485923068,9880738995.196636,617.0971608025965
A_active,3,1,185,null,0.06201807369143516,0.18605422107430547,0,500.0,0.027405136893865194,0.0005990882844632788,10034602066.285292,637.9819263085649
A_active,3,2,186,langevin,0.05472564116103129,0.16417692348309387,0,500.0,0.024771644609475896,0.0007367304846750295,10025319773.113403,645.2743588389687
A_active,3,3,187,null,0.0332873935895215,0.0998621807685645,0,500.0,0.02390246585983928,0.0007298545916681398,9967157448.107613,666.7126064104785
A_active,3,4,188,langevin,0.09305862045147129,0.27917586135441386,0,500.0,0.013355700907220408,0.0006083121066458888,9812744775.420734,606.9413795485287
A_active,3,5,189,null,0.043425049426197106,0.13027514827859132,0,500.0,0.02841262807568515,0.0006729623393701347,10230268541.576874,656.5749505738029
A_active,3,6,190,langevin,0.07765805056808216,0.23297415170424646,0,500.0,0.018036792346948282,0.0007692903483327226,10111065407.177282,622.3419494319178
A_active,3,7,191,null,0.05775301012772811,0.17325903038318435,0,500.0,0.02492965538697705,0.0005865490407476872,9492643887.44696,642.2469898722719
A_active,3,0,192,langevin,0.08096245017368543,0.2428873505210563,0,500.0,0.014167262824065087,0.0005266860352182827,9705642405.540129,619.0375498263146
A_active,3,1,193,null,0.035051399385183084,0.10515419815554924,0,500.0,0.01904224727436973,0.0006680038885259096,10410472393.665754,664.9486006148169
A_active,3,2,194,langevin,0.05391223855846168,0.16173671567538506,0,500.0,0.019983480377792816,0.0005429522483856634,9802285038.499453,646.0877614415383
A_active,3,3,195,null,0.04281291181853903,0.1284387354556171,0,500.0,0.022123554154877836,0.0005387145321041508,10229937456.891958,657.1870881814609
A_active,3,4,196,langevin,0.05951629025473275,0.17854887076419823,0,500.0,0.024818042637841386,0.0006619597275469804,10182201267.30029,640.4837097452672
A_active,3,5,197,null,0.048294309149857224,0.14488292744957168,0,500.0,0.01859037486776157,0.0007149175076842193,9732325727.618729,651.7056908501428
A_active,3,6,198,langevin,0.052085885109636104,0.1562576553289083,0,500.0,0.018238776153688505,0.0008042872195576228,9851312983.073847,647.9141148903639
A_active,3,7,199,null,0.0354610686114451,0.1063832058343353,0,500.0,0.028340753148590216,0.0006713081489150076,10000748044.38809,664.5389313885549
A_active,4,0,0,langevin,0.07708098745150822,0.23124296235452468,0,500.0,0.022980536668596827,0.0006613421089750963,10153411563.897808,622.9190125484918
A_active,4,1,1,null,0.04345646317568786,0.1303693895270636,0,500.0,0.025263690018990734,0.0007495740567466311,9973806146.706465,656.5435368243121
A_active,4,2,2,langevin,0.09325055891680745,0.27975167675042234,0,500.0,0.029037004990704225,0.0006972834997237931,9756342614.866776,606.7494410831926
A_active,4,3,3,null,0.04193749946670741,0.12581249840012224,0,500.0,0.01901392731806498,0.0009259796128824548,10151199056.45626,658.0625005332926
A_active,4,4,4,langevin,0.05368593967843037,0.1610578190352911,0,500.0,0.019056929174376774,0.0008127313377936964,9767282322.359018,646.3140603215696
A_active,4,5,5,null,0.0343705148156197,0.1031115444468591,0,500.0,0.01998760750966931,0.0006513704327538103,9880276752.67941,665.6294851843803
A_active,4,6,6,langevin,0.07830393608521898,0.23491180825565694,0,500.0,0.012908173204515523,0.0006079485133483829,9878391772.325434,621.696063914781
A_active,4,7,7,null,0.03638440637611107,0.1091532191283332,0,500.0,0.018447909026770768,0.000665127543435963,9927653308.503963,663.6155936238889
A_active,4,0,8,langevin,0.06716145923600315,0.20148437770800948,0,500.0,0.021726145522440177,0.0007549822543717728,10188895873.291454,632.8385407639969
A_active,4,1,9,null,0.026939260368274712,0.08081778110482414,0,500.0,0.021142922787931326,0.0007394481270013318,9942764456.780527,673.0607396317253
A_active,4,2,10,langevin,0.08475902866919355,0.25427708600758064,0,500.0,0.018799892996166145,0.0007022918139076388,9691278530.140945,615.2409713308065
A_active,4,3,11,null,0.04465163373283597,0.1339549011985079,0,500.0,0.01748198675636517,0.0005909574580132623,9935696590.733032,655.348366267164
A_active,4,4,12,langevin,0.0950840331794302,0.2852520995382906,0,500.0,0.024601459750697847,0.000689211666250939,10168141911.330204,604.9159668205698
A_active,4,5,13,null,0.035075266034360626,0.10522579810308189,0,500.0,0.013657087115242272,0.00047770330056750047,9988822818.025042,664.9247339656393
A_active,4,6,14,langevin,0.07238142081789903,0.21714426245369708,0,500.0,0.020053982620582618,0.0006708627143590082,10238481200.617662,627.618579182101
A_active,4,7,15,null,0.029404303017001907,0.08821290905100572,0,500.0,0.01599940399477502,0.0008556750153547389,10148430172.676697,670.5956969829981
A_active,4,0,16,langevin,0.06924115150193472,0.20772345450580415,0,500.0,0.009673958444512543,0.0005788470120540798,9922330282.83909,630.7588484980653
A_active,4,1,17,null,0.03856822649252777,0.11570467947758331,0,500.0,0.0208007681432903,0.0006409138882666637,10223166687.79296,661.4317735074723
A_active,4,2,18,langevin,0.051457883542181226,0.15437365062654368,0,500.0,0.018421928164038034,0.0005955106123848727,10148147073.810476,648.5421164578188
A_active,4,3,19,null,0.04138784555306079,0.12416353665918237,0,500.0,0.023773652802528276,0.0006709797385256877,10743528091.44299,658.6121544469393
A_active,4,4,20,langevin,0.08954105138194854,0.2686231541458456,0,500.0,0.01606594974193426,0.0006626984435806484,9912941732.095753,610.4589486180514
A_active,4,5,21,null,0.047776287974518335,0.143328863923555,0,500.0,0.024687692227315264,0.0007017531775069073,9957920777.297047,652.2237120254816
A_active,4,6,22,langevin,0.061869736961316535,0.1856092108839496,0,500.0,0.027881196127411755,0.0007757372287851761,9409160654.34442,638.1302630386834
A_active,4,7,23,null,0.04029211632187042,0.12087634896561127,0,500.0,0.01568967045655381,0.0006269136475917061,10334492977.854948,659.7078836781295
A_active,4,0,24,langevin,0.05275224917697316,0.15825674753091948,0,500.0,0.01470312185408368,0.000910336386113979,9901754096.632671,647.2477508230269
A_active,4,1,25,null,0.03706291129137605,0.11118873387412816,0,500.0,0.025655704535058,0.0006146307695113943,10005378387.6763,662.937088708624
A_active,4,2,26,langevin,0.08057335198272682,0.24172005594818047,0,500.0,0.027011292584934937,0.0005045531585897508,9832381214.025751,619.4266480172732
A_active,4,3,27,null,0.03836155769154213,0.11508467307462639,0,500.0,0.024539969461253787,0.0006022580826468749,10092272970.016699,661.6384423084579
A_active,4,4,28,langevin,0.06552781579513964,0.1965834473854189,0,500.0,0.018025054279346777,0.000794073698188163,9952822782.938139,634.4721842048604
A_active,4,5,29,null,0.07238918425798818,0.21716755277396455,0,500.0,0.0217963731961872,0.0007792516495977189,10148408030.049112,627.6108157420118
A_active,4,6,30,langevin,0.04469168023756141,0.13407504071268422,0,500.0,0.012298900463300736,0.0007153842355584684,9778840847.784098,655.3083197624386
A_active,4,7,31,null,0.033787010349669286,0.10136103104900786,0,500.0,0.0183174043938701,0.0005749717875415998,10236653565.237051,666.2129896503307
A_active,4,0,32,langevin,0.09139259001596003,0.27417777004788013,0,500.0,0.020873892258336715,0.0007227884426692607,9818634818.19063,608.6074099840399
A_active,4,1,33,null,0.049430223171419194,0.14829066951425757,0,500.0,0.015746824371943035,0.0008227631227035445,9866424428.287317,650.5697768285808
A_active,4,2,34,langevin,0.06471535709196612,0.19414607127589834,0,500.0,0.025823565377080318,0.0007315922156935949,9809029476.082586,635.2846429080339
A_active,4,3,35,null,0.046453336702920324,0.13936001010876098,0,500.0,0.019996891006054753,0.0006685030344302783,10124014919.885246,653.5466632970797
A_active,4,4,36,langevin,0.08816814249832983,0.2645044274949895,0,500.0,0.02510285990772158,0.0007151195927459229,10065827210.892153,611.8318575016701
A_active,4,5,37,null,0.038727050430929,0.116181151292787,0,500.0,0.02749710601900649,0.0005890184552077022,10383017458.40125,661.272949569071
A_active,4,6,38,langevin,0.11953746893646064,0.3586124068093819,0,500.0,0.030864601708255744,0.0006533256609715287,10422012569.86248,580.4625310635394
A_active,4,7,39,null,0.05250942270644832,0.15752826811934495,0,500.0,0.02539360117865942,0.0009967384198791287,10041109716.8053,647.4905772935517
A_active,4,0,40,langevin,0.0874345540727052,0.26230366221811563,0,500.0,0.013755594395374814,0.0004453504752875571,10059709467.404272,612.5654459272948
A_active,4,1,41,null,0.04464989179448496,0.13394967538345487,0,500.0,0.023581768912113325,0.000698166203791985,9603720087.296059,655.3501082055151
A_active,4,2,42,langevin,0.0835261199328482,0.2505783597985446,0,500.0,0.025668580623910666,0.0008250173946087099,9812237577.765272,616.4738800671518
A_active,4,3,43,null,0.030103503917119172,0.09031051175135751,0,500.0,0.01657040685473095,0.0006034998725718536,9677128768.508503,669.8964960828808
A_active,4,4,44,langevin,0.062236417811094964,0.1867092534332849,0,500.0,0.02794973068577983,0.0005610728777819694,9626423902.784817,637.763582188905
A_active,4,5,45,null,0.03679112054378162,0.11037336163134487,0,500.0,0.01747434313170525,0.0007347463575937978,9851294807.35362,663.2088794562184
A_active,4,6,46,langevin,0.07217539003668742,0.21652617011006225,0,500.0,0.015791228841162033,0.0005690956094523813,10073682164.063543,627.8246099633126
A_active,4,7,47,null,0.04113410223551152,0.12340230670653456,0,500.0,0.019717217375889627,0.0007182313414378832,9833961596.539165,658.8658977644885
A_active,4,0,48,langevin,0.07613539774490824,0.22840619323472472,0,500.0,0.021006428864352777,0.0007846887948216334,9620128631.42214,623.8646022550918
A_active,4,1,49,null,0.03588396880494905,0.10765190641484715,0,500.0,0.022223746542968964,0.0006083004424376265,10017222718.303162,664.1160311950509
A_active,4,2,50,langevin,0.08944908835561288,0.26834726506683865,0,500.0,0.02237445601040787,0.0004933046779480824,9757159134.37612,610.5509116443872
A_active,4,3,51,null,0.008639157313338891,0.025917471940016673,0,500.0,0.02324138904792196,0.0006872110769140736,10268596328.3627,691.3608426866612
A_active,4,4,52,langevin,0.07672985265331891,0.23018955795995674,0,500.0,0.014237950809237829,0.0007735327503092308,9734157307.466497,623.2701473466811
A_active,4,5,53,null,0.039709531119332994,0.11912859335799898,0,500.0,0.01892919601448922,0.0007439025193994289,10181286547.188412,660.290468880667
A_active,4,6,54,langevin,0.0671859994260514,0.20155799827815418,0,500.0,0.0162939524304827,0.0006610491229892977,9882778397.171577,632.8140005739486
A_active,4,7,55,null,0.05023483316164502,0.15070449948493508,0,500.0,0.021865613247287967,0.0008060058886624718,10522663444.35695,649.765166838355
A_active,4,0,56,langevin,0.05832506975194833,0.17497520925584498,0,500.0,0.016952945601906515,0.0007141761380058554,10079648218.736324,641.6749302480516
A_active,4,1,57,null,0.035933518588842035,0.10780055576652611,0,500.0,0.011359434443404091,0.0009215073862854602,10015892565.643888,664.066481411158
A_active,4,2,58,langevin,0.05222800147255201,0.156684004417656,0,500.0,0.007914848650385182,0.0008069639277768776,10065252842.530445,647.771998527448
A_active,4,3,59,null,0.039794848307387984,0.11938454492216395,0,500.0,0.014752071969472376,0.000655691809993917,9920545283.820856,660.205151692612
A_active,4,4,60,langevin,0.025451638955937404,0.0763549168678122,0,500.0,0.03342781139715828,0.0007102772162198193,9929712928.799444,674.5483610440626
A_active,4,5,61,null,0.02903673013612105,0.08711019040836315,0,500.0,0.01692054420933616,0.0009099998545327337,10078065187.160599,670.963269863879
A_active,4,6,62,langevin,0.04878277080970039,0.14634831242910118,0,500.0,0.02444600872289607,0.000716033081866705,10104528651.104769,651.2172291902996
A_active,4,7,63,null,0.038260387774748626,0.11478116332424587,0,500.0,0.019104578984854906,0.0006874105806322604,9955883629.255234,661.7396122252513
A_active,4,0,64,langevin,0.04718361995997317,0.14155085987991953,0,500.0,0.01490550651318651,0.000666575668793742,9675357888.646227,652.8163800400268
A_active,4,1,65,null,0.03820615067722105,0.11461845203166315,0,500.0,0.018344666484621727,0.000739565351460027,10030506091.02995,661.7938493227789
A_active,4,2,66,langevin,0.06958741002606358,0.20876223007819075,0,500.0,0.018453527933365965,0.0007091432878397571,10187141381.939342,630.4125899739364
A_active,4,3,67,null,0.027784908029329695,0.08335472408798908,0,500.0,0.01221413636365264,0.0005903437740235508,9531704298.465498,672.2150919706703
A_active,4,4,68,langevin,0.05973676505222979,0.17921029515668935,0,500.0,0.024145759407639224,0.0007645281066176105,10307854617.086895,640.2632349477702
A_active,4,5,69,null,0.04042936869179133,0.12128810607537399,0,500.0,0.020731982071891114,0.0006059054669113093,9892335812.942219,659.5706313082087
A_active,4,6,70,langevin,0.0814024537599946,0.24420736127998377,0,500.0,0.02454088439080318,0.0007088084150438342,9588301250.387735,618.5975462400054
A_active,4,7,71,null,0.045175022319616634,0.13552506695884992,0,500.0,0.019952759138428665,0.0006056238151085816,10025749394.553766,654.8249776803833
A_active,4,0,72,langevin,0.09366293644101753,0.2809888093230526,0,500.0,0.020638757805612324,0.0005920452592844531,10673435135.183735,606.3370635589824
A_active,4,1,73,null,0.032617415698693294,0.09785224709607988,0,500.0,0.022258585990918484,0.0007921120590372637,9822604964.246567,667.3825843013067
A_active,4,2,74,langevin,0.08655592799488873,0.25966778398466617,0,500.0,0.015626976955198525,0.0006380357474156973,9843144657.548422,613.4440720051113
A_active,4,3,75,null,0.05914855892166616,0.17744567676499848,0,500.0,0.012962664017952973,0.0007168366140015137,10003453617.525347,640.8514410783339
A_active,4,4,76,langevin,0.03542515887973432,0.10627547663920295,0,500.0,0.028649822697225144,0.0006073102808409086,9943282581.442884,664.5748411202657
A_active,4,5,77,null,0.04200179172504761,0.12600537517514282,0,500.0,0.015325906464063337,0.0005864544205679483,9988486364.723919,657.9982082749524
A_active,4,6,78,langevin,0.05765980632740364,0.17297941898221092,0,500.0,0.02039352326014861,0.0007924225123037055,9791237434.934288,642.3401936725963
A_active,4,7,79,null,0.022013631656408388,0.06604089496922516,0,500.0,0.01922836804802214,0.000705048350884298,10130922614.751518,677.9863683435916
A_active,4,0,80,langevin,0.05328123075579355,0.15984369226738065,0,500.0,0.008018721562165494,0.0007531242267306731,10139316259.507391,646.7187692442064
A_active,4,1,81,null,0.056337687328266675,0.16901306198480004,0,500.0,0.015029553276132441,0.0007212342627081041,10198625076.857763,643.6623126717333
A_active,4,2,82,langevin,0.038344059394332386,0.11503217818299716,0,500.0,0.025208722482444212,0.0008084943781090435,10112483471.746817,661.6559406056676
A_active,4,3,83,null,0.04553998629243274,0.13661995887729822,0,500.0,0.023622912510384175,0.0006382510376276544,9706093781.714918,654.4600137075672
A_active,4,4,84,langevin,0.05675767359179834,0.17027302077539502,0,500.0,0.018992306953884045,0.0005790420771416837,10201725243.447899,643.2423264082016
A_active,4,5,85,null,0.03504130289737879,0.10512390869213638,0,500.0,0.019318765050236476,0.0004863970904727215,10075061943.305557,664.9586971026212
A_active,4,6,86,langevin,0.06119043525001499,0.18357130575004496,0,500.0,0.027469166200795408,0.0004912805318666987,10060526039.816544,638.809564749985
A_active,4,7,87,null,0.03507531300003393,0.10522593900010178,0,500.0,0.01806292331199547,0.0008353110723596758,10187931150.726458,664.9246869999661
A_active,4,0,88,langevin,0.05824691661835493,0.1747407498550648,0,500.0,0.026886988698140137,0.0005988948914196165,10155217597.0385,641.7530833816451
A_active,4,1,89,null,0.020385490023901217,0.06115647007170365,0,500.0,0.018265805679189458,0.0006352634233935116,9929340005.583616,679.6145099760988
A_active,4,2,90,langevin,0.04344363797262171,0.13033091391786514,0,500.0,0.010373722946080147,0.000662695080199131,10117222046.05457,656.5563620273783
A_active,4,3,91,null,0.03993994233457888,0.11981982700373664,0,500.0,0.018178805193680633,0.0005133617458909926,9941572192.205433,660.0600576654211
A_active,4,4,92,langevin,0.06420524715512733,0.19261574146538202,0,500.0,0.01628575675248901,0.0006823051040476316,10030369904.529789,635.7947528448726
A_active,4,5,93,null,0.044002582080160196,0.1320077462404806,0,500.0,0.01860904014287748,0.0005810514626453597,9956150657.17585,655.9974179198398
A_active,4,6,94,langevin,0.06915081989420872,0.20745245968262616,0,500.0,0.011667927875323478,0.0006295085925054353,9662684493.572546,630.8491801057912
A_active,4,7,95,null,0.01782004376404248,0.05346013129212744,0,500.0,0.015759209855842712,0.0005998590797966583,10134557999.138288,682.1799562359575
A_active,4,0,96,langevin,0.0691263167215362,0.2073789501646086,0,500.0,0.02252743740746517,0.000808656623257424,10019108849.090235,630.8736832784638
A_active,4,1,97,null,0.04372142801803636,0.13116428405410907,0,500.0,0.016416243194689664,0.0007463655313392761,10006694206.067854,656.2785719819636
A_active,4,2,98,langevin,0.07661842135810668,0.22985526407432003,0,500.0,0.014231582664256,0.0005704887399100838,9860206611.48342,623.3815786418934
A_active,4,3,99,null,0.04067522205725291,0.12202566617175872,0,500.0,0.025328393094709127,0.0005125630395755665,9921624989.693375,659.3247779427471
A_active,4,4,100,langevin,0.06909022797105095,0.20727068391315284,0,500.0,0.0312592855365117,0.0006439659514392426,9887088258.76291,630.9097720289491
A_active,4,5,101,null,0.0477094370968225,0.1431283112904675,0,500.0,0.014311275431420521,0.0007180020605341653,9659185834.810213,652.2905629031775
A_active,4,6,102,langevin,0.11571885042381795,0.34715655127145384,0,500.0,0.019628435349450826,0.0006209527379039909,9731191997.306879,584.2811495761821
A_active,4,7,103,null,0.037823784375583605,0.11347135312675082,0,500.0,0.020268397257848854,0.0005906484492522308,10232683674.963758,662.1762156244164
A_active,4,0,104,langevin,0.06865633779187262,0.20596901337561785,0,500.0,0.020325071470932064,0.0006922922423465037,10266566139.954464,631.3436622081274
A_active,4,1,105,null,0.03530509401512267,0.10591528204536801,0,500.0,0.020216527804601633,0.0006934298751944219,10117589174.117453,664.6949059848773
A_active,4,2,106,langevin,0.03859931015627725,0.11579793046883176,0,500.0,0.025631148623483865,0.0006521029916141862,9850941852.229137,661.4006898437227
A_active,4,3,107,null,0.03923073898647052,0.11769221695941155,0,500.0,0.010278486136900765,0.0005877563003126238,10033438084.916925,660.7692610135294
A_active,4,4,108,langevin,0.10259874094147821,0.30779622282443464,0,500.0,0.01949062565091346,0.0007043922183685703,9937479975.797815,597.4012590585218
A_active,4,5,109,null,0.04909686344137841,0.14729059032413522,0,500.0,0.017915198882181446,0.000711039144715169,9929661737.385284,650.9031365586216
A_active,4,6,110,langevin,0.05612201511311803,0.1683660453393541,0,500.0,0.014951516212010855,0.0006005581973056442,10229017322.46373,643.877984886882
A_active,4,7,111,null,0.07477498711681901,0.22432496135045704,0,500.0,0.018922067197510564,0.0005914770923067479,10103831500.297256,625.225012883181
A_active,4,0,112,langevin,0.08534148062386764,0.2560244418716029,0,500.0,0.01728754820495997,0.0008577343913506772,10173257323.536528,614.6585193761324
A_active,4,1,113,null,0.05010163519430525,0.15030490558291576,0,500.0,0.020286817956412698,0.0006791002863367805,10193817877.465536,649.8983648056948
A_active,4,2,114,langevin,0.04784594054907954,0.14353782164723863,0,500.0,0.015948504693367532,0.0006752134650719509,9706368586.822607,652.1540594509205
A_active,4,3,115,null,0.05788134291986491,0.17364402875959473,0,500.0,0.01687443327784901,0.0006235817918959751,10064747841.00296,642.1186570801351
A_active,4,4,116,langevin,0.10598654903325075,0.3179596470997522,0,500.0,0.019784123825426724,0.0005898209100385946,9813169773.611227,594.0134509667492
A_active,4,5,117,null,0.04237024496586696,0.12711073489760089,0,500.0,0.017099647863218777,0.0009041456017812675,10251832601.24554,657.629755034133
A_active,4,6,118,langevin,0.012431562110515895,0.037294686331547686,0,500.0,0.015351136256205631,0.0007019912426206214,10462964374.414879,687.5684378894841
A_active,4,7,119,null,0.01759814656744472,0.05279443970233416,0,500.0,0.017785197014369186,0.0007871847680715394,9861298329.509867,682.4018534325553
A_active,4,0,120,langevin,0.0772395554244472,0.2317186662733416,0,500.0,0.017497557177916182,0.0007338226323048187,9780155272.851086,622.7604445755528
A_active,4,1,121,null,0.04006430182894417,0.12019290548683251,0,500.0,0.012724375380744944,0.0007643765756533709,10121055922.159834,659.9356981710558
A_active,4,2,122,langevin,0.07508298430936727,0.22524895292810182,0,500.0,0.020184925352901006,0.0006694039322551256,9926132935.44803,624.9170156906328
A_active,4,3,123,null,0.0415386806188602,0.1246160418565806,0,500.0,0.021834362224027255,0.0006597864813473221,9881090241.897606,658.4613193811398
A_active,4,4,124,langevin,0.06768041594761261,0.20304124784283784,0,500.0,0.017707395577449683,0.0007120839647509763,10030899205.530682,632.3195840523874
A_active,4,5,125,null,0.06151437778083489,0.18454313334250466,0,500.0,0.01913381139052631,0.0006742107227706544,9874153306.842985,638.4856222191651
A_active,4,6,126,langevin,0.07783553895358496,0.23350661686075486,0,500.0,0.017776636794573697,0.0005807522457116425,10032311323.191677,622.164461046415
A_active,4,7,127,null,0.05731570867814728,0.17194712603444184,0,500.0,0.015673092997776514,0.000601530478575247,9992068385.501657,642.6842913218527
A_active,4,0,128,langevin,0.08087910522532579,0.24263731567597738,0,500.0,0.026500122852350864,0.0006018202393721804,9971839515.968405,619.1208947746742
A_active,4,1,129,null,0.031027899501447357,0.09308369850434207,0,500.0,0.015599138060181617,0.0006187170025804445,9775211747.689083,668.9721004985527
A_active,4,2,130,langevin,0.0845468779994924,0.2536406339984772,0,500.0,0.025200894349677008,0.0006136305193656356,9856328371.433752,615.4531220005076
A_active,4,3,131,null,0.05417763489389829,0.16253290468169487,0,500.0,0.01883206589019332,0.0008132077006215129,9416830564.65115,645.8223651061018
A_active,4,4,132,langevin,0.07205448790064693,0.21616346370194078,0,500.0,0.014796008618491473,0.0006109221813613528,10156429848.917923,627.9455120993531
A_active,4,5,133,null,0.05143554876208366,0.15430664628625096,0,500.0,0.01900550585753325,0.0007577577175332881,9770773483.323988,648.5644512379164
A_active,4,6,134,langevin,0.0807159383934217,0.2421478151802651,0,500.0,0.01909526832715999,0.0004939345929283635,10175131421.777029,619.2840616065783
A_active,4,7,135,null,0.03212711256846288,0.09638133770538865,0,500.0,0.022032386754617786,0.0005875323044376449,10029921181.279957,667.8728874315372
A_active,4,0,136,langevin,0.08757615547316926,0.26272846641950776,0,500.0,0.019862152419298403,0.0006164983021047865,10116266583.469404,612.4238445268307
A_active,4,1,137,null,0.041884294488788394,0.1256528834663652,0,500.0,0.01778633201622342,0.000668851036244674,9979422744.882227,658.1157055112116
A_active,4,2,138,langevin,0.06858814830231619,0.20576444490694856,0,500.0,0.024408428866888703,0.0008385561056784984,9894090739.67141,631.4118516976838
A_active,4,3,139,null,0.03831083001764657,0.1149324900529397,0,500.0,0.015213078730251824,0.0005318494518654286,10223421425.790283,661.6891699823534
A_active,4,4,140,langevin,0.06206231863897843,0.1861869559169353,0,500.0,0.021616094735224523,0.0005295875598204293,9869072421.646845,637.9376813610215
A_active,4,5,141,null,0.044839483271858674,0.13451844981557604,0,500.0,0.02229265765332084,0.000688476148573822,10078427728.409266,655.1605167281414
A_active,4,6,142,langevin,0.07983324179064506,0.2394997253719352,0,500.0,0.024932971407505822,0.0008348782345516619,10109494639.818125,620.166758209355
A_active,4,7,143,null,0.038405063429512984,0.11521519028853895,0,500.0,0.014782039738142742,0.0006164267657057423,9931957379.66986,661.594936570487
A_active,4,0,144,langevin,0.10427168918745705,0.31281506756237115,0,500.0,0.012179826569787649,0.000585335623449851,9790467219.233583,595.728310812543
A_active,4,1,145,null,0.04913996518810967,0.147419895564329,0,500.0,0.016431055694851208,0.00048121545107276617,9585115444.853884,650.8600348118903
A_active,4,2,146,langevin,0.08152869231047126,0.24458607693141377,0,500.0,0.011718483714804129,0.0007740854564058618,10207173194.315592,618.4713076895288
A_active,4,3,147,null,0.027028169349459574,0.08108450804837872,0,500.0,0.01815295684053786,0.0006656359664679864,9694675445.85378,672.9718306505404
A_active,4,4,148,langevin,0.050426522259435835,0.1512795667783075,0,500.0,0.016647361745759,0.0006590914635611143,10046811664.027449,649.5734777405642
A_active,4,5,149,null,0.01870375801216782,0.056111274036503456,0,500.0,0.02098661299949983,0.0006508203246612787,9938187420.00045,681.2962419878322
A_active,4,6,150,langevin,0.06570152605488878,0.19710457816466637,0,500.0,0.02491212609581721,0.0008183073076855297,9899277814.803783,634.2984739451113
A_active,4,7,151,null,0.03742716897841261,0.11228150693523783,0,500.0,0.011830661377944432,0.0006216977620810163,10128110468.702997,662.5728310215874
A_active,4,0,152,langevin,0.07286030830788616,0.2185809249236585,0,500.0,0.021555081365955346,0.0006512579913151284,10011252214.743824,627.1396916921138
A_active,4,1,153,null,0.04670199945738125,0.14010599837214377,0,500.0,0.023639292789992817,0.0004685526762725591,9950591974.33404,653.2980005426188
A_active,4,2,154,langevin,0.017083435902214873,0.05125030770664462,0,500.0,0.019946174925707855,0.0006098876105171647,9877405941.949806,682.9165640977851
A_active,4,3,155,null,0.056759601781751184,0.17027880534525355,0,500.0,0.021707482702215702,0.0007783064709047963,10122813366.192877,643.2403982182489
A_active,4,4,156,langevin,0.1093011560219744,0.3279034680659232,0,500.0,0.018729501947580197,0.0006405570587393206,9980356227.29936,590.6988439780256
A_active,4,5,157,null,0.06667689744577275,0.20003069233731824,0,500.0,0.017796764645590452,0.000668932874299185,10274201283.487415,633.3231025542273
A_active,4,6,158,langevin,0.09421858603225781,0.28265575809677346,0,500.0,0.017510523546049643,0.0008409074267447259,10095895334.763184,605.7814139677422
A_active,4,7,159,null,0.05572057015073144,0.1671617104521943,0,500.0,0.02302606564609247,0.00074443094501191,9851497235.288157,644.2794298492686
A_active,4,0,160,langevin,0.10417693570830384,0.31253080712491155,0,500.0,0.016495156958418206,0.0006743543087038737,10217447909.3975,595.8230642916961
A_active,4,1,161,null,0.03607814431992395,0.10823443295977184,0,500.0,0.02059699226820914,0.0006674958124924305,10031347602.994314,663.9218556800761
A_active,4,2,162,langevin,0.08761799509921345,0.26285398529764037,0,500.0,0.012509445152419457,0.0006142513025106054,10413090310.307913,612.3820049007866
A_active,4,3,163,null,0.01832118024437083,0.054963540733112486,0,500.0,0.016815409620912332,0.0007465126810269874,9631795288.190245,681.6788197556292
A_active,4,4,164,langevin,0.058576113271251166,0.1757283398137535,0,500.0,0.01598220595492683,0.0008233954570147471,9826259851.249956,641.4238867287488
A_active,4,5,165,null,0.04676417078214532,0.14029251234643597,0,500.0,0.016850634388854195,0.0006677117981136667,9773421741.988195,653.2358292178546
A_active,4,6,166,langevin,0.04638743342797681,0.13916230028393045,0,500.0,0.017657661744017405,0.000529049078990717,9964710386.89767,653.6125665720232
A_active,4,7,167,null,0.04111262488742224,0.12333787466226673,0,500.0,0.022043897244970696,0.0008193783396837846,10283661208.849976,658.8873751125777
A_active,4,0,168,langevin,0.05372788518727623,0.1611836555618287,0,500.0,0.01625016591167841,0.0008355863125918404,9988939098.903006,646.2721148127238
A_active,4,1,169,null,0.03555980394577954,0.10667941183733862,0,500.0,0.025351191624149644,0.0006041134559778226,10186543209.051031,664.4401960542205
A_active,4,2,170,langevin,0.06975513208617622,0.20926539625852864,0,500.0,0.026469104828252255,0.000652036902392069,10163775448.60709,630.2448679138238
A_active,4,3,171,null,0.05144987061768946,0.15434961185306836,0,500.0,0.028074489986117813,0.0005869253973754988,9923096523.253057,648.5501293823105
A_active,4,4,172,langevin,0.047454141788036856,0.14236242536411056,0,500.0,0.011380958665111794,0.0006168681370928755,10031744058.74423,652.5458582119632
A_active,4,5,173,null,0.053587065086376805,0.1607611952591304,0,500.0,0.0179153695085242,0.0008576657387972122,10036218484.473755,646.4129349136232
A_active,4,6,174,langevin,0.09341039768283341,0.2802311930485002,0,500.0,0.01871317525295802,0.0005407405874588848,10316453846.414934,606.5896023171666
A_active,4,7,175,null,0.036596379358794166,0.10978913807638249,0,500.0,0.025549604214143838,0.0006294482661602225,10116808159.309309,663.4036206412059
A_active,4,0,176,langevin,0.0725622878963712,0.2176868636891136,0,500.0,0.018249847325867964,0.0006513772691700736,10135616034.006308,627.4377121036288
A_active,4,1,177,null,0.02647133583202025,0.07941400749606076,0,500.0,0.01510575328049902,0.0007644890009589541,9851883683.467236,673.5286641679797
A_active,4,2,178,langevin,0.07935314935869114,0.23805944807607343,0,500.0,0.01322050471095443,0.0006442670507534792,10218067471.313702,620.6468506413089
A_active,4,3,179,null,0.04063708190323269,0.12191124570969807,0,500.0,0.02099229175180658,0.0006262653050327668,10017496652.675457,659.3629180967673
A_active,4,4,180,langevin,0.0399103090908779,0.11973092727263371,0,500.0,0.011758362503744043,0.0007061892479404804,9643479705.13349,660.089690909122
A_active,4,5,181,null,0.05400802516117453,0.1620240754835236,0,500.0,0.0241569433026452,0.0005445066952549035,9559535131.923262,645.9919748388255
A_active,4,6,182,langevin,0.026957540401651554,0.08087262120495467,0,500.0,0.02144336374138243,0.0006550917088145143,10265291130.843727,673.0424595983485
A_active,4,7,183,null,0.04475863370408927,0.1342759011122678,0,500.0,0.027684573289258878,0.0007520906237532831,9806157546.457016,655.2413662959108
A_active,4,0,184,langevin,0.07163320200355396,0.21489960601066188,0,500.0,0.01565243203718679,0.0006326042842014509,9891612130.516447,628.366797996446
A_active,4,1,185,null,0.03696266574121482,0.11088799722364445,0,500.0,0.02665840846760453,0.000608644369840226,9755278865.487524,663.0373342587852
A_active,4,2,186,langevin,0.06260442245308283,0.18781326735924847,0,500.0,0.017469557110804865,0.0006055765074036812,9960604761.021616,637.3955775469171
A_active,4,3,187,null,0.034776555242364234,0.10432966572709271,0,500.0,0.0254385472204074,0.000755459596525001,9842587626.356249,665.2234447576358
A_active,4,4,188,langevin,0.09505451148880187,0.28516353446640563,0,500.0,0.026896755365694976,0.0006651061793342296,9827378193.749159,604.9454885111982
A_active,4,5,189,null,0.044411925397963556,0.13323577619389065,0,500.0,0.019518631372659655,0.0006987982453507957,9784695010.722715,655.5880746020364
A_active,4,6,190,langevin,0.1174852863549056,0.35245585906471677,0,500.0,0.0189512886325578,0.0007185410618555852,9878819029.173841,582.5147136450944
A_active,4,7,191,null,0.04142695413182363,0.1242808623954709,0,500.0,0.008494018968595531,0.0005358470724287837,9504426237.038107,658.5730458681763
A_active,4,0,192,langevin,0.09551529557500513,0.28654588672501535,0,500.0,0.01304541613692602,0.000510721909949677,10225821215.46943,604.4847044249949
A_active,4,1,193,null,0.03443649362511124,0.10330948087533372,0,500.0,0.019186892225037902,0.000774672573654056,10099623779.934656,665.5635063748888
A_active,4,2,194,langevin,0.08224348346497562,0.24673045039492686,0,500.0,0.023325012020482018,0.000472861573136937,10261126084.09075,617.7565165350244
A_active,4,3,195,null,0.05457722427568293,0.16373167282704879,0,500.0,0.0293164151612106,0.0004584620449595921,9832980536.81462,645.422775724317
A_active,4,4,196,langevin,0.06488366452521578,0.19465099357564736,0,500.0,0.02862228031655857,0.0007251565515609852,10358988826.39259,635.1163354747843
A_active,4,5,197,null,0.04501503608195629,0.13504510824586888,0,500.0,0.016904798329325253,0.0005389955871169396,9890534918.48093,654.9849639180437
A_active,4,6,198,langevin,0.10428933617328358,0.31286800851985075,0,500.0,0.015861261252434353,0.0004910590697190469,10061403735.992285,595.7106638267164
A_active,4,7,199,null,0.05519169935928231,0.16557509807784693,0,500.0,0.03231702041596111,0.000794485753054688,10199488235.969698,644.8083006407177
C_removed,0,0,0,langevin,0.06593523521081793,0.19780570563245378,0,500.0,0.0,1.623736768044539e-05,9818815943.412844,634.064764789182
C_removed,0,1,1,null,0.04596307257748884,0.13788921773246654,0,500.0,0.006395974803627817,1.336995653424685e-05,9946412945.903254,654.0369274225111
C_removed,0,2,2,langevin,0.07720599393489762,0.23161798180469284,0,500.0,0.0020111766558706117,8.154982892369013e-05,9831557647.757854,622.7940060651024
C_removed,0,3,3,null,0.05310178298138305,0.15930534894414916,0,500.0,0.00026773309002391744,0.0,10141859425.006107,646.898217018617
C_removed,0,4,4,langevin,0.059281280580524474,0.17784384174157342,0,500.0,0.004470548777382733,0.00021653737927460585,10090314911.906204,640.7187194194755
C_removed,0,5,5,null,0.03937909661095258,0.11813728983285775,0,500.0,0.0,0.00015095218971884487,10229404810.075407,660.6209033890474
C_removed,0,6,6,langevin,0.04284600070537592,0.12853800211612776,0,500.0,0.004928564275265892,0.0,9765225430.169472,657.1539992946241
C_removed,0,7,7,null,0.03618512811196774,0.10855538433590321,0,500.0,0.0,0.00011645641920727988,9747217193.78516,663.8148718880323
C_removed,0,0,8,langevin,0.04710539753266925,0.14131619259800776,0,500.0,0.0,0.0,10117762803.855787,652.8946024673307
C_removed,0,1,9,null,0.02492110203888961,0.07476330611666883,0,500.0,0.0,0.0,9959262890.51068,675.0788979611104
C_removed,0,2,10,langevin,0.05234816229021554,0.15704448687064662,0,500.0,0.010834487136780006,0.00019215703902164413,9811927573.087551,647.6518377097844
C_removed,0,3,11,null,0.038385755738297826,0.11515726721489347,0,500.0,0.002060348407028121,0.0,9919820433.992346,661.6142442617022
C_removed,0,4,12,langevin,0.08557353962642153,0.25672061887926456,0,500.0,0.0,0.0,9991815717.718386,614.4264603735785
C_removed,0,5,13,null,0.05043684769711409,0.15131054309134226,0,500.0,0.0,3.770884187277876e-05,10045651484.046432,649.5631523028859
C_removed,0,6,14,langevin,0.08705043353733281,0.2611513006119984,0,500.0,0.0,0.0,9860242272.155874,612.9495664626672
C_removed,0,7,15,null,0.03946079544437999,0.11838238633313997,0,500.0,0.0006477532902747216,0.0,10042483638.349068,660.53920455562
C_removed,0,0,16,langevin,0.12008126323022733,0.360243789690682,0,500.0,0.003896141750927195,0.0,10258697762.396908,579.9187367697726
C_removed,0,1,17,null,0.03843922719871177,0.11531768159613531,0,500.0,0.0,0.00013356635347495805,9982461714.042355,661.5607728012882
C_removed,0,2,18,langevin,0.09313855483043242,0.27941566449129723,0,500.0,0.0,0.00010489461956534039,9941967907.295849,606.8614451695676
C_removed,0,3,19,null,0.04739783875630032,0.14219351626890095,0,500.0,0.004055737034383012,0.0,10071949251.990732,652.6021612436997
C_removed,0,4,20,langevin,0.08220277585480007,0.2466083275644002,0,500.0,0.0,0.0,10054496081.887123,617.7972241452
C_removed,0,5,21,null,0.03334384410824482,0.10003153232473447,0,500.0,0.005935120501852603,0.0,10194767870.314878,666.6561558917551
C_removed,0,6,22,langevin,0.07551382265922783,0.22654146797768349,0,500.0,0.012670152513373787,0.0,10189380384.517355,624.4861773407722
C_removed,0,7,23,null,0.030973827566910875,0.09292148270073262,0,500.0,0.0,0.00010667976835839606,10118817591.99588,669.0261724330891
C_removed,0,0,24,langevin,0.09374720003193501,0.281241600095805,0,500.0,0.0,0.0,10116063422.534395,606.252799968065
C_removed,0,1,25,null,0.027548452627349736,0.08264535788204921,0,500.0,0.006565459407308825,0.00016618225753045363,9973454030.76539,672.4515473726502
C_removed,0,2,26,langevin,0.07354649511376243,0.2206394853412873,0,500.0,0.0001273576535304131,0.0,9992429953.830599,626.4535048862376
C_removed,0,3,27,null,0.03439300818264404,0.10317902454793212,0,500.0,0.002140032509250488,0.0,9895749919.93685,665.606991817356
C_removed,0,4,28,langevin,0.06695573726788784,0.20086721180366351,0,500.0,0.0,0.0,10107842686.732191,633.0442627321122
C_removed,0,5,29,null,0.0595744069711096,0.1787232209133288,0,500.0,0.0,0.0,9986322598.988213,640.4255930288904
C_removed,0,6,30,langevin,0.07358803564762907,0.22076410694288723,0,500.0,0.0,0.00018722303947643683,9634849369.939482,626.4119643523709
C_removed,0,7,31,null,0.035250743155222315,0.10575222946566695,0,500.0,0.0,0.0,10102946411.382149,664.7492568447777
C_removed,0,0,32,langevin,0.04408507454865372,0.13225522364596115,0,500.0,0.005118918175607807,0.0,9790373626.42156,655.9149254513463
C_removed,0,1,33,null,0.01885251706876695,0.05655755120630085,0,500.0,0.0,0.0,10165694967.0621,681.1474829312331
C_removed,0,2,34,langevin,0.04171695148279976,0.1251508544483993,0,500.0,0.0010653543153279212,8.412984942547165e-05,9949608012.234423,658.2830485172002
C_removed,0,3,35,null,0.04540936910213224,0.13622810730639673,0,500.0,0.0,4.141829021635899e-05,9933235958.839209,654.5906308978678
C_removed,0,4,36,langevin,0.11613444918972876,0.3484033475691863,0,500.0,0.0,0.0,10080767570.22337,583.8655508102712
C_removed,0,5,37,null,0.031138872916449564,0.09341661874934869,0,500.0,0.0,3.3841774613967794e-05,10175046115.44668,668.8611270835504
C_removed,0,6,38,langevin,0.06103949736102801,0.18311849208308403,0,500.0,0.00030357739504380867,0.0,10139537185.337194,638.960502638972
C_removed,0,7,39,null,0.04599294077508677,0.13797882232526032,0,500.0,0.002019826259437114,2.663027651800345e-05,10358426630.08527,654.0070592249133
C_removed,0,0,40,langevin,0.055520598305882476,0.16656179491764744,0,500.0,0.008188176007208836,5.38678899747018e-05,9693494967.64276,644.4794016941175
C_removed,0,1,41,null,0.0383878040188105,0.11516341205643149,0,500.0,0.0,0.0,9594345946.664885,661.6121959811895
C_removed,0,2,42,langevin,0.08756129706979049,0.26268389120937147,0,500.0,0.0,0.0001652813194919221,9855454444.546692,612.4387029302095
C_removed,0,3,43,null,0.03757477198961361,0.11272431596884083,0,500.0,0.0,0.0,10009184739.412401,662.4252280103864
C_removed,0,4,44,langevin,0.08313379267262477,0.24940137801787432,0,500.0,0.0123688624747321,0.0001651094203892803,10157607793.192146,616.8662073273753
C_removed,0,5,45,null,0.03343504150525295,0.10030512451575885,0,500.0,0.0,0.0,9831365696.347025,666.5649584947471
C_removed,0,6,46,langevin,0.08662981049928424,0.2598894314978527,0,500.0,0.0,5.44076575042472e-05,9954163605.487074,613.3701895007157
C_removed,0,7,47,null,0.04128384576451685,0.12385153729355056,0,500.0,0.008908492313274874,3.7718167324802994e-05,10190988624.491026,658.7161542354831
C_removed,0,0,48,langevin,0.05662425124655754,0.16987275373967262,0,500.0,0.0,0.0,10108351639.187998,643.3757487534425
C_removed,0,1,49,null,0.040688386865416946,0.12206516059625083,0,500.0,0.0,4.006377937208946e-05,10035598112.84879,659.311613134583
C_removed,0,2,50,langevin,0.04279108070599057,0.1283732421179717,0,500.0,0.00015524646199630978,0.00012521345124231147,9835842781.551455,657.2089192940094
C_removed,0,3,51,null,0.04975033291027252,0.14925099873081754,0,500.0,0.00385807932648713,2.48865398115784e-05,10105053225.290844,650.2496670897275
C_removed,0,4,52,langevin,0.05852365337635332,0.17557096012905996,0,500.0,0.003955706957424897,0.0,9793131281.908236,641.4763466236467
C_removed,0,5,53,null,0.04387547054554169,0.13162641163662506,0,500.0,0.0,0.0002101673975423843,10086538872.351133,656.1245294544583
C_removed,0,6,54,langevin,0.09301711653728659,0.27905134961185973,0,500.0,0.005342283783139545,0.0,10025447096.508404,606.9828834627134
C_removed,0,7,55,null,0.04331249333037449,0.12993747999112348,0,500.0,0.000553010173787828,0.00016818325854269734,10228312810.524973,656.6875066696255
C_removed,0,0,56,langevin,0.07952441689306032,0.23857325067918095,0,500.0,0.006887338583944299,1.8306754029457044e-05,10177915524.44566,620.4755831069397
C_removed,0,1,57,null,0.039976529387647106,0.11992958816294132,0,500.0,0.0,0.0,9878040083.597162,660.0234706123529
C_removed,0,2,58,langevin,0.07609765881286219,0.2282929764385866,0,500.0,0.0026560501044060538,0.0,9937133194.59529,623.9023411871378
C_removed,0,3,59,null,0.04437287986925301,0.13311863960775902,0,500.0,0.0,0.0,9814223960.81975,655.627120130747
C_removed,0,4,60,langevin,0.10826148478371472,0.32478445435114417,0,500.0,0.0,0.0,10180351079.042711,591.7385152162852
C_removed,0,5,61,null,0.015803339401122492,0.047410018203367474,0,500.0,0.003727449459041625,0.0,10215625354.746246,684.1966605988775
C_removed,0,6,62,langevin,0.1276290574487139,0.38288717234614167,0,500.0,0.0,0.0,10086884484.366415,572.3709425512861
C_removed,0,7,63,null,0.0314199170695451,0.09425975120863529,0,500.0,0.0030656248731053067,0.0,9900133711.509027,668.5800829304549
C_removed,0,0,64,langevin,0.057943114282974904,0.1738293428489247,0,500.0,6.856751451117498e-05,5.391637991977488e-05,10207431550.553583,642.0568857170251
C_removed,0,1,65,null,0.03646577482508641,0.10939732447525922,0,500.0,0.0,0.0,9909273762.582167,663.5342251749136
C_removed,0,2,66,langevin,0.06635091503520363,0.19905274510561088,0,500.0,0.0032171130795183678,0.0,10030237317.569407,633.6490849647964
C_removed,0,3,67,null,0.038139946146720734,0.11441983844016221,0,500.0,0.0,0.0,10156391963.647028,661.8600538532793
C_removed,0,4,68,langevin,0.0721906700995447,0.2165720102986341,0,500.0,0.0,0.0,9868371249.887573,627.8093299004553
C_removed,0,5,69,null,0.03084801812430399,0.09254405437291197,0,500.0,0.00305019630285321,0.0,10153451738.947033,669.151981875696
C_removed,0,6,70,langevin,0.07610758760001023,0.22832276280003067,0,500.0,0.0,0.0,10107568348.244604,623.8924123999898
C_removed,0,7,71,null,0.03963090117920525,0.11889270353761575,0,500.0,0.0,0.0,9822086710.727373,660.3690988207948
C_removed,0,0,72,langevin,0.07205284276591473,0.21615852829774418,0,500.0,0.0,4.8501511321171e-05,9900876074.98563,627.9471572340852
C_removed,0,1,73,null,0.03420674750745355,0.10262024252236064,0,500.0,0.006331993674576274,0.0,9905511824.770164,665.7932524925465
C_removed,0,2,74,langevin,0.07419615387366314,0.22258846162098944,0,500.0,0.0,0.0,9998237520.754652,625.8038461263368
C_removed,0,3,75,null,0.030682556874427547,0.09204767062328265,0,500.0,0.0,9.390711587615038e-05,10139259922.91008,669.3174431255725
C_removed,0,4,76,langevin,0.07762751340873411,0.23288254022620233,0,500.0,0.0,0.0,9886138347.176273,622.3724865912659
C_removed,0,5,77,null,0.04645370332776179,0.13936110998328538,0,500.0,0.0,2.7375852009929444e-05,10003870882.056793,653.5462966722382
C_removed,0,6,78,langevin,0.05036099580537842,0.15108298741613527,0,500.0,0.003097109249852322,0.0,10373930601.716211,649.6390041946215
C_removed,0,7,79,null,0.04987500190835963,0.1496250057250789,0,500.0,0.0,0.0,9863751813.901995,650.1249980916404
C_removed,0,0,80,langevin,0.05855211210604101,0.17565633631812305,0,500.0,0.0015794300112418574,0.0,10194321477.310125,641.447887893959
C_removed,0,1,81,null,0.044642950691097215,0.13392885207329164,0,500.0,0.0,7.500828155386553e-05,10459575047.207016,655.3570493089028
C_removed,0,2,82,langevin,0.07889887899128226,0.23669663697384677,0,500.0,0.00859722446407599,0.0,9878812157.174433,621.1011210087178
C_removed,0,3,83,null,0.04797543437741052,0.14392630313223154,0,500.0,0.0,9.596117558795264e-05,9999836215.764078,652.0245656225895
C_removed,0,4,84,langevin,0.06335063823772444,0.19005191471317331,0,500.0,0.00042960517710712384,1.11344299120777e-05,10249518447.139954,636.6493617622756
C_removed,0,5,85,null,0.04621643225463288,0.13864929676389864,0,500.0,0.0010045705940762808,0.0,9811090448.502043,653.7835677453671
C_removed,0,6,86,langevin,0.07693863406576354,0.23081590219729062,0,500.0,0.0,9.659225190457848e-05,9999780812.048819,623.0613659342365
C_removed,0,7,87,null,0.01867578655704349,0.05602735967113047,0,500.0,0.002824475268254857,0.0,9906793151.790176,681.3242134429565
C_removed,0,0,88,langevin,0.03723461501491641,0.11170384504474923,0,500.0,0.0,1.5946887140077168e-05,9983105896.514305,662.7653849850836
C_removed,0,1,89,null,0.04013499147200993,0.12040497441602979,0,500.0,0.0,5.6082708513291727e-05,9703265758.582222,659.8650085279901
C_removed,0,2,90,langevin,0.06149108636403331,0.18447325909209994,0,500.0,0.0,0.0,9888976505.160309,638.5089136359667
C_removed,0,3,91,null,0.034718877483859906,0.10415663245157972,0,500.0,0.002801528750784364,0.00013004821973598856,9762136359.409685,665.28112251614
C_removed,0,4,92,langevin,0.06789206732047902,0.20367620196143704,0,500.0,0.0,0.0001814208729866548,10257282625.378868,632.107932679521
C_removed,0,5,93,null,0.041930034126806334,0.125790102380419,0,500.0,0.005998496464564117,8.474919665936105e-05,9871029951.85673,658.0699658731937
C_removed,0,6,94,langevin,0.08717663090017443,0.2615298927005233,0,500.0,0.005833498672528484,8.002862120161908e-05,9982018705.095068,612.8233690998255
C_removed,0,7,95,null,0.03268088863822159,0.09804266591466478,0,500.0,0.011861977818614502,2.7075608058013392e-05,10109227590.02209,667.3191113617784
C_removed,0,0,96,langevin,0.04490682439337042,0.13472047318011127,0,500.0,0.0034140917610772452,2.469593692621104e-05,9827642565.435734,655.0931756066295
C_removed,0,1,97,null,0.05114131680002868,0.15342395040008605,0,500.0,0.0,6.481966494362758e-05,10092117591.692364,648.8586831999713
C_removed,0,2,98,langevin,0.058972638605694065,0.1769179158170822,0,500.0,0.0014469798835786251,0.00013841972532088775,9778862691.894512,641.0273613943059
C_removed,0,3,99,null,0.025551852103470326,0.07665555631041097,0,500.0,0.0,7.403993454383858e-05,9907513581.23438,674.4481478965297
C_removed,0,4,100,langevin,0.0788350491922545,0.2365051475767635,0,500.0,0.005709028331696801,0.0,10294552365.004177,621.1649508077455
C_removed,0,5,101,null,0.0372668244908603,0.1118004734725809,0,500.0,0.0,0.00015286489481860984,10091224686.842232,662.7331755091398
C_removed,0,6,102,langevin,0.04662884363590508,0.13988653090771525,0,500.0,0.0,0.0,10052897726.295813,653.3711563640949
C_removed,0,7,103,null,0.03176995199598083,0.09530985598794249,0,500.0,0.0,9.57413950140292e-05,9661027590.258438,668.2300480040192
C_removed,0,0,104,langevin,0.07854747928919176,0.23564243786757527,0,500.0,0.0,3.2178094680034716e-05,9525415969.255863,621.4525207108082
C_removed,0,1,105,null,0.026441168642651662,0.07932350592795498,0,500.0,0.0,0.00016509600031874627,9748481228.077326,673.5588313573484
C_removed,0,2,106,langevin,0.050441891094604493,0.15132567328381347,0,500.0,0.0,3.1606751289266417e-05,9877072537.326408,649.5581089053956
C_removed,0,3,107,null,0.03788411249486001,0.11365233748458003,0,500.0,0.0,0.00016878101851439557,9931936618.33398,662.11588750514
C_removed,0,4,108,langevin,0.07548246151074887,0.2264473845322466,0,500.0,0.013504087674976413,0.0,9751573338.24059,624.5175384892511
C_removed,0,5,109,null,0.026061566685974355,0.07818470005792306,0,500.0,0.008349216434459787,0.0,9843203433.56064,673.9384333140256
C_removed,0,6,110,langevin,0.07221512583897753,0.21664537751693258,0,500.0,0.0,0.00010062510862075235,10144054206.11333,627.7848741610225
C_removed,0,7,111,null,0.04110606715830446,0.12331820147491339,0,500.0,0.0024151887499938443,0.0,9748199061.408342,658.8939328416956
C_removed,0,0,112,langevin,0.08108374867669213,0.2432512460300764,0,500.0,0.002635089406322514,1.721117225351908e-05,10057722397.260607,618.9162513233078
C_removed,0,1,113,null,0.043924770184842095,0.1317743105545263,0,500.0,0.0,0.0,9827091382.118412,656.0752298151579
C_removed,0,2,114,langevin,0.03579191330965311,0.10737573992895932,0,500.0,0.0026711118570477937,0.0,10081884193.683483,664.2080866903469
C_removed,0,3,115,null,0.043923379904872634,0.1317701397146179,0,500.0,0.0,0.00015090936685654212,10061003216.915854,656.0766200951274
C_removed,0,4,116,langevin,0.09317251339330679,0.27951754017992037,0,500.0,0.008478158803602413,0.0,9877069087.89198,606.8274866066932
C_removed,0,5,117,null,0.03894606691287602,0.11683820073862805,0,500.0,0.00555711284773587,0.0001143155251540731,9606246523.475576,661.0539330871239
C_removed,0,6,118,langevin,0.10169611436557244,0.3050883430967173,0,500.0,0.0,4.9111934510784794e-05,9735258010.955772,598.3038856344276
C_removed,0,7,119,null,0.02725253699916367,0.08175761099749101,0,500.0,0.0018316231985048368,0.0,10161579904.802504,672.7474630008363
C_removed,0,0,120,langevin,0.06218192537569878,0.18654577612709633,0,500.0,0.0013842162019387027,1.4820485634798714e-05,9889179477.114428,637.8180746243012
C_removed,0,1,121,null,0.05140421342700008,0.15421264028100024,0,500.0,0.011706573703651085,6.307562400518711e-05,9656867589.39131,648.5957865729999
C_removed,0,2,122,langevin,0.07539471065033625,0.22618413195100873,0,500.0,0.0,9.104216732004709e-05,10012274851.048197,624.6052893496637
C_removed,0,3,123,null,0.060532250400097284,0.18159675120029184,0,500.0,0.0034658861317275374,5.984109901085153e-05,9931399353.389385,639.4677495999027
C_removed,0,4,124,langevin,0.055168234926365106,0.16550470477909532,0,500.0,0.0,2.02979202847253e-05,10095844544.02785,644.8317650736349
C_removed,0,5,125,null,0.039169682839900126,0.11750904851970037,0,500.0,0.0,4.951182093196114e-06,9907476185.615444,660.8303171600999
C_removed,0,6,126,langevin,0.053164424076639946,0.15949327222991982,0,500.0,0.0,4.9291806098273736e-05,10145118980.857176,646.83557592336
C_removed,0,7,127,null,0.03457373544702813,0.1037212063410844,0,500.0,0.0,5.462726270021978e-05,9972724264.941195,665.4262645529718
C_removed,0,0,128,langevin,0.13579252712684942,0.40737758138054825,0,500.0,0.0006428068697669735,0.0,9637839398.442387,564.2074728731506
C_removed,0,1,129,null,0.03926837983281368,0.11780513949844104,0,500.0,0.005125057227690179,0.0,10248235136.747871,660.7316201671863
C_removed,0,2,130,langevin,0.061095850484056774,0.18328755145217032,0,500.0,0.0,0.0,9849734482.939236,638.9041495159432
C_removed,0,3,131,null,0.020647556579557205,0.061942669738671616,0,500.0,0.0,0.0,10151818075.0584,679.3524434204428
C_removed,0,4,132,langevin,0.06952790182239757,0.2085837054671927,0,500.0,0.0,0.0,10190348605.001842,630.4720981776024
C_removed,0,5,133,null,0.02764757548950801,0.08294272646852403,0,500.0,0.008423590126707205,0.00010850032386649476,9860177191.92346,672.352424510492
C_removed,0,6,134,langevin,0.0689454829548615,0.2068364488645845,0,500.0,0.003145670076172272,0.00012514180129787677,9841547142.039227,631.0545170451385
C_removed,0,7,135,null,0.0314676272132454,0.0944028816397362,0,500.0,0.012524832059630373,9.195744523368595e-05,10179299707.278374,668.5323727867546
C_removed,0,0,136,langevin,0.1116290971765875,0.3348872915297625,0,500.0,0.002229290995111592,0.0,9654218226.71903,588.3709028234125
C_removed,0,1,137,null,0.04643645130690324,0.13930935392070973,0,500.0,0.0,6.707604799442195e-05,9605033885.235033,653.5635486930968
C_removed,0,2,138,langevin,0.0634695529876285,0.1904086589628855,0,500.0,0.0,0.0,9890639722.285501,636.5304470123715
C_removed,0,3,139,null,0.027806876452492836,0.08342062935747852,0,500.0,0.0006489819042391555,0.0,9947588671.046099,672.1931235475072
C_removed,0,4,140,langevin,0.10043944133811213,0.3013183240143364,0,500.0,0.007004148839585532,0.00018904007577346727,10083039903.445211,599.5605586618879
C_removed,0,5,141,null,0.03247843108293519,0.09743529324880557,0,500.0,0.0016432608648769991,7.103589865974676e-05,10055982143.840881,667.5215689170648
C_removed,0,6,142,langevin,0.10196168327994272,0.30588504983982817,0,500.0,0.0,0.0,9696044942.239586,598.0383167200573
C_removed,0,7,143,null,0.032326057330018663,0.09697817199005598,0,500.0,0.006199933106900707,5.246168251673443e-06,10149609796.10246,667.6739426699813
C_removed,0,0,144,langevin,0.08150919020982231,0.24452757062946692,0,500.0,0.004821542957835074,0.0,10106978890.92121,618.4908097901777
C_removed,0,1,145,null,0.04443333931459356,0.13330001794378069,0,500.0,0.005787650315778191,0.00013944519621393817,9900601952.87533,655.5666606854064
C_removed,0,2,146,langevin,0.044327606250766635,0.1329828187522999,0,500.0,0.0,0.0001323580319964457,9801359118.597715,655.6723937492334
C_removed,0,3,147,null,0.021816432337052556,0.06544929701115768,0,500.0,0.0,0.0,10144139639.62858,678.1835676629474
C_removed,0,4,148,langevin,0.05760726852116304,0.1728218055634891,0,500.0,0.0,0.00011430181485768254,10187181753.795332,642.3927314788369
C_removed,0,5,149,null,0.04665231907419701,0.13995695722259102,0,500.0,0.0,0.0,10070406295.867203,653.3476809258029
C_removed,0,6,150,langevin,0.10806481972278215,0.32419445916834644,0,500.0,0.0,0.0,9350360268.977734,591.9351802772178
C_removed,0,7,151,null,0.05601300565942924,0.16803901697828771,0,500.0,0.0,0.0,9988168616.266346,643.9869943405707
C_removed,0,0,152,langevin,0.061045837644428766,0.18313751293328628,0,500.0,0.0031397246332440856,0.00021532473369975197,9838964291.639063,638.9541623555713
C_removed,0,1,153,null,0.038668030025877334,0.116004090077632,0,500.0,0.0,0.0,10092038460.835402,661.3319699741227
C_removed,0,2,154,langevin,0.10390583417278473,0.3117175025183542,0,500.0,0.0021999257644139724,0.0,10103686187.10172,596.0941658272153
C_removed,0,3,155,null,0.0395598666431923,0.11867959992957688,0,500.0,0.004075727689159779,0.0,10027563875.412554,660.4401333568077
C_removed,0,4,156,langevin,0.1059046731736473,0.3177140195209419,0,500.0,9.527037602893698e-05,9.770751342597439e-05,9997917105.713362,594.0953268263527
C_removed,0,5,157,null,0.03773413181107391,0.11320239543322172,0,500.0,0.0,0.00028497555648686535,10239605389.239735,662.2658681889261
C_removed,0,6,158,langevin,0.0965698510355135,0.28970955310654045,0,500.0,0.005788550369460421,0.0,9848322560.652332,603.4301489644865
C_removed,0,7,159,null,0.03496205922152969,0.10488617766458906,0,500.0,0.0,0.0,10165979460.301735,665.0379407784703
C_removed,0,0,160,langevin,0.03025489514372056,0.09076468543116167,0,500.0,0.0,0.0,9980523357.498613,669.7451048562795
C_removed,0,1,161,null,0.03655661179255705,0.10966983537767115,0,500.0,0.0,9.063382246488626e-05,9526428616.628408,663.4433882074429
C_removed,0,2,162,langevin,0.08121277859947508,0.24363833579842525,0,500.0,0.0,0.0,9984521663.079456,618.7872214005249
C_removed,0,3,163,null,0.05462434649387647,0.1638730394816294,0,500.0,0.0,0.0,10194476243.927925,645.3756535061235
C_removed,0,4,164,langevin,0.07121678410260733,0.21365035230782198,0,500.0,4.7593753348163965e-05,5.5866023298492886e-05,10200270515.5643,628.7832158973927
C_removed,0,5,165,null,0.03868242963627509,0.11604728890882528,0,500.0,0.0,0.0,10003709711.947908,661.3175703637249
C_removed,0,6,166,langevin,0.04970895733392107,0.14912687200176322,0,500.0,0.0,6.362584505549089e-05,10048597765.482876,650.291042666079
C_removed,0,7,167,null,0.026954689432790148,0.08086406829837045,0,500.0,0.0028081716198926645,1.327357562307055e-05,9740662280.83477,673.0453105672099
C_removed,0,0,168,langevin,0.06741650064196379,0.20224950192589136,0,500.0,0.0,0.0,10059904008.85744,632.5834993580362
C_removed,0,1,169,null,0.0234356776084542,0.0703070328253626,0,500.0,0.0,3.755292137526989e-05,9797509066.594944,676.5643223915458
C_removed,0,2,170,langevin,0.06743910189353297,0.2023173056805989,0,500.0,0.0,0.0,10075913245.288975,632.560898106467
C_removed,0,3,171,null,0.03216286431220184,0.09648859293660553,0,500.0,0.0,0.0,10232983552.185343,667.8371356877982
C_removed,0,4,172,langevin,0.09160362707934833,0.274810881238045,0,500.0,0.0,0.00012323426186695646,10142146944.222607,608.3963729206516
C_removed,0,5,173,null,0.02512479738474405,0.07537439215423215,0,500.0,0.0075766526742919406,0.00028072304222974214,10072797143.267494,674.875202615256
C_removed,0,6,174,langevin,0.040482116474844065,0.1214463494245322,0,500.0,0.007520857139477807,6.111078700522588e-05,9978540436.321564,659.517883525156
C_removed,0,7,175,null,0.014536780125894901,0.0436103403776847,0,500.0,0.0,0.0,9936649168.003168,685.4632198741051
C_removed,0,0,176,langevin,0.06450729080302298,0.19352187240906893,0,500.0,0.004819855515241192,0.0,10086538913.920736,635.492709196977
C_removed,0,1,177,null,0.01593763594035554,0.04781290782106662,0,500.0,0.0,0.0,9821354888.49902,684.0623640596444
C_removed,0,2,178,langevin,0.07373822373675631,0.22121467121026894,0,500.0,0.0,1.910750186612213e-05,9934180198.203478,626.2617762632437
C_removed,0,3,179,null,0.044016775921880004,0.13205032776564002,0,500.0,0.0,0.0,10306421293.21161,655.98322407812
C_removed,0,4,180,langevin,0.06465495345740582,0.19396486037221747,0,500.0,0.007704807076660119,3.534616216663202e-05,9952894925.866854,635.3450465425942
C_removed,0,5,181,null,0.03798859998615191,0.11396579995845572,0,500.0,0.008030443312377315,0.0,9777866048.67959,662.0114000138481
C_removed,0,6,182,langevin,0.08308212783269883,0.2492463834980965,0,500.0,0.003624688475388366,8.623957955105992e-05,9695396030.423597,616.9178721673012
C_removed,0,7,183,null,0.041400965431575565,0.1242028962947267,0,500.0,0.00036279320025551744,0.0,9905989285.642187,658.5990345684245
C_removed,0,0,184,langevin,0.08240121095477788,0.24720363286433367,0,500.0,0.0,0.0,10401041342.17679,617.5987890452221
C_removed,0,1,185,null,0.03760672121684269,0.11282016365052808,0,500.0,0.0,0.0,9847410539.932352,662.3932787831573
C_removed,0,2,186,langevin,0.0406337519386818,0.12190125581604541,0,500.0,0.005433429229618082,0.00018610295170673268,9873293495.02839,659.3662480613182
C_removed,0,3,187,null,0.04693171239241506,0.14079513717724518,0,500.0,0.0,0.0,9648521676.981302,653.0682876075849
C_removed,0,4,188,langevin,0.07169083554100983,0.21507250662302949,0,500.0,0.006153343303194943,0.00012608106436513616,10104978636.280842,628.3091644589902
C_removed,0,5,189,null,0.033961542838435846,0.10188462851530754,0,500.0,0.006014324497226521,0.00017393525898719135,9845954263.606417,666.0384571615641
C_removed,0,6,190,langevin,0.07825516684106956,0.2347655005232087,0,500.0,0.0,0.0,9764203960.335562,621.7448331589304
C_removed,0,7,191,null,0.027773581664442666,0.083320744993328,0,500.0,0.0005494298717014251,2.54874109969675e-05,10027913838.428799,672.2264183355574
C_removed,0,0,192,langevin,0.09858452187980132,0.29575356563940397,0,500.0,0.0,0.0,9763777678.550518,601.4154781201987
C_removed,0,1,193,null,0.041306357353987536,0.1239190720619626,0,500.0,0.0,0.0,10185028256.493702,658.6936426460124
C_removed,0,2,194,langevin,0.1009633420661375,0.3028900261984125,0,500.0,0.0009043872001336358,6.435252514890079e-05,9720659191.256748,599.0366579338624
C_removed,0,3,195,null,0.02140257738778572,0.06420773216335715,0,500.0,0.0008127425508119745,2.0967546874665135e-05,9961451820.776625,678.5974226122142
C_removed,0,4,196,langevin,0.06717608350092714,0.20152825050278145,0,500.0,0.0,0.0001442728744921495,9828676755.606941,632.8239164990729
C_removed,0,5,197,null,0.035490915218801905,0.10647274565640572,0,500.0,0.00519567716017599,0.0,10028845866.076464,664.5090847811981
C_removed,0,6,198,langevin,0.07066743805510815,0.21200231416532445,0,500.0,0.0030888752648970865,0.0,9940686528.594847,629.3325619448918
C_removed,0,7,199,null,0.028316322271290533,0.0849489668138716,0,500.0,0.005456808548839722,0.0,9887427076.83526,671.6836777287094
C_removed,1,0,0,langevin,0.09634272301206039,0.28902816903618117,0,500.0,0.005083995984242319,0.00010835867152476268,10153937582.40692,603.6572769879397
C_removed,1,1,1,null,0.04125012550156106,0.12375037650468318,0,500.0,0.0014917435215406076,2.966728414095385e-05,10072264165.200352,658.7498744984389
C_removed,1,2,2,langevin,0.09031164586619236,0.2709349375985771,0,500.0,0.00046394701475490296,0.0,9985657494.830996,609.6883541338076
C_removed,1,3,3,null,0.03674952023805044,0.11024856071415132,0,500.0,0.0,7.237649601355031e-05,9936113070.58849,663.2504797619496
C_removed,1,4,4,langevin,0.0853908275404111,0.25617248262123327,0,500.0,0.0,0.0,9919816124.86731,614.6091724595889
C_removed,1,5,5,null,0.06531096077891582,0.19593288233674747,0,500.0,0.0,0.0,10138567956.619946,634.6890392210842
C_removed,1,6,6,langevin,0.07385536405133769,0.22156609215401307,0,500.0,0.0,0.0,9656610725.112976,626.1446359486623
C_removed,1,7,7,null,0.052111835072024645,0.15633550521607392,0,500.0,0.0006847072077875481,3.706624516077993e-06,10138238521.47748,647.8881649279754
C_removed,1,0,8,langevin,0.07434039321672065,0.22302117965016194,0,500.0,8.946554353388607e-05,0.0,9827446340.666815,625.6596067832794
C_removed,1,1,9,null,0.03929033752188607,0.11787101256565821,0,500.0,0.004828771941089578,7.051128453757646e-05,9798214690.059296,660.709662478114
C_removed,1,2,10,langevin,0.07712986257579608,0.23138958772738827,0,500.0,0.0005908872420978506,0.0,10134649967.74636,622.8701374242039
C_removed,1,3,11,null,0.03887304096403334,0.11661912289210001,0,500.0,0.0,0.0,9630070116.973852,661.1269590359667
C_removed,1,4,12,langevin,0.048445516899802935,0.14533655069940882,0,500.0,0.0,0.00011812350616254206,10115376680.405966,651.5544831001971
C_removed,1,5,13,null,0.05246145320561787,0.1573843596168536,0,500.0,0.0,0.0,10007958816.111221,647.5385467943821
C_removed,1,6,14,langevin,0.08882839052871541,0.26648517158614626,0,500.0,0.0,0.0,9845212062.655546,611.1716094712846
C_removed,1,7,15,null,0.061903314769917256,0.18570994430975177,0,500.0,0.0,0.0,10161610340.876064,638.0966852300827
C_removed,1,0,16,langevin,0.07457559064408227,0.22372677193224683,0,500.0,0.004616417002770276,0.0,10375083809.826513,625.4244093559178
C_removed,1,1,17,null,0.046547862943754514,0.13964358883126354,0,500.0,0.0006514260244092967,0.0,9988823285.350733,653.4521370562455
C_removed,1,2,18,langevin,0.08376753415278723,0.25130260245836167,0,500.0,0.0,0.00012320252528764716,9547394403.616537,616.2324658472128
C_removed,1,3,19,null,0.03410515316867026,0.10231545950601077,0,500.0,0.0,0.0,10286346843.49442,665.8948468313297
C_removed,1,4,20,langevin,0.09441595797381408,0.28324787392144224,0,500.0,0.0,0.0,10391130035.406315,605.5840420261859
C_removed,1,5,21,null,0.05703137339850481,0.17109412019551443,0,500.0,0.012718078311193901,0.0,10343356957.67475,642.9686266014952
C_removed,1,6,22,langevin,0.08143957500002655,0.24431872500007965,0,500.0,0.0,1.2352979103860767e-05,10022891115.77267,618.5604249999734
C_removed,1,7,23,null,0.04405141635083669,0.13215424905251005,0,500.0,0.0,0.0,9742562203.823843,655.9485836491633
C_removed,1,0,24,langevin,0.08525686258064331,0.25577058774192996,0,500.0,0.0,2.150610028118936e-05,9916738548.18823,614.7431374193567
C_removed,1,1,25,null,0.058003394788590665,0.17401018436577198,0,500.0,0.0,0.0,9717170987.385374,641.9966052114094
C_removed,1,2,26,langevin,0.0886579988467707,0.26597399654031206,0,500.0,0.019658889401888275,0.0,9872188081.69012,611.3420011532293
C_removed,1,3,27,null,0.06434125407292797,0.19302376221878392,0,500.0,0.0031881847412540943,0.00012531477692044919,10057310463.971962,635.658745927072
C_removed,1,4,28,langevin,0.0927949501376642,0.2783848504129926,0,500.0,0.0001361777339736381,0.0,10036754710.388613,607.2050498623358
C_removed,1,5,29,null,0.0364935758616497,0.10948072758494912,0,500.0,0.0029761940588329443,0.0,9576112326.706322,663.5064241383503
C_removed,1,6,30,langevin,0.07962892333845024,0.23888677001535075,0,500.0,0.00018184704234676694,0.00017849101006646927,9822424832.362825,620.3710766615498
C_removed,1,7,31,null,0.05367781958779455,0.16103345876338365,0,500.0,0.0,0.00022950138342420177,9461142048.573961,646.3221804122054
C_removed,1,0,32,langevin,0.11197108265319466,0.335913247959584,0,500.0,0.0,0.0,9863937787.700567,588.0289173468053
C_removed,1,1,33,null,0.055957270016758515,0.16787181005027554,0,500.0,0.0,0.0,10008758181.383307,644.0427299832415
C_removed,1,2,34,langevin,0.08068051884738504,0.24204155654215515,0,500.0,0.0038847309547493055,5.434107588757943e-05,9876755503.460648,619.3194811526149
C_removed,1,3,35,null,0.03742883151695299,0.11228649455085897,0,500.0,0.0,0.0,10022824540.338097,662.571168483047
C_removed,1,4,36,langevin,0.05997128614870652,0.17991385844611957,0,500.0,0.0,0.0,10082534463.63074,640.0287138512934
C_removed,1,5,37,null,0.04882751194029069,0.14648253582087206,0,500.0,0.0,0.0,10195209823.661983,651.1724880597093
C_removed,1,6,38,langevin,0.06346576207565571,0.19039728622696714,0,500.0,0.0,0.0,10052002817.05446,636.5342379243443
C_removed,1,7,39,null,0.0398972315216354,0.11969169456490619,0,500.0,0.0,0.0,10179765981.419525,660.1027684783646
C_removed,1,0,40,langevin,0.0707686094130251,0.2123058282390753,0,500.0,0.0,0.0,9853195246.67778,629.2313905869748
C_removed,1,1,41,null,0.05565756822459768,0.16697270467379305,0,500.0,0.004583319970367405,0.0,9983810401.820879,644.3424317754024
C_removed,1,2,42,langevin,0.0933877957519903,0.2801633872559709,0,500.0,0.0,0.0,10114572770.643322,606.6122042480097
C_removed,1,3,43,null,0.058159066729541534,0.17447720018862461,0,500.0,0.0,0.0,10206109603.602142,641.8409332704584
C_removed,1,4,44,langevin,0.0728041379601437,0.21841241388043112,0,500.0,0.0011368913950737978,0.0,10206975312.220078,627.1958620398563
C_removed,1,5,45,null,0.05037035746129263,0.1511110723838779,0,500.0,0.006411862593086283,0.0,9863634564.859116,649.6296425387073
C_removed,1,6,46,langevin,0.05640517225356109,0.16921551676068328,0,500.0,0.0,0.0,10002448843.87599,643.5948277464389
C_removed,1,7,47,null,0.03549940558174357,0.1064982167452307,0,500.0,0.0,0.0,10030392516.929401,664.5005944182565
C_removed,1,0,48,langevin,0.09602560511647872,0.28807681534943613,0,500.0,0.002997383272671615,6.656670541799134e-05,9930804117.485008,603.9743948835213
C_removed,1,1,49,null,0.05309339558573524,0.15928018675720573,0,500.0,0.0,0.0,9711403371.985573,646.9066044142647
C_removed,1,2,50,langevin,0.07865977022185004,0.2359793106655501,0,500.0,0.00038391989849872527,0.0001450039019314706,9867156973.690756,621.3402297781499
C_removed,1,3,51,null,0.06176553010741553,0.18529659032224657,0,500.0,0.0,0.0,10435887014.488138,638.2344698925845
C_removed,1,4,52,langevin,0.07352307459886197,0.2205692237965859,0,500.0,0.0,0.0,10416189229.152784,626.476925401138
C_removed,1,5,53,null,0.059643669210858646,0.17893100763257594,0,500.0,0.0,0.0,9472871170.969595,640.3563307891413
C_removed,1,6,54,langevin,0.07705116843344317,0.23115350530032952,0,500.0,0.007083825610369912,0.0,10189459061.39252,622.9488315665568
C_removed,1,7,55,null,0.052981990232250704,0.15894597069675212,0,500.0,0.007280053899949433,0.0,10030008152.347372,647.0180097677493
C_removed,1,0,56,langevin,0.10853683545643697,0.3256105063693109,0,500.0,0.0019274125366701156,6.089015287073306e-05,9916673751.565798,591.463164543563
C_removed,1,1,57,null,0.04445544364131619,0.13336633092394856,0,500.0,0.0,2.3198270584034777e-06,9988326655.577663,655.5445563586838
C_removed,1,2,58,langevin,0.07659829272004394,0.22979487816013183,0,500.0,0.0,0.0,9967835678.883097,623.4017072799561
C_removed,1,3,59,null,0.05944862811284085,0.17834588433852255,0,500.0,0.0,0.0,9973062327.284603,640.5513718871591
C_removed,1,4,60,langevin,0.10118784036541958,0.3035635210962587,0,500.0,0.00791429434997596,1.912930884444375e-05,9983567146.704702,598.8121596345804
C_removed,1,5,61,null,0.037760739678724564,0.11328221903617369,0,500.0,0.0015197190549165887,0.0,10013178706.892265,662.2392603212754
C_removed,1,6,62,langevin,0.06392526375216775,0.19177579125650326,0,500.0,0.0050137889028169695,0.0,9673300032.499989,636.0747362478322
C_removed,1,7,63,null,0.04616237891611921,0.13848713674835764,0,500.0,0.0,4.493773695621789e-05,10248858150.56017,653.8376210838808
C_removed,1,0,64,langevin,0.09276757960608902,0.27830273881826706,0,500.0,0.0,0.0,9885901929.67073,607.232420393911
C_removed,1,1,65,null,0.07016016223018198,0.21048048669054595,0,500.0,0.004933169646905261,0.0,9796204056.471622,629.839837769818
C_removed,1,2,66,langevin,0.08970033718225148,0.2691010115467545,0,500.0,0.00017166025904371326,5.056594944221364e-06,10112922202.206272,610.2996628177485
C_removed,1,3,67,null,0.035073184922033304,0.10521955476609991,0,500.0,0.0,9.657646655668274e-05,10055681681.603733,664.9268150779667
C_removed,1,4,68,langevin,0.07780650172454372,0.23341950517363114,0,500.0,0.0,6.127950780492961e-05,10054437300.742205,622.1934982754562
C_removed,1,5,69,null,0.039812677836356246,0.11943803350906873,0,500.0,0.0,7.678640484232193e-05,9751202370.674788,660.1873221636438
C_removed,1,6,70,langevin,0.12390598293825056,0.3717179488147517,0,500.0,0.0,0.0,10212329139.512203,576.0940170617495
C_removed,1,7,71,null,0.06320648410655641,0.18961945231966923,0,500.0,0.0002292918610151116,0.0,9970687883.198343,636.7935158934436
C_removed,1,0,72,langevin,0.04118874912113824,0.12356624736341473,0,500.0,0.0,8.257108984109828e-05,10154180921.267653,658.8112508788618
C_removed,1,1,73,null,0.04868952758952215,0.14606858276856644,0,500.0,0.0011340557161884722,6.0338901013948324e-05,9917063942.159315,651.3104724104778
C_removed,1,2,74,langevin,0.07566292010234527,0.2269887603070358,0,500.0,0.0059338699123304955,4.65965792183008e-05,10238524147.30423,624.3370798976547
C_removed,1,3,75,null,0.051802830987411314,0.15540849296223394,0,500.0,0.0018505214572515313,8.130274229955853e-05,10139960783.947018,648.1971690125887
C_removed,1,4,76,langevin,0.11750679123162905,0.35252037369488715,0,500.0,0.0029052350879654317,0.0,9918620062.554966,582.493208768371
C_removed,1,5,77,null,0.03697455500604479,0.11092366501813436,0,500.0,0.001074994510047353,0.0,9735593240.184305,663.0254449939553
C_removed,1,6,78,langevin,0.09615791745863518,0.28847375237590556,0,500.0,0.0073100687537802425,0.0,10190387594.0643,603.8420825413648
C_removed,1,7,79,null,0.049741518581676206,0.14922455574502863,0,500.0,0.0,0.0,9958585141.278269,650.2584814183238
C_removed,1,0,80,langevin,0.12910143983399697,0.3873043195019909,0,500.0,0.0011115043909139593,0.00015671153391819814,9877054449.049442,570.898560166003
C_removed,1,1,81,null,0.05906120225894017,0.1771836067768205,0,500.0,0.003976702450963985,0.0,9881606036.28592,640.9387977410598
C_removed,1,2,82,langevin,0.09306370846091114,0.2791911253827334,0,500.0,0.0,0.0,9738178437.840393,606.9362915390889
C_removed,1,3,83,null,0.04743675263806067,0.142310257914182,0,500.0,0.002063240563894315,6.788479861005152e-05,10077152387.87583,652.5632473619394
C_removed,1,4,84,langevin,0.07955993850378393,0.23867981551135178,0,500.0,0.0,0.0,9876334621.606913,620.4400614962161
C_removed,1,5,85,null,0.04271757908630203,0.12815273725890608,0,500.0,0.0,1.644969109351227e-05,9861640289.521313,657.2824209136979
C_removed,1,6,86,langevin,0.051542867885188935,0.1546286036555668,0,500.0,0.0032904278856389375,0.0,9663565564.275793,648.4571321148111
C_removed,1,7,87,null,0.03721793232801168,0.11165379698403505,0,500.0,0.0,0.0,10038053627.653345,662.7820676719883
C_removed,1,0,88,langevin,0.12150724239436847,0.3645217271831054,0,500.0,0.0,0.00015872477234739546,10029889854.435455,578.4927576056315
C_removed,1,1,89,null,0.04384497493002572,0.13153492479007717,0,500.0,0.0,0.0,10126513037.712292,656.1550250699743
C_removed,1,2,90,langevin,0.062062755858560525,0.18618826757568158,0,500.0,0.0,0.0,10029474755.849434,637.9372441414395
C_removed,1,3,91,null,0.047677956699712615,0.14303387009913784,0,500.0,0.007858705063878299,0.0,10155500563.390804,652.3220433002874
C_removed,1,4,92,langevin,0.05855887518619838,0.17567662555859515,0,500.0,0.0,0.00010693363153185679,9936566124.01238,641.4411248138016
C_removed,1,5,93,null,0.052990178366230586,0.15897053509869175,0,500.0,0.0,0.0,9884905463.414066,647.0098216337694
C_removed,1,6,94,langevin,0.06026373080401644,0.18079119241204933,0,500.0,0.0,0.00014369615224612604,9947769580.500887,639.7362691959836
C_removed,1,7,95,null,0.050016775256467944,0.15005032576940383,0,500.0,0.00771192268899931,0.0,9965816394.184727,649.9832247435321
C_removed,1,0,96,langevin,0.07337415095328687,0.2201224528598606,0,500.0,0.005498879559363595,8.943253709841051e-05,10408002691.264341,626.6258490467131
C_removed,1,1,97,null,0.07019153490992985,0.21057460472978956,0,500.0,0.0,7.591947549577168e-05,10422626406.312159,629.8084650900702
C_removed,1,2,98,langevin,0.08993808570897709,0.26981425712693125,0,500.0,0.0008440935383071423,0.0,10230670616.43417,610.061914291023
C_removed,1,3,99,null,0.036512672033415336,0.10953801610024601,0,500.0,0.0009287296526467715,0.0,10095258262.765463,663.4873279665846
C_removed,1,4,100,langevin,0.07513479754083038,0.22540439262249115,0,500.0,0.0,0.00010502026982802178,9995346935.303886,624.8652024591696
C_removed,1,5,101,null,0.05775696238816882,0.17327088716450645,0,500.0,0.0,0.00015014596359613422,10108345234.359568,642.2430376118311
C_removed,1,6,102,langevin,0.10842685775976438,0.32528057327929316,0,500.0,0.003971607498573802,0.0,9487044413.228125,591.5731422402356
C_removed,1,7,103,null,0.05939483284251343,0.17818449852754029,0,500.0,0.0,0.0,9834374853.109993,640.6051671574866
C_removed,1,0,104,langevin,0.07256556826358311,0.21769670479074932,0,500.0,0.0015472942493695197,8.949246976498297e-05,9942628182.959501,627.4344317364169
C_removed,1,1,105,null,0.023508335829225846,0.07052500748767754,0,500.0,0.003000249514550609,3.0063129410202538e-05,9877053019.23094,676.4916641707741
C_removed,1,2,106,langevin,0.05760558972393719,0.17281676917181155,0,500.0,0.0,0.00012545873857558806,9876641901.531044,642.3944102760628
C_removed,1,3,107,null,0.060816583256122256,0.18244974976836675,0,500.0,0.0,8.790160134378154e-05,9814393887.39747,639.1834167438777
C_removed,1,4,108,langevin,0.05820049937744347,0.1746014981323304,0,500.0,0.0,0.0,9730929376.983652,641.7995006225565
C_removed,1,5,109,null,0.052681807320166515,0.15804542196049953,0,500.0,0.007829220039621318,1.7902915850830096e-05,9668524147.86801,647.3181926798335
C_removed,1,6,110,langevin,0.06293078619777023,0.1887923585933107,0,500.0,0.0008805534343950401,0.0,10480643369.943457,637.0692138022298
C_removed,1,7,111,null,0.06838581076408655,0.20515743229225963,0,500.0,0.0,0.00021052515390010762,9809331659.823782,631.6141892359135
C_removed,1,0,112,langevin,0.06452524353542402,0.19357573060627206,0,500.0,0.007199108379447951,0.0,9887967911.08117,635.474756464576
C_removed,1,1,113,null,0.06527330691151959,0.19581992073455876,0,500.0,0.0,0.00013745892144585402,10144009325.792948,634.7266930884804
C_removed,1,2,114,langevin,0.07520267859665292,0.22560803578995875,0,500.0,0.0032816316638932985,0.00011444038460847389,10168673447.424618,624.797321403347
C_removed,1,3,115,null,0.03834028276324444,0.11502084828973333,0,500.0,0.004806412775970982,0.0,9938269255.809711,661.6597172367556
C_removed,1,4,116,langevin,0.08452279141110167,0.253568374233305,0,500.0,0.004741944398237772,0.0001382930162920025,9727605369.57266,615.4772085888983
C_removed,1,5,117,null,0.041290825596449296,0.12387247678934789,0,500.0,0.0,0.0,10072682897.179014,658.7091744035507
C_removed,1,6,118,langevin,0.09628778275951125,0.28886334827853377,0,500.0,0.0033808367488115916,0.0,10641770156.340208,603.7122172404887
C_removed,1,7,119,null,0.03455921718681102,0.10367765156043307,0,500.0,0.0,0.00015653828797777255,10165776237.406443,665.440782813189
C_removed,1,0,120,langevin,0.09962469703264416,0.2988740910979325,0,500.0,0.006431688016220361,0.0,10025579758.881865,600.3753029673559
C_removed,1,1,121,null,0.06034727243894701,0.18104181731684105,0,500.0,0.008320176258797449,0.0,9902586627.466248,639.652727561053
C_removed,1,2,122,langevin,0.08454125111326331,0.2536237533397899,0,500.0,0.004789576860340583,0.0,10199962867.851557,615.4587488867367
C_removed,1,3,123,null,0.040546323642092146,0.12163897092627643,0,500.0,0.004054877411152153,3.1256856171308336e-05,10309998197.72044,659.4536763579079
C_removed,1,4,124,langevin,0.06396389509697673,0.19189168529093018,0,500.0,0.0031616186124730694,0.0,9869886233.411503,636.0361049030232
C_removed,1,5,125,null,0.05863477700958532,0.17590433102875597,0,500.0,0.0,7.943898602067798e-05,9801799714.781673,641.3652229904146
C_removed,1,6,126,langevin,0.06067615964338037,0.18202847893014112,0,500.0,0.0037172894938261106,0.0002210549588023937,10102410076.305431,639.3238403566196
C_removed,1,7,127,null,0.03750832816677264,0.11252498450031792,0,500.0,0.001865277816954131,0.0,9871993414.708023,662.4916718332273
C_removed,1,0,128,langevin,0.08839948986666207,0.2651984695999862,0,500.0,0.002830843359719601,8.42166983269912e-05,9798116619.918371,611.6005101333379
C_removed,1,1,129,null,0.0658327243329444,0.1974981729988332,0,500.0,0.0,0.0,9832689845.662619,634.1672756670556
C_removed,1,2,130,langevin,0.08624459821420574,0.25873379464261725,0,500.0,0.0,2.091114591219734e-05,9818949998.622505,613.7554017857942
C_removed,1,3,131,null,0.058903210941155616,0.17670963282346686,0,500.0,0.0008651719409162976,0.0,10195794365.095924,641.0967890588444
C_removed,1,4,132,langevin,0.06442021840923466,0.19326065522770397,0,500.0,0.0,5.7673261348929106e-05,10072102097.928185,635.5797815907654
C_removed,1,5,133,null,0.0479941950633018,0.1439825851899054,0,500.0,0.0043079923546908774,0.0,9992242969.049448,652.0058049366982
C_removed,1,6,134,langevin,0.06552392787708408,0.19657178363125224,0,500.0,0.0,0.0,9759842162.869534,634.4760721229159
C_removed,1,7,135,null,0.04710493725101444,0.1413148117530433,0,500.0,0.0,7.357083251964583e-05,10189020555.679873,652.8950627489855
C_removed,1,0,136,langevin,0.09460988933516559,0.2838296680054968,0,500.0,0.0036354447429304652,4.874862006246828e-05,9691157788.305414,605.3901106648344
C_removed,1,1,137,null,0.0350290328037275,0.10508709841118251,0,500.0,0.0015004292739223908,0.0,9857479725.056684,664.9709671962725
C_removed,1,2,138,langevin,0.08218697635596947,0.2465609290679084,0,500.0,0.0014082803669018358,0.0,9999251453.367455,617.8130236440305
C_removed,1,3,139,null,0.05665397908804917,0.16996193726414752,0,500.0,0.001744449897721562,0.00014756024860764129,9900828956.654049,643.3460209119509
C_removed,1,4,140,langevin,0.10858777756314043,0.3257633326894213,0,500.0,0.010704070644262991,6.936752152175121e-05,10195058817.1822,591.4122224368596
C_removed,1,5,141,null,0.05846101903194958,0.17538305709584873,0,500.0,0.0,0.0,10213651491.186266,641.5389809680504
C_removed,1,6,142,langevin,0.057574008350323114,0.17272202505096934,0,500.0,0.0013843533867042791,5.255456158296917e-05,10249014860.407713,642.4259916496769
C_removed,1,7,143,null,0.04583836161735105,0.13751508485205316,0,500.0,0.0042409264056684475,0.0,10312183493.272114,654.1616383826489
C_removed,1,0,144,langevin,0.07026394422814797,0.2107918326844439,0,500.0,0.0,3.736353632669013e-05,10329837623.402508,629.7360557718521
C_removed,1,1,145,null,0.05007602756784199,0.15022808270352597,0,500.0,0.0,0.0,10204582914.055248,649.923972432158
C_removed,1,2,146,langevin,0.06916439383494838,0.20749318150484514,0,500.0,0.0,0.0,10217321678.99373,630.8356061650516
C_removed,1,3,147,null,0.037807073192483956,0.11342121957745187,0,500.0,0.0,1.7287090619362907e-05,10002070379.545464,662.1929268075161
C_removed,1,4,148,langevin,0.05330386749401163,0.1599116024820349,0,500.0,0.0,0.0,10001584150.622156,646.6961325059883
C_removed,1,5,149,null,0.03792700715231835,0.11378102145695505,0,500.0,0.009703605092194222,2.3918643842611706e-05,10235655092.703392,662.0729928476817
C_removed,1,6,150,langevin,0.08950552100749071,0.2685165630224721,0,500.0,0.0010599647702387977,7.03163667616536e-05,9924996392.330265,610.4944789925092
C_removed,1,7,151,null,0.027239615474666787,0.08171884642400036,0,500.0,0.0020478773275769474,0.0,10256846766.418167,672.7603845253332
C_removed,1,0,152,langevin,0.06483844787087874,0.19451534361263623,0,500.0,0.0006172714957297507,1.8397284404464685e-08,9880571279.028624,635.1615521291212
C_removed,1,1,153,null,0.043020214393320724,0.1290606431799622,0,500.0,0.0,1.5085168094254123e-05,10046009486.188587,656.9797856066792
C_removed,1,2,154,langevin,0.08398182489726656,0.2519454746917997,0,500.0,0.0,0.0,10271341678.584078,616.0181751027335
C_removed,1,3,155,null,0.054803399589567175,0.16441019876870153,0,500.0,0.0,0.0,9567754550.273592,645.1966004104328
C_removed,1,4,156,langevin,0.023942819696786417,0.07182845909035926,0,500.0,0.0,0.00016463940422392604,10026155959.40856,676.0571803032136
C_removed,1,5,157,null,0.04974974103990111,0.14924922311970334,0,500.0,0.0002874447619229536,5.712146648473335e-05,9988714053.290424,650.2502589600989
C_removed,1,6,158,langevin,0.06672320090394736,0.2001696027118421,0,500.0,0.0,6.741980083128207e-05,9918311691.216013,633.2767990960526
C_removed,1,7,159,null,0.02640221810299903,0.0792066543089971,0,500.0,0.002706474188009817,2.2023855634696534e-05,10266657880.820059,673.5977818970009
C_removed,1,0,160,langevin,0.08553953338171856,0.2566186001451557,0,500.0,3.853698230126456e-05,0.0,9840352489.91062,614.4604666182814
C_removed,1,1,161,null,0.05050171594791855,0.15150514784375566,0,500.0,0.0,0.0,9978209338.913986,649.4982840520814
C_removed,1,2,162,langevin,0.08533595931148302,0.25600787793444907,0,500.0,0.0017864271029253448,6.671872972992307e-05,10437219122.333036,614.6640406885169
C_removed,1,3,163,null,0.04451562397625479,0.13354687192876435,0,500.0,0.006711452043480052,0.0,10024070924.251661,655.4843760237452
C_removed,1,4,164,langevin,0.0996819313969509,0.2990457941908527,0,500.0,0.0,0.0,10136508419.02419,600.3180686030491
C_removed,1,5,165,null,0.031569388809888736,0.0947081664296662,0,500.0,0.0,0.0,9992704632.651098,668.4306111901112
C_removed,1,6,166,langevin,0.09880306792460682,0.29640920377382046,0,500.0,0.0,0.00013834182678167594,10138783297.621754,601.1969320753932
C_removed,1,7,167,null,0.05411980412346636,0.16235941237039908,0,500.0,0.0,3.175944880677856e-05,9841961464.776932,645.8801958765337
C_removed,1,0,168,langevin,0.09801509612617945,0.2940452883785384,0,500.0,0.0,0.0,9813436202.068106,601.9849038738205
C_removed,1,1,169,null,0.04483042233852569,0.13449126701557707,0,500.0,0.0032963912560876668,0.0,9846886769.675465,655.1695776614744
C_removed,1,2,170,langevin,0.07818453119584136,0.2345535935875241,0,500.0,0.0,0.0,10035749947.314997,621.8154688041586
C_removed,1,3,171,null,0.04822798855100239,0.14468396565300717,0,500.0,0.0,0.00010060620242342156,9712486593.714691,651.7720114489977
C_removed,1,4,172,langevin,0.10660592826610037,0.3198177847983011,0,500.0,0.003798555983681923,0.0,10018593592.937952,593.3940717338996
C_removed,1,5,173,null,0.06239327186216515,0.18717981558649546,0,500.0,0.006880307786954982,1.7094450361193663e-05,9843066997.24863,637.6067281378348
C_removed,1,6,174,langevin,0.10752317820296096,0.3225695346088829,0,500.0,0.0,0.0,10153147609.764431,592.4768217970391
C_removed,1,7,175,null,0.03407545467669129,0.10222636403007387,0,500.0,0.0027154003105595882,0.0,9871818046.038265,665.9245453233087
C_removed,1,0,176,langevin,0.1066237050458814,0.3198711151376442,0,500.0,0.0,6.349264942029186e-05,9960855451.518164,593.3762949541186
C_removed,1,1,177,null,0.042455351212860315,0.12736605363858094,0,500.0,0.0,0.0,10078749271.242085,657.5446487871396
C_removed,1,2,178,langevin,0.09246377206658893,0.27739131619976676,0,500.0,0.00830865751265125,2.8276041604035797e-05,9947140550.38135,607.536227933411
C_removed,1,3,179,null,0.05301363461966531,0.15904090385899594,0,500.0,0.00720359699099008,0.0,10333217442.142735,646.9863653803347
C_removed,1,4,180,langevin,0.0672354506650352,0.2017063519951056,0,500.0,0.0,0.0002571694890821264,10218338697.566195,632.7645493349648
C_removed,1,5,181,null,0.04153912478110156,0.1246173743433047,0,500.0,0.004290602576996801,0.0001359150858253249,10137313778.35847,658.4608752188984
C_removed,1,6,182,langevin,0.1055098289415802,0.3165294868247406,0,500.0,0.0018037887577557823,5.1951316260054716e-05,9771559070.748089,594.4901710584198
C_removed,1,7,183,null,0.03622616082896436,0.10867848248689309,0,500.0,0.0009562066647941543,0.0,10134378699.791096,663.7738391710357
C_removed,1,0,184,langevin,0.08187898103005453,0.2456369430901636,0,500.0,0.005912908107086008,8.939435695467554e-05,9917957891.119776,618.1210189699455
C_removed,1,1,185,null,0.017914968954646778,0.05374490686394033,0,500.0,0.0,5.872802874285138e-08,10409646553.277367,682.0850310453533
C_removed,1,2,186,langevin,0.0838914726372403,0.2516744179117209,0,500.0,0.0029253470466388976,0.0,9467138161.56997,616.1085273627597
C_removed,1,3,187,null,0.05419745796403373,0.16259237389210118,0,500.0,0.0,0.0,10139179526.14958,645.8025420359663
C_removed,1,4,188,langevin,0.0825583818076953,0.24767514542308589,0,500.0,0.014751545593526552,0.0,9839394015.262804,617.4416181923048
C_removed,1,5,189,null,0.04809092473241426,0.14427277419724277,0,500.0,0.0,6.5119488908243e-05,10178104880.707954,651.9090752675858
C_removed,1,6,190,langevin,0.0931559588199731,0.27946787645991933,0,500.0,0.0003338560108594853,0.0,10036673785.81053,606.8440411800269
C_removed,1,7,191,null,0.05739716643924743,0.1721914993177423,0,500.0,0.0006122951645683116,0.0,10337650397.843142,642.6028335607525
C_removed,1,0,192,langevin,0.0736672283958123,0.2210016851874369,0,500.0,0.004417184685941228,0.0,10216990088.192612,626.3327716041877
C_removed,1,1,193,null,0.043971699896144155,0.13191509968843246,0,500.0,0.007481166141626114,0.0001311995743270753,9871870292.526278,656.0283001038558
C_removed,1,2,194,langevin,0.025258111692001435,0.07577433507600431,0,500.0,0.0017554372795716717,0.0,10197319222.833273,674.7418883079986
C_removed,1,3,195,null,0.05174990640201944,0.15524971920605832,0,500.0,0.0,0.0,9830826300.514294,648.2500935979806
C_removed,1,4,196,langevin,0.11300760851837116,0.3390228255551135,0,500.0,0.0048455181704435005,0.0,10065658024.086985,586.9923914816288
C_removed,1,5,197,null,0.05771871866308725,0.17315615598926173,0,500.0,0.0,0.0,10333458183.015142,642.2812813369128
C_removed,1,6,198,langevin,0.07719630451166457,0.2315889135349937,0,500.0,0.0,3.3643293179836035e-06,9809975648.657099,622.8036954883354
C_removed,1,7,199,null,0.03568381457979438,0.10705144373938313,0,500.0,0.0011531267198755235,0.0,10087281711.78173,664.3161854202057
C_removed,2,0,0,langevin,0.1214519317660879,0.3643557952982637,0,500.0,0.0,1.0257382178515418e-05,9893986167.543299,578.5480682339121
C_removed,2,1,1,null,0.058929800604619505,0.17678940181385852,0,500.0,0.00251379607500444,3.9899218066240404e-05,10381648741.250284,641.0701993953805
C_removed,2,2,2,langevin,0.08777252689314509,0.2633175806794353,0,500.0,0.00144263877072847,0.0,9654046361.954634,612.2274731068549
C_removed,2,3,3,null,0.04020033632657092,0.12060100897971276,0,500.0,0.0005971116298934992,0.0,9812411612.18434,659.7996636734291
C_removed,2,4,4,langevin,0.09719591885410393,0.2915877565623118,0,500.0,0.0,0.0,9935707513.33174,602.804081145896
C_removed,2,5,5,null,0.03382896658278459,0.10148689974835379,0,500.0,0.004418158800541312,0.00014531046309018775,10212550445.294813,666.1710334172154
C_removed,2,6,6,langevin,0.11289039057218297,0.3386711717165489,0,500.0,0.0,9.299658912397497e-05,9978330056.737583,587.1096094278171
C_removed,2,7,7,null,0.061106202684631475,0.18331860805389444,0,500.0,0.0,8.43072430898787e-05,10362926207.751932,638.8937973153685
C_removed,2,0,8,langevin,0.09465871677463003,0.2839761503238901,0,500.0,0.0008631259721290784,0.0,10115151444.770271,605.3412832253699
C_removed,2,1,9,null,0.04413508192538227,0.13240524577614682,0,500.0,0.0,6.795564228561576e-05,10344842317.433083,655.8649180746178
C_removed,2,2,10,langevin,0.09082632549302928,0.27247897647908786,0,500.0,0.005720059305641493,0.00012889368882292184,10022170301.614075,609.1736745069707
C_removed,2,3,11,null,0.04569497218273146,0.13708491654819438,0,500.0,0.0,3.0395284235735693e-05,10115239202.160305,654.3050278172685
C_removed,2,4,12,langevin,0.06434376482102687,0.1930312944630806,0,500.0,0.0,0.00011292939114267664,9882124272.527863,635.6562351789731
C_removed,2,5,13,null,0.054625407533750725,0.16387622260125217,0,500.0,0.0022340146651136285,0.0,10193517857.413282,645.3745924662493
C_removed,2,6,14,langevin,0.0954950081983631,0.2864850245950893,0,500.0,8.802223401179341e-05,1.744332077698415e-05,10093934072.794258,604.504991801637
C_removed,2,7,15,null,0.051962037422213364,0.1558861122666401,0,500.0,0.0025689986250004813,7.876127834988744e-05,9915857659.03133,648.0379625777866
C_removed,2,0,16,langevin,0.11263491973624062,0.33790475920872187,0,500.0,0.0,0.0,10277176263.104933,587.3650802637594
C_removed,2,1,17,null,0.0575307016205433,0.1725921048616299,0,500.0,0.0,7.544328879899619e-06,10169261655.850203,642.4692983794567
C_removed,2,2,18,langevin,0.09411183634359782,0.28233550903079346,0,500.0,0.0,0.0,9861072231.981953,605.8881636564022
C_removed,2,3,19,null,0.05342746341235599,0.16028239023706797,0,500.0,0.004737381114397348,4.4132562215181444e-05,10009050844.298468,646.572536587644
C_removed,2,4,20,langevin,0.06704707975594908,0.20114123926784722,0,500.0,0.005757606300131509,0.0,10124477909.936983,632.9529202440509
C_removed,2,5,21,null,0.05314883278037718,0.15944649834113153,0,500.0,0.0019303167136171756,7.348406222078952e-06,10044076567.092424,646.8511672196228
C_removed,2,6,22,langevin,0.09656901704785659,0.28970705114356976,0,500.0,0.0,8.086768989014017e-05,10015766075.97762,603.4309829521434
C_removed,2,7,23,null,0.047532578622809185,0.14259773586842756,0,500.0,0.0,0.0,9969267641.774227,652.4674213771908
C_removed,2,0,24,langevin,0.06980990618426804,0.20942971855280412,0,500.0,0.004879952426896736,0.0,10254233906.455235,630.190093815732
C_removed,2,1,25,null,0.05523055617883263,0.1656916685364979,0,500.0,0.0014106469244369265,0.0,9779311509.342936,644.7694438211673
C_removed,2,2,26,langevin,0.058601718525034666,0.175805155575104,0,500.0,0.0,4.665371465977273e-06,10145435430.600384,641.3982814749653
C_removed,2,3,27,null,0.054097301244178,0.162291903732534,0,500.0,0.005685025796633853,0.00010833416421288283,9872733012.731962,645.902698755822
C_removed,2,4,28,langevin,0.07214737758009251,0.21644213274027754,0,500.0,0.005651248763184275,0.0,10215770690.430788,627.8526224199074
C_removed,2,5,29,null,0.04688717644920845,0.14066152934762535,0,500.0,0.0,5.052009895500072e-05,10057138927.254738,653.1128235507915
C_removed,2,6,30,langevin,0.0667707642778001,0.2003122928334003,0,500.0,0.0,3.414568394706182e-05,10101024341.99704,633.2292357221999
C_removed,2,7,31,null,0.055397589278027,0.166192767834081,0,500.0,0.002423267002193348,0.0,9678996163.057062,644.602410721973
C_removed,2,0,32,langevin,0.08033764031377087,0.2410129209413126,0,500.0,0.0051470105577744105,0.0,9768690733.191084,619.6623596862291
C_removed,2,1,33,null,0.02791941678215641,0.08375825034646923,0,500.0,0.0,2.524592895239396e-05,10102426748.117393,672.0805832178436
C_removed,2,2,34,langevin,0.03959211098060881,0.11877633294182643,0,500.0,0.0,0.0001476566688094532,9586066332.521435,660.4078890193912
C_removed,2,3,35,null,0.06271902287309279,0.1881570686192784,0,500.0,0.006113544303512797,9.236572670884839e-05,10112564294.09405,637.2809771269073
C_removed,2,4,36,langevin,0.0931014056434996,0.2793042169304988,0,500.0,0.003528096056470685,0.00017188160277549573,9792508444.57875,606.8985943565004
C_removed,2,5,37,null,0.02699224634034334,0.08097673902103003,0,500.0,0.0,2.9698819724945602e-05,10218674360.738846,673.0077536596566
C_removed,2,6,38,langevin,0.06866245835880011,0.20598737507640033,0,500.0,0.002479293969761395,2.849911176208257e-05,10247475807.230022,631.3375416411999
C_removed,2,7,39,null,0.054525589754248996,0.163576769262747,0,500.0,0.002465825536551643,0.0,9938162249.767271,645.474410245751
C_removed,2,0,40,langevin,0.10086362780829368,0.30259088342488105,0,500.0,0.0011857050980358765,0.000138537922739856,9888550675.785212,599.1363721917063
C_removed,2,1,41,null,0.05691308145542185,0.17073924436626556,0,500.0,0.0,4.858708849360946e-05,9670061203.215979,643.0869185445781
C_removed,2,2,42,langevin,0.0966686977281558,0.2900060931844674,0,500.0,0.0,0.00012485124206072779,10184646448.136889,603.3313022718442
C_removed,2,3,43,null,0.03943803572568224,0.11831410717704671,0,500.0,0.007693950467166076,0.000157861819662284,10362243424.77915,660.5619642743178
C_removed,2,4,44,langevin,0.10781442346301544,0.3234432703890463,0,500.0,0.0,0.0001525548027721347,9769008881.352707,592.1855765369845
C_removed,2,5,45,null,0.04308048267521854,0.12924144802565563,0,500.0,0.0021265606396335666,0.0,10257671752.111933,656.9195173247815
C_removed,2,6,46,langevin,0.09591903616699016,0.28775710850097047,0,500.0,0.0,0.0,9885043088.145203,604.0809638330098
C_removed,2,7,47,null,0.05545556812090687,0.1663667043627206,0,500.0,0.003685889140043146,0.0,9759170536.18103,644.5444318790932
C_removed,2,0,48,langevin,0.083910576242691,0.25173172872807303,0,500.0,0.0,0.0,10304785903.059456,616.089423757309
C_removed,2,1,49,null,0.04660210129205026,0.13980630387615078,0,500.0,0.002222682544405147,0.0,10206192495.08268,653.3978987079497
C_removed,2,2,50,langevin,0.10246025925747604,0.3073807777724281,0,500.0,0.0,0.0,9934521774.623276,597.5397407425239
C_removed,2,3,51,null,0.05633071437160176,0.1689921431148053,0,500.0,0.0010415909208914352,0.0,10279822467.535275,643.6692856283983
C_removed,2,4,52,langevin,0.08363994929471644,0.25091984788414934,0,500.0,0.002843373243192564,0.00014933397440341416,10115937304.509424,616.3600507052836
C_removed,2,5,53,null,0.055439000086244715,0.16631700025873414,0,500.0,0.0,6.709022526327882e-05,10194625272.990004,644.5609999137553
C_removed,2,6,54,langevin,0.09100266990313637,0.2730080097094091,0,500.0,0.0,0.0,9960847973.324741,608.9973300968636
C_removed,2,7,55,null,0.04918469754341227,0.14755409263023683,0,500.0,0.0,6.248439546030154e-05,9923006357.003109,650.8153024565877
C_removed,2,0,56,langevin,0.10281982840298637,0.3084594852089591,0,500.0,0.0009278162080097219,0.0,10098981310.081718,597.1801715970137
C_removed,2,1,57,null,0.03456902134774728,0.10370706404324184,0,500.0,0.01516912247001383,0.0,9985438902.048428,665.4309786522527
C_removed,2,2,58,langevin,0.11075856746931088,0.33227570240793264,0,500.0,0.0,0.0,9819132552.429243,589.241432530689
C_removed,2,3,59,null,0.05860243440919854,0.1758073032275956,0,500.0,0.0,0.00017275136793231104,10133981301.19825,641.3975655908015
C_removed,2,4,60,langevin,0.08034119105147804,0.24102357315443412,0,500.0,0.005889116765703488,5.4415729163081245e-06,9955632173.285599,619.6588089485219
C_removed,2,5,61,null,0.032528684309220554,0.09758605292766166,0,500.0,0.0,2.897229841131383e-05,9609258637.11758,667.4713156907794
C_removed,2,6,62,langevin,0.05157105721382625,0.15471317164147874,0,500.0,0.0,0.0,9730608874.720568,648.4289427861737
C_removed,2,7,63,null,0.04380172911614568,0.13140518734843704,0,500.0,0.012524779113454476,2.6584997836998087e-06,10346728674.19382,656.1982708838543
C_removed,2,0,64,langevin,0.08451752527121767,0.253552575813653,0,500.0,0.0,0.0,9865596376.93479,615.4824747287823
C_removed,2,1,65,null,0.05011675385739985,0.15035026157219955,0,500.0,0.0032310515938951145,1.418465504206838e-05,9914381034.699907,649.8832461426001
C_removed,2,2,66,langevin,0.06539416328033573,0.1961824898410072,0,500.0,0.0,0.0,9834661400.095697,634.6058367196642
C_removed,2,3,67,null,0.07216095778377737,0.21648287335133212,0,500.0,0.004188618057796493,0.0,9993403952.136166,627.8390422162227
C_removed,2,4,68,langevin,0.08728546592447373,0.2618563977734212,0,500.0,0.0,0.0,10059453332.643995,612.7145340755262
C_removed,2,5,69,null,0.046474129423860096,0.1394223882715803,0,500.0,0.002114346615423178,0.00010508479975318719,9879456914.656973,653.5258705761399
C_removed,2,6,70,langevin,0.08431984391105578,0.2529595317331673,0,500.0,0.0,0.0,9881144501.63446,615.6801560889442
C_removed,2,7,71,null,0.04725708550738462,0.14177125652215386,0,500.0,0.0,0.0,9843485317.065859,652.7429144926153
C_removed,2,0,72,langevin,0.08338758555694396,0.2501627566708319,0,500.0,0.006754724591783946,0.00012231745744133035,9677940629.441097,616.6124144430561
C_removed,2,1,73,null,0.04175653705154723,0.1252696111546417,0,500.0,0.0026400985143708484,0.0,9961090928.435484,658.2434629484528
C_removed,2,2,74,langevin,0.06224730969536788,0.18674192908610365,0,500.0,0.0005688596468255787,0.0,9821069838.647915,637.7526903046321
C_removed,2,3,75,null,0.05088896190018526,0.15266688570055578,0,500.0,0.004914679554498699,4.405640710097297e-05,9766922625.583813,649.1110380998148
C_removed,2,4,76,langevin,0.08624507250181922,0.25873521750545764,0,500.0,0.0036798955435215735,0.00010650094799463222,10230609106.74758,613.7549274981808
C_removed,2,5,77,null,0.05550916633980882,0.16652749901942646,0,500.0,0.0,4.763908233946576e-05,10131757281.714228,644.4908336601911
C_removed,2,6,78,langevin,0.0833389089489178,0.25001672684675336,0,500.0,0.0014751645204173344,0.0,10054202274.57628,616.6610910510822
C_removed,2,7,79,null,0.0405563815742213,0.1216691447226639,0,500.0,0.0,0.0001655361627104458,10038957918.143522,659.4436184257787
C_removed,2,0,80,langevin,0.08724511777270541,0.26173535331811626,0,500.0,0.0,0.0,9756511799.872768,612.7548822272946
C_removed,2,1,81,null,0.041722268119556316,0.12516680435866895,0,500.0,0.0,0.0,9862085249.230782,658.2777318804436
C_removed,2,2,82,langevin,0.08109158427520669,0.24327475282562006,0,500.0,0.0,0.0,10016833453.743893,618.9084157247933
C_removed,2,3,83,null,0.05851449657855223,0.1755434897356567,0,500.0,0.00150333974138647,0.00014656535779536192,9722197446.447554,641.4855034214478
C_removed,2,4,84,langevin,0.10646948939418453,0.3194084681825536,0,500.0,0.0,9.472270143939176e-05,10385769168.516384,593.5305106058155
C_removed,2,5,85,null,0.055673381553070174,0.16702014465921053,0,500.0,0.0019613530122089603,0.0001546987278488355,9900594818.578331,644.3266184469298
C_removed,2,6,86,langevin,0.10171967152417974,0.30515901457253924,0,500.0,0.0018101097973731212,3.582186324711409e-05,9877382974.780584,598.2803284758203
C_removed,2,7,87,null,0.049067542958698196,0.1472026288760946,0,500.0,0.0017091169900688475,0.0,10062119155.834557,650.9324570413019
C_removed,2,0,88,langevin,0.05399711659796159,0.16199134979388477,0,500.0,0.004535604608911103,0.0,10045022732.73918,646.0028834020384
C_removed,2,1,89,null,0.03863782300938345,0.11591346902815033,0,500.0,0.0,0.0,10243818480.37468,661.3621769906166
C_removed,2,2,90,langevin,0.06508911911937601,0.19526735735812803,0,500.0,0.0,0.0,9757197688.165747,634.910880880624
C_removed,2,3,91,null,0.03440920907499449,0.10322762722498348,0,500.0,0.0009410955040044063,2.6755525024160798e-05,10144838406.48046,665.5907909250055
C_removed,2,4,92,langevin,0.09007535723035011,0.27022607169105034,0,500.0,0.0,0.0,10199299379.45785,609.9246427696498
C_removed,2,5,93,null,0.021746740798210863,0.06524022239463259,0,500.0,0.0006533950784991939,6.480333552351703e-05,10226572453.701307,678.2532592017891
C_removed,2,6,94,langevin,0.10808970492205139,0.32426911476615417,0,500.0,0.005194456422166218,0.00018616213451678117,9640187934.852415,591.9102950779486
C_removed,2,7,95,null,0.0422541618861651,0.1267624856584953,0,500.0,0.0015917419944497077,0.0,9846082049.784798,657.7458381138349
C_removed,2,0,96,langevin,0.10437958521493686,0.3131387556448106,0,500.0,0.0,9.714193249380928e-05,10122887230.573503,595.6204147850632
C_removed,2,1,97,null,0.0583675291238771,0.17510258737163129,0,500.0,0.004021185681576681,5.2353969056980824e-05,10132861958.263926,641.6324708761229
C_removed,2,2,98,langevin,0.06426595034993543,0.1927978510498063,0,500.0,0.008238087342986686,0.0,9840269954.30233,635.7340496500645
C_removed,2,3,99,null,0.0506094585836215,0.1518283757508645,0,500.0,0.0,0.00020513127080206168,10469530927.974684,649.3905414163785
C_removed,2,4,100,langevin,0.1053270511139614,0.3159811533418842,0,500.0,0.0,4.672960570536233e-05,10059744879.346773,594.6729488860386
C_removed,2,5,101,null,0.04021381007858522,0.12064143023575566,0,500.0,0.0,4.770442291040463e-05,9908993852.276695,659.7861899214148
C_removed,2,6,102,langevin,0.08179777455222596,0.24539332365667788,0,500.0,0.00043377317773592904,0.0,9945244524.569725,618.202225447774
C_removed,2,7,103,null,0.041737602926508716,0.12521280877952615,0,500.0,0.00833086271671772,2.0459851140970358e-05,10096529057.275137,658.2623970734912
C_removed,2,0,104,langevin,0.08782804206904563,0.2634841262071369,0,500.0,0.00034519153498253165,1.6128938827251548e-05,9993276953.778873,612.1719579309544
C_removed,2,1,105,null,0.023644653512307733,0.07093396053692319,0,500.0,0.0005742489515524936,0.0,9956831054.481112,676.3553464876923
C_removed,2,2,106,langevin,0.06428748575101406,0.19286245725304219,0,500.0,0.0,8.353478525905046e-06,9923967870.664095,635.7125142489859
C_removed,2,3,107,null,0.04705912543101316,0.1411773762930395,0,500.0,0.0015220091693957211,6.629756611366489e-06,10037160948.27805,652.9408745689868
C_removed,2,4,108,langevin,0.07140822662432791,0.21422467987298374,0,500.0,0.0,6.98519304786597e-05,9980143229.039726,628.5917733756721
C_removed,2,5,109,null,0.05287536862171962,0.15862610586515885,0,500.0,0.0006894588338810302,0.00010805533099610274,9823070184.625658,647.1246313782804
C_removed,2,6,110,langevin,0.08868730433268043,0.2660619129980413,0,500.0,0.0045455375467264025,0.0,10044935228.648476,611.3126956673195
C_removed,2,7,111,null,0.050226042998338466,0.1506781289950154,0,500.0,0.0,9.890481641230239e-05,10083225627.070011,649.7739570016615
C_removed,2,0,112,langevin,0.07844120393100204,0.23532361179300612,0,500.0,0.004497963735348877,4.415164496716557e-05,10570852085.46212,621.5587960689979
C_removed,2,1,113,null,0.029392845863820113,0.08817853759146034,0,500.0,0.00113420318208771,1.9271609702731783e-06,10011334415.291126,670.6071541361799
C_removed,2,2,114,langevin,0.04323607399573236,0.12970822198719706,0,500.0,0.0007183873142633878,0.0,10149386780.918482,656.7639260042677
C_removed,2,3,115,null,0.03422515669604326,0.10267547008812977,0,500.0,0.008583815543376953,0.0,9908955735.595005,665.7748433039567
C_removed,2,4,116,langevin,0.08829784014833139,0.26489352044499415,0,500.0,0.0,0.0,10117432094.737612,611.7021598516686
C_removed,2,5,117,null,0.04235756791698372,0.12707270375095114,0,500.0,0.0004178867003422241,0.0,9728206770.201035,657.6424320830163
C_removed,2,6,118,langevin,0.04768093059102573,0.1430427917730772,0,500.0,0.008023747858094002,0.0,10245076832.154606,652.3190694089743
C_removed,2,7,119,null,0.042196778154761375,0.12659033446428414,0,500.0,0.00490091491689103,0.0,9896580868.114271,657.8032218452386
C_removed,2,0,120,langevin,0.07757655621666472,0.23272966864999417,0,500.0,9.296766098244511e-05,0.0,9982403153.520573,622.4234437833353
C_removed,2,1,121,null,0.03447069943984585,0.10341209831953754,0,500.0,0.0,0.0,9903047999.567173,665.5293005601542
C_removed,2,2,122,langevin,0.07854963878787481,0.23564891636362445,0,500.0,0.004868868096442357,0.00010121394561996545,10327883366.402813,621.4503612121252
C_removed,2,3,123,null,0.03757254190041342,0.11271762570124025,0,500.0,0.0,0.0,9898050000.37297,662.4274580995866
C_removed,2,4,124,langevin,0.0924206875479961,0.2772620626439883,0,500.0,0.00338164193479376,0.0,10021150160.27425,607.5793124520039
C_removed,2,5,125,null,0.058769979229231446,0.17630993768769435,0,500.0,0.0,0.00010653739644223288,10000154251.016304,641.2300207707685
C_removed,2,6,126,langevin,0.09092623952829708,0.2727787185848912,0,500.0,0.009158401189978184,0.0,10075519849.66739,609.0737604717029
C_removed,2,7,127,null,0.059563824889144606,0.17869147466743382,0,500.0,0.0008625084411677834,0.00013478285455141784,10512758004.818663,640.4361751108554
C_removed,2,0,128,langevin,0.11075768000307468,0.33227304000922403,0,500.0,2.161660863602978e-05,0.0,10055309627.407143,589.2423199969253
C_removed,2,1,129,null,0.040508799603962885,0.12152639881188865,0,500.0,0.0,7.955790459100294e-05,10145138655.814322,659.4912003960371
C_removed,2,2,130,langevin,0.050826373146699994,0.15247911944009998,0,500.0,0.0,0.0,10145398734.998695,649.1736268533
C_removed,2,3,131,null,0.050674728941678376,0.15202418682503513,0,500.0,0.005065936855551241,5.897755446946114e-06,10120166288.745464,649.3252710583216
C_removed,2,4,132,langevin,0.09716685685960681,0.29150057057882045,0,500.0,0.00019867010450786213,9.557869867986026e-05,9662326838.87781,602.8331431403932
C_removed,2,5,133,null,0.05758395070889077,0.1727518521266723,0,500.0,0.0,0.0,10062905865.4875,642.4160492911092
C_removed,2,6,134,langevin,0.08568823858164527,0.25706471574493583,0,500.0,0.0,9.611653913543558e-06,9577800333.792746,614.3117614183548
C_removed,2,7,135,null,0.043579744129701746,0.13073923238910523,0,500.0,0.0,0.0001511647171019936,9946088358.583183,656.4202558702982
C_removed,2,0,136,langevin,0.0674933871069818,0.2024801613209454,0,500.0,0.0,0.0,9999899744.067923,632.5066128930182
C_removed,2,1,137,null,0.048031074604388546,0.14409322381316564,0,500.0,0.008003489157601578,0.0,10115218850.344767,651.9689253956114
C_removed,2,2,138,langevin,0.05407551723133369,0.16222655169400108,0,500.0,0.0,0.00011061893841033691,10239768909.657581,645.9244827686663
C_removed,2,3,139,null,0.05492563867163886,0.1647769160149166,0,500.0,0.0,9.471610572310218e-05,10299758928.536179,645.0743613283612
C_removed,2,4,140,langevin,0.054690074503841425,0.16407022351152428,0,500.0,0.0,1.0182531220558017e-05,10052358575.271738,645.3099254961586
C_removed,2,5,141,null,0.04929106907929491,0.14787320723788472,0,500.0,0.0,0.0,10107814172.18954,650.7089309207051
C_removed,2,6,142,langevin,0.0677354777464978,0.2032064332394934,0,500.0,0.0,4.871680455023882e-05,10094133612.15981,632.2645222535023
C_removed,2,7,143,null,0.055444352745375375,0.16633305823612612,0,500.0,0.004689699035164639,7.231069779105479e-05,10306789516.02368,644.5556472546247
C_removed,2,0,144,langevin,0.056234206465606465,0.1687026193968194,0,500.0,0.0012686868486773309,2.5338716147475787e-05,9965920931.712845,643.7657935343935
C_removed,2,1,145,null,0.04619149787724257,0.1385744936317277,0,500.0,0.0021118225404297072,0.0,10412702316.009232,653.8085021227574
C_removed,2,2,146,langevin,0.12221958521632675,0.36665875564898026,0,500.0,0.0,0.00010921055102200006,10180724557.015127,577.7804147836732
C_removed,2,3,147,null,0.04903691059633769,0.14711073178901307,0,500.0,0.0,5.8469544292708146e-05,10046994405.02958,650.9630894036623
C_removed,2,4,148,langevin,0.07273404716512995,0.21820214149538986,0,500.0,0.0047290664541040075,2.4899615941446945e-05,10235842532.373123,627.2659528348701
C_removed,2,5,149,null,0.032494623075728715,0.09748386922718615,0,500.0,0.0,0.0,9932360786.821804,667.5053769242713
C_removed,2,6,150,langevin,0.060356371342420403,0.18106911402726122,0,500.0,0.003137039551001776,0.00010477847505733454,10030746146.45634,639.6436286575796
C_removed,2,7,151,null,0.05602248267678453,0.1680674480303536,0,500.0,0.0,0.0,10280615962.244312,643.9775173232155
C_removed,2,0,152,langevin,0.10218711768405442,0.30656135305216325,0,500.0,0.003843133263455036,0.0,10210815223.366816,597.8128823159456
C_removed,2,1,153,null,0.05281345368730133,0.15844036106190398,0,500.0,0.013164366572482017,0.0,9769205502.433418,647.1865463126986
C_removed,2,2,154,langevin,0.09936203167861475,0.29808609503584427,0,500.0,0.003904928708207768,3.6720821890835955e-05,9973369210.310028,600.6379683213852
C_removed,2,3,155,null,0.03902457605081339,0.11707372815244016,0,500.0,0.008319873842011747,0.00011665206103122213,10076695687.002792,660.9754239491866
C_removed,2,4,156,langevin,0.09078839938392583,0.2723651981517775,0,500.0,0.008611285333972008,0.0,9782355111.707323,609.2116006160742
C_removed,2,5,157,null,0.044914087945878936,0.13474226383763682,0,500.0,0.0,9.091862952278999e-05,10149158682.538544,655.0859120541211
C_removed,2,6,158,langevin,0.09690513356370117,0.2907154006911035,0,500.0,0.0,0.0,10091202915.693281,603.0948664362988
C_removed,2,7,159,null,0.0234802114208675,0.0704406342626025,0,500.0,0.0,0.0,9732049123.22561,676.5197885791325
C_removed,2,0,160,langevin,0.08245514708150564,0.24736544124451693,0,500.0,0.0,6.810873937815268e-05,9983882150.197071,617.5448529184944
C_removed,2,1,161,null,0.027910333961933605,0.08373100188580082,0,500.0,0.0,0.0001851099284831649,10062890465.455421,672.0896660380664
C_removed,2,2,162,langevin,0.09029599799950085,0.27088799399850255,0,500.0,0.0,0.0,10264781758.445206,609.7040020004991
C_removed,2,3,163,null,0.03280816120493393,0.0984244836148018,0,500.0,0.0,0.0,9824425689.372452,667.191838795066
C_removed,2,4,164,langevin,0.0706856016591305,0.2120568049773915,0,500.0,0.0,0.0,10303784819.342632,629.3143983408695
C_removed,2,5,165,null,0.046071318538551516,0.13821395561565455,0,500.0,0.0048492958377114575,0.0,9887582934.41568,653.9286814614485
C_removed,2,6,166,langevin,0.06884333407207706,0.2065300022162312,0,500.0,0.0,0.0,9713817159.32416,631.156665927923
C_removed,2,7,167,null,0.03263097160833464,0.09789291482500392,0,500.0,0.0,2.726922794834607e-05,9838208730.612541,667.3690283916653
C_removed,2,0,168,langevin,0.08424106207716794,0.2527231862315038,0,500.0,0.005828532151806427,0.00014199715686603163,10177728976.066545,615.758937922832
C_removed,2,1,169,null,0.042110495903055094,0.12633148770916527,0,500.0,0.006255820163034602,0.0,9937102887.22228,657.8895040969448
C_removed,2,2,170,langevin,0.10058690447661076,0.30176071342983224,0,500.0,0.001807494589034416,4.906088148117414e-05,9833508573.84843,599.4130955233893
C_removed,2,3,171,null,0.0426506100243991,0.1279518300731973,0,500.0,0.0015672765912701035,5.20820853523056e-05,10110771028.252636,657.3493899756008
C_removed,2,4,172,langevin,0.04632355213493187,0.1389706564047956,0,500.0,0.0111552205159878,7.993785460072323e-05,9837429793.371416,653.6764478650681
C_removed,2,5,173,null,0.05862335503711796,0.17587006511135386,0,500.0,0.0,0.0,10329337931.461874,641.3766449628821
C_removed,2,6,174,langevin,0.059799619530980265,0.1793988585929408,0,500.0,0.0,0.0,9888448540.761255,640.2003804690197
C_removed,2,7,175,null,0.08138380561264189,0.24415141683792566,0,500.0,0.0,0.0,10038471405.460014,618.6161943873581
C_removed,2,0,176,langevin,0.09704362540216106,0.2911308762064832,0,500.0,0.006394002085793262,0.0,10396162276.628246,602.9563745978389
C_removed,2,1,177,null,0.047986892677117664,0.14396067803135298,0,500.0,0.0,0.0,10102567407.411074,652.0131073228823
C_removed,2,2,178,langevin,0.08261368982120766,0.247841069463623,0,500.0,0.0,1.853780175832752e-05,10473177571.332672,617.3863101787923
C_removed,2,3,179,null,0.06191641179862144,0.1857492353958643,0,500.0,0.0,0.0,10206626991.667822,638.0835882013786
C_removed,2,4,180,langevin,0.0611515431432013,0.1834546294296039,0,500.0,0.0,0.0,9739572280.823807,638.8484568567987
C_removed,2,5,181,null,0.0295264626432141,0.0885793879296423,0,500.0,0.0,0.0,9931684070.700096,670.4735373567859
C_removed,2,6,182,langevin,0.08876648401388632,0.26629945204165895,0,500.0,0.0,0.0,9812673402.80121,611.2335159861137
C_removed,2,7,183,null,0.05493953669142061,0.16481861007426185,0,500.0,0.0,0.0,10082710864.874447,645.0604633085794
C_removed,2,0,184,langevin,0.06277660536317961,0.18832981608953883,0,500.0,0.0,2.439375495545503e-05,9971677612.49849,637.2233946368203
C_removed,2,1,185,null,0.03943922379163393,0.11831767137490179,0,500.0,0.0,0.00010710993330166618,10065980039.871778,660.5607762083661
C_removed,2,2,186,langevin,0.0676512095039278,0.20295362851178342,0,500.0,0.0,0.00015906209644024993,9955055890.310928,632.3487904960722
C_removed,2,3,187,null,0.049551915699545854,0.14865574709863755,0,500.0,0.0015618056072171829,0.0,10035741425.094854,650.4480843004542
C_removed,2,4,188,langevin,0.06290591824102755,0.18871775472308266,0,500.0,0.0,0.00011744622959842264,9970535826.574629,637.0940817589725
C_removed,2,5,189,null,0.06273423416087891,0.1882027024826367,0,500.0,0.0011205920222049292,5.375222610002975e-05,10029328619.747385,637.2657658391211
C_removed,2,6,190,langevin,0.06445600367376779,0.19336801102130335,0,500.0,0.005470520028820484,0.0001439161683945883,10066266032.638033,635.5439963262322
C_removed,2,7,191,null,0.04603322651180102,0.13809967953540306,0,500.0,0.0,5.25447798999474e-05,10219609778.077034,653.966773488199
C_removed,2,0,192,langevin,0.1003055330042602,0.3009165990127806,0,500.0,0.0014631379563540127,5.3337225720246465e-06,10033776785.72177,599.6944669957397
C_removed,2,1,193,null,0.0442605219109137,0.1327815657327411,0,500.0,0.0,0.00020489278842918305,9842159444.597652,655.7394780890863
C_removed,2,2,194,langevin,0.06315264812318329,0.18945794436954988,0,500.0,0.007245296207800232,5.201442859518454e-05,10113164739.704538,636.8473518768167
C_removed,2,3,195,null,0.0400830391249642,0.1202491173748926,0,500.0,4.184759045091909e-05,7.991067617711469e-05,10557698691.408154,659.9169608750358
C_removed,2,4,196,langevin,0.09283142017083286,0.2784942605124986,0,500.0,0.0007999379791593061,6.903149576890733e-05,10013985062.979033,607.1685798291671
C_removed,2,5,197,null,0.03728994514954927,0.1118698354486478,0,500.0,0.0,5.166682283361024e-05,9712667846.739006,662.7100548504508
C_removed,2,6,198,langevin,0.10581987850422192,0.31745963551266576,0,500.0,0.0,0.0,9759629762.291138,594.180121495778
C_removed,2,7,199,null,0.03372413214583335,0.10117239643750005,0,500.0,0.0,2.7531497741108296e-05,9895515786.942558,666.2758678541667
C_removed,3,0,0,langevin,0.06752424749380932,0.20257274248142798,0,500.0,0.002316560239257041,3.4466039687431975e-05,10084242489.637375,632.4757525061907
C_removed,3,1,1,null,0.031435810471677164,0.09430743141503149,0,500.0,0.0,0.0,10129741630.081348,668.5641895283228
C_removed,3,2,2,langevin,0.02535999537718482,0.07607998613155446,0,500.0,0.007315870499147199,0.0,9857893478.203152,674.6400046228151
C_removed,3,3,3,null,0.04454639987799793,0.1336391996339938,0,500.0,0.0,0.0,10064572514.112068,655.4536001220021
C_removed,3,4,4,langevin,0.08979881922226092,0.2693964576667828,0,500.0,0.0,0.0001543971004212046,9725710227.028345,610.2011807777391
C_removed,3,5,5,null,0.051999917322028966,0.1559997519660869,0,500.0,0.0010066171988398246,0.0,10161054529.442225,648.000082677971
C_removed,3,6,6,langevin,0.10446239334324564,0.3133871800297369,0,500.0,0.0,5.419789425889493e-05,9970567784.954103,595.5376066567544
C_removed,3,7,7,null,0.0451573592686828,0.1354720778060484,0,500.0,0.0,5.643811488397708e-05,10224826404.472609,654.8426407313173
C_removed,3,0,8,langevin,0.08390606888655429,0.2517182066596629,0,500.0,0.0,0.0,10054747940.365921,616.0939311134457
C_removed,3,1,9,null,0.04049841462094844,0.12149524386284533,0,500.0,0.0,0.0,9692257255.314194,659.5015853790516
C_removed,3,2,10,langevin,0.07896851285610322,0.23690553856830965,0,500.0,0.008946301867978994,0.0001277961661894395,9943865363.03024,621.0314871438968
C_removed,3,3,11,null,0.040440017451666276,0.12132005235499882,0,500.0,0.0044383272819289825,6.340215593204871e-05,10243263014.075712,659.5599825483337
C_removed,3,4,12,langevin,0.08712093683560554,0.26136281050681665,0,500.0,0.0,5.494080961373394e-05,10342817299.305735,612.8790631643944
C_removed,3,5,13,null,0.04580638465299432,0.13741915395898296,0,500.0,0.0101335095894743,0.0,9932890919.304672,654.1936153470057
C_removed,3,6,14,langevin,0.08325470998366818,0.24976412995100455,0,500.0,0.0,8.933460440918514e-05,10058592178.567827,616.7452900163319
C_removed,3,7,15,null,0.050197335864032855,0.15059200759209856,0,500.0,0.007389270020132983,0.0,9938543341.225788,649.8026641359671
C_removed,3,0,16,langevin,0.11855638112862271,0.35566914338586814,0,500.0,0.0,0.0,9826932439.54481,581.4436188713773
C_removed,3,1,17,null,0.030231462148672318,0.09069438644601696,0,500.0,0.0,2.284003802819511e-05,10061005454.035376,669.7685378513277
C_removed,3,2,18,langevin,0.09373569814053702,0.28120709442161107,0,500.0,0.0,7.828660934309424e-05,10216159818.893915,606.264301859463
C_removed,3,3,19,null,0.027522192373197186,0.08256657711959156,0,500.0,0.0,4.358584988910191e-05,9759016521.615742,672.4778076268028
C_removed,3,4,20,langevin,0.10009805684578302,0.3002941705373491,0,500.0,0.0,0.0,10021160713.759739,599.901943154217
C_removed,3,5,21,null,0.06845716755210905,0.20537150265632714,0,500.0,0.0,0.0,9843569673.466875,631.542832447891
C_removed,3,6,22,langevin,0.08988404984552698,0.2696521495365809,0,500.0,0.0,0.0,10084540260.781935,610.115950154473
C_removed,3,7,23,null,0.0401999465023116,0.12059983950693481,0,500.0,0.0,4.7950909265256275e-05,9984944242.739426,659.8000534976884
C_removed,3,0,24,langevin,0.07333215477439961,0.21999646432319883,0,500.0,0.0,3.811980473766949e-05,10018199261.797468,626.6678452256003
C_removed,3,1,25,null,0.04124306703584839,0.12372920110754516,0,500.0,0.0,0.0,9798658966.192038,658.7569329641516
C_removed,3,2,26,langevin,0.11371348024972798,0.3411404407491839,0,500.0,0.002924357556217666,0.00019655647474544065,9648847029.339188,586.286519750272
C_removed,3,3,27,null,0.025319428727845407,0.07595828618353623,0,500.0,0.0012646675243147413,0.0,9899119470.616186,674.6805712721546
C_removed,3,4,28,langevin,0.06628644523130234,0.198859335693907,0,500.0,0.0,0.0,10480369685.254448,633.7135547686977
C_removed,3,5,29,null,0.03915336224574257,0.11746008673722771,0,500.0,0.0,9.105156299947371e-05,9959042154.562782,660.8466377542575
C_removed,3,6,30,langevin,0.08529243951663583,0.2558773185499075,0,500.0,0.0034262195706254656,7.534766828501452e-05,10104393642.798523,614.7075604833642
C_removed,3,7,31,null,0.05522068950103041,0.16566206850309123,0,500.0,0.005574873143803124,1.4817366653349523e-05,10115100648.49919,644.7793104989696
C_removed,3,0,32,langevin,0.06953583154194734,0.20860749462584202,0,500.0,0.004225562084637068,0.0,9731585848.111334,630.4641684580527
C_removed,3,1,33,null,0.035375429251532586,0.10612628775459776,0,500.0,0.0027874147724446623,0.0,9947508596.39724,664.6245707484674
C_removed,3,2,34,langevin,0.10545580938489826,0.31636742815469476,0,500.0,0.00851452974150637,0.0002248629851178216,10238364797.184797,594.5441906151018
C_removed,3,3,35,null,0.051560612702993,0.154681838108979,0,500.0,0.0031064457395258587,0.0,10051354664.712393,648.439387297007
C_removed,3,4,36,langevin,0.07916137440433649,0.23748412321300946,0,500.0,0.005798183146177765,6.466282327036716e-05,9835846918.663616,620.8386255956635
C_removed,3,5,37,null,0.04114263276832495,0.12342789830497486,0,500.0,0.003227175550260834,2.7775418221578968e-05,9897811459.268932,658.8573672316751
C_removed,3,6,38,langevin,0.09822870662293152,0.29468611986879456,0,500.0,0.0,6.479506400454204e-05,9844734847.446999,601.7712933770684
C_removed,3,7,39,null,0.027775747288568492,0.08332724186570548,0,500.0,0.0,0.00011822618264024905,9695129266.993517,672.2242527114315
C_removed,3,0,40,langevin,0.076501370067992,0.229504110203976,0,500.0,0.00015005840402238635,0.0,9922385900.711874,623.498629932008
C_removed,3,1,41,null,0.04210066733638305,0.12630200200914915,0,500.0,0.0010886164685934108,0.00014670098102341118,9457035804.707668,657.899332663617
C_removed,3,2,42,langevin,0.0845125295356227,0.2535375886068681,0,500.0,0.004476303073998973,0.0,10127201067.929176,615.4874704643773
C_removed,3,3,43,null,0.05389651836030494,0.16168955508091482,0,500.0,0.0,2.588969178021441e-05,9883524617.093449,646.103481639695
C_removed,3,4,44,langevin,0.054630410941782004,0.163891232825346,0,500.0,0.0,0.0,10186825089.540995,645.369589058218
C_removed,3,5,45,null,0.03628796973321707,0.1088639091996512,0,500.0,0.003327762512931428,8.909152816281264e-05,10238071129.045351,663.7120302667829
C_removed,3,6,46,langevin,0.08020482410524356,0.2406144723157307,0,500.0,0.002570799014664369,0.0,9799097728.80875,619.7951758947564
C_removed,3,7,47,null,0.06074960433853277,0.1822488130155983,0,500.0,0.00536647783734501,0.0,9829656025.757105,639.2503956614672
C_removed,3,0,48,langevin,0.11349161130536983,0.3404748339161095,0,500.0,0.0015396149170443568,0.00011829611479152471,10300314057.579948,586.5083886946302
C_removed,3,1,49,null,0.041745497800475706,0.12523649340142712,0,500.0,0.004636973751216054,0.0,9995660117.039095,658.2545021995243
C_removed,3,2,50,langevin,0.09538800524748299,0.286164015742449,0,500.0,0.006970378199997121,2.8207810515887033e-06,10110061949.84943,604.611994752517
C_removed,3,3,51,null,0.034237031208155105,0.10271109362446532,0,500.0,0.004667538943239806,0.0,9932663890.447819,665.7629687918449
C_removed,3,4,52,langevin,0.07657934547794357,0.2297380364338307,0,500.0,0.0,0.0,9939613742.392921,623.4206545220565
C_removed,3,5,53,null,0.053751512959271004,0.16125453887781302,0,500.0,0.0031856762249473604,3.4956726414817474e-05,10073853103.866339,646.248487040729
C_removed,3,6,54,langevin,0.08713995331079726,0.26141985993239175,0,500.0,0.0,0.0,9956912894.494072,612.8600466892027
C_removed,3,7,55,null,0.05153393068545918,0.15460179205637753,0,500.0,0.001592371742140859,5.517203362313642e-05,9768265087.748089,648.4660693145408
C_removed,3,0,56,langevin,0.110759025062301,0.33227707518690297,0,500.0,0.0,0.0,10006981617.4483,589.240974937699
C_removed,3,1,57,null,0.04615490843027647,0.1384647252908294,0,500.0,0.0,0.00014565460691433216,9889044874.969429,653.8450915697235
C_removed,3,2,58,langevin,0.06956148907983903,0.20868446723951709,0,500.0,0.0,0.000128488081619067,9926057639.095886,630.438510920161
C_removed,3,3,59,null,0.038742205000177846,0.11622661500053354,0,500.0,0.0,0.0,9890491877.454847,661.2577949998222
C_removed,3,4,60,langevin,0.08638330406792004,0.2591499122037601,0,500.0,0.004436133993212769,0.00010840957408830467,9847309420.393211,613.61669593208
C_removed,3,5,61,null,0.04531747147989013,0.1359524144396704,0,500.0,0.00745943628242366,6.173847114007007e-05,10163197425.12215,654.6825285201098
C_removed,3,6,62,langevin,0.10479547643326785,0.31438642929980354,0,500.0,0.0027811692622579315,1.1517447065344028e-05,10507328824.2864,595.2045235667322
C_removed,3,7,63,null,0.027508198932075536,0.0825245967962266,0,500.0,0.0013548042482505484,7.107438213949278e-05,10034253706.921358,672.4918010679245
C_removed,3,0,64,langevin,0.08061810539271962,0.24185431617815883,0,500.0,0.0,0.00011569945879815653,9656967012.469048,619.3818946072804
C_removed,3,1,65,null,0.03146094578799828,0.09438283736399485,0,500.0,0.0,0.0,9900369721.783693,668.5390542120017
C_removed,3,2,66,langevin,0.08723625658854635,0.26170876976563906,0,500.0,0.0051362992993471334,0.0,10016114712.77132,612.7637434114537
C_removed,3,3,67,null,0.06647120000431955,0.19941360001295866,0,500.0,0.004117882023402451,0.0,10158058147.670551,633.5287999956804
C_removed,3,4,68,langevin,0.08203031813313184,0.24609095439939555,0,500.0,0.000527874045026316,4.071493823678311e-05,10177836598.475075,617.9696818668682
C_removed,3,5,69,null,0.0470452873074254,0.1411358619222762,0,500.0,0.005257825721031245,4.139941162528547e-05,10189703466.393969,652.9547126925746
C_removed,3,6,70,langevin,0.09161036482964281,0.27483109448892845,0,500.0,0.0,0.0,10386336031.01205,608.3896351703572
C_removed,3,7,71,null,0.034393919846600854,0.10318175953980256,0,500.0,0.0,0.00010853602578873134,10232581198.600979,665.6060801533991
C_removed,3,0,72,langevin,0.07667341696177934,0.23002025088533803,0,500.0,0.006671773659542802,0.0,9934250064.341097,623.3265830382206
C_removed,3,1,73,null,0.028809402251238313,0.08642820675371493,0,500.0,0.010439890090063068,1.7190194839303294e-05,10155264144.173975,671.1905977487617
C_removed,3,2,74,langevin,0.04853668936595617,0.1456100680978685,0,500.0,0.0027555705269732035,0.0,9879461661.882097,651.4633106340439
C_removed,3,3,75,null,0.051388200914885634,0.1541646027446569,0,500.0,0.007532769215075429,0.00016770682674538233,10008811364.862661,648.6117990851144
C_removed,3,4,76,langevin,0.0548565989944506,0.16456979698335178,0,500.0,0.002299446347494825,0.0,10162185052.252659,645.1434010055494
C_removed,3,5,77,null,0.049497779673029506,0.1484933390190885,0,500.0,0.009175068531421134,7.327305635895949e-05,9991161731.815105,650.5022203269705
C_removed,3,6,78,langevin,0.09041117299202675,0.2712335189760803,0,500.0,0.0,0.0,9902433038.25261,609.5888270079732
C_removed,3,7,79,null,0.04159120172787249,0.12477360518361748,0,500.0,0.0,1.2640223134589188e-05,9719965567.26704,658.4087982721275
C_removed,3,0,80,langevin,0.07147005287607688,0.21441015862823065,0,500.0,0.003317699880189869,0.0,9810823457.273092,628.5299471239231
C_removed,3,1,81,null,0.06365629968275105,0.19096889904825315,0,500.0,0.0,0.0001815002255187489,9998992181.091219,636.3437003172489
C_removed,3,2,82,langevin,0.09053199474529905,0.27159598423589715,0,500.0,0.004732486135877065,0.0,9856116658.471989,609.468005254701
C_removed,3,3,83,null,0.04486143100394825,0.13458429301184477,0,500.0,2.3967202874152217e-05,8.19126704760047e-05,9918268299.744434,655.1385689960517
C_removed,3,4,84,langevin,0.06731674140114915,0.20195022420344746,0,500.0,0.0014795709407648089,0.0,9828807346.76182,632.6832585988509
C_removed,3,5,85,null,0.04706433747029022,0.14119301241087068,0,500.0,0.0,0.0,10183005268.070637,652.9356625297098
C_removed,3,6,86,langevin,0.07566611856624292,0.22699835569872875,0,500.0,0.0,0.0,10207160116.065493,624.3338814337571
C_removed,3,7,87,null,0.04368094964440481,0.13104284893321444,0,500.0,0.0,2.5163446176694545e-05,9872987882.55628,656.3190503555952
C_removed,3,0,88,langevin,0.07277332825556729,0.21831998476670186,0,500.0,0.0020414277634367827,0.0,10366711907.236095,627.2266717444327
C_removed,3,1,89,null,0.015017614408020501,0.0450528432240615,0,500.0,0.0,9.159391454247482e-05,10071950840.894993,684.9823855919796
C_removed,3,2,90,langevin,0.11724923258950808,0.3517476977685242,0,500.0,0.003405405070625581,0.00011600093608213265,10142602523.23644,582.7507674104919
C_removed,3,3,91,null,0.04155464559556766,0.12466393678670298,0,500.0,0.0,0.0,10094489329.186575,658.4453544044324
C_removed,3,4,92,langevin,0.08506681710188915,0.2552004513056675,0,500.0,0.0,9.905470014553854e-05,9924535421.879618,614.9331828981109
C_removed,3,5,93,null,0.03280959326017228,0.09842877978051684,0,500.0,0.0005649244225831745,0.0,9773480518.960842,667.1904067398277
C_removed,3,6,94,langevin,0.060733339451687934,0.1822000183550638,0,500.0,0.0010368670795431638,0.00017987598455191815,9512853138.727081,639.2666605483121
C_removed,3,7,95,null,0.017217514322786835,0.051652542968360506,0,500.0,0.0,0.0,10166876643.792955,682.7824856772131
C_removed,3,0,96,langevin,0.0475452758874142,0.14263582766224261,0,500.0,0.0015392219585180467,3.7314402803090045e-05,10187349133.301294,652.4547241125858
C_removed,3,1,97,null,0.03683897293429463,0.11051691880288389,0,500.0,0.0,0.0,9904479817.890343,663.1610270657054
C_removed,3,2,98,langevin,0.0700649252641173,0.2101947757923519,0,500.0,0.0,7.695286510820845e-05,9960900180.206444,629.9350747358827
C_removed,3,3,99,null,0.041703415742900325,0.12511024722870098,0,500.0,0.0032990707016678175,0.0,10058688351.351109,658.2965842570997
C_removed,3,4,100,langevin,0.05115631891708174,0.15346895675124522,0,500.0,0.000765860722894648,1.1235629143420876e-05,9888431962.892103,648.8436810829182
C_removed,3,5,101,null,0.038018145578121755,0.11405443673436527,0,500.0,0.0,0.00012325001578432067,9987145513.687239,661.9818544218782
C_removed,3,6,102,langevin,0.0667516118446051,0.2002548355338153,0,500.0,0.0,0.0,10055362220.036467,633.2483881553949
C_removed,3,7,103,null,0.04544239554527994,0.13632718663583981,0,500.0,0.0,0.0,10063038387.636093,654.55760445472
C_removed,3,0,104,langevin,0.05752925625583005,0.17258776876749016,0,500.0,0.007455540777465912,1.734548979603017e-05,9901449254.4344,642.4707437441699
C_removed,3,1,105,null,0.04637209716705266,0.13911629150115798,0,500.0,0.0,5.8397327843114035e-05,9889563891.112537,653.6279028329474
C_removed,3,2,106,langevin,0.09880390296942829,0.29641170890828483,0,500.0,0.00454069308040553,0.0,10296917448.08271,601.1960970305718
C_removed,3,3,107,null,0.040409214085501466,0.1212276422565044,0,500.0,0.0,0.00010837387406993462,10197877927.566599,659.5907859144985
C_removed,3,4,108,langevin,0.06766502236104141,0.20299506708312423,0,500.0,0.001097262127197193,0.0,9825544023.776718,632.3349776389585
C_removed,3,5,109,null,0.036312014057513144,0.10893604217253944,0,500.0,0.002103597669788231,0.0,10053172772.890692,663.6879859424869
C_removed,3,6,110,langevin,0.06407628244939956,0.19222884734819867,0,500.0,0.0,0.00012399575485354372,10091832143.700918,635.9237175506005
C_removed,3,7,111,null,0.03948089755570664,0.11844269266711993,0,500.0,0.008896222594359295,0.0,10013288842.37021,660.5191024442934
C_removed,3,0,112,langevin,0.09832534805570406,0.2949760441671122,0,500.0,0.0,4.868798065173081e-05,9954586782.603119,601.674651944296
C_removed,3,1,113,null,0.0611451993026697,0.1834355979080091,0,500.0,0.004395838605955402,5.6560177403040995e-05,9707396112.424086,638.8548006973303
C_removed,3,2,114,langevin,0.07419112730226776,0.22257338190680329,0,500.0,0.00826540659880087,8.072033558721398e-05,9863287280.608185,625.8088726977322
C_removed,3,3,115,null,0.04110921935654334,0.12332765806963002,0,500.0,0.0,1.3414301048241354e-05,9805231075.13068,658.8907806434567
C_removed,3,4,116,langevin,0.051177773621819814,0.15353332086545946,0,500.0,0.0,7.728522137124093e-05,9696032663.258636,648.8222263781802
C_removed,3,5,117,null,0.012574838679535277,0.037724516038605826,0,500.0,0.010559250791300337,0.0,9909850193.986856,687.4251613204647
C_removed,3,6,118,langevin,0.05633283462032898,0.16899850386098694,0,500.0,0.0057177922124334955,6.764799112222628e-05,10149294533.19259,643.667165379671
C_removed,3,7,119,null,0.048374748054027444,0.14512424416208233,0,500.0,0.00446987668141126,4.219039104027762e-05,9965270932.95194,651.6252519459725
C_removed,3,0,120,langevin,0.09935123429304596,0.2980537028791379,0,500.0,0.001189114442091719,0.0,10070117997.321762,600.648765706954
C_removed,3,1,121,null,0.022272209101778597,0.06681662730533579,0,500.0,0.0007257015475242056,0.0,9703434915.131042,677.7277908982214
C_removed,3,2,122,langevin,0.09069166946251585,0.27207500838754756,0,500.0,0.009849443532189564,0.00012469020716866,10121277574.697206,609.3083305374842
C_removed,3,3,123,null,0.034837399608715916,0.10451219882614775,0,500.0,0.0,0.0,9864853790.649097,665.1626003912841
C_removed,3,4,124,langevin,0.08388229751750671,0.25164689255252015,0,500.0,0.008586640843611264,8.259077243367416e-05,10072915432.657156,616.1177024824933
C_removed,3,5,125,null,0.04755812773655675,0.14267438320967024,0,500.0,0.0,7.255849583369143e-05,10039234437.109175,652.4418722634432
C_removed,3,6,126,langevin,0.06488720550118013,0.19466161650354039,0,500.0,0.0,0.0,10122023341.043953,635.1127944988199
C_removed,3,7,127,null,0.03799967508290971,0.11399902524872912,0,500.0,0.0056702013246570935,5.673363270180781e-06,9907004307.360903,662.0003249170903
C_removed,3,0,128,langevin,0.10745096855725128,0.32235290567175384,0,500.0,0.0,1.7853190894253098e-06,9793849585.754301,592.5490314427487
C_removed,3,1,129,null,0.05626170157167608,0.16878510471502822,0,500.0,0.0,5.6755728924410545e-05,9947700829.197344,643.7382984283239
C_removed,3,2,130,langevin,0.08511583242134212,0.25534749726402634,0,500.0,0.0,0.0,9750059325.180786,614.8841675786579
C_removed,3,3,131,null,0.039921553637422474,0.11976466091226742,0,500.0,0.003747269097252203,0.0,9986947073.836666,660.0784463625776
C_removed,3,4,132,langevin,0.08332412731871765,0.24997238195615296,0,500.0,0.008334443738629833,8.193305134728727e-05,9678356593.578959,616.6758726812824
C_removed,3,5,133,null,0.05797472172388474,0.1739241651716542,0,500.0,0.0,0.0,10042668984.36211,642.0252782761153
C_removed,3,6,134,langevin,0.11028372599743451,0.3308511779923035,0,500.0,0.0,0.0,9934024072.314829,589.7162740025655
C_removed,3,7,135,null,0.044903447047602435,0.1347103411428073,0,500.0,0.006690418547537773,6.65195741242258e-06,9920802132.555357,655.0965529523976
C_removed,3,0,136,langevin,0.07076396113073138,0.21229188339219415,0,500.0,0.0006085002737638721,4.6258415647320175e-05,9800147750.095625,629.2360388692687
C_removed,3,1,137,null,0.04097584284724884,0.12292752854174652,0,500.0,0.003608657190045776,0.00021850445796682558,10091003575.127966,659.0241571527512
C_removed,3,2,138,langevin,0.03467739132724913,0.1040321739817474,0,500.0,0.0,3.8404228895391384e-05,9927917300.403027,665.3226086727509
C_removed,3,3,139,null,0.05584211853512287,0.1675263556053686,0,500.0,0.0,5.115667583458937e-05,10092467524.94956,644.1578814648772
C_removed,3,4,140,langevin,0.06971816015210591,0.20915448045631774,0,500.0,0.0,0.0,9778603446.746323,630.281839847894
C_removed,3,5,141,null,0.04344585844016667,0.1303375753205,0,500.0,0.0,0.0,9783031160.201086,656.5541415598333
C_removed,3,6,142,langevin,0.11065022715659842,0.33195068146979523,0,500.0,0.0024918056147284827,0.00013489575534969208,9869568407.161911,589.3497728434015
C_removed,3,7,143,null,0.03895089280823627,0.11685267842470881,0,500.0,0.0023155402915428624,3.246869721412741e-05,10058056458.789412,661.0491071917637
C_removed,3,0,144,langevin,0.09491398886360501,0.284741966590815,0,500.0,0.0023928592172241933,0.00011215313144973942,9892194796.984777,605.086011136395
C_removed,3,1,145,null,0.05399244561708117,0.16197733685124352,0,500.0,0.0,3.0567088462429555e-05,9946692501.284367,646.0075543829188
C_removed,3,2,146,langevin,0.06919497008454298,0.20758491025362893,0,500.0,0.0,0.0,10072509682.590889,630.805029915457
C_removed,3,3,147,null,0.03197183553244662,0.09591550659733986,0,500.0,0.0,3.551014021459891e-05,9893920411.70509,668.0281644675533
C_removed,3,4,148,langevin,0.07047886320016479,0.21143658960049438,0,500.0,0.0025028778979947846,1.8326913386719548e-05,9886170378.60639,629.5211367998352
C_removed,3,5,149,null,0.03448527096646654,0.10345581289939962,0,500.0,0.002574435063677173,7.362285313404489e-05,10119618641.541336,665.5147290335335
C_removed,3,6,150,langevin,0.08912702068476488,0.2673810620542947,0,500.0,0.0,0.0,9982551574.49581,610.8729793152352
C_removed,3,7,151,null,0.0412861579880765,0.1238584739642295,0,500.0,0.0,2.182281825609739e-05,10566838258.907316,658.7138420119235
C_removed,3,0,152,langevin,0.06875947643941316,0.20627842931823948,0,500.0,0.0,6.755159363082065e-05,9851495004.276836,631.2405235605868
C_removed,3,1,153,null,0.0383598915508398,0.11507967465251939,0,500.0,0.0,0.0,10155996530.280228,661.6401084491602
C_removed,3,2,154,langevin,0.08910265214685471,0.26730795644056415,0,500.0,0.0,0.0,9797436790.639645,610.8973478531453
C_removed,3,3,155,null,0.04630085747529997,0.1389025724258999,0,500.0,0.0,0.00010247853576078015,10374429196.942396,653.6991425247
C_removed,3,4,156,langevin,0.07263187221257007,0.21789561663771023,0,500.0,0.0007756828021018179,7.247659243222921e-05,9858555554.636692,627.3681277874299
C_removed,3,5,157,null,0.02695939909241802,0.08087819727725407,0,500.0,0.002182120591321909,2.7127585023988837e-05,9622479070.730183,673.040600907582
C_removed,3,6,158,langevin,0.07671660727791658,0.23014982183374977,0,500.0,0.0,0.0,9995436865.917454,623.2833927220834
C_removed,3,7,159,null,0.02695438862765236,0.08086316588295708,0,500.0,0.0,0.00011702188185714571,10112622832.232141,673.0456113723476
C_removed,3,0,160,langevin,0.07642116501117557,0.22926349503352672,0,500.0,0.0002477818646799924,2.4492136024000388e-05,9995846745.125488,623.5788349888244
C_removed,3,1,161,null,0.06803097893006675,0.20409293679020024,0,500.0,0.0,5.4091250443811856e-05,9764469343.09306,631.9690210699332
C_removed,3,2,162,langevin,0.09048937899014496,0.27146813697043487,0,500.0,0.008398837107930855,0.0,9839686839.00805,609.5106210098551
C_removed,3,3,163,null,0.025220250727595837,0.0756607521827875,0,500.0,0.005284087485436191,0.0,10034693706.88768,674.7797492724042
C_removed,3,4,164,langevin,0.09221242464269248,0.27663727392807747,0,500.0,0.0,2.8039550275218225e-06,10258319788.189291,607.7875753573076
C_removed,3,5,165,null,0.0337818792995364,0.1013456378986092,0,500.0,0.0,0.0,9676198540.16025,666.2181207004636
C_removed,3,6,166,langevin,0.07014814346104409,0.21044443038313226,0,500.0,0.004271956661303729,0.0001961092666823818,9810917917.942425,629.8518565389559
C_removed,3,7,167,null,0.043630663709559245,0.13089199112867772,0,500.0,0.0016578592299137886,0.0,9876458428.269379,656.3693362904407
C_removed,3,0,168,langevin,0.07465346002075984,0.22396038006227953,0,500.0,0.0,0.0,9949549973.836224,625.3465399792401
C_removed,3,1,169,null,0.04154934721894065,0.12464804165682195,0,500.0,0.0,1.1387261577566558e-05,9957948316.413479,658.4506527810594
C_removed,3,2,170,langevin,0.08017012110499,0.24051036331497,0,500.0,0.0,0.00019256673926032643,9998427860.526316,619.82987889501
C_removed,3,3,171,null,0.025526465677920135,0.0765793970337604,0,500.0,0.005211848940219811,6.0581906025875054e-05,9889927773.484688,674.4735343220799
C_removed,3,4,172,langevin,0.10315883044253563,0.3094764913276069,0,500.0,0.0026581157646906285,0.0,9866504031.563911,596.8411695574644
C_removed,3,5,173,null,0.04760717098153666,0.14282151294460999,0,500.0,0.008037642660760338,0.0,10274653753.97112,652.3928290184633
C_removed,3,6,174,langevin,0.08241390995632442,0.24724172986897325,0,500.0,0.0,0.00013021148115207278,9821095100.00846,617.5860900436755
C_removed,3,7,175,null,0.04105775291120693,0.1231732587336208,0,500.0,0.0,0.0,10159252568.6236,658.942247088793
C_removed,3,0,176,langevin,0.05423263052738145,0.16269789158214434,0,500.0,0.0,0.0001531194181149361,10126528459.490622,645.7673694726186
C_removed,3,1,177,null,0.03509038596102357,0.1052711578830707,0,500.0,0.0,0.00018974530366793672,9765201072.907804,664.9096140389764
C_removed,3,2,178,langevin,0.09850313816293667,0.29550941448881,0,500.0,0.0026819499777888927,3.562706095128451e-05,9983325466.626913,601.4968618370633
C_removed,3,3,179,null,0.05170828437408971,0.15512485312226915,0,500.0,0.0,8.980604172481501e-06,10270572052.595976,648.2917156259103
C_removed,3,4,180,langevin,0.07598214895998913,0.2279464468799674,0,500.0,0.000762984789028937,8.882554606716836e-05,9673639487.81167,624.0178510400109
C_removed,3,5,181,null,0.02033676319197784,0.06101028957593352,0,500.0,0.00690217511518901,3.191748414316647e-05,10098937114.099335,679.6632368080221
C_removed,3,6,182,langevin,0.07061568330231674,0.21184704990695022,0,500.0,0.0003418780527015853,7.934204192409256e-05,9983947782.152885,629.3843166976833
C_removed,3,7,183,null,0.03713648695067027,0.11140946085201081,0,500.0,0.0,0.0,9515134989.432537,662.8635130493298
C_removed,3,0,184,langevin,0.07098890704267424,0.21296672112802273,0,500.0,0.0,0.0002443473421949654,9873751962.059217,629.0110929573258
C_removed,3,1,185,null,0.030638259949423062,0.09191477984826918,0,500.0,0.009298608539042299,0.0,9930374452.393,669.3617400505769
C_removed,3,2,186,langevin,0.09867820790267808,0.29603462370803424,0,500.0,0.005000479314516374,0.00010125822911967271,10134748525.08827,601.3217920973219
C_removed,3,3,187,null,0.03307688730823008,0.09923066192469024,0,500.0,0.0,0.0,10129357878.34062,666.9231126917699
C_removed,3,4,188,langevin,0.07463032013320846,0.22389096039962536,0,500.0,0.005535118194667164,2.931343483150806e-05,10075591495.638811,625.3696798667916
C_removed,3,5,189,null,0.01943731569061094,0.05831194707183282,0,500.0,0.0010542328817219984,0.0,10188273259.923296,680.562684309389
C_removed,3,6,190,langevin,0.0769856055384153,0.2309568166152459,0,500.0,0.003933837504829677,7.221649199512697e-05,9901665699.503984,623.0143944615847
C_removed,3,7,191,null,0.03609727090667458,0.10829181272002375,0,500.0,0.005644229459155174,0.00014019627588943506,9854815715.199324,663.9027290933254
C_removed,3,0,192,langevin,0.04849567687556038,0.14548703062668114,0,500.0,0.004663914154210657,0.0,10005107901.927465,651.5043231244396
C_removed,3,1,193,null,0.021176846696160087,0.06353054008848026,0,500.0,0.005763053920571786,4.533513975001654e-05,9935024773.414509,678.82315330384
C_removed,3,2,194,langevin,0.05604923851188393,0.1681477155356518,0,500.0,0.0,0.0,10148804991.848661,643.9507614881161
C_removed,3,3,195,null,0.046505501860775,0.13951650558232498,0,500.0,0.0,8.070447042553145e-05,10082982799.392008,653.494498139225
C_removed,3,4,196,langevin,0.04897061819310335,0.14691185457931005,0,500.0,0.0,0.0,10259832198.66522,651.0293818068966
C_removed,3,5,197,null,0.03706445498033089,0.11119336494099266,0,500.0,0.009166294180011523,0.0001333346821987399,9679744865.549385,662.9355450196691
C_removed,3,6,198,langevin,0.07573528676029387,0.2272058602808816,0,500.0,0.01704499993302351,7.898240422279673e-06,10160055873.4004,624.2647132397061
C_removed,3,7,199,null,0.04816287082767271,0.14448861248301814,0,500.0,0.0,0.0,10073926880.171064,651.8371291723273
C_removed,4,0,0,langevin,0.09591026241541016,0.28773078724623047,0,500.0,0.00469895265363741,0.0,9829745342.3559,604.0897375845898
C_removed,4,1,1,null,0.055462400662072066,0.1663872019862162,0,500.0,0.0012148948351837427,0.0,9821968392.397575,644.537599337928
C_removed,4,2,2,langevin,0.13130162649770222,0.39390487949310665,0,500.0,0.0,0.0,10086424911.749859,568.6983735022977
C_removed,4,3,3,null,0.052177513696211465,0.1565325410886344,0,500.0,0.0,0.0,10324917894.689674,647.8224863037885
C_removed,4,4,4,langevin,0.0638755045425238,0.1916265136275714,0,500.0,0.0006346473662057048,0.00015121686558362514,9992132661.773396,636.1244954574762
C_removed,4,5,5,null,0.045975181311678055,0.13792554393503417,0,500.0,0.0,0.0,10240472574.472994,654.024818688322
C_removed,4,6,6,langevin,0.09507515089266048,0.28522545267798144,0,500.0,0.0016493595610946475,0.0,10342927600.330746,604.9248491073395
C_removed,4,7,7,null,0.06636706116116889,0.19910118348350667,0,500.0,0.0011279171585418823,0.0,9793802518.983015,633.6329388388311
C_removed,4,0,8,langevin,0.12900997879343978,0.38702993638031935,0,500.0,0.01332162967011654,0.0,10052386329.718855,570.9900212065602
C_removed,4,1,9,null,0.024432359907175984,0.07329707972152795,0,500.0,0.0,0.0001988940616279613,10170080194.630861,675.567640092824
C_removed,4,2,10,langevin,0.10013199681788049,0.30039599045364146,0,500.0,0.0,0.0,9947169122.063927,599.8680031821195
C_removed,4,3,11,null,0.05916548955672068,0.17749646867016203,0,500.0,0.0022397779626420074,7.117493833328426e-05,10142771198.05895,640.8345104432793
C_removed,4,4,12,langevin,0.06825502164015507,0.2047650649204652,0,500.0,0.0008793768374138832,0.0,9795933468.895054,631.7449783598449
C_removed,4,5,13,null,0.05204857540513953,0.1561457262154186,0,500.0,0.0,0.00015608396320939712,10053878333.99488,647.9514245948604
C_removed,4,6,14,langevin,0.05580476879871306,0.1674143063961392,0,500.0,0.0,0.0,10200465943.776052,644.1952312012869
C_removed,4,7,15,null,0.05292507965832879,0.15877523897498635,0,500.0,0.0005050167940778859,0.00017249936384872448,10019309651.271101,647.0749203416713
C_removed,4,0,16,langevin,0.07808844087518954,0.23426532262556862,0,500.0,0.0,0.0,10087527513.392439,621.9115591248104
C_removed,4,1,17,null,0.05568513165789322,0.16705539497367966,0,500.0,0.0,3.402865670536711e-05,10021800766.438261,644.3148683421068
C_removed,4,2,18,langevin,0.1175276421813749,0.3525829265441247,0,500.0,0.0013456114054812192,0.0001221470348267332,9973175510.871275,582.4723578186251
C_removed,4,3,19,null,0.037140378317027385,0.11142113495108216,0,500.0,0.0,0.0,10090662502.226435,662.8596216829726
C_removed,4,4,20,langevin,0.06246776039627827,0.1874032811888348,0,500.0,0.0056395703362308505,0.0,9628453765.130823,637.5322396037217
C_removed,4,5,21,null,0.048179663998042674,0.144538991994128,0,500.0,0.0,0.00019016950512491644,10140837288.542479,651.8203360019573
C_removed,4,6,22,langevin,0.06191386114702268,0.18574158344106803,0,500.0,0.0004797438775385023,0.0,9688529619.106544,638.0861388529773
C_removed,4,7,23,null,0.045270884584175164,0.1358126537525255,0,500.0,0.002670451745609404,0.0,10231697091.622284,654.7291154158248
C_removed,4,0,24,langevin,0.04541288678901526,0.1362386603670458,0,500.0,0.0028130254398276134,2.4851060629210822e-05,9699842829.644503,654.5871132109847
C_removed,4,1,25,null,0.05088757533463492,0.15266272600390476,0,500.0,0.0,0.00011935710489456511,9685085198.456057,649.1124246653651
C_removed,4,2,26,langevin,0.0956107538603239,0.2868322615809717,0,500.0,0.0,0.0001536520472047087,10517288797.116854,604.3892461396761
C_removed,4,3,27,null,0.0419039966024624,0.12571198980738718,0,500.0,0.0,0.0,9983280149.20037,658.0960033975376
C_removed,4,4,28,langevin,0.10226681403717874,0.30680044211153623,0,500.0,0.0,0.0,9987480728.082056,597.7331859628213
C_removed,4,5,29,null,0.04594749239951358,0.13784247719854076,0,500.0,0.007220284511997175,0.0,9877117921.999147,654.0525076004865
C_removed,4,6,30,langevin,0.09363774396413627,0.2809132318924088,0,500.0,0.0025816059184134345,0.0,9924853982.021309,606.3622560358638
C_removed,4,7,31,null,0.03077120669011696,0.09231362007035088,0,500.0,0.003738042747132452,0.0,9859272780.013329,669.228793309883
C_removed,4,0,32,langevin,0.0733022529719512,0.2199067589158536,0,500.0,0.0,1.8931090414372996e-06,10170116984.35178,626.6977470280488
C_removed,4,1,33,null,0.04886211356932228,0.14658634070796683,0,500.0,0.010509689367635178,1.0729601954768825e-05,9655811725.3263,651.1378864306777
C_removed,4,2,34,langevin,0.08061879821892312,0.24185639465676936,0,500.0,0.0,9.094316025591287e-05,9949246609.891924,619.3812017810769
C_removed,4,3,35,null,0.04959446231818943,0.1487833869545683,0,500.0,0.0,0.0,10020585241.93502,650.4055376818105
C_removed,4,4,36,langevin,0.07453750670379233,0.223612520111377,0,500.0,0.0,0.00015966203877928483,9742347587.027866,625.4624932962076
C_removed,4,5,37,null,0.03229173222094227,0.0968751966628268,0,500.0,0.006412921870187053,1.852207985363469e-05,9853741359.541107,667.7082677790577
C_removed,4,6,38,langevin,0.08916769065138926,0.2675030719541678,0,500.0,0.004499922574652921,0.0,10180128589.41557,610.8323093486108
C_removed,4,7,39,null,0.044156373814751494,0.1324691214442545,0,500.0,0.006930477186730156,0.0,10370888134.03983,655.8436261852485
C_removed,4,0,40,langevin,0.079692213613852,0.239076640841556,0,500.0,0.005817488885782457,0.0,10097727248.586424,620.307786386148
C_removed,4,1,41,null,0.058201437382480396,0.17460431214744118,0,500.0,0.00044300328698281005,0.0,9853459480.288805,641.7985626175196
C_removed,4,2,42,langevin,0.06761309228608024,0.2028392768582407,0,500.0,0.003964485081124586,0.0,10141123784.684805,632.3869077139198
C_removed,4,3,43,null,0.046499918052170214,0.13949975415651064,0,500.0,0.0,0.0,9905616962.642563,653.5000819478298
C_removed,4,4,44,langevin,0.04144751285226449,0.12434253855679346,0,500.0,0.003087918155140007,0.0,10245185313.777786,658.5524871477355
C_removed,4,5,45,null,0.037425096946711076,0.11227529084013323,0,500.0,0.0,0.0,9918513803.431192,662.574903053289
C_removed,4,6,46,langevin,0.0588170373837171,0.1764511121511513,0,500.0,0.0,0.0,9871280363.866558,641.1829626162829
C_removed,4,7,47,null,0.05362535647090845,0.16087606941272536,0,500.0,0.003657271391880466,0.0,10152888839.323942,646.3746435290916
C_removed,4,0,48,langevin,0.061253976636698265,0.1837619299100948,0,500.0,0.0,0.0,9818713281.721464,638.7460233633018
C_removed,4,1,49,null,0.054271046152678304,0.1628131384580349,0,500.0,0.007717185875060678,0.0,10075804188.064892,645.7289538473217
C_removed,4,2,50,langevin,0.08168530290853622,0.24505590872560867,0,500.0,0.0023994949432022163,0.0,10250187271.375483,618.3146970914638
C_removed,4,3,51,null,0.053351338383077915,0.16005401514923373,0,500.0,0.0027109870174008427,0.0002071009979123441,9861037110.74339,646.648661616922
C_removed,4,4,52,langevin,0.08108327376397832,0.24324982129193495,0,500.0,0.003563830376239971,0.00010371428711143711,10017828931.170685,618.9167262360216
C_removed,4,5,53,null,0.053543270078914455,0.16062981023674336,0,500.0,0.007390281272983381,0.0,9951576530.856619,646.4567299210855
C_removed,4,6,54,langevin,0.08374606936229906,0.2512382080868972,0,500.0,0.0,5.9378773521774234e-05,10111843046.430775,616.2539306377009
C_removed,4,7,55,null,0.06808988989934545,0.20426966969803634,0,500.0,0.0,3.246691946595756e-05,10087259757.759735,631.9101101006545
C_removed,4,0,56,langevin,0.09635182149304386,0.28905546447913155,0,500.0,0.0,0.0,10010874050.150028,603.6481785069561
C_removed,4,1,57,null,0.04905970726817687,0.1471791218045306,0,500.0,0.0013575441274800157,0.0,9833906300.828169,650.9402927318231
C_removed,4,2,58,langevin,0.0801319546009927,0.24039586380297812,0,500.0,0.0,0.0,10054897060.833996,619.8680453990073
C_removed,4,3,59,null,0.052226001118838676,0.15667800335651602,0,500.0,0.0,0.0,9795575524.341114,647.7739988811613
C_removed,4,4,60,langevin,0.09590214336515099,0.28770643009545294,0,500.0,0.0,6.909910566416764e-05,10124067704.948452,604.097856634849
C_removed,4,5,61,null,0.05889652715739353,0.1766895814721806,0,500.0,0.0,1.2255606839853377e-05,10173277391.337524,641.1034728426065
C_removed,4,6,62,langevin,0.07346395845769274,0.22039187537307822,0,500.0,0.0,0.00011027356270216634,10303134410.232817,626.5360415423072
C_removed,4,7,63,null,0.036610365560000274,0.10983109668000082,0,500.0,0.0026640996625957665,4.5351338603613525e-05,10045374834.363821,663.3896344399998
C_removed,4,0,64,langevin,0.07445419820634289,0.22336259461902866,0,500.0,0.0,0.0,10195401429.12891,625.5458017936571
C_removed,4,1,65,null,0.046088723100394094,0.1382661693011823,0,500.0,0.0028997611398689322,0.0,10197903692.894688,653.9112768996059
C_removed,4,2,66,langevin,0.10127599985955077,0.3038279995786523,0,500.0,0.0014844718597733723,0.00020704232756670995,10043238968.663033,598.7240001404492
C_removed,4,3,67,null,0.04789817383909816,0.14369452151729448,0,500.0,0.0,0.0,10095044326.554876,652.1018261609019
C_removed,4,4,68,langevin,0.08856632936114184,0.2656989880834255,0,500.0,0.005844540823630394,0.0,10099286713.356758,611.4336706388582
C_removed,4,5,69,null,0.03595520893422169,0.10786562680266507,0,500.0,0.0,0.0,9553335879.358543,664.0447910657783
C_removed,4,6,70,langevin,0.09766620451045441,0.29299861353136325,0,500.0,0.0,0.0,10027390688.944532,602.3337954895455
C_removed,4,7,71,null,0.03313985826620463,0.09941957479861388,0,500.0,0.0,0.0,9991791399.872862,666.8601417337953
C_removed,4,0,72,langevin,0.0944530275745797,0.2833590827237391,0,500.0,0.0,0.00010776750536669942,10288753662.061935,605.5469724254203
C_removed,4,1,73,null,0.053337358905722616,0.16001207671716786,0,500.0,0.0,6.978641349105532e-05,10141348015.65988,646.6626410942774
C_removed,4,2,74,langevin,0.08442178184976233,0.253265345549287,0,500.0,0.005482091700529389,4.176325625226556e-05,9755064991.328432,615.5782181502377
C_removed,4,3,75,null,0.04302859964273628,0.12908579892820884,0,500.0,0.00036661217461359045,0.0,9706958295.672146,656.9714003572637
C_removed,4,4,76,langevin,0.08306903527154502,0.24920710581463507,0,500.0,0.0022919572282594117,0.0,10095376062.840014,616.930964728455
C_removed,4,5,77,null,0.03510448262772476,0.10531344788317429,0,500.0,0.0,8.650323098316448e-05,10022692889.022562,664.8955173722752
C_removed,4,6,78,langevin,0.04487308858038356,0.13461926574115068,0,500.0,0.0,3.231841627737365e-06,9813996815.257399,655.1269114196165
C_removed,4,7,79,null,0.03612147839413324,0.10836443518239972,0,500.0,0.0,0.0,10450928966.163755,663.8785216058668
C_removed,4,0,80,langevin,0.04835037204785132,0.14505111614355398,0,500.0,0.008024035881316897,0.0,9747335522.923328,651.6496279521486
C_removed,4,1,81,null,0.054866461208145846,0.16459938362443755,0,500.0,0.0,0.0,10213174046.555063,645.1335387918541
C_removed,4,2,82,langevin,0.12070493198849143,0.3621147959654743,0,500.0,0.0016163583341114924,0.0,9769447273.70269,579.2950680115085
C_removed,4,3,83,null,0.04414895474179136,0.13244686422537408,0,500.0,0.004687318301709892,3.488911045292982e-05,10042189174.24132,655.8510452582086
C_removed,4,4,84,langevin,0.1030864031237972,0.3092592093713916,0,500.0,0.0,8.195838058327237e-05,10000676812.032896,596.9135968762027
C_removed,4,5,85,null,0.045472444861728266,0.1364173345851848,0,500.0,0.001769243688965341,0.0,9770850555.743979,654.5275551382717
C_removed,4,6,86,langevin,0.040706857271084834,0.1221205718132545,0,500.0,0.0013801292076624308,0.0,9969538354.679165,659.2931427289152
C_removed,4,7,87,null,0.026632336739312343,0.07989701021793703,0,500.0,0.0,4.230622582746764e-05,9912681977.720118,673.3676632606877
C_removed,4,0,88,langevin,0.08918072409413427,0.26754217228240285,0,500.0,0.0,0.0,10028933835.081064,610.8192759058658
C_removed,4,1,89,null,0.04566697397518112,0.13700092192554336,0,500.0,0.0021805997749286513,8.951779158337507e-06,10190096328.233349,654.3330260248189
C_removed,4,2,90,langevin,0.11451209110029528,0.3435362733008859,0,500.0,0.0031195499754945832,9.459215383271239e-05,10070807096.162039,585.4879088997047
C_removed,4,3,91,null,0.03442521840600048,0.10327565521800143,0,500.0,0.00425023654151325,8.65663649794273e-05,9778436798.579332,665.5747815939995
C_removed,4,4,92,langevin,0.07869055153152772,0.23607165459458318,0,500.0,0.0,3.214920361253021e-05,10298736845.101402,621.3094484684723
C_removed,4,5,93,null,0.04782246046418911,0.14346738139256732,0,500.0,0.0,0.00010891371129820568,10105758546.566975,652.1775395358109
C_removed,4,6,94,langevin,0.0861385989381336,0.2584157968144008,0,500.0,0.004146963632637086,0.0,10217974594.111261,613.8614010618664
C_removed,4,7,95,null,0.022948810757156133,0.0688464322714684,0,500.0,0.0026541775771314734,0.0,10074568860.414188,677.0511892428439
C_removed,4,0,96,langevin,0.06629376492754668,0.19888129478264005,0,500.0,0.0,5.073662913962495e-05,9729149077.082458,633.7062350724533
C_removed,4,1,97,null,0.019224883931916795,0.05767465179575039,0,500.0,0.0,0.00013049490128847,10352608557.36572,680.7751160680832
C_removed,4,2,98,langevin,0.11256295210911531,0.3376888563273459,0,500.0,0.0,0.0,9798788943.517076,587.4370478908847
C_removed,4,3,99,null,0.04804550232884913,0.1441365069865474,0,500.0,0.0,6.0832145676338955e-05,10034388448.347708,651.9544976711509
C_removed,4,4,100,langevin,0.10736165688970174,0.32208497066910524,0,500.0,0.005988647229991432,7.732528210580235e-06,9672382666.101746,592.6383431102983
C_removed,4,5,101,null,0.052186059964928574,0.1565581798947857,0,500.0,0.0,2.173892567875996e-06,10232355096.20824,647.8139400350715
C_removed,4,6,102,langevin,0.042941665995208496,0.1288249979856255,0,500.0,0.0,0.0,10039144778.072294,657.0583340047915
C_removed,4,7,103,null,0.05074921510652282,0.15224764531956847,0,500.0,0.0015015760018907264,3.88331912428448e-05,9832014924.65797,649.2507848934772
C_removed,4,0,104,langevin,0.06954629314202912,0.20863887942608736,0,500.0,0.0,1.6504595854728676e-05,9971058546.016973,630.4537068579709
C_removed,4,1,105,null,0.03540556859574184,0.10621670578722553,0,500.0,0.0,1.367385394554222e-05,9764023191.858828,664.5944314042581
C_removed,4,2,106,langevin,0.06271212374591406,0.18813637123774218,0,500.0,0.002307588127787717,0.00022576022506982444,10025956428.188507,637.287876254086
C_removed,4,3,107,null,0.03346619722861568,0.10039859168584703,0,500.0,0.007846104399592217,5.1904520358676514e-05,9788427835.235931,666.5338027713843
C_removed,4,4,108,langevin,0.08737798506616062,0.26213395519848187,0,500.0,0.0019158909496815096,0.00010169266227292178,9808564253.563967,612.6220149338394
C_removed,4,5,109,null,0.05748462465052894,0.17245387395158682,0,500.0,0.0,2.6173997627965096e-05,9750482636.408989,642.515375349471
C_removed,4,6,110,langevin,0.10642390898890147,0.3192717269667044,0,500.0,0.000996920636032707,0.0,10082244153.623192,593.5760910110985
C_removed,4,7,111,null,0.05374754954773227,0.16124264864319682,0,500.0,0.0046631228049726576,8.230292216164999e-05,9617171102.05115,646.2524504522677
C_removed,4,0,112,langevin,0.05967091026864104,0.17901273080592311,0,500.0,0.0,1.4513347354873432e-05,9743073618.949867,640.329089731359
C_removed,4,1,113,null,0.057511339277000986,0.17253401783100297,0,500.0,0.002125620735206472,0.0,9744374714.988073,642.488660722999
C_removed,4,2,114,langevin,0.10493095127163371,0.31479285381490113,0,500.0,0.0,0.00020476941433912978,10320364529.432518,595.0690487283663
C_removed,4,3,115,null,0.03165351042313293,0.09496053126939878,0,500.0,0.0017572392010025706,9.873242620704106e-05,9707164945.495,668.346489576867
C_removed,4,4,116,langevin,0.042404181931146784,0.12721254579344035,0,500.0,0.007254310704893058,0.0,9639728545.285183,657.5958180688532
C_removed,4,5,117,null,0.05719780506855755,0.17159341520567267,0,500.0,0.004971986259307737,3.354718507126109e-05,9963396370.755947,642.8021949314425
C_removed,4,6,118,langevin,0.0602721080909314,0.1808163242727942,0,500.0,0.0,6.57820158245081e-05,10075566346.61002,639.7278919090686
C_removed,4,7,119,null,0.028541514650011295,0.08562454395003388,0,500.0,0.0,0.0,9878191800.929577,671.4584853499887
C_removed,4,0,120,langevin,0.0772486827998441,0.23174604839953233,0,500.0,0.00664852406604044,0.0,10194483966.154402,622.7513172001559
C_removed,4,1,121,null,0.045593218189882795,0.13677965456964838,0,500.0,0.004300375897308686,0.0,10160721528.237993,654.4067818101172
C_removed,4,2,122,langevin,0.06441693607158097,0.19325080821474291,0,500.0,0.0,9.354254909228854e-05,9713281424.23378,635.583063928419
C_removed,4,3,123,null,0.03184384778006068,0.09553154334018203,0,500.0,0.006903501924083923,0.0,9989581387.268297,668.1561522199394
C_removed,4,4,124,langevin,0.0850992921622618,0.25529787648678537,0,500.0,0.001929899052811123,8.85678575343796e-05,9921297968.238518,614.9007078377382
C_removed,4,5,125,null,0.034156745814116346,0.10247023744234904,0,500.0,0.004317681812153954,0.0,9871102816.014011,665.8432541858837
C_removed,4,6,126,langevin,0.09249210910540281,0.2774763273162084,0,500.0,0.002966076889948105,9.014843366864311e-06,9550740259.733082,607.5078908945972
C_removed,4,7,127,null,0.06795220514465128,0.20385661543395384,0,500.0,0.0,0.0,10088079520.93495,632.0477948553487
C_removed,4,0,128,langevin,0.10634795304144379,0.31904385912433136,0,500.0,0.005352993560778498,2.8604958285526228e-05,10074298510.419474,593.6520469585562
C_removed,4,1,129,null,0.024842279284256044,0.07452683785276813,0,500.0,0.0,0.00011582116405757994,10023680676.750937,675.157720715744
C_removed,4,2,130,langevin,0.08417861406355516,0.2525358421906655,0,500.0,0.0,0.00015807591914516526,9848868583.989286,615.8213859364448
C_removed,4,3,131,null,0.05386586452959996,0.16159759358879988,0,500.0,0.0,0.0,10019026146.740671,646.1341354704
C_removed,4,4,132,langevin,0.09007238518567116,0.2702171555570135,0,500.0,0.0,0.00023558885748496518,9867048662.290443,609.9276148143289
C_removed,4,5,133,null,0.06030478585748962,0.18091435757246888,0,500.0,0.005161218361468703,0.0,10075011290.972004,639.6952141425104
C_removed,4,6,134,langevin,0.06268972281155905,0.18806916843467714,0,500.0,0.0005719970028854295,0.0,10183168846.051811,637.310277188441
C_removed,4,7,135,null,0.03695306487338562,0.11085919462015686,0,500.0,0.002411188694918573,6.922491290873571e-05,10213820659.446363,663.0469351266144
C_removed,4,0,136,langevin,0.06424325019446175,0.19272975058338526,0,500.0,0.003257561723405239,6.94736044240911e-05,10205460989.10321,635.7567498055382
C_removed,4,1,137,null,0.019091709690287968,0.057275129070863906,0,500.0,0.0,0.0,9872161199.93091,680.908290309712
C_removed,4,2,138,langevin,0.054178148401289025,0.16253444520386706,0,500.0,0.0,0.0,10192441144.604843,645.821851598711
C_removed,4,3,139,null,0.055135958631433904,0.16540787589430173,0,500.0,0.0,0.0,9619622969.936682,644.8640413685661
C_removed,4,4,140,langevin,0.06743278839442747,0.20229836518328242,0,500.0,0.0,0.0,10373839049.832264,632.5672116055725
C_removed,4,5,141,null,0.016672358688069797,0.050017076064209395,0,500.0,0.0,0.0,10147970796.300646,683.3276413119302
C_removed,4,6,142,langevin,0.08703816490990982,0.2611144947297295,0,500.0,0.0,0.0,10074823032.173313,612.9618350900902
C_removed,4,7,143,null,0.046082603818716546,0.13824781145614964,0,500.0,0.005048600682072063,4.636498896358239e-05,9933998448.555279,653.9173961812835
C_removed,4,0,144,langevin,0.07267814352595459,0.21803443057786376,0,500.0,0.003038492566619796,0.0,9922187348.590248,627.3218564740454
C_removed,4,1,145,null,0.057596826822058966,0.1727904804661769,0,500.0,0.0,3.5184825490136656e-05,9455445012.178947,642.4031731779411
C_removed,4,2,146,langevin,0.06370486030235506,0.19111458090706518,0,500.0,0.0,4.302255554485006e-05,9945544047.388542,636.2951396976449
C_removed,4,3,147,null,0.04548989191239322,0.13646967573717966,0,500.0,0.0,0.0,10133591693.77428,654.5101080876068
C_removed,4,4,148,langevin,0.06070037388562867,0.18210112165688602,0,500.0,0.0,9.002228353194578e-05,10345660991.50791,639.2996261143713
C_removed,4,5,149,null,0.060526187285531816,0.18157856185659543,0,500.0,0.0,0.0,9894474119.703032,639.4738127144682
C_removed,4,6,150,langevin,0.0913077707704642,0.2739233123113926,0,500.0,0.003546594403930742,0.0,10106606651.856373,608.6922292295358
C_removed,4,7,151,null,0.04935337348877022,0.14806012046631065,0,500.0,0.0069904807921622805,0.0,10051096499.48486,650.6466265112298
C_removed,4,0,152,langevin,0.04493444468430164,0.13480333405290493,0,500.0,0.0,5.6124852192250455e-05,9727933085.916428,655.0655553156984
C_removed,4,1,153,null,0.03600759725193336,0.10802279175580007,0,500.0,0.0,0.0,9796286984.899775,663.9924027480666
C_removed,4,2,154,langevin,0.06918406164490211,0.20755218493470634,0,500.0,0.0022892343223836066,0.00013418949798292364,10170145199.80793,630.8159383550978
C_removed,4,3,155,null,0.048624460037344525,0.14587338011203357,0,500.0,0.006484133644192737,0.0,10215528777.807623,651.3755399626555
C_removed,4,4,156,langevin,0.08255255083521877,0.2476576525056563,0,500.0,0.0,0.0,9984672515.587975,617.4474491647812
C_removed,4,5,157,null,0.050336978478133676,0.15101093543440103,0,500.0,0.0,0.0,10073096653.814465,649.6630215218663
C_removed,4,6,158,langevin,0.11167140470333847,0.3350142141100154,0,500.0,0.005455993287464029,0.00010604657131059865,9854835126.331665,588.3285952966615
C_removed,4,7,159,null,0.040079629640778776,0.12023888892233633,0,500.0,0.0,0.0001851227458989708,9897166833.296078,659.9203703592212
C_removed,4,0,160,langevin,0.10463801947776916,0.31391405843330744,0,500.0,0.0038315446911917064,0.0,10081051984.85036,595.3619805222309
C_removed,4,1,161,null,0.060733821909581126,0.18220146572874338,0,500.0,0.003258524594304376,2.258727153965528e-05,10213939236.560562,639.2661780904189
C_removed,4,2,162,langevin,0.053194893894601136,0.1595846816838034,0,500.0,0.0,1.5578692489573526e-06,10140638734.110882,646.8051061053989
C_removed,4,3,163,null,0.05955598032405801,0.17866794097217403,0,500.0,0.0,3.1221795535005276e-06,10240263009.502073,640.444019675942
C_removed,4,4,164,langevin,0.10489001395884914,0.31467004187654746,0,500.0,0.0,0.0,9922391732.308754,595.1099860411508
C_removed,4,5,165,null,0.049798240437940636,0.14939472131382192,0,500.0,0.0,0.00013913240283851898,9952437399.353252,650.2017595620594
C_removed,4,6,166,langevin,0.10226790164176251,0.3068037049252875,0,500.0,0.00728376509510922,0.0,9698932775.521822,597.7320983582375
C_removed,4,7,167,null,0.027070191245842364,0.08121057373752709,0,500.0,0.008150977081791421,0.0,9985253246.390938,672.9298087541576
C_removed,4,0,168,langevin,0.053868787870800044,0.16160636361240013,0,500.0,0.0,2.3842004139419293e-05,10096763677.565002,646.1312121292
C_removed,4,1,169,null,0.045452985996529874,0.13635895798958964,0,500.0,0.0,0.0,9935200119.067858,654.5470140034702
C_removed,4,2,170,langevin,0.1056137198116216,0.3168411594348648,0,500.0,0.0,0.0,10073559926.9497,594.3862801883784
C_removed,4,3,171,null,0.03556709665677453,0.10670128997032359,0,500.0,0.0063632035538299615,0.00012776899704385896,9916122246.905653,664.4329033432255
C_removed,4,4,172,langevin,0.07331730959487559,0.21995192878462677,0,500.0,0.003092546676538977,0.0,10201395341.334526,626.6826904051244
C_removed,4,5,173,null,0.06029383649096644,0.18088150947289933,0,500.0,0.0010080947147874377,6.178129374392874e-06,9865372643.886015,639.7061635090336
C_removed,4,6,174,langevin,0.06426657186232634,0.19279971558697903,0,500.0,0.0017904492719951152,2.8277942461283458e-05,9877734291.693865,635.7334281376736
C_removed,4,7,175,null,0.056980936563860995,0.170942809691583,0,500.0,0.0,9.565976051535341e-05,9797128901.36558,643.019063436139
C_removed,4,0,176,langevin,0.08827757670067753,0.26483273010203257,0,500.0,0.003041520265859919,9.787564093890432e-05,9936766458.088951,611.7224232993225
C_removed,4,1,177,null,0.046371596918729836,0.13911479075618952,0,500.0,0.000541020774536608,0.00010980728777034317,9819529086.600262,653.6284030812701
C_removed,4,2,178,langevin,0.07746620167072939,0.23239860501218818,0,500.0,0.0,0.00016328934517099704,10035799472.712187,622.5337983292707
C_removed,4,3,179,null,0.04219093470967963,0.12657280412903887,0,500.0,0.0,7.600309459150768e-05,9932698329.923223,657.8090652903204
C_removed,4,4,180,langevin,0.08719926620047001,0.26159779860141,0,500.0,0.0,0.0,10231111858.60658,612.80073379953
C_removed,4,5,181,null,0.04643596690688926,0.1393079007206678,0,500.0,0.0,8.362284736699646e-06,10151869776.350569,653.5640330931108
C_removed,4,6,182,langevin,0.11294271860023815,0.33882815580071446,0,500.0,0.0,1.555962710834076e-05,9832724735.195038,587.0572813997619
C_removed,4,7,183,null,0.02714717268130285,0.08144151804390856,0,500.0,0.0,0.0,9887206615.684994,672.8528273186971
C_removed,4,0,184,langevin,0.07637879019303898,0.22913637057911693,0,500.0,0.0,1.7749212221229226e-05,10443617308.11526,623.621209806961
C_removed,4,1,185,null,0.05201849322054352,0.15605547966163055,0,500.0,0.004927098823719597,0.00019528625720104708,9715770650.87177,647.9815067794565
C_removed,4,2,186,langevin,0.057005577671685556,0.17101673301505665,0,500.0,0.0,0.0,10212147289.057974,642.9944223283144
C_removed,4,3,187,null,0.03265320343370923,0.09795961030112768,0,500.0,0.0,9.371068913017612e-05,9825652537.966017,667.3467965662908
C_removed,4,4,188,langevin,0.08682993790581923,0.2604898137174577,0,500.0,0.004033842044480802,0.0,10235081611.574776,613.1700620941808
C_removed,4,5,189,null,0.053205267047040206,0.15961580114112062,0,500.0,0.0020699238997230825,0.0,9803513321.44128,646.7947329529597
C_removed,4,6,190,langevin,0.12073075254546269,0.36219225763638807,0,500.0,0.0,0.0,9974890915.475454,579.2692474545373
C_removed,4,7,191,null,0.044204158811721746,0.13261247643516524,0,500.0,0.002817802634774423,0.0,9992535723.037558,655.7958411882782
C_removed,4,0,192,langevin,0.10132402172846985,0.30397206518540953,0,500.0,0.0,0.0,9745759978.02424,598.6759782715301
C_removed,4,1,193,null,0.044397648873126624,0.13319294661937986,0,500.0,0.0011297989820269027,0.0,10377450630.734499,655.6023511268734
C_removed,4,2,194,langevin,0.053438977805008114,0.16031693341502434,0,500.0,0.005813278462629745,0.0,10061563812.582624,646.5610221949919
C_removed,4,3,195,null,0.03512478811590421,0.10537436434771262,0,500.0,0.0029819660354736166,4.162575551408195e-05,9669083012.17126,664.8752118840957
C_removed,4,4,196,langevin,0.07850012828088143,0.2355003848426443,0,500.0,0.0,8.375432128656721e-05,9751968866.682377,621.4998717191186
C_removed,4,5,197,null,0.05411989122576036,0.16235967367728107,0,500.0,0.00159534670045529,0.0001521130607992307,9731144057.868675,645.8801087742396
C_removed,4,6,198,langevin,0.10135371582705972,0.3040611474811792,0,500.0,0.0,0.0,9932364139.024572,598.6462841729402
C_removed,4,7,199,null,0.03313057379664674,0.09939172138994021,0,500.0,0.0036646252539911314,0.0,10013244922.269695,666.8694262033532
