controller,env_id,episode_id,episode_step,global_step,t,x,y,z,vx,vy,vz,speed,goal_x,goal_y,goal_z,fx_body,fy_body,fz_body,body_force_norm,tx_body,ty_body,tz_body,body_torque_norm
rl,0,0,0,0,0.0,5.0,-5.0,1.0,0.0,0.0,0.0,0.0,4.926242828369141,-5.887693405151367,0.7395809888839722,0.0,0.0,0.0,0.0,0.0,0.0,0.0,0.0
rl,1,0,0,0,0.0,5.0,5.0,1.0,0.0,0.0,0.0,0.0,4.407980918884277,4.237954616546631,0.7351911067962646,0.0,0.0,0.0,0.0,0.0,0.0,0.0,0.0
rl,2,0,0,0,0.0,-5.0,-5.0,1.0,0.0,0.0,0.0,0.0,-5.350030899047852,-5.345860004425049,0.902693510055542,0.0,0.0,0.0,0.0,0.0,0.0,0.0,0.0
rl,3,0,0,0,0.0,-5.0,5.0,1.0,0.0,0.0,0.0,0.0,-5.372435092926025,3.8223938941955566,0.5041739344596863,0.0,0.0,0.0,0.0,0.0,0.0,0.0,0.0
lqr,0,0,0,0,0.0,5.0,-5.0,1.0,0.0,0.0,0.0,0.0,4.926242828369141,-5.887693405151367,0.7395809888839722,0.0,0.0,0.0,0.0,0.0,0.0,0.0,0.0
lqr,1,0,0,0,0.0,5.0,5.0,1.0,0.0,0.0,0.0,0.0,4.407980918884277,4.237954616546631,0.7351911067962646,0.0,0.0,0.0,0.0,0.0,0.0,0.0,0.0
lqr,2,0,0,0,0.0,-5.0,-5.0,1.0,0.0,0.0,0.0,0.0,-5.350030899047852,-5.345860004425049,0.902693510055542,0.0,0.0,0.0,0.0,0.0,0.0,0.0,0.0
lqr,3,0,0,0,0.0,-5.0,5.0,1.0,0.0,0.0,0.0,0.0,-5.372435092926025,3.8223938941955566,0.5041739344596863,0.0,0.0,0.0,0.0,0.0,0.0,0.0,0.0
rl,0,0,1,1,0.02,5.000174522399902,-4.99979829788208,0.9997280836105347,0.008716369979083538,0.010091254487633705,-0.013604101724922657,0.01904941163957119,4.926242828369141,-5.887693405151367,0.7395809888839722,0.47034555673599243,0.5444047451019287,15.144413948059082,15.161493301391602,-0.0004991760361008346,-0.0011787316761910915,2.5869527235045098e-05,0.0012803336139768362
rl,1,0,1,1,0.02,5.000304222106934,4.999443531036377,0.9998792409896851,0.015237536281347275,-0.027802377939224243,-0.006041249725967646,0.032274626195430756,4.407980918884277,4.237954616546631,0.7351911067962646,0.8222928643226624,-1.4999992847442627,15.552504539489746,15.646295547485352,-7.565321539004799e-06,-0.001118354732170701,-4.9461996241007e-05,0.0011194735998287797
rl,2,0,1,1,0.02,-5.000063896179199,-5.000555992126465,1.0000828504562378,-0.0031933546997606754,-0.02780243568122387,0.004144458100199699,0.02829044871032238,-5.350030899047852,-5.345860004425049,0.902693510055542,-0.17222139239311218,-1.4999940395355225,16.101985931396484,16.172618865966797,-2.1291487428243272e-05,-0.0014331414131447673,-5.97411890339572e-05,0.00143454410135746
rl,3,0,1,1,0.02,-5.000551223754883,4.999722003936768,0.9990127086639404,-0.027596168220043182,-0.013888799585402012,-0.04936329647898674,0.05823385715484619,-5.372435092926025,3.8223938941955566,0.5041739344596863,-1.4886560440063477,-0.749335765838623,13.2149658203125,13.3196439743042,-0.00013620818208437413,-0.0015387836610898376,-4.435015580384061e-05,0.001545436680316925
lqr,0,0,1,1,0.02,4.992863655090332,-5.085881233215332,0.9745054244995117,-0.29028481245040894,-3.4937222003936768,-1.0371778011322021,3.6559674739837646,4.926242828369141,-5.887693405151367,0.7395809888839722,-6.028879642486572,-71.9855728149414,-5.785802841186523,72.46892547607422,0.1116858720779419,-0.0008712532580830157,-0.018435390666127205,0.11320051550865173
lqr,1,0,1,1,0.02,4.94272518157959,4.926275253295898,0.9740821123123169,-2.3300132751464844,-2.999211311340332,-1.0544312000274658,3.941580295562744,4.407980918884277,4.237954616546631,0.7351911067962646,-48.0522575378418,-61.7670783996582,-6.190269470214844,78.50166320800781,0.09617552161216736,-0.0699068158864975,-0.018693912774324417,0.12035845220088959
lqr,2,0,1,1,0.02,-5.033863544464111,-5.033461093902588,0.9902856349945068,-1.3776237964630127,-1.361213207244873,-0.3952222466468811,1.9766004085540771,-5.350030899047852,-5.345860004425049,0.902693510055542,-28.416011810302734,-28.059154510498047,7.641136646270752,40.65922927856445,0.04299454391002655,-0.044887371361255646,-0.00892897043377161,0.06279437243938446
lqr,3,0,1,1,0.02,-5.036030292510986,4.88607120513916,0.9517333507537842,-1.4657858610153198,-4.634744167327881,-1.9636262655258179,5.242633819580078,-5.372435092926025,3.8223938941955566,0.5041739344596863,-30.27362823486328,-95.37191772460938,-25.142011642456055,103.1717758178711,0.1501178741455078,-0.030576935037970543,-0.02594028227031231,0.15538088977336884
rl,0,0,2,2,0.04,5.000969886779785,-5.000044345855713,0.9987895488739014,0.035393934696912766,-0.017455581575632095,-0.04012799635529518,0.05628218501806259,4.926242828369141,-5.887693405151367,0.7395809888839722,1.4366016387939453,-1.4850202798843384,14.44789981842041,14.594893455505371,-0.0011395870242267847,-0.003515924559906125,2.5056635422515683e-05,0.003696080530062318
rl,1,0,2,2,0.04,5.000304222106934,4.998907089233398,0.9994121789932251,-0.007650468498468399,-0.012921350076794624,-0.02034677192568779,0.02528798207640648,4.407980918884277,4.237954616546631,0.7351911067962646,-1.237658143043518,0.8028823137283325,15.106271743774414,15.17813777923584,-0.0005786758847534657,-0.004157222807407379,-0.00011101031850557774,0.004198772367089987
rl,2,0,2,2,0.04,-4.999776840209961,-5.001833438873291,0.9996397495269775,0.01598370634019375,-0.05000455677509308,-0.02424008399248123,0.057823143899440765,-5.350030899047852,-5.345860004425049,0.902693510055542,1.0311565399169922,-1.1978175640106201,14.347367286682129,14.434161186218262,-0.00010015590669354424,-0.0041907774284482,-0.00019169316510669887,0.004196354653686285
rl,3,0,2,2,0.04,-5.000988006591797,4.999444961547852,0.996544361114502,-0.008019475266337395,-0.006898265331983566,-0.09873118251562119,0.09929624944925308,-5.372435092926025,3.8223938941955566,0.5041739344596863,1.0529687404632568,0.37739428877830505,13.215229034423828,13.262482643127441,-0.0007252179784700274,-0.004326242487877607,-9.041911107487977e-05,0.004387537948787212
lqr,0,0,2,2,0.04,4.983871936798096,-5.194094657897949,0.9423784613609314,-0.2946343421936035,-3.545952320098877,-1.0527453422546387,3.710641384124756,4.926242828369141,-5.887693405151367,0.7395809888839722,1.2015419006347656,13.99920654296875,20.23480224609375,24.63470458984375,0.08702060580253601,-0.003666070755571127,-0.01758512109518051,0.08885528892278671
lqr,1,0,2,2,0.04,4.870555400848389,4.833378314971924,0.9414200186729431,-2.3648672103881836,-3.0440447330474854,-1.0703045129776,4.000544548034668,4.407980918884277,4.237954616546631,0.7351911067962646,9.366109848022461,12.001863479614258,20.327808380126953,25.396623611450195,0.07491781562566757,-0.055704157799482346,-0.017815949395298958,0.09504231065511703
lqr,2,0,2,2,0.04,-5.076535224914551,-5.07562255859375,0.9780429005622864,-1.398224949836731,-1.3815598487854004,-0.4011813998222351,2.006162405014038,-5.350030899047852,-5.345860004425049,0.902693510055542,5.534287929534912,5.462161064147949,17.528804779052734,19.17609214782715,0.03301279619336128,-0.03692610561847687,-0.008514934219419956,0.050258196890354156
lqr,3,0,2,2,0.04,-5.081432819366455,4.742516040802002,0.89090895652771,-1.487730622291565,-4.7040300369262695,-1.9931303262710571,5.321072101593018,-5.372435092926025,3.8223938941955566,0.5041739344596863,5.937578201293945,18.504608154296875,24.127180099487305,30.98057746887207,0.11728832125663757,-0.02593858353793621,-0.02472534030675888,0.12264054268598557
rl,0,0,3,3,0.06,5.002587795257568,-5.000616550445557,0.9965981841087341,0.06320187449455261,-0.019843492656946182,-0.08949678391218185,0.11134592443704605,4.926242828369141,-5.887693405151367,0.7395809888839722,1.494702696800232,-0.1272704154253006,13.215612411499023,13.3004789352417,-0.0009499828447587788,-0.0041959467343986034,-4.835215077036992e-05,0.004302415065467358
rl,1,0,3,3,0.06,4.999517917633057,4.998180866241455,0.9978244304656982,-0.03544630482792854,-0.0298297181725502,-0.06920731067657471,0.08328207582235336,4.407980918884277,4.237954616546631,0.7351911067962646,-1.507027506828308,-0.9108689427375793,13.241533279418945,13.358107566833496,-0.0014067216543480754,-0.00667990930378437,-0.00010308138735126704,0.006827201694250107
rl,2,0,3,3,0.06,-4.999527931213379,-5.003890514373779,0.9983365535736084,0.004447096027433872,-0.0778077095746994,-0.053046904504299164,0.0942750796675682,-5.350030899047852,-5.345860004425049,0.902693510055542,-0.6298590302467346,-1.4998096227645874,14.323959350585938,14.416031837463379,-0.00012581756163854152,-0.005419166758656502,-0.00027812542975880206,0.005427757743746042
rl,3,0,3,3,0.06,-5.001343727111816,4.999048709869385,0.9925950169563293,-0.013816414400935173,-0.016392432153224945,-0.14809803664684296,0.14964169263839722,-5.372435092926025,3.8223938941955566,0.5041739344596863,-0.31949710845947266,-0.5108458995819092,13.214890480041504,13.228619575500488,-0.0013346998021006584,-0.005145117174834013,-4.611091208062135e-05,0.005315616726875305
lqr,0,0,3,3,0.06,4.975711822509766,-5.292298793792725,0.9132229089736938,-0.2597321569919586,-3.1259167194366455,-0.9280518293380737,3.2711002826690674,4.926242828369141,-5.887693405151367,0.7395809888839722,2.0589566230773926,23.855226516723633,23.373680114746094,33.46102523803711,0.04068876802921295,-0.005872511770576239,-0.011575017124414444,0.04270881786942482
lqr,1,0,3,3,0.06,4.805061340332031,4.749074935913086,0.9117780327796936,-2.084742546081543,-2.6834604740142822,-0.9435347318649292,3.526665449142456,4.407980918884277,4.237954616546631,0.7351911067962646,15.973605155944824,20.43892478942871,23.547040939331055,35.0338249206543,0.03497229889035225,-0.029046226292848587,-0.01172494888305664,0.0469491146504879
lqr,2,0,3,3,0.06,-5.115257740020752,-5.113884925842285,0.9669322967529297,-1.2326009273529053,-1.2179065942764282,-0.3536650836467743,1.7685250043869019,-5.350030899047852,-5.345860004425049,0.902693510055542,9.43730640411377,9.310853004455566,18.71401596069336,22.934017181396484,0.014727980829775333,-0.0206821970641613,-0.00560361985117197,0.02600129321217537
lqr,3,0,3,3,0.06,-5.122635841369629,4.612239837646484,0.8357096314430237,-1.3115025758743286,-4.146812915802002,-1.7570533752441406,4.690771102905273,-5.372435092926025,3.8223938941955566,0.5041739344596863,10.138908386230469,31.492551803588867,30.07341957092285,44.710052490234375,0.055373359471559525,-0.015763314440846443,-0.01627819798886776,0.05983034893870354
rl,0,0,4,4,0.08,5.003926753997803,-5.000665187835693,0.9937734603881836,0.035402294248342514,0.007456544321030378,-0.0964786633849144,0.10303909331560135,4.926242828369141,-5.887693405151367,0.7395809888839722,-1.5103075504302979,1.4759083986282349,15.500345230102539,15.643529891967773,-0.001802405109629035,-0.005387851037085056,2.336824945814442e-05,0.0056813862174749374
rl,1,0,4,4,0.08,4.99799919128418,4.997310638427734,0.9954697489738464,-0.05824395269155502,-0.028591737151145935,-0.08312670141458511,0.10545090585947037,4.407980918884277,4.237954616546631,0.7351911067962646,-1.2452468872070312,0.06933361291885376,15.126253128051758,15.177581787109375,-0.0013983550015836954,-0.008069736883044243,-0.0001832807611208409,0.008192047476768494
rl,2,0,4,4,0.08,-4.9989705085754395,-5.006614685058594,0.9963805079460144,0.025670675560832024,-0.09729096293449402,-0.07126791030168533,0.12330299615859985,-5.350030899047852,-5.345860004425049,0.902693510055542,1.1317530870437622,-1.0509941577911377,14.896553993225098,14.976407051086426,-0.00013686636521015316,-0.006447327323257923,-0.00036239525070413947,0.00645895441994071
rl,3,0,4,4,0.08,-5.002313137054443,4.998596668243408,0.9871646761894226,-0.041612476110458374,-0.014477580785751343,-0.19746321439743042,0.20231884717941284,-5.372435092926025,3.8223938941955566,0.5041739344596863,-1.5111384391784668,0.10573647171258926,13.21371078491211,13.30025863647461,-0.0014843574026599526,-0.0065553984604775906,-8.958188118413091e-05,0.006721948739141226
lqr,0,0,4,4,0.08,4.9686479568481445,-5.377317428588867,0.8879817724227905,-0.22371676564216614,-2.692517042160034,-0.7993758320808411,2.8175697326660156,4.926242828369141,-5.887693405151367,0.7395809888839722,1.9265291690826416,22.27619171142578,22.915178298950195,32.016334533691406,0.009144186973571777,-0.007270971778780222,-0.006434507668018341,0.01333739422261715
lqr,1,0,4,4,0.08,4.7483601570129395,4.676089286804199,0.8861157894134521,-1.7957006692886353,-2.31140398979187,-0.8127058148384094,3.0376996994018555,4.407980918884277,4.237954616546631,0.7351911067962646,14.920701026916504,19.0798397064209,23.08433723449707,33.459739685058594,0.00774637795984745,-0.01171165145933628,-0.006521651055663824,0.015482282266020775
lqr,2,0,4,4,0.08,-5.148781776428223,-5.14700984954834,0.9573132991790771,-1.0617064237594604,-1.049047589302063,-0.304625540971756,1.5233246088027954,-5.350030899047852,-5.345860004425049,0.902693510055542,8.810402870178223,8.696063995361328,18.54073143005371,22.2935733795166,0.0022719628177583218,-0.010064709931612015,-0.0031140067148953676,0.010777627117931843
lqr,3,0,4,4,0.08,-5.158307075500488,4.499453544616699,0.7879210710525513,-1.1296577453613281,-3.571868896484375,-1.5134302377700806,4.040401458740234,-5.372435092926025,3.8223938941955566,0.5041739344596863,9.481098175048828,29.391433715820312,29.208192825317383,42.50724792480469,0.013227925635874271,-0.009182065725326538,-0.009062607772648335,0.018477533012628555
rl,0,0,5,5,0.1,5.0044331550598145,-5.000998497009277,0.9907019734382629,0.0076101128943264484,-0.020353635773062706,-0.10532932728528976,0.10754743963479996,4.926242828369141,-5.887693405151367,0.7395809888839722,-1.5165064334869385,-1.4947881698608398,15.399837493896484,15.546356201171875,-0.002356796758249402,-0.007753790356218815,2.0740892068715766e-05,0.008104084059596062
rl,1,0,5,5,0.1,4.996127128601074,4.996271133422852,0.9923444986343384,-0.06445742398500443,-0.03760381042957306,-0.11469802260398865,0.13683727383613586,4.407980918884277,4.237954616546631,0.7351911067962646,-0.3567720353603363,-0.4823729991912842,14.174838066101074,14.187530517578125,-0.0017220916924998164,-0.008701515384018421,-0.00018276061746291816,0.008872169069945812
rl,2,0,5,5,0.1,-4.998350620269775,-5.009895324707031,0.9935967326164246,0.018242811784148216,-0.11536557972431183,-0.10355371236801147,0.15609416365623474,-5.350030899047852,-5.345860004425049,0.902693510055542,-0.41852426528930664,-0.9746503233909607,14.136131286621094,14.175870895385742,-0.00035422094515524805,-0.006675222888588905,-0.0003751822514459491,0.006695135030895472
rl,3,0,5,5,0.1,-5.004024982452393,4.998046875,0.9813656210899353,-0.06482897698879242,-0.02025628462433815,-0.19122567772865295,0.20292948186397552,-5.372435092926025,3.8223938941955566,0.5041739344596863,-1.2739014625549316,-0.307126522064209,16.213472366333008,16.266340255737305,-0.001804608036763966,-0.008098113350570202,-0.00011553124204510823,0.008297553285956383
lqr,0,0,5,5,0.1,4.962582588195801,-5.450310230255127,0.8663111329078674,-0.19188828766345978,-2.3095040321350098,-0.6856585144996643,2.4167659282684326,4.926242828369141,-5.887693405151367,0.7395809888839722,1.66901433467865,19.361404418945312,21.998260498046875,29.352563858032227,-0.0090389559045434,-0.008084121160209179,-0.002684095874428749,0.012420149520039558
lqr,1,0,5,5,0.1,4.699679851531982,4.61342716217041,0.8640839457511902,-1.5402593612670898,-1.9826020002365112,-0.6970862150192261,2.6055784225463867,4.407980918884277,4.237954616546631,0.7351911067962646,12.962721824645996,16.580900192260742,22.149084091186523,30.553892135620117,-0.007966483011841774,-0.002315106801688671,-0.0027255695313215256,0.00873231329023838
lqr,2,0,5,5,0.1,-5.17756462097168,-5.175448894500732,0.9490550756454468,-0.9106754660606384,-0.8998154997825623,-0.2612866759300232,1.3066248893737793,-5.350030899047852,-5.345860004425049,0.902693510055542,7.6491851806640625,7.559508800506592,18.196392059326172,21.13681411743164,-0.004926789086312056,-0.004324657842516899,-0.001297365059144795,0.0066827442497015
lqr,3,0,5,5,0.1,-5.188930034637451,4.402621269226074,0.7468928694725037,-0.9689607620239258,-3.063765287399292,-1.2981288433074951,3.4656429290771484,-5.372435092926025,3.8223938941955566,0.5041739344596863,8.237919807434082,25.542646408081055,27.474855422973633,38.40778350830078,-0.011062505654990673,-0.0056559550575912,-0.0037993034347891808,0.012992442585527897
rl,0,0,6,6,0.12,5.00516939163208,-5.001890182495117,0.987263023853302,0.03302880376577377,-0.034388694912195206,-0.11927512288093567,0.12845247983932495,4.926242828369141,-5.887693405151367,0.7395809888839722,1.3467514514923096,-0.7503584027290344,15.12879467010498,15.20714282989502,-0.0016169593436643481,-0.008304042741656303,-0.0001341597962891683,0.008461068384349346
rl,1,0,6,6,0.12,4.993635654449463,4.995401859283447,0.9884253740310669,-0.09224642813205719,-0.02460789866745472,-0.1386066973209381,0.16830557584762573,4.407980918884277,4.237954616546631,0.7351911067962646,-1.5286431312561035,0.7065651416778564,14.58525562286377,14.682154655456543,-0.0019489005208015442,-0.008875002153217793,-0.000170842744410038,0.009088071994483471
rl,2,0,6,6,0.12,-4.9981536865234375,-5.013749599456787,0.9899388551712036,0.0007126394775696099,-0.13507898151874542,-0.13111457228660583,0.18824948370456696,-5.350030899047852,-5.345860004425049,0.902693510055542,-0.9700377583503723,-1.0625969171524048,14.389988899230957,14.461737632751465,-0.0004720129945781082,-0.007567091379314661,-0.0004181945405434817,0.007593323010951281
rl,3,0,6,6,0.12,-5.005414009094238,4.996883392333984,0.9748753309249878,-0.0370081290602684,-0.04806365817785263,-0.22889871895313263,0.2368002086877823,-5.372435092926025,3.8223938941955566,0.5041739344596863,1.47530996799469,-1.494793176651001,13.84942626953125,14.007767677307129,-0.001598856644704938,-0.00836673192679882,-0.00017787386605050415,0.00851998757570982
lqr,0,0,6,6,0.12,4.95738410949707,-5.51288366317749,0.8477345108985901,-0.16446298360824585,-1.9794440269470215,-0.5876641869544983,2.0713753700256348,4.926242828369141,-5.887693405151367,0.7395809888839722,1.421156644821167,16.62765884399414,21.122514724731445,26.919496536254883,-0.018507448956370354,-0.008528871461749077,-8.01662026788108e-05,0.020378265529870987
lqr,1,0,6,6,0.12,4.657948970794678,4.55971097946167,0.8451976180076599,-1.3201316595077515,-1.6992563009262085,-0.5974552035331726,2.2331976890563965,4.407980918884277,4.237954616546631,0.7351911067962646,11.120430946350098,14.239614486694336,21.254335403442383,27.895830154418945,-0.016161395236849785,0.0021584893111139536,-8.898488886188716e-05,0.016305143013596535
lqr,2,0,6,6,0.12,-5.202237129211426,-5.199828147888184,0.9419762492179871,-0.78052818775177,-0.7712223529815674,-0.2239418774843216,1.1198920011520386,-5.350030899047852,-5.345860004425049,0.902693510055542,6.556155681610107,6.492560863494873,17.86815643310547,20.109886169433594,-0.008691929280757904,-0.0016208296874538064,-3.5972625482827425e-05,0.008841833099722862
lqr,3,0,6,6,0.12,-5.215183258056641,4.319613456726074,0.7117223739624023,-0.8304815292358398,-2.6259078979492188,-1.1125969886779785,2.9703474044799805,-5.372435092926025,3.8223938941955566,0.5041739344596863,7.063598155975342,21.939104080200195,25.819210052490234,34.6099739074707,-0.023712467402219772,-0.004003849346190691,-0.00014367674884852022,0.024048546329140663
rl,0,0,7,7,0.14,5.006596088409424,-5.003329753875732,0.9830412864685059,0.05482136830687523,-0.054750703275203705,-0.15145330131053925,0.17012090981006622,4.926242828369141,-5.887693405151367,0.7395809888839722,1.1467247009277344,-1.090957522392273,14.14548397064209,14.233758926391602,-0.0013592260656878352,-0.007255325093865395,-0.00016172764298971742,0.007383318617939949
rl,1,0,7,7,0.14,4.990311622619629,4.994532585144043,0.9837989211082458,-0.12003330141305923,-0.031110171228647232,-0.16202212870121002,0.2040269672870636,4.407980918884277,4.237954616546631,0.7351911067962646,-1.5367313623428345,-0.3432026505470276,14.611502647399902,14.696099281311035,-0.002345670247450471,-0.009568938985466957,-0.00014007563004270196,0.009853241965174675
rl,2,0,7,7,0.14,-4.99780797958374,-5.018235206604004,0.9850180149078369,0.016942523419857025,-0.1566915214061737,-0.18048493564128876,0.2396123856306076,-5.350030899047852,-5.345860004425049,0.902693510055542,0.8468908667564392,-1.164931058883667,13.216913223266602,13.29515266418457,-0.0004621281987056136,-0.007775115314871073,-0.0004533286264631897,0.007802017964422703
rl,3,0,7,7,0.14,-5.006651401519775,4.994913578033447,0.9675062894821167,-0.04336284473538399,-0.07439218461513519,-0.2540026605129242,0.26820120215415955,-5.372435092926025,3.8223938941955566,0.5041739344596863,-0.3757244348526001,-1.413874864578247,14.523954391479492,14.597447395324707,-0.0009133370476774871,-0.007490408606827259,-0.0002741399221122265,0.0075508649460971355
lqr,0,0,7,7,0.14,4.95292854309082,-5.566506385803223,0.8318144083023071,-0.14093953371047974,-1.6963077783584595,-0.5036027431488037,1.7750885486602783,4.926242828369141,-5.887693405151367,0.7395809888839722,1.2027335166931152,14.25291633605957,20.356964111328125,24.87967300415039,-0.022714657709002495,-0.008757907897233963,0.0016607869183644652,0.024401124566793442
lqr,1,0,7,7,0.14,4.622186660766602,4.513678550720215,0.8290122747421265,-1.1313015222549438,-1.4561972618103027,-0.5119900107383728,1.9137626886367798,4.407980918884277,4.237954616546631,0.7351911067962646,9.51625919342041,12.206915855407715,20.471773147583008,25.66440200805664,-0.019813356921076775,0.0038136804942041636,0.0016749158967286348,0.02024644799530506
lqr,2,0,7,7,0.14,-5.223381996154785,-5.220719814300537,0.9359095692634583,-0.668883204460144,-0.6609084606170654,-0.19190794229507446,0.9597048163414001,-5.350030899047852,-5.345860004425049,0.902693510055542,5.6049485206604,5.566209316253662,17.581377029418945,19.274412155151367,-0.010380297899246216,-0.0006555290892720222,0.0008075485820882022,0.010432278737425804
lqr,3,0,7,7,0.14,-5.237680435180664,4.248476028442383,0.681581974029541,-0.7116897702217102,-2.2502996921539307,-0.9534461498260498,2.54546856880188,-5.372435092926025,3.8223938941955566,0.5041739344596863,6.037290573120117,18.81168556213379,24.37110710144043,31.373226165771484,-0.02933758683502674,-0.003417703090235591,0.0023020941298455,0.02962556853890419
rl,0,0,8,8,0.16,5.008469581604004,-5.004547119140625,0.9777231216430664,0.06625369191169739,-0.0335189551115036,-0.19018255174160004,0.2041628658771515,4.926242828369141,-5.887693405151367,0.7395809888839722,0.5832889080047607,1.1537070274353027,13.78975772857666,13.850223541259766,-0.0015620171325281262,-0.006723450496792793,-0.00013013012357987463,0.006903739646077156
rl,1,0,8,8,0.16,4.986688613891602,4.99307107925415,0.9779507517814636,-0.1211111769080162,-0.05752109736204147,-0.21139219403266907,0.2503263056278229,4.407980918884277,4.237954616546631,0.7351911067962646,-0.09983973950147629,-1.416427493095398,13.215633392333984,13.291696548461914,-0.0018493655370548368,-0.009466750547289848,-0.00021764870325569063,0.009648154489696026
rl,2,0,8,8,0.16,-4.997169494628906,-5.022843360900879,0.9794113039970398,0.023487290367484093,-0.15208013355731964,-0.19009701907634735,0.24457493424415588,-5.350030899047852,-5.345860004425049,0.902693510055542,0.3137340843677521,0.25047463178634644,15.360793113708496,15.36603832244873,-0.0007618946256116033,-0.007231499534100294,-0.000404025602620095,0.007282739970833063
rl,3,0,8,8,0.16,-5.008508682250977,4.99212646484375,0.9597036838531494,-0.07115364819765091,-0.10219663381576538,-0.2631199061870575,0.29109975695610046,-5.372435092926025,3.8223938941955566,0.5041739344596863,-1.5411961078643799,-1.4925001859664917,15.383204460144043,15.532090187072754,-0.0005621504969894886,-0.008310750126838684,-0.00039305075188167393,0.008339009247720242
lqr,0,0,8,8,0.16,4.949110984802246,-5.612459659576416,0.8181719183921814,-0.12077535688877106,-1.4536277055740356,-0.43155437707901,1.5211375951766968,4.926242828369141,-5.887693405151367,0.7395809888839722,1.0132309198379517,12.216597557067871,19.69991111755371,23.202550888061523,-0.02386804297566414,-0.008865379728376865,0.0027688283007591963,0.02561142109334469
lqr,1,0,8,8,0.16,4.591540336608887,4.474230766296387,0.815142810344696,-0.9694549441337585,-1.2478735446929932,-0.4387405216693878,1.639976978302002,4.407980918884277,4.237954616546631,0.7351911067962646,8.137295722961426,10.464159965515137,19.800010681152344,23.82760238647461,-0.020825572311878204,0.003928297199308872,0.002798591274768114,0.02137681283056736
lqr,2,0,8,8,0.16,-5.241503715515137,-5.23862361907959,0.930711030960083,-0.5731857419013977,-0.5663602948188782,-0.1644519716501236,0.822405219078064,-5.350030899047852,-5.345860004425049,0.902693510055542,4.787487030029297,4.7724199295043945,17.334976196289062,18.606380462646484,-0.010860363952815533,-0.0006378325633704662,0.001344488002359867,0.01096184179186821
lqr,3,0,8,8,0.16,-5.256960868835449,4.187515735626221,0.6557534337043762,-0.6098694801330566,-1.928365707397461,-0.8170394897460938,2.1813042163848877,-5.372435092926025,3.8223938941955566,0.5041739344596863,5.153938293457031,16.128320693969727,23.128284454345703,28.663625717163086,-0.030886171385645866,-0.003413225058466196,0.003860576543956995,0.03131309151649475
rl,0,0,9,9,0.18,5.010842800140381,-5.005718231201172,0.9712443351745605,0.08553945273160934,-0.04181843623518944,-0.22884948551654816,0.24786663055419922,4.926242828369141,-5.887693405151367,0.7395809888839722,1.0017478466033936,-0.4375646114349365,13.795600891113281,13.838842391967773,-0.0022218776866793633,-0.006509961560368538,-1.4056331565370783e-05,0.0068787019699811935
rl,1,0,9,9,0.18,4.982499122619629,4.991069793701172,0.9715745449066162,-0.14889942109584808,-0.07139546424150467,-0.21312259137630463,0.26961007714271545,4.407980918884277,4.237954616546631,0.7351911067962646,-1.5568041801452637,-0.7372918128967285,15.780125617980957,15.873865127563477,-0.0012683734530583024,-0.009169114753603935,-0.00031533886794932187,0.00926179625093937
rl,2,0,9,9,0.18,-4.995908260345459,-5.027961730957031,0.9738328456878662,0.05130387097597122,-0.17988598346710205,-0.1838642805814743,0.2622920572757721,-5.350030899047852,-5.345860004425049,0.902693510055542,1.451979398727417,-1.4971578121185303,16.219636917114258,16.35317611694336,-0.0012170937843620777,-0.0072393701411783695,-0.00033123072353191674,0.007348435930907726
rl,3,0,9,9,0.18,-5.0111260414123535,4.989617824554443,0.9511171579360962,-0.09529531747102737,-0.07439090311527252,-0.2977607250213623,0.3213668465614319,-5.372435092926025,3.8223938941955566,0.5041739344596863,-1.3479361534118652,1.5073840618133545,14.004448890686035,14.149689674377441,-0.0010533174499869347,-0.009264138527214527,-0.0003948115336243063,0.009332181885838509
lqr,0,0,9,9,0.18,4.945839881896973,-5.65183687210083,0.8064811825752258,-0.10349775850772858,-1.2456603050231934,-0.36981120705604553,1.3035112619400024,4.926242828369141,-5.887693405151367,0.7395809888839722,0.8495101928710938,10.47237491607666,19.138978958129883,21.833295822143555,-0.02332426980137825,-0.008907807059586048,0.003419548971578479,0.02520047500729561
lqr,1,0,9,9,0.18,4.565278053283691,4.440425395965576,0.803257405757904,-0.8307572603225708,-1.0693410634994507,-0.37596917152404785,1.405347228050232,4.407980918884277,4.237954616546631,0.7351911067962646,6.9546051025390625,8.972270011901855,19.226537704467773,22.327739715576172,-0.020369121804833412,0.0032481811940670013,0.003459436120465398,0.020914576947689056
lqr,2,0,9,9,0.18,-5.257030487060547,-5.253966331481934,0.926256000995636,-0.49117618799209595,-0.48533302545547485,-0.1409238576889038,0.7047423124313354,-5.350030899047852,-5.345860004425049,0.902693510055542,4.0853986740112305,4.0932512283325195,17.124113082885742,18.074302673339844,-0.010667335242033005,-0.001105946023017168,0.0016598746879026294,0.010852204635739326
lqr,3,0,9,9,0.18,-5.273481845855713,4.135276794433594,0.6336202025413513,-0.5226170420646667,-1.6524758338928223,-0.7001445889472961,1.8692264556884766,-5.372435092926025,3.8223938941955566,0.5041739344596863,4.3951544761657715,13.830155372619629,22.066814422607422,26.410886764526367,-0.03016866371035576,-0.003709457814693451,0.004777607973664999,0.030769040808081627
rl,0,0,10,10,0.2,5.012853145599365,-5.007526874542236,0.9633916020393372,0.057743676006793976,-0.06962652504444122,-0.2782154381275177,0.29255086183547974,4.926242828369141,-5.887693405151367,0.7395809888839722,-1.541556477546692,-1.4888910055160522,13.211474418640137,13.38417911529541,-0.00168466882314533,-0.0068306755274534225,-9.637113544158638e-05,0.007036016322672367
rl,1,0,10,10,0.2,4.978090286254883,4.988371849060059,0.96489018201828,-0.1459270715713501,-0.09920135885477066,-0.2276560664176941,0.28803279995918274,4.407980918884277,4.237954616546631,0.7351911067962646,0.09648343920707703,-1.4884068965911865,15.096226692199707,15.169730186462402,-0.0011051802430301905,-0.009526488371193409,-0.00038219953421503305,0.009597993455827236
rl,2,0,10,10,0.2,-4.994924545288086,-5.033435821533203,0.968055009841919,0.023510586470365524,-0.18374773859977722,-0.19696633517742157,0.2703917622566223,-5.350030899047852,-5.345860004425049,0.902693510055542,-1.5508449077606201,-0.2043011635541916,15.166461944580078,15.246914863586426,-0.001087617943994701,-0.0075696371495723724,-0.00035860802745446563,0.007655777037143707
rl,3,0,10,10,0.2,-5.013554573059082,4.987313270568848,0.9417937994003296,-0.07377636432647705,-0.07804656028747559,-0.3172873258590698,0.3349708318710327,-5.372435092926025,3.8223938941955566,0.5041739344596863,1.104540467262268,-0.1877502202987671,14.829577445983887,14.871840476989746,-0.0021543402690440416,-0.008936567232012749,-0.00021946689230389893,0.009195193648338318
lqr,0,0,10,10,0.2,4.943036079406738,-5.685581207275391,0.7964632511138916,-0.08869374543428421,-1.067449688911438,-0.3169011175632477,1.1170235872268677,4.926242828369141,-5.887693405151367,0.7395809888839722,0.7084516882896423,8.978190422058105,18.660951614379883,20.720542907714844,-0.02190154232084751,-0.008917342871427536,0.0037447125650942326,0.023942001163959503
lqr,1,0,10,10,0.2,4.542773723602295,4.411457538604736,0.7930726408958435,-0.7119011878967285,-0.9163495898246765,-0.32217803597450256,1.2042834758758545,4.407980918884277,4.237954616546631,0.7351911067962646,5.940187931060791,7.6938605308532715,18.737571716308594,21.10871696472168,-0.019150730222463608,0.0022006137296557426,0.003790569491684437,0.01964590512216091
lqr,2,0,10,10,0.2,-5.270337104797363,-5.267113208770752,0.9224384427070618,-0.4209035336971283,-0.4158957004547119,-0.12076117098331451,0.6039141416549683,-5.350030899047852,-5.345860004425049,0.902693510055542,3.483325242996216,3.511645555496216,16.944110870361328,17.65129280090332,-0.010124203749001026,-0.0017960069235414267,0.0018174839206039906,0.010441666468977928
lqr,3,0,10,10,0.2,-5.287637233734131,4.090512275695801,0.6146535873413086,-0.4478479325771332,-1.4160561561584473,-0.5999739170074463,1.601796269416809,-5.372435092926025,3.8223938941955566,0.5041739344596863,3.744164228439331,11.860373497009277,21.16176986694336,24.546031951904297,-0.028276825323700905,-0.004145204089581966,0.00523777212947607,0.029055047780275345
rl,0,0,11,11,0.22,5.014108657836914,-5.0095062255859375,0.9546622633934021,0.033920470625162125,-0.06411281228065491,-0.2973649799823761,0.3060832917690277,4.926242828369141,-5.887693405151367,0.7395809888839722,-1.3392397165298462,0.3110947608947754,14.840280532836914,14.903834342956543,-0.0013753649545833468,-0.008166549727320671,-0.00021143326011952013,0.008284253999590874
rl,1,0,11,11,0.22,4.973891258239746,4.985240459442139,0.9570731520652771,-0.13699109852313995,-0.10697635263204575,-0.27702608704566956,0.3270381689071655,4.407980918884277,4.237954616546631,0.7351911067962646,0.41936084628105164,-0.4086836278438568,13.217443466186523,13.23040771484375,-0.0008804642129689455,-0.00863658357411623,-0.00041072818567045033,0.008691058494150639
rl,2,0,11,11,0.22,-4.993819236755371,-5.038392543792725,0.9621615409851074,0.04353027790784836,-0.15594466030597687,-0.1961870938539505,0.254367858171463,-5.350030899047852,-5.345860004425049,0.902693510055542,1.0184001922607422,1.505130410194397,15.92422103881836,16.0275821685791,-0.001944752992130816,-0.008340663276612759,-0.0002524176670704037,0.008568106219172478
rl,3,0,11,11,0.22,-5.015211582183838,4.984414577484131,0.9323999285697937,-0.04595789685845375,-0.10585446655750275,-0.31105518341064453,0.33177193999290466,-5.372435092926025,3.8223938941955566,0.5041739344596863,1.4317108392715454,-1.4879778623580933,16.222280502319336,16.353172302246094,-0.0018589610699564219,-0.007789070252329111,-0.00020460045197978616,0.008010443300008774
lqr,0,0,11,11,0.22,4.9406328201293945,-5.714497089385986,0.787878692150116,-0.07600197196006775,-0.9147288203239441,-0.2715615928173065,0.9572099447250366,4.926242828369141,-5.887693405151367,0.7395809888839722,0.586958646774292,7.698974609375,18.253585815429688,19.819488525390625,-0.020085308700799942,-0.00891144573688507,0.0038425528910011053,0.02230692096054554
lqr,1,0,11,11,0.22,4.523488521575928,4.38663387298584,0.7843449711799622,-0.6100490689277649,-0.7852441072463989,-0.2760833203792572,1.0319836139678955,4.407980918884277,4.237954616546631,0.7351911067962646,5.070284366607666,6.5993194580078125,18.32086753845215,20.12244987487793,-0.01758933626115322,0.0010247783502563834,0.0038912328891456127,0.018043741583824158
lqr,2,0,11,11,0.22,-5.281739234924316,-5.278379440307617,0.9191669821739197,-0.36068153381347656,-0.356393039226532,-0.10348355025053024,0.517509400844574,-5.350030899047852,-5.345860004425049,0.902693510055542,2.966404438018799,3.0140416622161865,16.790302276611328,17.31468391418457,-0.00942268781363964,-0.002559761283919215,0.0018648727564141154,0.009940682910382748
lqr,3,0,11,11,0.22,-5.299769878387451,4.052151679992676,0.5984007716178894,-0.3837786912918091,-1.2134586572647095,-0.5141345858573914,1.3726260662078857,-5.372435092926025,3.8223938941955566,0.5041739344596863,3.186131238937378,10.172401428222656,20.390419006347656,23.00865936279297,-0.025857770815491676,-0.004629738628864288,0.00537861930206418,0.02681395784020424
rl,0,0,12,12,0.24,5.0153374671936035,-5.011985778808594,0.9453667998313904,0.044434141367673874,-0.0919201597571373,-0.31608861684799194,0.33216822147369385,4.926242828369141,-5.887693405151367,0.7395809888839722,0.5053048133850098,-1.4849984645843506,14.87220573425293,14.954700469970703,-0.0015676263719797134,-0.008584448136389256,-0.00021891975484322757,0.008729154244065285
rl,1,0,12,12,0.24,4.969295501708984,4.982369422912598,0.9478825330734253,-0.16130608320236206,-0.09000005573034286,-0.3210211992263794,0.37037044763565063,4.407980918884277,4.237954616546631,0.7351911067962646,-1.3817373514175415,0.9280126094818115,13.49702262878418,13.599265098571777,-0.0014544891892001033,-0.008218084461987019,-0.000316892983391881,0.008351818658411503
rl,2,0,12,12,0.24,-4.992132663726807,-5.043338298797607,0.9559641480445862,0.06256695836782455,-0.1693509966135025,-0.21177591383457184,0.27828657627105713,-5.350030899047852,-5.345860004425049,0.902693510055542,0.9614526629447937,-0.7157596349716187,15.042268753051758,15.089948654174805,-0.002644237829372287,-0.007669784128665924,-8.643810724606737e-05,0.008113264106214046
rl,3,0,12,12,0.24,-5.016214847564697,4.981111526489258,0.9225307703018188,-0.027213919907808304,-0.1122257187962532,-0.33792123198509216,0.3571077883243561,-5.372435092926025,3.8223938941955566,0.5041739344596863,0.9438255429267883,-0.33171316981315613,14.433956146240234,14.468584060668945,-0.0014324627118185163,-0.00716193113476038,-0.0002396459603914991,0.007307710591703653
lqr,0,0,12,12,0.24,4.938574314117432,-5.739277362823486,0.7805221676826477,-0.06512722373008728,-0.7838593125343323,-0.23270946741104126,0.8202625513076782,4.926242828369141,-5.887693405151367,0.7395809888839722,0.4817263185977936,6.603122711181641,17.90662384033203,19.091371536254883,-0.01815585233271122,-0.008900054730474949,0.003785728244110942,0.020571282133460045
lqr,1,0,12,12,0.24,4.50696325302124,4.365363121032715,0.7768660187721252,-0.5227696299552917,-0.6729018688201904,-0.2365836501121521,0.8843397498130798,4.407980918884277,4.237954616546631,0.7351911067962646,4.323749542236328,5.660705089569092,17.96573257446289,19.32630157470703,-0.015927879139780998,-0.00014950506738387048,0.003834980074316263,0.016383733600378036
lqr,2,0,12,12,0.24,-5.291509628295898,-5.288032531738281,0.9163635969161987,-0.3090808689594269,-0.30540674924850464,-0.08867738395929337,0.44347259402275085,-5.350030899047852,-5.345860004425049,0.902693510055542,2.5218544006347656,2.5872573852539062,16.658906936645508,17.04619789123535,-0.008674141950905323,-0.0033179253805428743,0.0018372685881331563,0.009467043913900852
lqr,3,0,12,12,0.24,-5.310166835784912,4.019280910491943,0.584473192691803,-0.3288687467575073,-1.0398509502410889,-0.4405766427516937,1.176245093345642,-5.372435092926025,3.8223938941955566,0.5041739344596863,2.7074191570281982,8.724748611450195,19.733055114746094,21.7449951171875,-0.0232857633382082,-0.005112593527883291,0.005301995202898979,0.024422869086265564
rl,0,0,13,13,0.26,5.016531944274902,-5.015264987945557,0.936008632183075,0.037541039288043976,-0.11802536994218826,-0.30985304713249207,0.3336888253688812,4.926242828369141,-5.887693405151367,0.7395809888839722,-0.44709882140159607,-1.3907804489135742,16.214628219604492,16.280303955078125,-0.0009867805056273937,-0.008365033194422722,-0.00032345764338970184,0.008429243229329586
rl,1,0,13,13,0.26,4.964611530303955,4.97916316986084,0.9373552203178406,-0.15347477793693542,-0.11534102261066437,-0.3658536970615387,0.4131670296192169,4.407980918884277,4.237954616546631,0.7351911067962646,0.34567123651504517,-1.3535693883895874,13.463340759277344,13.535627365112305,-0.0018147171940654516,-0.008365717716515064,-0.0002539320266805589,0.008564047515392303
rl,2,0,13,13,0.26,-4.990242004394531,-5.0489182472229,0.9487211108207703,0.0632757619023323,-0.19429545104503632,-0.25626397132873535,0.32775869965553284,-5.350030899047852,-5.345860004425049,0.902693510055542,-0.026312995702028275,-1.3371682167053223,13.479196548461914,13.545384407043457,-0.001911981264129281,-0.0073115830309689045,-0.0001512739108875394,0.00755895534530282
rl,3,0,13,13,0.26,-5.017587184906006,4.977772235870361,0.9125178456306458,-0.05500626191496849,-0.11079069972038269,-0.33168262243270874,0.3539966642856598,-5.372435092926025,3.8223938941955566,0.5041739344596863,-1.5815662145614624,0.09278354048728943,16.20716667175293,16.28441619873047,-0.0017327580135315657,-0.007597034797072411,-0.00020356118329800665,0.007794794626533985
lqr,0,0,13,13,0.26,4.936809062957764,-5.76051139831543,0.7742182016372681,-0.0558081790804863,-0.6717082262039185,-0.19941505789756775,0.702903151512146,4.926242828369141,-5.887693405151367,0.7395809888839722,0.390948623418808,5.663906574249268,17.61098289489746,18.503496170043945,-0.016269804909825325,-0.00888790749013424,0.00362761621363461,0.01889076642692089
lqr,1,0,13,13,0.26,4.492802143096924,4.347135066986084,0.7704570293426514,-0.4479787051677704,-0.5766327977180481,-0.20273488759994507,0.7578204274177551,4.407980918884277,4.237954616546631,0.7351911067962646,3.6830546855926514,4.856909275054932,17.662994384765625,18.685176849365234,-0.014301490969955921,-0.0012559897731989622,0.003675791434943676,0.014819635078310966
lqr,2,0,13,13,0.26,-5.299882888793945,-5.2963056564331055,0.9139612913131714,-0.2648600935935974,-0.26171761751174927,-0.07598970830440521,0.3800281882286072,-5.350030899047852,-5.345860004425049,0.902693510055542,2.140857458114624,2.222740650177002,16.546634674072266,16.83196258544922,-0.007940324023365974,-0.004030166193842888,0.0017604761524125934,0.009076908230781555
lqr,3,0,13,13,0.26,-5.319075107574463,3.991111993789673,0.5725383758544922,-0.2818160951137543,-0.8910807967185974,-0.377543181180954,1.0079604387283325,-5.372435092926025,3.8223938941955566,0.5041739344596863,2.296313524246216,7.4839911460876465,19.17266082763672,20.70927619934082,-0.020769396796822548,-0.005568195134401321,0.005082691088318825,0.022095393389463425
rl,0,0,14,14,0.28,5.017580986022949,-5.018249988555908,0.9262032508850098,0.03375019133090973,-0.09022050350904465,-0.33533650636672974,0.34889736771583557,4.926242828369141,-5.887693405151367,0.7395809888839722,-0.27893689274787903,1.5165064334869385,14.500689506530762,14.582441329956055,-0.0014006007695570588,-0.00867330189794302,-0.00030159426387399435,0.008790836669504642
rl,1,0,14,14,0.28,4.959577560424805,4.976110935211182,0.9257892966270447,-0.17499154806137085,-0.09491266310214996,-0.3953644633293152,0.442655086517334,4.407980918884277,4.237954616546631,0.7351911067962646,-1.2483018636703491,1.1177843809127808,14.277704238891602,14.375692367553711,-0.001700037275440991,-0.008163205347955227,-0.0002555545070208609,0.008342263288795948
rl,2,0,14,14,0.28,-4.988548278808594,-5.054916858673096,0.9411577582359314,0.05299841985106468,-0.20278415083885193,-0.2500275671482086,0.3262576162815094,-5.350030899047852,-5.345860004425049,0.902693510055542,-0.638839602470398,-0.4463275074958801,16.212236404418945,16.23095703125,-0.0014270588289946318,-0.0077268886379897594,-0.00023623320157639682,0.007861114107072353
rl,3,0,14,14,0.28,-5.019011497497559,4.974484443664551,0.9015798568725586,-0.04372119903564453,-0.10903382301330566,-0.38105276226997375,0.398749440908432,-5.372435092926025,3.8223938941955566,0.5041739344596863,0.5348786115646362,0.10867074877023697,13.218053817749023,13.229317665100098,-0.0020977433305233717,-0.008419551886618137,-0.00017106470477301627,0.008678631857037544
lqr,0,0,14,14,0.28,4.935297966003418,-5.778707981109619,0.7688162922859192,-0.04782235249876976,-0.5756052136421204,-0.17088466882705688,0.6023370027542114,4.926242828369141,-5.887693405151367,0.7395809888839722,0.31225746870040894,4.859004020690918,17.3588924407959,18.028825759887695,-0.014507866464555264,-0.008877066895365715,0.003406920935958624,0.017346112057566643
lqr,1,0,14,14,0.28,4.480666160583496,4.33151388168335,0.7649651169776917,-0.38388651609420776,-0.4941325783729553,-0.17372910678386688,0.6493979096412659,4.407980918884277,4.237954616546631,0.7351911067962646,3.13322377204895,4.168191909790039,17.404708862304688,18.1690616607666,-0.01278095692396164,-0.00226446776650846,0.0034530034754425287,0.013431452214717865
lqr,2,0,14,14,0.28,-5.307057857513428,-5.303396224975586,0.9119028449058533,-0.22696320712566376,-0.22427310049533844,-0.06511787325143814,0.3256548047065735,-5.350030899047852,-5.345860004425049,0.902693510055542,1.813025951385498,1.9102773666381836,16.45060157775879,16.66008758544922,-0.007254306692630053,-0.004678194411098957,0.0016534142196178436,0.00878887064754963
lqr,3,0,14,14,0.28,-5.3267083168029785,3.966972827911377,0.5623108148574829,-0.24150387942790985,-0.7635915279388428,-0.32352766394615173,0.8637512922286987,-5.372435092926025,3.8223938941955566,0.5041739344596863,1.9430527687072754,6.420223236083984,18.694692611694336,19.861679077148438,-0.01841745711863041,-0.005984697490930557,0.004775160923600197,0.01994546316564083
rl,0,0,15,15,0.3,5.01803731918335,-5.021512985229492,0.9153879880905151,0.005960759241133928,-0.1180296316742897,-0.3730955123901367,0.39136528968811035,4.926242828369141,-5.887693405151367,0.7395809888839722,-1.5773969888687134,-1.4824193716049194,13.834567070007324,14.00289249420166,-0.002048635156825185,-0.00881794560700655,-0.0002041657135123387,0.009055095724761486
rl,1,0,15,15,0.3,4.954530239105225,4.972950458526611,0.9134623408317566,-0.16484397649765015,-0.1105228140950203,-0.41867026686668396,0.46332883834838867,4.407980918884277,4.237954616546631,0.7351911067962646,0.45008623600006104,-0.8242645263671875,14.625558853149414,14.655679702758789,-0.002231871010735631,-0.008460860699415207,-0.00016901247727219015,0.008751912973821163
rl,2,0,15,15,0.3,-4.987188816070557,-5.061300754547119,0.9326696991920471,0.041448578238487244,-0.21779321134090424,-0.29939544200897217,0.37254464626312256,-5.350030899047852,-5.345860004425049,0.902693510055542,-0.698599100112915,-0.7989796996116638,13.211907386779785,13.254467010498047,-0.0014588147168979049,-0.00839664600789547,-0.00026447835261933506,0.008526531979441643
rl,3,0,15,15,0.3,-5.020572662353516,4.970755577087402,0.8895595073699951,-0.056132446974515915,-0.13195636868476868,-0.41048580408096313,0.4348125159740448,-5.372435092926025,3.8223938941955566,0.5041739344596863,-0.7559643387794495,-1.219678521156311,14.287702560424805,14.359580039978027,-0.001901312149129808,-0.007939506322145462,-0.000169221282703802,0.008165745064616203
lqr,0,0,15,15,0.3,4.9340033531188965,-5.794300556182861,0.7641869187355042,-0.040985528379678726,-0.49325302243232727,-0.14643551409244537,0.5161605477333069,4.926242828369141,-5.887693405151367,0.7395809888839722,0.2436572164297104,4.169416427612305,17.143972396850586,17.64537239074707,-0.012907028198242188,-0.008868771605193615,0.0031515033915638924,0.01597430557012558
lqr,1,0,15,15,0.3,4.470267295837402,4.3181281089782715,0.7602587938308716,-0.3289628326892853,-0.4234333634376526,-0.14887334406375885,0.5564850568771362,4.407980918884277,4.237954616546631,0.7351911067962646,2.661020040512085,3.5778543949127197,17.18423843383789,17.753313064575195,-0.011398239061236382,-0.0031650601886212826,0.003194827353581786,0.012253341265022755
lqr,2,0,15,15,0.3,-5.313208103179932,-5.3094706535339355,0.910138726234436,-0.19448710978031158,-0.19218677282333374,-0.05580100789666176,0.2790604531764984,-5.350030899047852,-5.345860004425049,0.902693510055542,1.5309571027755737,1.6426666975021362,16.36855125427246,16.521854400634766,-0.006630460731685162,-0.00525685353204608,0.0015295138582587242,0.008598658256232738
lqr,3,0,15,15,0.3,-5.333250522613525,3.9462873935699463,0.5535465478897095,-0.2069544494152069,-0.6543419361114502,-0.2772391438484192,0.7401723265647888,-5.372435092926025,3.8223938941955566,0.5041739344596863,1.640197992324829,5.508172512054443,18.286766052246094,19.168621063232422,-0.016279179602861404,-0.006357397418469191,0.004418504890054464,0.018026407808065414
rl,0,0,16,16,0.32,5.018115520477295,-5.025211334228516,0.9039907455444336,0.0009241277002729475,-0.12588715553283691,-0.3833102583885193,0.403454065322876,4.926242828369141,-5.887693405151367,0.7395809888839722,-0.3664291799068451,-0.4031125009059906,15.326081275939941,15.335760116577148,-0.0014576577814295888,-0.009192653000354767,-0.000312453368678689,0.009312747977674007
rl,1,0,16,16,0.32,4.950141429901123,4.9690775871276855,0.9004848003387451,-0.13702572882175446,-0.13833005726337433,-0.43954363465309143,0.48073887825012207,4.407980918884277,4.237954616546631,0.7351911067962646,1.3955811262130737,-1.4808014631271362,14.764753341674805,14.90430736541748,-0.001594704226590693,-0.0076703475788235664,-0.0002233706327388063,0.007837550714612007
rl,2,0,16,16,0.32,-4.98598051071167,-5.0676140785217285,0.9230465888977051,0.039664704352617264,-0.20676890015602112,-0.33146336674690247,0.3926762342453003,-5.350030899047852,-5.345860004425049,0.902693510055542,-0.18372078239917755,0.6072133779525757,14.147018432617188,14.161235809326172,-0.0015730822924524546,-0.008315621875226498,-0.0002528534678276628,0.008466881699860096
rl,3,0,16,16,0.32,-5.022812843322754,4.96693229675293,0.8769657611846924,-0.08392184227705002,-0.12523065507411957,-0.4244426488876343,0.4504188895225525,-5.372435092926025,3.8223938941955566,0.5041739344596863,-1.5977338552474976,0.38219374418258667,15.1149263381958,15.203941345214844,-0.0016826733481138945,-0.008701123297214508,-0.00023356091696769,0.008865409530699253
lqr,0,0,16,16,0.32,4.9328932762146,-5.807662487030029,0.7602199912071228,-0.03512236848473549,-0.42268383502960205,-0.12548422813415527,0.4423138201236725,4.926242828369141,-5.887693405151367,0.7395809888839722,0.1846694052219391,3.5784573554992676,16.960464477539062,17.334842681884766,-0.011478409171104431,-0.008862764574587345,0.002881038701161742,0.014785224571824074
lqr,1,0,16,16,0.32,4.461355686187744,4.306656837463379,0.7562258839607239,-0.2818981409072876,-0.3628518283367157,-0.12757405638694763,0.47686803340911865,4.407980918884277,4.237954616546631,0.7351911067962646,2.2552523612976074,3.07177472114563,16.995933532714844,17.41791343688965,-0.01016298308968544,-0.0039590103551745415,0.002921188483014703,0.011291294358670712
lqr,2,0,16,16,0.32,-5.318476676940918,-5.31467866897583,0.9086270928382874,-0.16665275394916534,-0.16468870639801025,-0.047817204147577286,0.23912757635116577,-5.350030899047852,-5.345860004425049,0.902693510055542,1.287840485572815,1.4144065380096436,16.298261642456055,16.410131454467773,-0.006073445547372103,-0.005767194554209709,0.0013983175158500671,0.008491323329508305
lqr,3,0,16,16,0.32,-5.3388566970825195,3.9285614490509033,0.5460363626480103,-0.17734242975711823,-0.5607232451438904,-0.23757444322109222,0.6342732310295105,-5.372435092926025,3.8223938941955566,0.5041739344596863,1.3802977800369263,4.726428985595703,17.938400268554688,18.601896286010742,-0.014369488693773746,-0.006686439737677574,0.0040403553284704685,0.016355890780687332
rl,0,0,17,17,0.34,5.018215179443359,-5.028780937194824,0.8926069736480713,0.0044845580123364925,-0.1155327707529068,-0.37753283977508545,0.39484044909477234,4.926242828369141,-5.887693405151367,0.7395809888839722,0.08360816538333893,0.5820779800415039,16.190412521362305,16.201087951660156,-0.00187317980453372,-0.00903104618191719,-0.00025371622177772224,0.009226752445101738
rl,1,0,17,17,0.34,4.946586608886719,4.964371204376221,0.8865360617637634,-0.10921094566583633,-0.16613522171974182,-0.4776752293109894,0.5173988342285156,4.407980918884277,4.237954616546631,0.7351911067962646,1.396566390991211,-1.4811632633209229,13.834257125854492,13.983237266540527,-0.0009149466059170663,-0.006729453336447477,-0.0002940150734502822,0.006797728594392538
rl,2,0,17,17,0.34,-4.985346794128418,-5.074145317077637,0.9123609662055969,0.011873787268996239,-0.22317488491535187,-0.3685551583766937,0.43102312088012695,-5.350030899047852,-5.345860004425049,0.902693510055542,-1.5921621322631836,-0.870756983757019,13.867875099182129,13.986105918884277,-0.0019006133079528809,-0.008526814170181751,-0.0002058072277577594,0.008738492615520954
rl,3,0,17,17,0.34,-5.025261402130127,4.963300704956055,0.8640514016151428,-0.08041778206825256,-0.1189330592751503,-0.4334923326969147,0.4566483199596405,-5.372435092926025,3.8223938941955566,0.5041739344596863,0.08031091094017029,0.36109650135040283,15.39083194732666,15.39527702331543,-0.002255402971059084,-0.00921291671693325,-0.00016896621673367918,0.009486475959420204
lqr,0,0,17,17,0.34,4.931941509246826,-5.819112777709961,0.7568207383155823,-0.03009931929409504,-0.3622073829174042,-0.10753082484006882,0.3790290951728821,4.926242828369141,-5.887693405151367,0.7395809888839722,0.13292303681373596,3.0726568698883057,16.803739547729492,17.08287239074707,-0.010218799114227295,-0.00885912124067545,0.002609134651720524,0.013773724436759949
lqr,1,0,17,17,0.34,4.453719139099121,4.296828269958496,0.7527701258659363,-0.2415660321712494,-0.31093788146972656,-0.10932163894176483,0.40864133834838867,4.407980918884277,4.237954616546631,0.7351911067962646,1.9066541194915771,2.6380090713500977,16.83500862121582,17.14677619934082,-0.009072708897292614,-0.0046529327519237995,0.002645911183208227,0.010533977299928665
lqr,2,0,17,17,0.34,-5.322991847991943,-5.319140911102295,0.9073319435119629,-0.14280807971954346,-0.14112156629562378,-0.04097631946206093,0.20491096377372742,-5.350030899047852,-5.345860004425049,0.902693510055542,1.078323245048523,1.2186110019683838,16.238079071044922,16.319406509399414,-0.005582467187196016,-0.006214482709765434,0.0012664495734497905,0.008449120447039604
lqr,3,0,17,17,0.34,-5.343662738800049,3.913372278213501,0.5396004915237427,-0.15196897089481354,-0.480500191450119,-0.20358401536941528,0.5435268878936768,-5.372435092926025,3.8223938941955566,0.5041739344596863,1.1562894582748413,4.055779933929443,17.6409969329834,18.138113021850586,-0.012684276327490807,-0.006974412593990564,0.003659840440377593,0.014930764213204384
rl,0,0,18,18,0.36,5.01785945892334,-5.032269477844238,0.8807741403579712,-0.02000977098941803,-0.11669066548347473,-0.40287405252456665,0.4199102222919464,4.926242828369141,-5.887693405151367,0.7395809888839722,-1.426302194595337,-0.03914078325033188,14.501470565795898,14.571496963500977,-0.0023810018319636583,-0.009120889939367771,-0.00016936322208493948,0.009428068995475769
rl,1,0,18,18,0.36,4.943811416625977,4.959362030029297,0.8715991973876953,-0.08420795947313309,-0.1674349457025528,-0.5079945921897888,0.541464626789093,4.407980918884277,4.237954616546631,0.7351911067962646,1.237027883529663,-0.05015355348587036,14.253005027770996,14.306674003601074,-0.0008247016812674701,-0.006134889554232359,-0.0002949819609057158,0.006197097711265087
rl,2,0,18,18,0.36,-4.98544454574585,-5.081397533416748,0.9011856317520142,-0.010854942724108696,-0.25098180770874023,-0.3744882643222809,0.450944721698761,-5.350030899047852,-5.345860004425049,0.902693510055542,-1.3387067317962646,-1.482871651649475,15.550841331481934,15.678638458251953,-0.0013581672683358192,-0.009319914504885674,-0.00032224960159510374,0.009423866868019104
rl,3,0,18,18,0.36,-5.028017520904541,4.95933198928833,0.8506104350090027,-0.09759537875652313,-0.1390097439289093,-0.45529648661613464,0.4859459400177002,-5.372435092926025,3.8223938941955566,0.5041739344596863,-1.0384130477905273,-1.060383677482605,14.696370124816895,14.77112102508545,-0.0022388179786503315,-0.009027930907905102,-0.00015510327648371458,0.009302682243287563
lqr,0,0,18,18,0.36,4.931126117706299,-5.828924655914307,0.7539077997207642,-0.02579028718173504,-0.31038641929626465,-0.09214604645967484,0.32480111718177795,4.926242828369141,-5.887693405151367,0.7395809888839722,0.08765991032123566,2.638982057571411,16.669893264770508,16.877716064453125,-0.009117226116359234,-0.008857347071170807,0.0023448821157217026,0.012925744988024235
lqr,1,0,18,18,0.36,4.4471755027771,4.288405418395996,0.749808669090271,-0.20700344443321228,-0.26645445823669434,-0.09368129074573517,0.35017794370651245,4.407980918884277,4.237954616546631,0.7351911067962646,1.6068437099456787,2.2665555477142334,16.697446823120117,16.927017211914062,-0.008118050172924995,-0.0052559878677129745,0.002378234639763832,0.009959124028682709
lqr,2,0,18,18,0.36,-5.3268609046936035,-5.322962284088135,0.906221866607666,-0.12237429618835449,-0.12093164026737213,-0.03511415421962738,0.17559309303760529,-5.350030899047852,-5.345860004425049,0.902693510055542,0.8975528478622437,1.0507670640945435,16.18659782409668,16.245481491088867,-0.0051528941839933395,-0.006604101974517107,0.0011382750235497952,0.008453529328107834
lqr,3,0,18,18,0.36,-5.3477783203125,3.9003560543060303,0.5340855121612549,-0.13022086024284363,-0.4117544889450073,-0.17445656657218933,0.46576207876205444,-5.372435092926025,3.8223938941955566,0.5041739344596863,0.9632419347763062,3.481203556060791,17.38677978515625,17.75800323486328,-0.011209122836589813,-0.0072245229966938496,0.003289770567789674,0.013735383749008179
rl,0,0,19,19,0.38,5.017811298370361,-5.036182880401611,0.8680316209793091,0.007617667783051729,-0.13731887936592102,-0.4356873333454132,0.4568784832954407,4.926242828369141,-5.887693405151367,0.7395809888839722,1.3804450035095215,-1.0886698961257935,14.121382713317871,14.230400085449219,-0.0020920755341649055,-0.008822000585496426,-0.0001885669626062736,0.009068628773093224
rl,1,0,19,19,0.38,4.941251277923584,4.954894065856934,0.8564696907997131,-0.08590555936098099,-0.13963159918785095,-0.502470850944519,0.52853924036026,4.407980918884277,4.237954616546631,0.7351911067962646,-0.2239692658185959,1.5243844985961914,16.172935485839844,16.24616050720215,-0.0018193969735875726,-0.006487855687737465,-0.0001514177565695718,0.006739836651831865
rl,2,0,19,19,0.38,-4.9852142333984375,-5.089440822601318,0.8900753259658813,0.016968540847301483,-0.27664539217948914,-0.3682568371295929,0.4609053134918213,-5.350030899047852,-5.345860004425049,0.902693510055542,1.3745853900909424,-1.3664699792861938,16.227638244628906,16.342979431152344,-0.0008821471710689366,-0.009233007207512856,-0.0004183867131359875,0.009284484200179577
rl,3,0,19,19,0.38,-5.03123140335083,4.955717086791992,0.8362666964530945,-0.11189347505569458,-0.11120737344026566,-0.48954132199287415,0.5143325328826904,-5.372435092926025,3.8223938941955566,0.5041739344596863,-0.8849118947982788,1.5230247974395752,14.021746635437012,14.131951332092285,-0.002221688162535429,-0.009228404611349106,-0.00016529658751096576,0.009493507444858551
lqr,0,0,19,19,0.38,4.9304280281066895,-5.8373332023620605,0.7514115571975708,-0.02210221067070961,-0.26597732305526733,-0.07896289974451065,0.2783299684524536,4.926242828369141,-5.887693405151367,0.7395809888839722,0.04745934158563614,2.267656087875366,16.555484771728516,16.710134506225586,-0.008159585297107697,-0.00885764230042696,0.0020941300317645073,0.012223831377923489
lqr,1,0,19,19,0.38,4.441567420959473,4.281187057495117,0.747270941734314,-0.1773892492055893,-0.2283327281475067,-0.08027791976928711,0.3000788688659668,4.407980918884277,4.237954616546631,0.7351911067962646,1.3487441539764404,1.948568344116211,16.57979965209961,16.748308181762695,-0.007287169806659222,-0.005778164137154818,0.00212412909604609,0.009539494290947914
lqr,2,0,19,19,0.38,-5.33017635345459,-5.32623815536499,0.9052706360816956,-0.10486394166946411,-0.10363359749317169,-0.030090466141700745,0.15047194063663483,-5.350030899047852,-5.345860004425049,0.902693510055542,0.7415158748626709,0.9078686237335205,16.142454147338867,16.184959411621094,-0.004779260605573654,-0.006942563224583864,0.0010166092542931437,0.008489641360938549
lqr,3,0,19,19,0.38,-5.3513054847717285,3.889202117919922,0.5293595790863037,-0.111592598259449,-0.352847158908844,-0.14949661493301392,0.39912813901901245,-5.372435092926025,3.8223938941955566,0.5041739344596863,0.7973248958587646,2.9888644218444824,17.169445037841797,17.445884704589844,-0.009925096295773983,-0.007441538851708174,0.0029383485671132803,0.012748252600431442
rl,0,0,20,20,0.4,5.017823219299316,-5.04032564163208,0.8550857305526733,-0.003177044913172722,-0.13845990598201752,-0.42945078015327454,0.4512307643890381,4.926242828369141,-5.887693405151367,0.7395809888839722,-0.7157634496688843,-0.03188549727201462,16.209768295288086,16.225595474243164,-0.001769032794982195,-0.008069852367043495,-0.00020546464656945318,0.008264031261205673
rl,1,0,20,20,0.4,4.939230442047119,4.950432300567627,0.8409348130226135,-0.05808886140584946,-0.15327778458595276,-0.5255013108253479,0.5504725575447083,4.407980918884277,4.237954616546631,0.7351911067962646,1.373993158340454,-0.7120083570480347,14.649712562561035,14.731221199035645,-0.0025763139128684998,-0.007068606559187174,-2.6270530725014396e-05,0.00752351526170969
rl,2,0,20,20,0.4,-4.985260963439941,-5.098129749298096,0.8784044981002808,-0.010820828378200531,-0.296110600233078,-0.39941492676734924,0.4973236918449402,-5.350030899047852,-5.345860004425049,0.902693510055542,-1.6168057918548584,-1.032833456993103,14.185818672180176,14.314966201782227,-0.0007008514949120581,-0.008683494292199612,-0.00045083652366884053,0.008723389357328415
rl,3,0,20,20,0.4,-5.034304618835449,4.952103137969971,0.8213121294975281,-0.09767717868089676,-0.12507110834121704,-0.5029556155204773,0.5273973345756531,-5.372435092926025,3.8223938941955566,0.5041739344596863,0.6358181834220886,-0.7206128835678101,15.162307739257812,15.192732810974121,-0.002742236712947488,-0.008866609074175358,-5.766242611571215e-05,0.009281161241233349
lqr,0,0,20,20,0.4,4.929828643798828,-5.844538688659668,0.7492724061012268,-0.018940482288599014,-0.22792473435401917,-0.06766487658023834,0.2385098785161972,4.926242828369141,-5.887693405151367,0.7395809888839722,0.012253478169441223,1.9498299360275269,16.457765579223633,16.572872161865234,-0.0073302751407027245,-0.008859517052769661,0.0018602999625727534,0.011648377403616905
lqr,1,0,20,20,0.4,4.43676233291626,4.275001525878906,0.7450961470603943,-0.15200872719287872,-0.19566330313682556,-0.06879263371229172,0.25714433193206787,4.407980918884277,4.237954616546631,0.7351911067962646,1.1264268159866333,1.676323413848877,16.479076385498047,16.602375030517578,-0.006566878408193588,-0.006228814832866192,0.0018871339270845056,0.009245717898011208
lqr,2,0,20,20,0.4,-5.333016395568848,-5.32904577255249,0.9044553637504578,-0.08986040949821472,-0.08880873024463654,-0.025784974917769432,0.1289447546005249,-5.350030899047852,-5.345860004425049,0.902693510055542,0.606651782989502,0.7853342294692993,16.104717254638672,16.13526153564453,-0.004456059075891972,-0.007236108183860779,0.000903204723726958,0.008545964024960995
lqr,3,0,20,20,0.4,-5.354329586029053,3.8796439170837402,0.5253097414970398,-0.09562806785106659,-0.3023652732372284,-0.1281077116727829,0.34202495217323303,-5.372435092926025,3.8223938941955566,0.5041739344596863,0.6541416645050049,2.566948175430298,16.983592987060547,17.18893814086914,-0.008812231943011284,-0.007628548424690962,0.00261054583825171,0.011944251134991646
rl,0,0,21,21,0.42,5.017171859741211,-5.0447492599487305,0.8414599895477295,-0.030966348946094513,-0.15192613005638123,-0.46655428409576416,0.4916435182094574,4.926242828369141,-5.887693405151367,0.7395809888839722,-1.6205852031707764,-0.6992842555046082,13.864445686340332,13.97634220123291,-0.0018832647474482656,-0.00893107708543539,-0.0002184055047109723,0.009130089543759823
rl,1,0,21,21,0.42,4.937615871429443,4.945704460144043,0.8249567747116089,-0.05169712379574776,-0.159745991230011,-0.5361552834510803,0.5618308186531067,4.407980918884277,4.237954616546631,0.7351911067962646,0.2067336142063141,-0.32151514291763306,15.306846618652344,15.31161880493164,-0.0021457739640027285,-0.006827020552009344,-5.5011900258250535e-05,0.007156506180763245
rl,2,0,21,21,0.42,-4.985637664794922,-5.107476711273193,0.8665468096733093,-0.013486174866557121,-0.31928157806396484,-0.39318013191223145,0.506668746471405,-5.350030899047852,-5.345860004425049,0.902693510055542,-0.28698623180389404,-1.230195164680481,16.214624404907227,16.263755798339844,-0.0006478045834228396,-0.009242953732609749,-0.0005029059248045087,0.009279265068471432
rl,3,0,21,21,0.42,-5.036678791046143,4.947794437408447,0.8060947060585022,-0.06985753774642944,-0.15287968516349792,-0.5093938112258911,0.5364087224006653,-5.372435092926025,3.8223938941955566,0.5041739344596863,1.3589848279953003,-1.4704517126083374,15.547205924987793,15.675607681274414,-0.001987791620194912,-0.007973751053214073,-0.00012643213267438114,0.008218759670853615
lqr,0,0,21,21,0.42,4.929314136505127,-5.850711345672607,0.7474393844604492,-0.01622721739113331,-0.19531458616256714,-0.0579834021627903,0.20438489317893982,4.926242828369141,-5.887693405151367,0.7395809888839722,-0.018774304538965225,1.677377462387085,16.37408447265625,16.459787368774414,-0.006614493206143379,-0.00886262021958828,0.0016452206764370203,0.011180533096194267
lqr,1,0,21,21,0.42,4.432643890380859,4.26970100402832,0.7432326674461365,-0.13026019930839539,-0.16766758263111115,-0.058950603008270264,0.22035270929336548,4.407980918884277,4.237954616546631,0.7351911067962646,0.9347745180130005,1.4429988861083984,16.392852783203125,16.482769012451172,-0.0059441919438540936,-0.0066174594685435295,0.0016690666088834405,0.00905041303485632
lqr,2,0,21,21,0.42,-5.335450172424316,-5.33144998550415,0.903756856918335,-0.07700629532337189,-0.07610220462083817,-0.02209559828042984,0.11049764603376389,-5.350030899047852,-5.345860004425049,0.902693510055542,0.4898110628128052,0.6807661056518555,16.072250366210938,16.0941162109375,-0.004177236929535866,-0.007490426767617464,0.0007988933357410133,0.008613595739006996
lqr,3,0,21,21,0.42,-5.356919765472412,3.871453285217285,0.5218393802642822,-0.08194306492805481,-0.2591056525707245,-0.1097789853811264,0.2930901348590851,-5.372435092926025,3.8223938941955566,0.5041739344596863,0.5303437113761902,2.205491065979004,16.824562072753906,16.976787567138672,-0.007850345224142075,-0.007789222057908773,0.0023088741581887007,0.011297380551695824
rl,0,0,22,22,0.44,5.016415596008301,-5.048749923706055,0.8268797993659973,-0.02227879874408245,-0.12412352114915848,-0.4957353472709656,0.5115237236022949,4.926242828369141,-5.887693405151367,0.7395809888839722,0.3362196087837219,1.529028058052063,14.304835319519043,14.390249252319336,-0.002131965011358261,-0.009007093496620655,-0.00018673966405913234,0.009257854893803596
rl,1,0,22,22,0.44,4.935509204864502,4.940357685089111,0.8088527917861938,-0.07948926836252213,-0.18755437433719635,-0.5371209383010864,0.5744510889053345,4.407980918884277,4.237954616546631,0.7351911067962646,-1.6492043733596802,-1.4695388078689575,15.81435489654541,15.96788215637207,-0.0018065901240333915,-0.007855241186916828,-0.00013522633526008576,0.008061443455517292
rl,2,0,22,22,0.44,-4.985678195953369,-5.116498947143555,0.8543180823326111,0.004693177528679371,-0.29147616028785706,-0.4148428440093994,0.5070255994796753,-5.350030899047852,-5.345860004425049,0.902693510055542,0.8440311551094055,1.5182987451553345,14.716440200805664,14.818611145019531,-0.001250036177225411,-0.008824929594993591,-0.00041405914817005396,0.008922635577619076
rl,3,0,22,22,0.44,-5.038217544555664,4.9431681632995605,0.7903779149055481,-0.042041391134262085,-0.1548977941274643,-0.5311387777328491,0.5548596382141113,-5.372435092926025,3.8223938941955566,0.5041739344596863,1.3603852987289429,-0.07951178401708603,14.719247817993164,14.78219223022461,-0.0015516089042648673,-0.007119647227227688,-0.00016534520545974374,0.007288635708391666
lqr,0,0,22,22,0.44,4.9288740158081055,-5.856001853942871,0.7458687424659729,-0.013901283964514732,-0.1673780232667923,-0.04968761280179024,0.17514996230602264,4.926242828369141,-5.887693405151367,0.7395809888839722,-0.0469643697142601,1.4442280530929565,16.30251693725586,16.366432189941406,-0.005997614935040474,-0.008866781368851662,0.001449398696422577,0.010802404955029488
lqr,1,0,22,22,0.44,4.429115295410156,4.265159606933594,0.7416356205940247,-0.11162064224481583,-0.14368067681789398,-0.05051618069410324,0.1888258159160614,4.407980918884277,4.237954616546631,0.7351911067962646,0.7694606781005859,1.243087649345398,16.319082260131836,16.384437561035156,-0.005406863521784544,-0.0069520436227321625,0.00147051562089473,0.008929025381803513
lqr,2,0,22,22,0.44,-5.337535381317139,-5.333510875701904,0.9031581878662109,-0.06599054485559464,-0.06521866470575333,-0.018933774903416634,0.09469272941350937,-5.350030899047852,-5.345860004425049,0.902693510055542,0.3890517055988312,0.5915189981460571,16.044483184814453,16.060096740722656,-0.003936904948204756,-0.007710717152804136,0.0007039100164547563,0.008686188608407974
lqr,3,0,22,22,0.44,-5.359140872955322,3.864433526992798,0.5188655853271484,-0.07021903991699219,-0.2220345139503479,-0.09407269209623337,0.251156747341156,-5.372435092926025,3.8223938941955566,0.5041739344596863,0.42356741428375244,1.8960365056991577,16.688499450683594,16.80120086669922,-0.0070206169039011,-0.00792755838483572,0.002034176839515567,0.010783000849187374
rl,0,0,23,23,0.46,5.016303539276123,-5.053029537200928,0.8114229440689087,0.005540639627724886,-0.15193364024162292,-0.524972677230835,0.5465444922447205,4.926242828369141,-5.887693405151367,0.7395809888839722,1.3610153198242188,-1.468982458114624,14.318449974060059,14.457810401916504,-0.002497920533642173,-0.007955202832818031,-7.196256046881899e-05,0.008338467217981815
rl,1,0,23,23,0.46,4.932787895202637,4.93467378616333,0.7921971082687378,-0.09632411599159241,-0.19037453830242157,-0.5642248392105103,0.6032167673110962,4.407980918884277,4.237954616546631,0.7351911067962646,-1.0521979331970215,-0.12319623678922653,14.406715393066406,14.445613861083984,-0.0014358226908370852,-0.009076728485524654,-0.0002559166168794036,0.00919315405189991
rl,2,0,23,23,0.46,-4.985268592834473,-5.125799179077148,0.8416756987571716,0.018129846081137657,-0.31928473711013794,-0.42469552159309387,0.5316368341445923,-5.350030899047852,-5.345860004425049,0.902693510055542,0.5739331245422363,-1.4789824485778809,15.355498313903809,15.43723201751709,-0.001985604176297784,-0.00798441469669342,-0.00024718703934922814,0.008231318555772305
rl,3,0,23,23,0.46,-5.039207458496094,4.938240051269531,0.7744989991188049,-0.028448928147554398,-0.16895537078380585,-0.5283748507499695,0.5554594993591309,-5.372435092926025,3.8223938941955566,0.5041739344596863,0.5743261575698853,-0.724587619304657,16.0357666015625,16.062400817871094,-0.001709546661004424,-0.006835228763520718,-0.00012960129242856055,0.007046963553875685
lqr,0,0,23,23,0.46,4.928497791290283,-5.860535144805908,0.7445225715637207,-0.011909795925021172,-0.14343127608299255,-0.04257870092988014,0.1500910371541977,4.926242828369141,-5.887693405151367,0.7395809888839722,-0.07209697365760803,1.245134949684143,16.241342544555664,16.289161682128906,-0.005467323120683432,-0.00887211598455906,0.0012726966524496675,0.010498848743736744
lqr,1,0,23,23,0.46,4.426091194152832,4.261267185211182,0.7402670979499817,-0.0956498458981514,-0.12312626093626022,-0.043288446962833405,0.16181118786334991,4.407980918884277,4.237954616546631,0.7351911067962646,0.6270021200180054,1.0722367763519287,16.25583839416504,16.303224563598633,-0.004943667910993099,-0.007239962462335825,0.0012912482488900423,0.008861389942467213
lqr,2,0,23,23,0.46,-5.3393235206604,-5.335278511047363,0.9026450514793396,-0.056551795452833176,-0.05588856339454651,-0.016224632039666176,0.08114724606275558,-5.350030899047852,-5.345860004425049,0.902693510055542,0.301389217376709,0.5154473781585693,16.020626068115234,16.031747817993164,-0.0037304938305169344,-0.007901545614004135,0.0006182157667353749,0.008759749121963978
lqr,3,0,23,23,0.46,-5.361044406890869,3.8584184646606445,0.5163171887397766,-0.06016538292169571,-0.19026519358158112,-0.08061341941356659,0.21521905064582825,-5.372435092926025,3.8223938941955566,0.5041739344596863,0.33073103427886963,1.6308417320251465,16.572063446044922,16.655399322509766,-0.0063059343956410885,-0.00804577674716711,0.0017862067325040698,0.010377372615039349
rl,0,0,24,24,0.48,5.016401290893555,-5.057031631469727,0.7946863174438477,0.0020958201494067907,-0.12413091957569122,-0.574339747428894,0.5876044631004333,4.926242828369141,-5.887693405151367,0.7395809888839722,-0.31982406973838806,1.5304909944534302,13.20894718170166,13.301164627075195,-0.0021728600841015577,-0.007246094755828381,-7.831047696527094e-05,0.007565272506326437
rl,1,0,24,24,0.48,4.929586887359619,4.928776264190674,0.7745631337165833,-0.11190210282802582,-0.1997033953666687,-0.5995883345603943,0.6418018937110901,4.407980918884277,4.237954616546631,0.7351911067962646,-0.9875062704086304,-0.4738827645778656,13.962023735046387,14.004921913146973,-0.0016187232686206698,-0.009248762391507626,-0.0002550678327679634,0.009392812848091125
rl,2,0,24,24,0.48,-4.984636306762695,-5.13498067855835,0.8283934593200684,0.022508718073368073,-0.29943034052848816,-0.4517631530761719,0.542452871799469,-5.350030899047852,-5.345860004425049,0.902693510055542,0.08888503164052963,1.0924736261367798,14.418242454528809,14.459844589233398,-0.001809326116926968,-0.007765599992126226,-0.00024200664483942091,0.007977265864610672
rl,3,0,24,24,0.48,-5.040125370025635,4.933389186859131,0.7587726712226868,-0.031710971146821976,-0.1580873280763626,-0.5221383571624756,0.5464665293693542,-5.372435092926025,3.8223938941955566,0.5041739344596863,-0.343148410320282,0.6222791075706482,16.21099281311035,16.226560592651367,-0.0019234640058130026,-0.007481125183403492,-0.00012022953887935728,0.007725373841822147
lqr,0,0,24,24,0.48,4.92817497253418,-5.8644208908081055,0.7433691620826721,-0.010205402038991451,-0.12291381508111954,-0.03648680821061134,0.12862053513526917,4.926242828369141,-5.887693405151367,0.7395809888839722,-0.09461720287799835,1.074516773223877,16.188913345336914,16.224809646606445,-0.005011728033423424,-0.008878412656486034,0.0011143124429509044,0.010255989618599415
lqr,1,0,24,24,0.48,4.423500061035156,4.257931232452393,0.7390946745872498,-0.08196455240249634,-0.10550662875175476,-0.0370950847864151,0.13865742087364197,4.407980918884277,4.237954616546631,0.7351911067962646,0.5036152005195618,0.9263567924499512,16.20166778564453,16.23594093322754,-0.004545082338154316,-0.007487553171813488,0.0011305747320875525,0.008831728249788284
lqr,2,0,24,24,0.48,-5.340855121612549,-5.336792469024658,0.9022057056427002,-0.048459239304065704,-0.04788863658905029,-0.013903224840760231,0.0695335865020752,-5.350030899047852,-5.345860004425049,0.902693510055542,0.22504910826683044,0.45056185126304626,16.000093460083008,16.008018493652344,-0.003553404938429594,-0.008066795766353607,0.0005414503393694758,0.008831367827951908
lqr,3,0,24,24,0.48,-5.362673282623291,3.853264331817627,0.5141333937644958,-0.05155511572957039,-0.16304202377796173,-0.06907985359430313,0.1844252049922943,-5.372435092926025,3.8223938941955566,0.5041739344596863,0.24965642392635345,1.4037494659423828,16.472318649291992,16.53390884399414,-0.005690885707736015,-0.008147249929606915,0.0015638840850442648,0.010060298256576061
rl,0,0,25,25,0.5,5.016829490661621,-5.0613112449646,0.7773443460464478,0.02044808305799961,-0.15194103121757507,-0.5799251794815063,0.5998478531837463,4.926242828369141,-5.887693405151367,0.7395809888839722,0.8249255418777466,-1.4619200229644775,15.590545654296875,15.680651664733887,-0.002511285711079836,-0.0073369587771594524,-5.80280584472348e-06,0.007754840888082981
rl,1,0,25,25,0.5,4.926054954528809,4.923095226287842,0.7559163570404053,-0.1206895262002945,-0.18419109284877777,-0.6325440406799316,0.6697793006896973,4.407980918884277,4.237954616546631,0.7351911067962646,-0.6296306848526001,0.8677708506584167,14.092562675476074,14.133286476135254,-0.0018953463295474648,-0.00916949100792408,-0.00022258116223383695,0.009365972131490707
rl,2,0,25,25,0.5,-4.983404159545898,-5.143407821655273,0.8138530254364014,0.05032579228281975,-0.2716295123100281,-0.5011332631111145,0.5722323060035706,-5.350030899047852,-5.345860004425049,0.902693510055542,1.3598992824554443,1.5209139585494995,13.227761268615723,13.384176254272461,-0.002817756962031126,-0.007281562779098749,-3.487697904347442e-05,0.00780782476067543
rl,3,0,25,25,0.5,-5.041632175445557,4.9282612800598145,0.7431387901306152,-0.05950078368186951,-0.17732685804367065,-0.520614743232727,0.5531951785087585,-5.372435092926025,3.8223938941955566,0.5041739344596863,-1.671782374382019,-0.9999697804450989,15.945999145507812,16.064546585083008,-0.002221007365733385,-0.008626986294984818,-0.0001111498786485754,0.008908990770578384
lqr,0,0,25,25,0.5,4.927897930145264,-5.867751598358154,0.7423807382583618,-0.00874366331845522,-0.10532654821872711,-0.031266529113054276,0.11021673679351807,4.926242828369141,-5.887693405151367,0.7395809888839722,-0.114915631711483,0.92868971824646,16.144081115722656,16.171178817749023,-0.004620851017534733,-0.00888534914702177,0.0009732099715620279,0.010062248446047306
lqr,1,0,25,25,0.5,4.421278476715088,4.255073070526123,0.7380896806716919,-0.07023486495018005,-0.09041091054677963,-0.031788382679224014,0.11881738156080246,4.407980918884277,4.237954616546631,0.7351911067962646,0.39690279960632324,0.8010346293449402,16.15526580810547,16.179981231689453,-0.00420209439471364,-0.007700386457145214,0.0009873724775388837,0.008827709592878819
lqr,2,0,25,25,0.5,-5.34216833114624,-5.338090419769287,0.9018291234970093,-0.04152890667319298,-0.041035912930965424,-0.011914270929992199,0.059586457908153534,-5.350030899047852,-5.345860004425049,0.902693510055542,0.15816199779510498,0.3948153257369995,15.98258113861084,15.988239288330078,-0.0034014747943729162,-0.008210349828004837,0.00047303742030635476,0.008899642154574394
lqr,3,0,25,25,0.5,-5.364068984985352,3.848848342895508,0.5122619271278381,-0.04418063163757324,-0.13971640169620514,-0.05919631943106651,0.15804050862789154,-5.372435092926025,3.8223938941955566,0.5041739344596863,0.1795678287744522,1.2091848850250244,16.386962890625,16.432497024536133,-0.00516189681366086,-0.008234330452978611,0.0013656980590894818,0.009813996031880379
rl,0,0,26,26,0.52,5.01776123046875,-5.065313816070557,0.7590830326080322,0.03639856353402138,-0.12413860857486725,-0.623102605342865,0.6363899111747742,4.926242828369141,-5.887693405151367,0.7395809888839722,0.7117729783058167,1.5347256660461426,13.553742408752441,13.658913612365723,-0.0022442652843892574,-0.007070798892527819,-2.606897396617569e-05,0.007418463937938213
rl,1,0,26,26,0.52,4.922883987426758,4.917104721069336,0.7370645999908447,-0.09814432263374329,-0.20749343931674957,-0.6263120770454407,0.6670476794242859,4.407980918884277,4.237954616546631,0.7351911067962646,1.0284080505371094,-1.2198530435562134,16.23075294494629,16.308984756469727,-0.0021679499186575413,-0.008720285259187222,-0.00015883469313848764,0.008987135253846645
rl,2,0,26,26,0.52,-4.982002258300781,-5.151261806488037,0.7989438772201538,0.0449540950357914,-0.2568737864494324,-0.4948963522911072,0.5593991875648499,-5.350030899047852,-5.345860004425049,0.902693510055542,-0.46904438734054565,0.8260977864265442,16.209325790405273,16.237138748168945,-0.003460724139586091,-0.007004634942859411,0.00013402495824266225,0.007814057171344757
rl,3,0,26,26,0.52,-5.043776988983154,4.923314571380615,0.7276449203491211,-0.07744035124778748,-0.15867063403129578,-0.5143775343894958,0.5438359975814819,-5.372435092926025,3.8223938941955566,0.5041739344596863,-1.1518043279647827,1.0467356443405151,16.20048713684082,16.275075912475586,-0.0022175651974976063,-0.00972901564091444,-0.00016023994248826057,0.009979830123484135
lqr,0,0,26,26,0.52,4.927660942077637,-5.870604038238525,0.7415338158607483,-0.007490114308893681,-0.0902566909790039,-0.026793265715241432,0.09444708377122879,4.926242828369141,-5.887693405151367,0.7395809888839722,-0.13356809318065643,0.8035629987716675,16.10565948486328,16.126245498657227,-0.004285610280930996,-0.008892773650586605,0.000848087714985013,0.00990793202072382
lqr,1,0,26,26,0.52,4.419374942779541,4.252624034881592,0.7372285723686218,-0.06018182635307312,-0.07747674733400345,-0.027240410447120667,0.10181619971990585,4.407980918884277,4.237954616546631,0.7351911067962646,0.30430686473846436,0.6940880417823792,16.1154727935791,16.133283615112305,-0.003906933590769768,-0.007883401587605476,0.0008603415335528553,0.008840381167829037
lqr,2,0,26,26,0.52,-5.34329080581665,-5.339201927185059,0.901506245136261,-0.035590726882219315,-0.035164643079042435,-0.010209684260189533,0.05106358602643013,-5.350030899047852,-5.345860004425049,0.902693510055542,0.09995121508836746,0.34740954637527466,15.96751880645752,15.971610069274902,-0.003271175315603614,-0.008335246704518795,0.0004123573889955878,0.008963647298514843
lqr,3,0,26,26,0.52,-5.3652663230896,3.8450634479522705,0.5106582641601562,-0.03786158189177513,-0.119729183614254,-0.050726622343063354,0.13543178141117096,-5.372435092926025,3.8223938941955566,0.5041739344596863,0.11832381784915924,1.0431346893310547,16.313812255859375,16.347557067871094,-0.004707083571702242,-0.008308770135045052,0.0011898918310180306,0.009623312391340733
rl,0,0,27,27,0.54,5.0189666748046875,-5.068533897399902,0.7402245402336121,0.04205818101763725,-0.09891446679830551,-0.6313760280609131,0.6404597163200378,4.926242828369141,-5.887693405151367,0.7395809888839722,0.1298898458480835,1.4034051895141602,15.430832862854004,15.495063781738281,-0.003267797641456127,-0.006994620896875858,0.00015794906357768923,0.00772192794829607
rl,1,0,27,27,0.54,4.920278072357178,4.911023139953613,0.717958927154541,-0.08115354925394058,-0.2003684788942337,-0.6421292424201965,0.6775422096252441,4.407980918884277,4.237954616546631,0.7351911067962646,0.7361016273498535,0.4204370975494385,15.034187316894531,15.05806827545166,-0.001916976529173553,-0.007998572662472725,-0.00016598128422629088,0.008226756006479263
rl,2,0,27,27,0.54,-4.9805402755737305,-5.159145355224609,0.7837907671928406,0.05066278949379921,-0.2657834589481354,-0.5102108120918274,0.5775141716003418,-5.350030899047852,-5.345860004425049,0.902693510055542,0.1340586543083191,-0.44985517859458923,15.055853843688965,15.063169479370117,-0.003339923918247223,-0.00784219242632389,0.00013736108667217195,0.008524901233613491
rl,3,0,27,27,0.54,-5.04632043838501,4.918904781341553,0.7118381261825562,-0.0884270966053009,-0.14114050567150116,-0.5331454873085022,0.5585553646087646,-5.372435092926025,3.8223938941955566,0.5041739344596863,-0.7702482342720032,0.9851735830307007,14.85531234741211,14.907855033874512,-0.0030344906263053417,-0.00994628295302391,-4.136110146646388e-05,0.010398960672318935
lqr,0,0,27,27,0.54,4.927456855773926,-5.873048305511475,0.7408080697059631,-0.006414987146854401,-0.07734445482492447,-0.022960085421800613,0.0809350460767746,4.926242828369141,-5.887693405151367,0.7395809888839722,-0.15061810612678528,0.6969836950302124,16.072763442993164,16.088573455810547,-0.003998120781034231,-0.008900812827050686,0.0007375632412731647,0.009785369038581848
lqr,1,0,27,27,0.54,4.417745113372803,4.250525951385498,0.7364906668663025,-0.05156831815838814,-0.06639313697814941,-0.02334330976009369,0.08724820613861084,4.407980918884277,4.237954616546631,0.7351911067962646,0.22344237565994263,0.6025590300559998,16.081371307373047,16.094207763671875,-0.0036531835794448853,-0.008040864951908588,0.0007481445791199803,0.008863463066518307
lqr,2,0,27,27,0.54,-5.344254970550537,-5.340155601501465,0.9012296795845032,-0.030506150797009468,-0.030133504420518875,-0.008748271502554417,0.04376283288002014,-5.350030899047852,-5.345860004425049,0.902693510055542,0.048911452293395996,0.3076132535934448,15.954581260681152,15.957621574401855,-0.003159498330205679,-0.008444269187748432,0.0003587475512176752,0.00902312621474266
lqr,3,0,27,27,0.54,-5.366292953491211,3.841820240020752,0.5092840790748596,-0.0324425995349884,-0.1025993824005127,-0.043468818068504333,0.11605469882488251,-5.372435092926025,3.8223938941955566,0.5041739344596863,0.06516516208648682,0.9008867740631104,16.25118637084961,16.276268005371094,-0.004316398408263922,-0.008372176438570023,0.0010346212657168508,0.009476026520133018
rl,0,0,28,28,0.56,5.020550727844238,-5.072057247161865,0.7212240099906921,0.058169156312942505,-0.12672710418701172,-0.6343257427215576,0.6494709849357605,4.926242828369141,-5.887693405151367,0.7395809888839722,0.6831248998641968,-1.453825831413269,15.733041763305664,15.814830780029297,-0.003217151388525963,-0.007361245807260275,0.0001750953815644607,0.008035462349653244
rl,1,0,28,28,0.56,4.917633533477783,4.904455184936523,0.698819637298584,-0.09162172675132751,-0.2281772643327713,-0.6358932852745056,0.6817768216133118,4.407980918884277,4.237954616546631,0.7351911067962646,-0.7672944664955139,-1.4587595462799072,16.210466384887695,16.294044494628906,-0.0019712289795279503,-0.008049799129366875,-0.00014866302080918103,0.0082889748737216
rl,2,0,28,28,0.56,-4.978464126586914,-5.167674541473389,0.7682331800460815,0.07848035544157028,-0.2935934066772461,-0.5227714776992798,0.6046869158744812,-5.350030899047852,-5.345860004425049,0.902693510055542,1.3177592754364014,-1.4673047065734863,15.221142768859863,15.348376274108887,-0.0024365524295717478,-0.007577135693281889,3.3650339901214465e-05,0.007959328591823578
rl,3,0,28,28,0.56,-5.0491461753845215,4.914412498474121,0.6948763132095337,-0.09713168442249298,-0.1540493369102478,-0.5815027356147766,0.6093530654907227,-5.372435092926025,3.8223938941955566,0.5041739344596863,-0.636050820350647,-0.65862637758255,13.264591217041016,13.296154975891113,-0.0030077295377850533,-0.009528526104986668,-8.700439138920046e-06,0.00999196246266365
lqr,0,0,28,28,0.56,4.92728328704834,-5.875144004821777,0.7401861548423767,-0.005495470482856035,-0.06627949327230453,-0.01967555843293667,0.06935631483793259,4.926242828369141,-5.887693405151367,0.7395809888839722,-0.16677430272102356,0.6060726642608643,16.0445499420166,16.056859970092773,-0.0037518765311688185,-0.008909440599381924,0.0006402970757335424,0.009688379243016243
lqr,1,0,28,28,0.56,4.416347980499268,4.248728275299072,0.7358582019805908,-0.0441911481320858,-0.0568968765437603,-0.020003046840429306,0.07476786524057388,4.407980918884277,4.237954616546631,0.7351911067962646,0.15331381559371948,0.5245720148086548,16.052148818969727,16.06144905090332,-0.003434876212850213,-0.008176539093255997,0.0006493616965599358,0.00889245979487896
lqr,2,0,28,28,0.56,-5.345080852508545,-5.340970993041992,0.9009926915168762,-0.026141313835978508,-0.02582106553018093,-0.007496809586882591,0.037500638514757156,-5.350030899047852,-5.345860004425049,0.902693510055542,0.004101715981960297,0.273377388715744,15.943443298339844,15.94578742980957,-0.003064216347411275,-0.008539389818906784,0.00031161619699560106,0.009077868424355984
lqr,3,0,28,28,0.56,-5.3671722412109375,3.839040756225586,0.5081065893173218,-0.027796534821391106,-0.08791998773813248,-0.03724956139922142,0.09944899380207062,-5.372435092926025,3.8223938941955566,0.5041739344596863,0.018126562237739563,0.7790757417678833,16.197484970092773,16.21622085571289,-0.0039807031862437725,-0.00842604972422123,0.00089795928215608,0.009362191893160343
rl,0,0,29,29,0.58,5.022848606109619,-5.075662136077881,0.7018676996231079,0.085811547935009,-0.11691071838140488,-0.6506505608558655,0.6666167378425598,4.926242828369141,-5.887693405151367,0.7395809888839722,1.3078069686889648,0.5759008526802063,15.013256072998047,15.081110000610352,-0.0024798742961138487,-0.0071343109011650085,8.068038005148992e-05,0.007553454488515854
rl,1,0,29,29,0.58,4.915441513061523,4.897678375244141,0.6797879338264465,-0.06380150467157364,-0.2247510701417923,-0.6336448192596436,0.675343930721283,4.407980918884277,4.237954616546631,0.7351911067962646,1.2933443784713745,0.22645996510982513,16.01754379272461,16.071269989013672,-0.0016713225049898028,-0.008359399624168873,-0.00021096787531860173,0.008527449332177639
rl,2,0,29,29,0.58,-4.975982189178467,-5.176181316375732,0.7523945569992065,0.08492086082696915,-0.27859485149383545,-0.5305463671684265,0.6052322387695312,-5.350030899047852,-5.345860004425049,0.902693510055542,0.1561320573091507,0.8446966409683228,15.460294723510742,15.484140396118164,-0.0020390923600643873,-0.0072479466907680035,-1.900429924717173e-05,0.0075293416157364845
rl,3,0,29,29,0.58,-5.052280426025391,4.909235000610352,0.6768527626991272,-0.1081908643245697,-0.1818583756685257,-0.6104276776313782,0.6460647583007812,-5.372435092926025,3.8223938941955566,0.5041739344596863,-0.7839099168777466,-1.4575926065444946,14.313385963439941,14.408751487731934,-0.002066202461719513,-0.009126280434429646,-0.00013003800995647907,0.009358156472444534
lqr,0,0,29,29,0.58,4.9271345138549805,-5.876939296722412,0.7396532297134399,-0.0047098309732973576,-0.05679720640182495,-0.01686113514006138,0.05943402275443077,4.926242828369141,-5.887693405151367,0.7395809888839722,-0.1818903684616089,0.5283802151679993,16.02036476135254,16.030107498168945,-0.0035410847049206495,-0.00891875196248293,0.0005549654015339911,0.00961204431951046
lqr,1,0,29,29,0.58,4.4151506423950195,4.247187614440918,0.7353163361549377,-0.03786752372980118,-0.048761893063783646,-0.017141051590442657,0.0640740767121315,4.407980918884277,4.237954616546631,0.7351911067962646,0.09223642945289612,0.45770126581192017,16.02703285217285,16.033832550048828,-0.00324711250141263,-0.00829325057566166,0.0005626773927360773,0.008924032561480999
lqr,2,0,29,29,0.58,-5.345788955688477,-5.341669082641602,0.9007894396781921,-0.02240268513560295,-0.022130310535430908,-0.006423897575587034,0.03213872015476227,-5.350030899047852,-5.345860004425049,0.902693510055542,-0.0361693799495697,0.2446676343679428,15.933908462524414,15.93582820892334,-0.0029825945384800434,-0.008622872643172741,0.0002702334604691714,0.00912813376635313
lqr,3,0,29,29,0.58,-5.36792516708374,3.8366591930389404,0.5070974230766296,-0.023818839341402054,-0.07534118741750717,-0.0319201797246933,0.08522047847509384,-5.372435092926025,3.8223938941955566,0.5041739344596863,-0.02321454882621765,0.6750093698501587,16.15151023864746,16.165626525878906,-0.0036922339349985123,-0.008472192101180553,0.0007780106971040368,0.009274477139115334
rl,0,0,30,30,0.6,5.025979518890381,-5.079726219177246,0.682346522808075,0.11362623423337936,-0.1447204053401947,-0.6507306694984436,0.6762435436248779,4.926242828369141,-5.887693405151367,0.7395809888839722,1.2999050617218018,-1.4487801790237427,15.89678955078125,16.015512466430664,-0.002377583645284176,-0.00669636158272624,8.552143845008686e-05,0.007106438744813204
rl,1,0,30,30,0.6,4.913780212402344,4.891067028045654,0.6609032154083252,-0.05118449032306671,-0.21818892657756805,-0.627410352230072,0.6662356853485107,4.407980918884277,4.237954616546631,0.7351911067962646,0.46330198645591736,0.3984619379043579,16.221603393554688,16.233108520507812,-0.0022322398144751787,-0.007820142433047295,-0.00010218044917564839,0.008133139461278915
rl,2,0,30,30,0.6,-4.973761081695557,-5.18449592590332,0.7361202239990234,0.06864365190267563,-0.27653053402900696,-0.5484277009963989,0.6180242896080017,-5.350030899047852,-5.345860004425049,0.902693510055542,-1.0694379806518555,0.14839805662631989,14.900957107543945,14.940021514892578,-0.002593174809589982,-0.007902365177869797,4.295085454941727e-05,0.008317077532410622
rl,3,0,30,30,0.6,-5.056053638458252,4.903820991516113,0.6576438546180725,-0.13456831872463226,-0.17976734042167664,-0.6552283763885498,0.6926392912864685,-5.372435092926025,3.8223938941955566,0.5041739344596863,-1.6057496070861816,0.1542201042175293,13.44042682647705,13.536886215209961,-0.0015764784766361117,-0.009261968545615673,-0.0002296203892910853,0.009397982619702816
lqr,0,0,30,30,0.6,4.927006244659424,-5.878477096557617,0.739196240901947,-0.0040333871729671955,-0.04867333918809891,-0.01444820873439312,0.05093243345618248,4.926242828369141,-5.887693405151367,0.7395809888839722,-0.19522729516029358,0.46196746826171875,15.999762535095215,16.00762176513672,-0.0033606106881052256,-0.008928435854613781,0.0004802849143743515,0.009552033618092537
lqr,1,0,30,30,0.6,4.414124488830566,4.245866298675537,0.7348519563674927,-0.03244901821017265,-0.04178705811500549,-0.014688300900161266,0.05490758642554283,4.407980918884277,4.237954616546631,0.7351911067962646,0.03859272599220276,0.4012720584869385,16.00550079345703,16.010576248168945,-0.0030856395605951548,-0.008393707685172558,0.00048681176849640906,0.008956142701208591
lqr,2,0,30,30,0.6,-5.34639835357666,-5.342269420623779,0.9006155729293823,-0.01919199340045452,-0.018963782116770744,-0.005504517816007137,0.02753647230565548,-5.350030899047852,-5.345860004425049,0.902693510055542,-0.07102593779563904,0.22075414657592773,15.925649642944336,15.927337646484375,-0.002913004020228982,-0.008696298114955425,0.00023404578678309917,0.009174201637506485
lqr,3,0,30,30,0.6,-5.3685712814331055,3.83461856842041,0.5062327980995178,-0.020410452038049698,-0.06456294655799866,-0.027353407815098763,0.0730285495519638,-5.372435092926025,3.8223938941955566,0.5041739344596863,-0.059822533279657364,0.5860133767127991,16.112045288085938,16.1228084564209,-0.0034443209879100323,-0.00851153302937746,0.0006730189197696745,0.00920665543526411
rl,0,0,31,31,0.62,5.028833389282227,-5.083768844604492,0.6618374586105347,0.08583155274391174,-0.12975455820560455,-0.7000954747200012,0.7171728610992432,4.926242828369141,-5.887693405151367,0.7395809888839722,-1.671132206916809,0.8520122766494751,13.19165325164795,13.324350357055664,-0.0020034946501255035,-0.007142482791095972,3.4392978705000132e-06,0.007418157532811165
rl,1,0,31,31,0.62,4.911689281463623,4.884352207183838,0.641303300857544,-0.0789763331413269,-0.22665269672870636,-0.6662846207618713,0.7081976532936096,4.407980918884277,4.237954616546631,0.7351911067962646,-1.690515160560608,-0.41612571477890015,13.760272026062012,13.86997127532959,-0.0023962161503732204,-0.00828214269131422,-7.540710794273764e-05,0.008622147142887115
rl,2,0,31,31,0.62,-4.971932411193848,-5.192790985107422,0.7197921872138977,0.05711231008172035,-0.27646493911743164,-0.5421915054321289,0.6112825274467468,-5.350030899047852,-5.345860004425049,0.902693510055542,-0.8382694721221924,0.04610544443130493,16.205224990844727,16.226957321166992,-0.002619722858071327,-0.008800283074378967,1.6521338693564758e-05,0.009181949310004711
rl,3,0,31,31,0.62,-5.059534549713135,4.898774147033691,0.6374707818031311,-0.10674622654914856,-0.16243219375610352,-0.6810377836227417,0.7082312107086182,-5.372435092926025,3.8223938941955566,0.5041739344596863,1.2964082956314087,0.9806081652641296,14.502893447875977,14.593704223632812,-0.0021452712826430798,-0.008898512460291386,-0.0001458204787923023,0.009154614992439747
lqr,0,0,31,31,0.62,4.926897048950195,-5.879795551300049,0.7388049960136414,-0.003456235397607088,-0.041708946228027344,-0.012381007894873619,0.04364483058452606,4.926242828369141,-5.887693405151367,0.7395809888839722,-0.20846423506736755,0.4055137634277344,15.981932640075684,15.988435745239258,-0.003206283785402775,-0.00893817376345396,0.0004150946333538741,0.009504920803010464
lqr,1,0,31,31,0.62,4.41324520111084,4.244734764099121,0.7344540357589722,-0.027804428711533546,-0.0358085073530674,-0.01258667092770338,0.047050610184669495,4.407980918884277,4.237954616546631,0.7351911067962646,-0.008323729038238525,0.3526945412158966,15.987037658691406,15.99092960357666,-0.0029468429274857044,-0.008480298332870007,0.0004205887671560049,0.00898755993694067
lqr,2,0,31,31,0.62,-5.346917629241943,-5.342782974243164,0.9004663228988647,-0.01644103042781353,-0.016250908374786377,-0.004717155359685421,0.02359345369040966,-5.350030899047852,-5.345860004425049,0.902693510055542,-0.10295969992876053,0.19983403384685516,15.91856861114502,15.920156478881836,-0.0028538182377815247,-0.008761009201407433,0.000202486538910307,0.00921632070094347
lqr,3,0,31,31,0.62,-5.369123935699463,3.8328702449798584,0.5054917931556702,-0.017488420009613037,-0.05532844737172127,-0.02343982271850109,0.06258200109004974,-5.372435092926025,3.8223938941955566,0.5041739344596863,-0.0926240086555481,0.5099644064903259,16.07830238342285,16.086654663085938,-0.0032312110997736454,-0.008544876240193844,0.0005813262541778386,0.009153882972896099
rl,0,0,32,32,0.64,5.0318732261657715,-5.087775230407715,0.6406280398368835,0.10906756669282913,-0.13546264171600342,-0.7104261517524719,0.7314035296440125,4.926242828369141,-5.887693405151367,0.7395809888839722,1.046841025352478,-0.25440365076065063,15.3377685546875,15.375556945800781,-0.0024103985633701086,-0.007805192843079567,3.2364652724936604e-05,0.008168972097337246
rl,1,0,32,32,0.64,4.908764839172363,4.877530097961426,0.6205005049705505,-0.10676557570695877,-0.22781480848789215,-0.7069951891899109,0.7504270076751709,4.407980918884277,4.237954616546631,0.7351911067962646,-1.6959962844848633,-0.020832939073443413,13.659212112426758,13.764117240905762,-0.0021495262626558542,-0.009155862964689732,-0.00013835016579832882,0.009405819699168205
rl,2,0,32,32,0.64,-4.970243453979492,-5.201641082763672,0.7027845978736877,0.055925384163856506,-0.3042745590209961,-0.5792794227600098,0.6567155718803406,-5.350030899047852,-5.345860004425049,0.902693510055542,-0.2572733163833618,-1.4619481563568115,13.879467964172363,13.95862102508545,-0.002218325389549136,-0.009042371064424515,-5.9026991948485374e-05,0.009310688823461533
rl,3,0,32,32,0.64,-5.063292503356934,4.894372463226318,0.6160522103309631,-0.1345375031232834,-0.13886602222919464,-0.7304028272628784,0.7555609345436096,-5.372435092926025,3.8223938941955566,0.5041739344596863,-1.6914666891098022,1.3156856298446655,13.187536239624023,13.360508918762207,-0.0029299375601112843,-0.008222890086472034,1.488144334871322e-05,0.008729299530386925
lqr,0,0,32,32,0.64,4.926803112030029,-5.880926132202148,0.7384696006774902,-0.0029612595681101084,-0.03574409708380699,-0.010609961114823818,0.03740295395255089,4.926242828369141,-5.887693405151367,0.7395809888839722,-0.22058944404125214,0.35709741711616516,15.966719627380371,15.972235679626465,-0.003074208740144968,-0.008948169648647308,0.00035827700048685074,0.00946830864995718
lqr,1,0,32,32,0.64,4.412491321563721,4.243764400482178,0.7341132164001465,-0.023824134841561317,-0.0306868776679039,-0.010786072351038456,0.040318895131349564,4.407980918884277,4.237954616546631,0.7351911067962646,-0.050270065665245056,0.3115825057029724,15.971135139465332,15.97425365447998,-0.002827257150784135,-0.008555034175515175,0.0003628568665590137,0.009017408825457096
lqr,2,0,32,32,0.64,-5.347363471984863,-5.3432230949401855,0.9003384709358215,-0.014088831841945648,-0.013926169835031033,-0.004041685257107019,0.020218025892972946,-5.350030899047852,-5.345860004425049,0.902693510055542,-0.13092240691184998,0.18260741233825684,15.912513732910156,15.914100646972656,-0.002803215989843011,-0.008818808011710644,0.00017496111104264855,0.00925526861101389
lqr,3,0,32,32,0.64,-5.3695969581604,3.831371784210205,0.5048567652702332,-0.014986276626586914,-0.047415841370821,-0.02008628286421299,0.05363123491406441,-5.372435092926025,3.8223938941955566,0.5041739344596863,-0.12174653261899948,0.44525888562202454,16.04930877685547,16.055946350097656,-0.0030480048153549433,-0.008573473431169987,0.0005013958434574306,0.009112968109548092
rl,0,0,33,33,0.66,5.034589767456055,-5.091756820678711,0.6194400191307068,0.08127658069133759,-0.1312977373600006,-0.7041876316070557,0.720919668674469,4.926242828369141,-5.887693405151367,0.7395809888839722,-1.7248202562332153,0.2839660346508026,16.19169807434082,16.285781860351562,-0.0024318573996424675,-0.008085319772362709,1.9915263692382723e-05,0.00844314694404602
rl,1,0,33,33,0.66,4.905423164367676,4.87078857421875,0.5985100269317627,-0.1136799305677414,-0.22317367792129517,-0.746023952960968,0.7869443297386169,4.407980918884277,4.237954616546631,0.7351911067962646,-0.5787785053253174,0.2938899099826813,13.764914512634277,13.780211448669434,-0.0022385402116924524,-0.009354780428111553,-0.0001353432162432,0.009619838558137417
rl,2,0,33,33,0.66,-4.968202590942383,-5.2105278968811035,0.6855308413505554,0.07407686114311218,-0.2922905385494232,-0.5730457305908203,0.6475357413291931,-5.350030899047852,-5.345860004425049,0.902693510055542,0.7463407516479492,0.6922888159751892,16.225448608398438,16.25735092163086,-0.0018297736532986164,-0.008513893000781536,-0.00011994282249361277,0.008709123358130455
rl,3,0,33,33,0.66,-5.066771030426025,4.890481948852539,0.5942378044128418,-0.10671694576740265,-0.1250295341014862,-0.7255242466926575,0.7439128160476685,-5.372435092926025,3.8223938941955566,0.5041739344596863,1.2573890686035156,0.802928626537323,16.15996551513672,16.228683471679688,-0.003438663901761174,-0.008459247648715973,0.00011669905507005751,0.00913218967616558
lqr,0,0,33,33,0.66,4.926723480224609,-5.881895065307617,0.7381822466850281,-0.002538804430514574,-0.030626561492681503,-0.009091791696846485,0.03204828500747681,4.926242828369141,-5.887693405151367,0.7395809888839722,-0.23238104581832886,0.3162494897842407,15.953681945800781,15.958508491516113,-0.002961386926472187,-0.008958366699516773,0.00030887857428751886,0.009440209716558456
lqr,1,0,33,33,0.66,4.411846160888672,4.24293327331543,0.7338209748268127,-0.02041424810886383,-0.026294391602277756,-0.00924323033541441,0.034548137336969376,4.407980918884277,4.237954616546631,0.7351911067962646,-0.08758264780044556,0.27687495946884155,15.957508087158203,15.960149765014648,-0.0027244333177804947,-0.008619852364063263,0.0003126397496089339,0.009045558981597424
lqr,2,0,33,33,0.66,-5.347744941711426,-5.343601703643799,0.9002289772033691,-0.012074205093085766,-0.011931534856557846,-0.0034632845781743526,0.01732461526989937,-5.350030899047852,-5.345860004425049,0.902693510055542,-0.1566714644432068,0.16849789023399353,15.907225608825684,15.908888816833496,-0.0027601290494203568,-0.008870067074894905,0.00015103266923688352,0.009290813468396664
lqr,3,0,33,33,0.66,-5.370002746582031,3.830087661743164,0.5043126344680786,-0.012843371368944645,-0.04063260927796364,-0.017212357372045517,0.04595896601676941,-5.372435092926025,3.8223938941955566,0.5041739344596863,-0.14782115817070007,0.390103816986084,16.024478912353516,16.029909133911133,-0.0028906140942126513,-0.00859778467565775,0.00043186594848521054,0.009080972522497177
rl,0,0,34,34,0.68,5.03730583190918,-5.09554386138916,0.5982553958892822,0.09509100764989853,-0.1237494945526123,-0.707136332988739,0.7241533398628235,4.926242828369141,-5.887693405151367,0.7395809888839722,0.5178641676902771,0.466844379901886,15.727021217346191,15.74246883392334,-0.002739120274782181,-0.00898067932575941,2.6102527044713497e-05,0.009389146231114864
rl,1,0,34,34,0.68,4.9019951820373535,4.864274024963379,0.5762540698051453,-0.11456389725208282,-0.21414969861507416,-0.7397888898849487,0.7786350846290588,4.407980918884277,4.237954616546631,0.7351911067962646,-0.2981937527656555,0.5401647090911865,16.21064567565918,16.222383499145508,-0.0025444228667765856,-0.009116282686591148,-7.70164915593341e-05,0.009465021081268787
rl,2,0,34,34,0.68,-4.966362476348877,-5.2196574211120605,0.6684643626213074,0.05498784780502319,-0.3103276491165161,-0.5668089389801025,0.6485362648963928,-5.350030899047852,-5.345860004425049,0.902693510055542,-1.2710179090499878,-0.9242612719535828,16.200773239135742,16.276819229125977,-0.002192906802520156,-0.008638821542263031,-7.817242294549942e-05,0.008913147263228893
rl,3,0,34,34,0.68,-5.07020378112793,4.886897087097168,0.5716992020606995,-0.11818432062864304,-0.11670572310686111,-0.7641704678535461,0.782012939453125,-5.372435092926025,3.8223938941955566,0.5041739344596863,-0.8328371047973633,0.5006552934646606,13.780426025390625,13.814644813537598,-0.0035204431042075157,-0.008049622178077698,0.00018175647710449994,0.008787659928202629
lqr,0,0,34,34,0.68,4.926655292510986,-5.882725238800049,0.7379360198974609,-0.0021781325340270996,-0.02623995952308178,-0.007791285403072834,0.027458766475319862,4.926242828369141,-5.887693405151367,0.7395809888839722,-0.24339862167835236,0.28176143765449524,15.942448616027832,15.946795463562012,-0.0028649927116930485,-0.008968939073383808,0.00026596395764499903,0.009419171139597893
lqr,1,0,34,34,0.68,4.41129207611084,4.242220878601074,0.7335706949234009,-0.017492052167654037,-0.022532742470502853,-0.007921092212200165,0.029604731127619743,4.407980918884277,4.237954616546631,0.7351911067962646,-0.12046965956687927,0.24702143669128418,15.94581413269043,15.948182106018066,-0.002635840093716979,-0.008676151745021343,0.00026900737429969013,0.009071693755686283
lqr,2,0,34,34,0.68,-5.348071575164795,-5.343924045562744,0.9001349806785583,-0.010344631038606167,-0.010220806114375591,-0.0029674784746021032,0.014841906726360321,-5.350030899047852,-5.345860004425049,0.902693510055542,-0.17925375699996948,0.15631599724292755,15.902701377868652,15.90447998046875,-0.0027236442547291517,-0.008915877901017666,0.00013027580280322582,0.009323523379862309
lqr,3,0,34,34,0.68,-5.370350360870361,3.828986883163452,0.5038464069366455,-0.01100845355540514,-0.034819066524505615,-0.014749811962246895,0.0393841378390789,-5.372435092926025,3.8223938941955566,0.5041739344596863,-0.1714182198047638,0.343070387840271,16.003143310546875,16.00773811340332,-0.0027553385589271784,-0.008618499152362347,0.00037146511022001505,0.00905584916472435
rl,0,0,35,35,0.7000000000000001,5.039602279663086,-5.0989670753479,0.5771660208702087,0.06730256229639053,-0.1092250794172287,-0.700897753238678,0.7125429511070251,4.926242828369141,-5.887693405151367,0.7395809888839722,-1.7415568828582764,0.8481942415237427,16.18759536743164,16.30308723449707,-0.0030863445717841387,-0.009060111828148365,7.787917274981737e-05,0.009571688249707222
rl,1,0,35,35,0.7000000000000001,4.898001670837402,4.857664585113525,0.5541850924491882,-0.14235001802444458,-0.2233501374721527,-0.7335512042045593,0.779901385307312,4.407980918884277,4.237954616546631,0.7351911067962646,-1.7585504055023193,-0.43983548879623413,16.190624237060547,16.291786193847656,-0.0026905841659754515,-0.009599970653653145,-6.206290709087625e-05,0.009970081970095634
rl,2,0,35,35,0.7000000000000001,-4.965269088745117,-5.229319095611572,0.6515849232673645,0.027202436700463295,-0.32785531878471375,-0.5605714321136475,0.6499764919281006,-5.350030899047852,-5.345860004425049,0.902693510055542,-1.7490758895874023,-0.8949035406112671,16.19289779663086,16.31165313720703,-0.0017419232754036784,-0.009745834395289421,-0.000202804192667827,0.00990235898643732
rl,3,0,35,35,0.7000000000000001,-5.074192523956299,4.883762836456299,0.5481904149055481,-0.14031626284122467,-0.09829853475093842,-0.7933478951454163,0.8116354942321777,-5.372435092926025,3.8223938941955566,0.5041739344596863,-1.422896385192871,1.049486756324768,14.279325485229492,14.3883695602417,-0.0034950925037264824,-0.00861641950905323,0.00018587200611364096,0.009300156496465206
lqr,0,0,35,35,0.7000000000000001,4.926596164703369,-5.883437633514404,0.7377248406410217,-0.0018649445846676826,-0.022481918334960938,-0.006676602642983198,0.023526404052972794,4.926242828369141,-5.887693405151367,0.7395809888839722,-0.2537546753883362,0.2521495819091797,15.932876586914062,15.936891555786133,-0.002782654482871294,-0.008979505859315395,0.00022874957357998937,0.009403564035892487
lqr,1,0,35,35,0.7000000000000001,4.410818576812744,4.241610527038574,0.733356237411499,-0.014985130168497562,-0.01930910535156727,-0.006788558792322874,0.02536691166460514,4.407980918884277,4.237954616546631,0.7351911067962646,-0.14998240768909454,0.22200173139572144,15.935725212097168,15.937976837158203,-0.002559392247349024,-0.00872491393238306,0.00023114521172828972,0.009095495566725731
lqr,2,0,35,35,0.7000000000000001,-5.348353385925293,-5.344200134277344,0.9000546336174011,-0.008861665613949299,-0.008762924000620842,-0.002542210975661874,0.012719308026134968,-5.350030899047852,-5.345860004425049,0.902693510055542,-0.19971394538879395,0.14580821990966797,15.898820877075195,15.90074348449707,-0.0026923578698188066,-0.008956966921687126,0.0001122394241974689,0.009353536181151867
lqr,3,0,35,35,0.7000000000000001,-5.370649337768555,3.8280434608459473,0.5034468770027161,-0.009433562867343426,-0.029837723821401596,-0.012639657594263554,0.03374970704317093,-5.372435092926025,3.8223938941955566,0.5041739344596863,-0.19295717775821686,0.30300822854042053,15.984853744506836,15.988889694213867,-0.0026389313861727715,-0.008635874837636948,0.0003190607239957899,0.009035712108016014
rl,0,0,36,36,0.72,5.041064262390137,-5.1025214195251465,0.5559751987457275,0.03951708599925041,-0.12309879809617996,-0.7090895175933838,0.7207793593406677,4.926242828369141,-5.887693405151367,0.7395809888839722,-1.7390106916427612,-0.6839576959609985,15.414412498474121,15.527268409729004,-0.00308274757117033,-0.010126321576535702,4.289588105166331e-05,0.010585252195596695
rl,1,0,36,36,0.72,4.894143104553223,4.851317405700684,0.5323032140731812,-0.12175843864679337,-0.2056763619184494,-0.7273184657096863,0.7655847668647766,4.407980918884277,4.237954616546631,0.7351911067962646,0.8418493270874023,1.011462688446045,16.227615356445312,16.280887603759766,-0.002722322940826416,-0.009839569218456745,-6.498468428617343e-05,0.010209426283836365
rl,2,0,36,36,0.72,-4.96500825881958,-5.239170074462891,0.634419858455658,-0.0005820337100885808,-0.3285948932170868,-0.577959418296814,0.6648398637771606,-5.350030899047852,-5.345860004425049,0.902693510055542,-1.7381151914596558,0.008234943263232708,14.914562225341797,15.015501976013184,-0.0016695552039891481,-0.010483958758413792,-0.00027111198869533837,0.010619524866342545
rl,3,0,36,36,0.72,-5.077844619750977,4.881369590759277,0.5237827897071838,-0.11249484121799469,-0.07050123065710068,-0.8237078785896301,0.8343381881713867,-5.372435092926025,3.8223938941955566,0.5041739344596863,1.265389323234558,1.558289885520935,14.257203102111816,14.397823333740234,-0.0038520952221006155,-0.008557482622563839,0.0002641991595737636,0.009388234466314316
lqr,0,0,36,36,0.72,4.926546096801758,-5.884045124053955,0.7375440001487732,-0.0015997157897800207,-0.0192648246884346,-0.00572128826752305,0.020160002633929253,4.926242828369141,-5.887693405151367,0.7395809888839722,-0.264407753944397,0.22645734250545502,15.924561500549316,15.928366661071777,-0.0027124681510031223,-0.008990386500954628,0.00019650837930385023,0.009392717853188515
lqr,1,0,36,36,0.72,4.4104132652282715,4.241087913513184,0.7331722378730774,-0.0128434794023633,-0.016546383500099182,-0.005817371420562267,0.021738896146416664,4.407980918884277,4.237954616546631,0.7351911067962646,-0.1768587976694107,0.20074355602264404,15.927105903625488,15.929352760314941,-0.0024934853427112103,-0.008767561055719852,0.00019832848920486867,0.009117396548390388
lqr,2,0,36,36,0.72,-5.348592758178711,-5.344437599182129,0.8999857306480408,-0.007596760988235474,-0.007511571515351534,-0.0021785011049360037,0.01090322621166706,-5.350030899047852,-5.345860004425049,0.902693510055542,-0.21965408325195312,0.1374976933002472,15.895401000976562,15.897513389587402,-0.0026659343857318163,-0.008994000032544136,9.662573575042188e-05,0.009381288662552834
lqr,3,0,36,36,0.72,-5.37090539932251,3.8272359371185303,0.5031044483184814,-0.008082056418061256,-0.02556987665593624,-0.010831352323293686,0.02892155572772026,-5.372435092926025,3.8223938941955566,0.5041739344596863,-0.2125082015991211,0.26887258887290955,15.969170570373535,15.972846984863281,-0.0025387355126440525,-0.008650576695799828,0.0002736416645348072,0.009019563905894756
rl,0,0,37,37,0.74,5.042704105377197,-5.105780601501465,0.5347239971160889,0.0622548907995224,-0.10141763091087341,-0.7080133557319641,0.7179443836212158,4.926242828369141,-5.887693405151367,0.7395809888839722,0.9692137241363525,1.2383259534835815,15.949271202087402,16.0266056060791,-0.0028881351463496685,-0.009942463599145412,9.256525117962155e-06,0.0103534534573555
rl,1,0,37,37,0.74,4.890145778656006,4.844590663909912,0.5099075436592102,-0.1389973908662796,-0.23348727822303772,-0.7561251521110535,0.8034685850143433,4.407980918884277,4.237954616546631,0.7351911067962646,-1.1758900880813599,-1.4458469152450562,14.311891555786133,14.432721138000488,-0.0027015749365091324,-0.009183702990412712,-3.042750176973641e-05,0.009572869166731834
rl,2,0,37,37,0.74,-4.965296745300293,-5.248696327209473,0.6172056794166565,-0.014182684011757374,-0.312019020318985,-0.5717231631278992,0.65147864818573,-5.350030899047852,-5.345860004425049,0.902693510055542,-1.0031553506851196,0.9480248689651489,16.197568893432617,16.256269454956055,-0.0022108780685812235,-0.010631675831973553,-0.00021566117356996983,0.010861262679100037
rl,3,0,37,37,0.74,-5.081776142120361,4.879469871520996,0.4989967942237854,-0.14028562605381012,-0.05969323590397835,-0.8274513483047485,0.8413792848587036,-5.372435092926025,3.8223938941955566,0.5041739344596863,-1.7654829025268555,0.6521369218826294,15.646055221557617,15.758846282958984,-0.004091056529432535,-0.008240208961069584,0.00034567201510071754,0.009206371381878853
lqr,0,0,37,37,0.74,4.926502704620361,-5.884567737579346,0.7373890280723572,-0.0013714628294110298,-0.016509156674146652,-0.0049026599153876305,0.017276262864470482,4.926242828369141,-5.887693405151367,0.7395809888839722,-0.2742689251899719,0.20531275868415833,15.91746997833252,15.92115592956543,-0.00265245302580297,-0.00900148693472147,0.0001685759925749153,0.009385664016008377
lqr,1,0,37,37,0.74,4.410064697265625,4.240640163421631,0.7330145239830017,-0.011006818152964115,-0.014181644655764103,-0.004984305705875158,0.018630951642990112,4.407980918884277,4.237954616546631,0.7351911067962646,-0.20029297471046448,0.18261182308197021,15.919700622558594,15.922008514404297,-0.002436527516692877,-0.008804764598608017,0.0001698998239589855,0.00913725420832634
lqr,2,0,37,37,0.74,-5.34879732131958,-5.344641208648682,0.8999267220497131,-0.006511994171887636,-0.006437012925744057,-0.0018668132834136486,0.009344848804175854,-5.350030899047852,-5.345860004425049,0.902693510055542,-0.23692268133163452,0.13098575174808502,15.892457962036133,15.894763946533203,-0.002643624786287546,-0.009027809835970402,8.311575220432132e-05,0.009407284669578075
lqr,3,0,37,37,0.74,-5.37112283706665,3.8265433311462402,0.5028110146522522,-0.006925506517291069,-0.021911539137363434,-0.009281500242650509,0.024783551692962646,-5.372435092926025,3.8223938941955566,0.5041739344596863,-0.230611190199852,0.23997272551059723,15.955713272094727,15.959183692932129,-0.002452476415783167,-0.008663068525493145,0.00023431959562003613,0.009006570093333721
rl,0,0,38,38,0.76,5.044407367706299,-5.109003067016602,0.5129428505897522,0.054046086966991425,-0.11046656221151352,-0.7350471615791321,0.7452638149261475,4.926242828369141,-5.887693405151367,0.7395809888839722,-0.6833733916282654,-0.42298680543899536,14.412712097167969,14.435102462768555,-0.003152300138026476,-0.009002537466585636,9.00660888873972e-05,0.009538909420371056
rl,1,0,38,38,0.76,4.885683536529541,4.83767032623291,0.48692575097084045,-0.15361109375953674,-0.22929467260837555,-0.7710300087928772,0.818938136100769,4.407980918884277,4.237954616546631,0.7351911067962646,-1.0546009540557861,0.28504258394241333,15.057125091552734,15.09670352935791,-0.002024699468165636,-0.009472588077187538,-0.0001485131069784984,0.009687692858278751
rl,2,0,38,38,0.76,-4.966278076171875,-5.257652282714844,0.5999754071235657,-0.041965991258621216,-0.2917855679988861,-0.5756467580795288,0.6467373371124268,-5.350030899047852,-5.345860004425049,0.902693510055542,-1.7687091827392578,1.1465401649475098,15.634775161743164,15.776219367980957,-0.003018235554918647,-0.010728457011282444,-9.235893958248198e-05,0.011145315133035183
rl,3,0,38,38,0.76,-5.08612060546875,4.877707004547119,0.4742979109287262,-0.14707252383232117,-0.05824412405490875,-0.8212159872055054,0.8363123536109924,-5.372435092926025,3.8223938941955566,0.5041739344596863,-0.6505579352378845,0.15301144123077393,16.205568313598633,16.219343185424805,-0.003804698819294572,-0.009379331022500992,0.00027885017334483564,0.01012547966092825
lqr,0,0,38,38,0.76,4.9264655113220215,-5.885014533996582,0.7372561693191528,-0.0011749936966225505,-0.014148732647299767,-0.00420111371204257,0.01480596512556076,4.926242828369141,-5.887693405151367,0.7395809888839722,-0.2841300368309021,0.18758141994476318,15.911382675170898,15.915024757385254,-0.002601353917270899,-0.00901268795132637,0.00014442138490267098,0.00938170775771141
lqr,1,0,38,38,0.76,4.409766674041748,4.240255832672119,0.7328795194625854,-0.009430010803043842,-0.012153642252087593,-0.0042709168046712875,0.015964863821864128,4.407980918884277,4.237954616546631,0.7351911067962646,-0.22200235724449158,0.1675730049610138,15.913237571716309,15.915667533874512,-0.0023873192258179188,-0.008836930617690086,0.00014531931083183736,0.00915487576276064
lqr,2,0,38,38,0.76,-5.348973274230957,-5.344814777374268,0.899876058101654,-0.005583665333688259,-0.005517295561730862,-0.0015997494338080287,0.00801105983555317,-5.350030899047852,-5.345860004425049,0.902693510055542,-0.25307321548461914,0.1253349483013153,15.889909744262695,15.89241886138916,-0.0026247792411595583,-0.009058602154254913,7.144981645978987e-05,0.00943148136138916
lqr,3,0,38,38,0.76,-5.371309757232666,3.8259496688842773,0.5025596618652344,-0.005939729046076536,-0.018778786063194275,-0.00795366708189249,0.021241093054413795,-5.372435092926025,3.8223938941955566,0.5041739344596863,-0.2471584677696228,0.21539929509162903,15.944108963012695,15.947479248046875,-0.0023781340569257736,-0.008673866279423237,0.0002002805267693475,0.008996198885142803
rl,0,0,39,39,0.78,5.045472145080566,-5.112571716308594,0.4904692471027374,0.02625802531838417,-0.12320555001497269,-0.756152331829071,0.7665738463401794,4.926242828369141,-5.887693405151367,0.7395809888839722,-1.7526440620422363,-0.6182612180709839,14.714925765991211,14.831825256347656,-0.0025150058791041374,-0.009300279431045055,-1.5486044503632e-05,0.0096343494951725
rl,1,0,39,39,0.78,4.881246566772461,4.830346584320068,0.46317258477211,-0.14500480890274048,-0.25154629349708557,-0.8021442294120789,0.8530752062797546,4.407980918884277,4.237954616546631,0.7351911067962646,0.2048725187778473,-1.1435661315917969,14.210744857788086,14.25815486907959,-0.0019965956453233957,-0.009282047860324383,-0.00015669065760448575,0.009495649486780167
rl,2,0,39,39,0.78,-4.96770715713501,-5.266287803649902,0.582065761089325,-0.050448767840862274,-0.28591546416282654,-0.6076629757881165,0.673458993434906,-5.350030899047852,-5.345860004425049,0.902693510055542,-0.7108833193778992,0.36882275342941284,14.139557838439941,14.162220001220703,-0.00334249809384346,-0.010634547099471092,-1.664105184318032e-05,0.011147473938763142
rl,3,0,39,39,0.78,-5.0899763107299805,4.876070976257324,0.44978615641593933,-0.11924981325864792,-0.05271926149725914,-0.8149839639663696,0.8253476619720459,-5.372435092926025,3.8223938941955566,0.5041739344596863,1.2073819637298584,0.3759151101112366,16.237802505493164,16.286968231201172,-0.003496263874694705,-0.00911380909383297,0.000240777459111996,0.009764391928911209
lqr,0,0,39,39,0.78,4.926433563232422,-5.8853983879089355,0.7371423840522766,-0.0010076796170324087,-0.012123022228479385,-0.0036003508139401674,0.01268643420189619,4.926242828369141,-5.887693405151367,0.7395809888839722,-0.29369640350341797,0.17299267649650574,15.906064987182617,15.909716606140137,-0.0025580041110515594,-0.009024182334542274,0.00012356243678368628,0.009380538947880268
lqr,1,0,39,39,0.78,4.409511566162109,4.239926338195801,0.7327637672424316,-0.008082148618996143,-0.010413291864097118,-0.00365999573841691,0.01368040032684803,4.407980918884277,4.237954616546631,0.7351911067962646,-0.2418791651725769,0.15503808856010437,15.907705307006836,15.910299301147461,-0.0023448311258107424,-0.00886523723602295,0.0001240760466316715,0.009170935489237309
lqr,2,0,39,39,0.78,-5.349124431610107,-5.344964981079102,0.8998327255249023,-0.00478653609752655,-0.004729991778731346,-0.0013707695761695504,0.006867514457553625,-5.350030899047852,-5.345860004425049,0.902693510055542,-0.2678196132183075,0.12126588821411133,15.887721061706543,15.890440940856934,-0.0026088294107466936,-0.009086884558200836,6.135591684142128e-05,0.009454164654016495
lqr,3,0,39,39,0.78,-5.371469974517822,3.8254406452178955,0.5023442506790161,-0.005093237850815058,-0.016092583537101746,-0.00681597413495183,0.01820356585085392,-5.372435092926025,3.8223938941955566,0.5041739344596863,-0.26194095611572266,0.19459637999534607,15.934183120727539,15.93752384185791,-0.0023141198325902224,-0.008682931773364544,0.00017086633306462318,0.008987639099359512
rl,0,0,40,40,0.8,5.046356201171875,-5.116091251373291,0.4679093658924103,0.03111865743994713,-0.11443889141082764,-0.7499181032180786,0.7592376470565796,4.926242828369141,-5.887693405151367,0.7395809888839722,-0.02587728202342987,0.5506483316421509,16.21463394165039,16.224002838134766,-0.002379821613430977,-0.009664482437074184,-6.827123434050009e-05,0.009953413158655167
rl,1,0,40,40,0.8,4.87661600112915,4.823214530944824,0.4390823245048523,-0.15903551876544952,-0.2308194488286972,-0.8034367561340332,0.8509292602539062,4.407980918884277,4.237954616546631,0.7351911067962646,-1.0524243116378784,1.183382272720337,15.787123680114746,15.86635684967041,-0.0019526566611602902,-0.008955604396760464,-0.00016365024202968925,0.009167470037937164
rl,2,0,40,40,0.8,-4.968664169311523,-5.275297164916992,0.5633558630943298,-0.022625114768743515,-0.3075375556945801,-0.631664514541626,0.7029162645339966,-5.350030899047852,-5.345860004425049,0.902693510055542,1.2306360006332397,-1.110947847366333,14.613363265991211,14.707109451293945,-0.00279899756424129,-0.009402412921190262,-3.039477815036662e-05,0.009810233488678932
rl,3,0,40,40,0.8,-5.0938920974731445,4.874294281005859,0.42537185549736023,-0.13613033294677734,-0.06243506073951721,-0.8132232427597046,0.8268988132476807,-5.372435092926025,3.8223938941955566,0.5041739344596863,-1.2075399160385132,-0.44398149847984314,15.956286430358887,16.00806999206543,-0.0031956960447132587,-0.00875173881649971,0.00020592678629327565,0.009319216944277287
lqr,0,0,40,40,0.8,4.926406383514404,-5.8857269287109375,0.7370448112487793,-0.0008630054071545601,-0.010385444387793541,-0.0030852165073156357,0.010868338868021965,4.926242828369141,-5.887693405151367,0.7395809888839722,-0.3032749891281128,0.15995186567306519,15.90153694152832,15.905232429504395,-0.0025214827619493008,-0.009035708382725716,0.0001056010223692283,0.009381527081131935
lqr,1,0,40,40,0.8,4.409292221069336,4.239644527435303,0.7326644062995911,-0.0069266678765416145,-0.00892323162406683,-0.0031358201522380114,0.011723317205905914,4.407980918884277,4.237954616546631,0.7351911067962646,-0.25998401641845703,0.14447680115699768,15.902970314025879,15.90575122833252,-0.0023079595994204283,-0.00889007281512022,0.00010571391612756997,0.009185382165014744
lqr,2,0,40,40,0.8,-5.349253177642822,-5.3450927734375,0.899795651435852,-0.004101504106074572,-0.004054618068039417,-0.001174412202090025,0.005885703954845667,-5.350030899047852,-5.345860004425049,0.902693510055542,-0.28200966119766235,0.11737135052680969,15.885807037353516,15.88874340057373,-0.0025956968311220407,-0.009112854488193989,5.268817403702997e-05,0.009475470520555973
lqr,3,0,40,40,0.8,-5.371607780456543,3.8250045776367188,0.5021594762802124,-0.0043677520006895065,-0.013787787407636642,-0.0058408016338944435,0.015597926452755928,-5.372435092926025,3.8223938941955566,0.5041739344596863,-0.2758399546146393,0.17706240713596344,15.925667762756348,15.929040908813477,-0.0022589578293263912,-0.008690125308930874,0.00014547216414939612,0.008980107493698597
rl,0,0,41,41,0.8200000000000001,5.046734809875488,-5.119364261627197,0.44537901878356934,0.0033325166441500187,-0.10646045953035355,-0.7515583634376526,0.7590684294700623,4.926242828369141,-5.887693405151367,0.7395809888839722,-1.7879750728607178,0.5088500380516052,15.757596969604492,15.866872787475586,-0.0028263675048947334,-0.009745609015226364,-1.3019175639783498e-05,0.010147187858819962
rl,1,0,41,41,0.8200000000000001,4.872396945953369,4.8168463706970215,0.41510388255119324,-0.13146919012069702,-0.2030199021100998,-0.7972038984298706,0.8330878019332886,4.407980918884277,4.237954616546631,0.7351911067962646,1.175144076347351,1.5684746503829956,16.23403549194336,16.351909637451172,-0.0030678652692586184,-0.009009822271764278,1.0106150512001477e-05,0.009517814964056015
rl,2,0,41,41,0.8200000000000001,-4.9698991775512695,-5.284019470214844,0.5445306897163391,-0.05041392147541046,-0.2823452651500702,-0.6254255175590515,0.6880534291267395,-5.350030899047852,-5.345860004425049,0.902693510055542,-1.805863618850708,1.4242045879364014,16.178205490112305,16.340864181518555,-0.0025248494930565357,-0.008839192800223827,-4.270660792826675e-05,0.009192824363708496
rl,3,0,41,41,0.8200000000000001,-5.098336219787598,4.872485637664795,0.40109983086586,-0.1540527045726776,-0.0591818206012249,-0.8069865107536316,0.8236880302429199,-5.372435092926025,3.8223938941955566,0.5041739344596863,-1.2769933938980103,0.25946855545043945,16.19246482849121,16.244813919067383,-0.002838053507730365,-0.009635302238166332,0.0001012557404465042,0.010045090690255165
lqr,0,0,41,41,0.8200000000000001,4.926381587982178,-5.886008262634277,0.7369612455368042,-0.0007381918840110302,-0.00890189316123724,-0.002643514657393098,0.00931540597230196,4.926242828369141,-5.887693405151367,0.7395809888839722,-0.31224876642227173,0.14946766197681427,15.897650718688965,15.901419639587402,-0.0024902005679905415,-0.009047441184520721,9.004756429931149e-05,0.009384316392242908
lqr,1,0,41,41,0.8200000000000001,4.4091033935546875,4.2394022941589355,0.7325794100761414,-0.00593212153762579,-0.0076463110744953156,-0.0026864674873650074,0.010043567977845669,4.407980918884277,4.237954616546631,0.7351911067962646,-0.27628570795059204,0.13573986291885376,15.898825645446777,15.901805877685547,-0.0022759924177080393,-0.00891183689236641,8.985724707599729e-05,0.009198318235576153
lqr,2,0,41,41,0.8200000000000001,-5.349363803863525,-5.345202922821045,0.8997637033462524,-0.003521831938996911,-0.0034724054858088493,-0.0010063446825370193,0.005047140643000603,-5.350030899047852,-5.345860004425049,0.902693510055542,-0.29529061913490295,0.11527837812900543,15.884117126464844,15.887279510498047,-0.0025845784693956375,-0.009137332439422607,4.5187451178207994e-05,0.00949594285339117
lqr,3,0,41,41,0.8200000000000001,-5.371726989746094,3.8246307373046875,0.5020012259483337,-0.0037427153438329697,-0.011814364232122898,-0.005004823673516512,0.013365454971790314,-5.372435092926025,3.8223938941955566,0.5041739344596863,-0.28856372833251953,0.16198398172855377,15.918335914611816,15.921774864196777,-0.0022112540900707245,-0.008695791475474834,0.00012354522186797112,0.008973388001322746
rl,0,0,42,42,0.84,5.046677112579346,-5.122614860534668,0.42293548583984375,-0.0045342519879341125,-0.10937276482582092,-0.7463952898979187,0.7543798089027405,4.926242828369141,-5.887693405151367,0.7395809888839722,-0.7299712896347046,-0.07421267777681351,16.146865844726562,16.163528442382812,-0.002927911700680852,-0.010271575301885605,-1.8366419681115076e-05,0.01068074256181717
rl,1,0,42,42,0.84,4.868134021759033,4.810809135437012,0.3913124203681946,-0.14736482501029968,-0.20037417113780975,-0.7909669876098633,0.8291531801223755,4.407980918884277,4.237954616546631,0.7351911067962646,-1.1776461601257324,0.21584530174732208,16.194133758544922,16.238330841064453,-0.003589926054701209,-0.00872752070426941,0.0001375694846501574,0.009438014589250088
rl,2,0,42,42,0.84,-4.970856189727783,-5.291964054107666,0.5251617431640625,-0.02259131148457527,-0.25612717866897583,-0.6557353734970093,0.7043439745903015,-5.350030899047852,-5.345860004425049,0.902693510055542,1.2229963541030884,1.4732552766799927,14.263956069946289,14.391895294189453,-0.0034504407085478306,-0.00913989543914795,0.00010330252553103492,0.009770051576197147
rl,3,0,42,42,0.84,-5.102616310119629,4.8704938888549805,0.3759115934371948,-0.13695895671844482,-0.07001488655805588,-0.855919599533081,0.8696310520172119,-5.372435092926025,3.8223938941955566,0.5041739344596863,0.6607264280319214,-0.5138389468193054,13.257128715515137,13.283525466918945,-0.002664214698597789,-0.009433809667825699,5.918899114476517e-05,0.009802973829209805
lqr,0,0,42,42,0.84,4.92636251449585,-5.88624906539917,0.7368894815444946,-0.0006307922885753214,-0.007626176346093416,-0.0022650277242064476,0.007980402559041977,4.926242828369141,-5.887693405151367,0.7395809888839722,-0.3216829299926758,0.1413881629705429,15.894254684448242,15.898138999938965,-0.0024638259783387184,-0.009059257805347443,7.66507291700691e-05,0.0093886349350214
lqr,1,0,42,42,0.84,4.4089436531066895,4.239194393157959,0.7325065732002258,-0.005081027280539274,-0.006550956517457962,-0.0023019774816930294,0.008604125119745731,4.407980918884277,4.237954616546631,0.7351911067962646,-0.29207995533943176,0.12849301099777222,15.895217895507812,15.898420333862305,-0.002248261356726289,-0.00893102865666151,7.617807568749413e-05,0.009209981188178062
lqr,2,0,42,42,0.84,-5.349459648132324,-5.345296382904053,0.8997364640235901,-0.003017331473529339,-0.0029739351011812687,-0.0008621324086561799,0.004323407541960478,-5.350030899047852,-5.345860004425049,0.902693510055542,-0.3074420094490051,0.11319872736930847,15.882641792297363,15.88602066040039,-0.00257551996037364,-0.009159916080534458,3.87524050893262e-05,0.009515191428363323
lqr,3,0,42,42,0.84,-5.371828079223633,3.8243112564086914,0.5018656253814697,-0.0032052143942564726,-0.010125484317541122,-0.004288614261895418,0.01145386602729559,-5.372435092926025,3.8223938941955566,0.5041739344596863,-0.3010473847389221,0.14928680658340454,15.911996841430664,15.915544509887695,-0.002169955987483263,-0.0087001146748662,0.00010461132478667423,0.008967254310846329
rl,0,0,43,43,0.86,5.0464982986450195,-5.125364303588867,0.39965060353279114,-0.006642560940235853,-0.08280550688505173,-0.7910470366477966,0.7953969240188599,4.926242828369141,-5.887693405151367,0.7395809888839722,-0.37617239356040955,1.5045826435089111,13.456961631774902,13.546035766601562,-0.0030824008863419294,-0.009824956767261028,2.080013473459985e-05,0.010297155007719994
rl,1,0,43,43,0.86,4.864254951477051,4.804960250854492,0.3677005171775818,-0.12027396261692047,-0.1922362595796585,-0.7851168513298035,0.8172081112861633,4.407980918884277,4.237954616546631,0.7351911067962646,1.132620930671692,0.5144528150558472,16.218414306640625,16.26605224609375,-0.0034116210881620646,-0.009004143998026848,0.00013067046529613435,0.009629685431718826
rl,2,0,43,43,0.86,-4.970978736877441,-5.300204753875732,0.505453884601593,0.005226923152804375,-0.2839398980140686,-0.6575263142585754,0.7162332534790039,-5.350030899047852,-5.345860004425049,0.902693510055542,1.1841272115707397,-1.4317774772644043,15.815306663513184,15.924072265625,-0.0032770398538559675,-0.007806591223925352,0.00016454941942356527,0.008468112908303738
rl,3,0,43,43,0.86,-5.106563091278076,4.867837429046631,0.35035863518714905,-0.12887729704380035,-0.09782344102859497,-0.8496857285499573,0.8649535179138184,-5.372435092926025,3.8223938941955566,0.5041739344596863,0.10802720487117767,-1.411699891090393,16.228403091430664,16.29004669189453,-0.0019645739812403917,-0.008419875055551529,-3.167633985867724e-05,0.008646088652312756
lqr,0,0,43,43,0.86,4.926345348358154,-5.88645601272583,0.7368283271789551,-0.0005419972585514188,-0.0065351505763828754,-0.0019408644875511527,0.0068387798964977264,4.926242828369141,-5.887693405151367,0.7395809888839722,-0.3306995928287506,0.13389991223812103,15.891280174255371,15.895284652709961,-0.0024417596869170666,-0.00907143671065569,6.511525134555995e-05,0.009394540451467037
lqr,1,0,43,43,0.86,4.408805847167969,4.239016532897949,0.7324442267417908,-0.004357432946562767,-0.005611943546682596,-0.0019724336452782154,0.00737371202558279,4.407980918884277,4.237954616546631,0.7351911067962646,-0.3066941201686859,0.1223364770412445,15.892167091369629,15.895596504211426,-0.002224197145551443,-0.008948339149355888,6.436814146582037e-05,0.009220844134688377
lqr,2,0,43,43,0.86,-5.349541664123535,-5.345376968383789,0.8997131586074829,-0.0025857752189040184,-0.0025512934662401676,-0.0007389374659396708,0.0037069341633468866,-5.350030899047852,-5.345860004425049,0.902693510055542,-0.3194964826107025,0.11165239661931992,15.881348609924316,15.884954452514648,-0.0025678598321974277,-0.009181184694170952,3.318669769214466e-05,0.009533580392599106
lqr,3,0,43,43,0.86,-5.371914863586426,3.8240368366241455,0.5017493367195129,-0.002748281229287386,-0.008677314035594463,-0.0036747101694345474,0.009815922006964684,-5.372435092926025,3.8223938941955566,0.5041739344596863,-0.3126268982887268,0.13900743424892426,15.906551361083984,15.91023063659668,-0.0021341945976018906,-0.00870381761342287,8.8258515461348e-05,0.008962088264524937
rl,0,0,44,44,0.88,5.045926094055176,-5.127964973449707,0.37527409195899963,-0.0252993106842041,-0.0886794924736023,-0.8232983946800232,0.8284469842910767,4.926242828369141,-5.887693405151367,0.7395809888839722,-1.289648413658142,-0.23900337517261505,14.117043495178223,14.17784309387207,-0.003317461581900716,-0.00932182464748621,9.318689990323037e-05,0.009894981049001217
rl,1,0,44,44,0.88,4.860354423522949,4.799332618713379,0.3435532748699188,-0.13487626612186432,-0.18531209230422974,-0.8147996664047241,0.8464222550392151,4.407980918884277,4.237954616546631,0.7351911067962646,-1.0843520164489746,0.44361773133277893,14.255615234375,14.303677558898926,-0.003364372765645385,-0.008548649027943611,0.00016483351646456867,0.009188339114189148
rl,2,0,44,44,0.88,-4.970569610595703,-5.308585166931152,0.48585274815559387,0.01787073351442814,-0.27708956599235535,-0.6512916088104248,0.7080104351043701,-5.350030899047852,-5.345860004425049,0.902693510055542,0.35101163387298584,0.442585289478302,16.223691940307617,16.233524322509766,-0.0024842307902872562,-0.007543266285210848,6.861610017949715e-05,0.007942101918160915
rl,3,0,44,44,0.88,-5.109872817993164,4.864840507507324,0.3241347670555115,-0.1010579988360405,-0.10094207525253296,-0.8863508701324463,0.8977861404418945,-5.372435092926025,3.8223938941955566,0.5041739344596863,1.2128398418426514,-0.09134115278720856,13.929247856140137,13.982248306274414,-0.0015525477938354015,-0.008026382885873318,-0.00011374715541023761,0.008175949566066265
lqr,0,0,44,44,0.88,4.926331520080566,-5.886634826660156,0.7367756962776184,-0.0004657610843423754,-0.005597333889454603,-0.0016635590000078082,0.005857858806848526,4.926242828369141,-5.887693405151367,0.7395809888839722,-0.3395347595214844,0.1284128725528717,15.888764381408691,15.892910957336426,-0.0024231765419244766,-0.009083679877221584,5.516999226529151e-05,0.009401492774486542
lqr,1,0,44,44,0.88,4.408687591552734,4.238863945007324,0.7323908805847168,-0.0037326498422771692,-0.0048049865290522575,-0.001689715194515884,0.0063147214241325855,4.407980918884277,4.237954616546631,0.7351911067962646,-0.32002294063568115,0.11770490556955338,15.889513969421387,15.893172264099121,-0.0022032393608242273,-0.008963623084127903,5.417818465502933e-05,0.00923058670014143
lqr,2,0,44,44,0.88,-5.349612236022949,-5.3454461097717285,0.8996930122375488,-0.0022135437466204166,-0.0021877861581742764,-0.0006327031878754497,0.0031759245321154594,-5.350030899047852,-5.345860004425049,0.902693510055542,-0.3307725191116333,0.11085112392902374,15.880244255065918,15.884076118469238,-0.0025616551283746958,-0.009201321750879288,2.8399650545907207e-05,0.009551293216645718
lqr,3,0,44,44,0.88,-5.3719892501831055,3.8238017559051514,0.501649796962738,-0.0023558535613119602,-0.00743550481274724,-0.003148504765704274,0.008411293849349022,-5.372435092926025,3.8223938941955566,0.5041739344596863,-0.32368403673171997,0.13021302223205566,15.901859283447266,15.905686378479004,-0.0021033650264143944,-0.008706670254468918,7.416830339934677e-05,0.008957440964877605
rl,0,0,45,45,0.9,5.045563220977783,-5.130146026611328,0.35020703077316284,-0.0054693748243153095,-0.06473306566476822,-0.8416978716850281,0.8442012071609497,4.926242828369141,-5.887693405151367,0.7395809888839722,0.7634216547012329,1.3761873245239258,14.897238731384277,14.980134010314941,-0.003170064417645335,-0.009056895039975643,9.146538650384173e-05,0.009596094489097595
rl,1,0,45,45,0.9,4.856464862823486,4.793629169464111,0.3189695179462433,-0.12699128687381744,-0.19253739714622498,-0.8217876553535461,0.8535410761833191,4.407980918884277,4.237954616546631,0.7351911067962646,0.09484286606311798,-0.3112757205963135,15.508927345275879,15.512340545654297,-0.0030725745018571615,-0.008795556612312794,0.00012706033885478973,0.009317654184997082
rl,2,0,45,45,0.9,-4.969844818115234,-5.31636381149292,0.4656975269317627,0.027268769219517708,-0.2503124177455902,-0.6821143627166748,0.7271037697792053,-5.350030899047852,-5.345860004425049,0.902693510055542,0.21096695959568024,1.5109165906906128,14.216176986694336,14.297799110412598,-0.003020038828253746,-0.007696197368204594,0.00015155212895479053,0.008268921636044979
rl,3,0,45,45,0.9,-5.11234712600708,4.862368583679199,0.297108918428421,-0.07324183732271194,-0.07313946634531021,-0.9081193208694458,0.9139991402626038,-5.372435092926025,3.8223938941955566,0.5041739344596863,1.1903191804885864,1.5828371047973633,14.72380256652832,14.856398582458496,-0.0021914569661021233,-0.007043763063848019,2.013885932683479e-06,0.007376793771982193
lqr,0,0,45,45,0.9,4.926319122314453,-5.886786937713623,0.7367305159568787,-0.00040100497426465154,-0.004792721942067146,-0.0014253867557272315,0.005016244947910309,4.926242828369141,-5.887693405151367,0.7395809888839722,-0.3483513593673706,0.12359357625246048,15.886579513549805,15.890878677368164,-0.002407704247161746,-0.009096009656786919,4.662331775762141e-05,0.009409389458596706
lqr,1,0,45,45,0.9,4.408586025238037,4.238734245300293,0.7323450446128845,-0.0031985528767108917,-0.004115551710128784,-0.0014484007842838764,0.005409840028733015,4.407980918884277,4.237954616546631,0.7351911067962646,-0.33296167850494385,0.11375799775123596,15.8871488571167,15.891045570373535,-0.0021849244367331266,-0.008977331221103668,4.5377812057267874e-05,0.009239504113793373
lqr,2,0,45,45,0.9,-5.34967041015625,-5.34550666809082,0.8996759057044983,-0.0018978762673214078,-0.001871404703706503,-0.0005423153634183109,0.002719962503761053,-5.350030899047852,-5.345860004425049,0.902693510055542,-0.3420376181602478,0.11068722605705261,15.879171371459961,15.883240699768066,-0.002556805731728673,-0.009220608510077,2.430259519314859e-05,0.009568566456437111
lqr,3,0,45,45,0.9,-5.37205171585083,3.8236007690429688,0.5015645027160645,-0.0020190745126456022,-0.006372818257659674,-0.0026979234535247087,0.007208901923149824,-5.372435092926025,3.8223938941955566,0.5041739344596863,-0.3341899514198303,0.12288637459278107,15.897807121276855,15.901793479919434,-0.002076575066894293,-0.008708837442100048,6.200608913786709e-05,0.008953203447163105
rl,0,0,46,46,0.92,5.045567512512207,-5.1318769454956055,0.3250807523727417,0.0029196201357990503,-0.05423210561275482,-0.835463285446167,0.8372266888618469,4.926242828369141,-5.887693405151367,0.7395809888839722,0.11096750199794769,0.6619367003440857,16.217309951782227,16.231191635131836,-0.0036441609263420105,-0.008380175568163395,0.00020955581567250192,0.00914063211530447
rl,1,0,46,46,0.92,4.852535724639893,4.788409233093262,0.2944405674934387,-0.13291439414024353,-0.16473835706710815,-0.8155510425567627,0.8425725698471069,4.407980918884277,4.237954616546631,0.7351911067962646,-0.672581136226654,1.584726333618164,16.19614601135254,16.287384033203125,-0.0031075580045580864,-0.008854681625962257,0.0001319402363151312,0.009385079145431519
rl,2,0,46,46,0.92,-4.969583034515381,-5.32342529296875,0.44483327865600586,-0.0005232542171142995,-0.2279798835515976,-0.7021551728248596,0.7382391095161438,-5.350030899047852,-5.345860004425049,0.902693510055542,-1.8136286735534668,1.2776284217834473,14.755868911743164,14.921704292297363,-0.0036698803305625916,-0.008147533051669598,0.00025894009741023183,0.0089396508410573
rl,3,0,46,46,0.92,-5.1149091720581055,4.860217571258545,0.26958805322647095,-0.09154015779495239,-0.07096623629331589,-0.9219831228256226,0.9292301535606384,-5.372435092926025,3.8223938941955566,0.5041739344596863,-1.3123104572296143,0.20564258098602295,15.104822158813477,15.163116455078125,-0.0029863552190363407,-0.0073130265809595585,0.0001308574719587341,0.007900366559624672
lqr,0,0,46,46,0.92,4.926309108734131,-5.8869171142578125,0.7366920113563538,-0.000347552471794188,-0.004100005142390728,-0.001221466576680541,0.004292180761694908,4.926242828369141,-5.887693405151367,0.7395809888839722,-0.3571728467941284,0.11998658627271652,15.884612083435059,15.889080047607422,-0.0023949085734784603,-0.009108527563512325,3.926971476175822e-05,0.009418195113539696
lqr,1,0,46,46,0.92,4.408499240875244,4.238622665405273,0.7323057651519775,-0.002737897913902998,-0.003528016619384289,-0.0012410591589286923,0.0046349987387657166,4.407980918884277,4.237954616546631,0.7351911067962646,-0.345039963722229,0.11052729189395905,15.885137557983398,15.88926887512207,-0.0021688290871679783,-0.008989613503217697,3.776897938223556e-05,0.009247615933418274
lqr,2,0,46,46,0.92,-5.3497233390808105,-5.34555721282959,0.8996611833572388,-0.0016301290597766638,-0.0016015454893931746,-0.0004647776368074119,0.002332013566046953,-5.350030899047852,-5.345860004425049,0.902693510055542,-0.3525417447090149,0.11037734150886536,15.878302574157715,15.882599830627441,-0.002552956575527787,-0.009239277802407742,2.0777220925083384e-05,0.00958552397787571
lqr,3,0,46,46,0.92,-5.372105598449707,3.8234283924102783,0.5014914870262146,-0.00173476233612746,-0.005461571738123894,-0.0023120606783777475,0.0061793033964931965,-5.372435092926025,3.8223938941955566,0.5041739344596863,-0.34462928771972656,0.11694233864545822,15.894278526306152,15.898444175720215,-0.002053481061011553,-0.008710559457540512,5.15126739628613e-05,0.008949484676122665
rl,0,0,47,47,0.9400000000000001,5.046212196350098,-5.134060859680176,0.30014148354530334,0.0307395551353693,-0.08204454928636551,-0.829231858253479,0.8338475227355957,4.926242828369141,-5.887693405151367,0.7395809888839722,1.1507023572921753,-1.4017010927200317,16.252300262451172,16.353168487548828,-0.0031810696236789227,-0.008200445212423801,0.00016871734987944365,0.008797441609203815
rl,1,0,47,47,0.9400000000000001,4.848628520965576,4.78291130065918,0.26952746510505676,-0.12894590198993683,-0.19255074858665466,-0.8378816246986389,0.8693379163742065,4.407980918884277,4.237954616546631,0.7351911067962646,-0.11465917527675629,-1.4204561710357666,14.682888984680176,14.751883506774902,-0.0031781326979398727,-0.009055271744728088,0.0001454768207622692,0.00959789752960205
rl,2,0,47,47,0.9400000000000001,-4.969923973083496,-5.330456256866455,0.4238933026790619,-0.016742810606956482,-0.23755772411823273,-0.6959189176559448,0.73553866147995,-5.350030899047852,-5.345860004425049,0.902693510055542,-1.229054570198059,-0.43361905217170715,16.19448471069336,16.246843338012695,-0.003601193893700838,-0.009366159327328205,0.00022687263845000416,0.010037180967628956
rl,3,0,47,47,0.9400000000000001,-5.117353439331055,4.858453273773193,0.2419513612985611,-0.07642773538827896,-0.052677083760499954,-0.9208442568778992,0.925510823726654,-5.372435092926025,3.8223938941955566,0.5041739344596863,0.4649209976196289,1.0822793245315552,15.947920799255371,15.991362571716309,-0.003142189932987094,-0.008249685168266296,0.0001372027472825721,0.008828900754451752
lqr,0,0,47,47,0.9400000000000001,4.926300048828125,-5.887028217315674,0.7366588115692139,-0.00030206816154532135,-0.003513964358717203,-0.001046294579282403,0.003678848035633564,4.926242828369141,-5.887693405151367,0.7395809888839722,-0.3658209443092346,0.11679452657699585,15.882972717285156,15.887614250183105,-0.002384107792750001,-0.009121148847043514,3.290102904429659e-05,0.009427640587091446
lqr,1,0,47,47,0.9400000000000001,4.408425331115723,4.238527774810791,0.7322722673416138,-0.0023466276470571756,-0.0030246288515627384,-0.0010636949446052313,0.003973221406340599,4.407980918884277,4.237954616546631,0.7351911067962646,-0.35687655210494995,0.10806271433830261,15.883316993713379,15.887693405151367,-0.0021547789219766855,-0.009000862948596478,3.1197374482871965e-05,0.009255246259272099
lqr,2,0,47,47,0.9400000000000001,-5.349767684936523,-5.3456010818481445,0.8996482491493225,-0.0013948081759735942,-0.0013707095058634877,-0.0003976769221480936,0.001995615428313613,-5.350030899047852,-5.345860004425049,0.902693510055542,-0.36313119530677795,0.1110011413693428,15.877552032470703,15.882091522216797,-0.002549931174144149,-0.009257114492356777,1.773305848473683e-05,0.009601907804608345
lqr,3,0,47,47,0.9400000000000001,-5.372153282165527,3.823279857635498,0.5014287829399109,-0.001489973976276815,-0.0046811155043542385,-0.0019814237020909786,0.0052970657125115395,-5.372435092926025,3.8223938941955566,0.5041739344596863,-0.3542156219482422,0.11216115951538086,15.891278266906738,15.895621299743652,-0.002033418510109186,-0.008711903356015682,4.2454859794816e-05,0.008946164511144161
rl,0,0,48,48,0.96,5.046876907348633,-5.136289596557617,0.2749824821949005,0.017830777913331985,-0.07035475224256516,-0.8433334231376648,0.8464508056640625,4.926242828369141,-5.887693405151367,0.7395809888839722,-1.0289560556411743,0.7248355150222778,15.094487190246582,15.146869659423828,-0.0025303855072706938,-0.008118932135403156,6.99290176271461e-05,0.008504399098455906
rl,1,0,48,48,0.96,4.8449482917785645,4.777236461639404,0.24353520572185516,-0.11951879411935806,-0.18746626377105713,-0.8806732296943665,0.9083026647567749,4.407980918884277,4.237954616546631,0.7351911067962646,0.19826224446296692,0.3498358130455017,13.576221466064453,13.582175254821777,-0.002307693473994732,-0.0085157984867692,2.4842103812261485e-05,0.008822974748909473
rl,2,0,48,48,0.96,-4.970982551574707,-5.337344646453857,0.4031403958797455,-0.04452729597687721,-0.22563718259334564,-0.689680814743042,0.7270175218582153,-5.350030899047852,-5.345860004425049,0.902693510055542,-1.8616758584976196,0.7292401194572449,16.1738224029541,16.29693603515625,-0.0031806593760848045,-0.010178055614233017,0.00013000896433368325,0.010664253495633602
rl,3,0,48,48,0.96,-5.120202541351318,4.857207298278809,0.21445073187351227,-0.10421745479106903,-0.03593992814421654,-0.914605438709259,0.9212253093719482,-5.372435092926025,3.8223938941955566,0.5041739344596863,-1.8627690076828003,1.0037063360214233,16.17142105102539,16.309267044067383,-0.003622979624196887,-0.008752924390137196,0.0002110266505042091,0.00947545189410448
lqr,0,0,48,48,0.96,4.926291465759277,-5.8871235847473145,0.736630380153656,-0.00025880755856633186,-0.003009969834238291,-0.0008961771964095533,0.003151195589452982,4.926242828369141,-5.887693405151367,0.7395809888839722,-0.3741345703601837,0.11474326252937317,15.881507873535156,15.88632869720459,-0.002375308657065034,-0.009133709594607353,2.7423497158451937e-05,0.009437557309865952
lqr,1,0,48,48,0.96,4.408361911773682,4.23844575881958,0.7322432994842529,-0.0020130558405071497,-0.0025926996022462845,-0.0009111304534599185,0.003406558884307742,4.407980918884277,4.237954616546631,0.7351911067962646,-0.36818915605545044,0.10649904608726501,15.881869316101074,15.886493682861328,-0.002142474986612797,-0.009011242538690567,2.551473880885169e-05,0.009262469597160816
lqr,2,0,48,48,0.96,-5.349803924560547,-5.345637798309326,0.8996375799179077,-0.0011979005066677928,-0.0011758239706978202,-0.0003395283129066229,0.0017125440062955022,-5.350030899047852,-5.345860004425049,0.902693510055542,-0.37406522035598755,0.11158905923366547,15.876729965209961,15.8815279006958,-0.002547672251239419,-0.009274814277887344,1.5106299542821944e-05,0.009618369862437248
lqr,3,0,48,48,0.96,-5.372193813323975,3.8231537342071533,0.5013751983642578,-0.0012759246164932847,-0.004011038225144148,-0.0016978227067738771,0.004538613371551037,-5.372435092926025,3.8223938941955566,0.5041739344596863,-0.3636014461517334,0.10818600654602051,15.888628959655762,15.893157005310059,-0.002016098704189062,-0.008712722919881344,3.46613596775569e-05,0.00894300825893879
rl,0,0,49,49,0.98,5.047781944274902,-5.138298511505127,0.24980716407299042,0.036297060549259186,-0.06527883559465408,-0.8371000289916992,0.8404256701469421,4.926242828369141,-5.887693405151367,0.7395809888839722,0.6308178901672363,0.37753987312316895,16.23119354248047,16.247833251953125,-0.0029222089797258377,-0.008543912321329117,0.00010696201206883416,0.009030458517372608
rl,1,0,49,49,0.98,4.841919898986816,4.772168159484863,0.21723966300487518,-0.09170068055391312,-0.15966570377349854,-0.8744394779205322,0.8936142921447754,4.407980918884277,4.237954616546631,0.7351911067962646,1.1228108406066895,1.5921651124954224,16.23670196533203,16.35317039489746,-0.00284213456325233,-0.007889659143984318,0.00012070958473486826,0.008386836387217045
rl,2,0,49,49,0.98,-4.971993923187256,-5.343557834625244,0.38210606575012207,-0.02825753018260002,-0.19783923029899597,-0.706875741481781,0.7345830202102661,-5.350030899047852,-5.345860004425049,0.902693510055542,0.5337283611297607,1.5813405513763428,14.958767890930176,15.051586151123047,-0.0035901041701436043,-0.010180220939218998,0.00018328959413338453,0.010796264745295048
rl,3,0,49,49,0.98,-5.123061656951904,4.8565144538879395,0.18713721632957458,-0.09084081649780273,-0.016686584800481796,-0.90837162733078,0.9130550026893616,-5.372435092926025,3.8223938941955566,0.5041739344596863,0.3483027219772339,1.1429252624511719,16.220285415649414,16.264232635498047,-0.0039261081255972385,-0.0095369853079319,0.0002463881974108517,0.010316449217498302
lqr,0,0,49,49,0.98,4.926284313201904,-5.887204647064209,0.7366060018539429,-0.00021999870659783483,-0.002578768180683255,-0.0007677562534809113,0.0026996098458766937,4.926242828369141,-5.887693405151367,0.7395809888839722,-0.38280951976776123,0.11310801655054092,15.880184173583984,15.885200500488281,-0.002368219895288348,-0.009146271273493767,2.2718555555911735e-05,0.009447923861443996
lqr,1,0,49,49,0.98,4.408307075500488,4.238375663757324,0.7322185635566711,-0.0017236360581591725,-0.002223738469183445,-0.0007805188070051372,0.0029197849798947573,4.407980918884277,4.237954616546631,0.7351911067962646,-0.3786221146583557,0.10522758215665817,15.880484580993652,15.885346412658691,-0.0021316988859325647,-0.009020695462822914,2.0608724298654124e-05,0.009269170463085175
lqr,2,0,49,49,0.98,-5.34983491897583,-5.345669269561768,0.8996284604072571,-0.0010266529861837626,-0.0010056855389848351,-0.00029144593281671405,0.0014664107002317905,-5.350030899047852,-5.345860004425049,0.902693510055542,-0.38418498635292053,0.11284948885440826,15.876022338867188,15.881071090698242,-0.002546207280829549,-0.009292170405387878,1.2855638487963006e-05,0.009634716436266899
lqr,3,0,49,49,0.98,-5.372228622436523,3.8230443000793457,0.5013291239738464,-0.0010925388196483254,-0.0034360806457698345,-0.0014550870982930064,0.003888131817802787,-5.372435092926025,3.8223938941955566,0.5041739344596863,-0.37314558029174805,0.10527664422988892,15.886348724365234,15.89107894897461,-0.0020010401494801044,-0.008713135495781898,2.7932383090956137e-05,0.00894000381231308
rl,0,0,50,50,1.0,5.0494279861450195,-5.139699935913086,0.22412247955799103,0.06411527842283249,-0.037479374557733536,-0.8656852841377258,0.8688650131225586,4.926242828369141,-5.887693405151367,0.7395809888839722,1.170980453491211,1.5939534902572632,14.356903076171875,14.492499351501465,-0.0033123840112239122,-0.00789552554488182,0.0001949995057657361,0.008564416319131851
rl,1,0,50,50,1.0,4.838809967041016,4.767093658447266,0.19107553362846375,-0.10961506515741348,-0.173856720328331,-0.8709858059883118,0.8949066400527954,4.407980918884277,4.237954616546631,0.7351911067962646,-1.348358154296875,-0.6700683236122131,16.041593551635742,16.11210060119629,-0.003233775496482849,-0.008149020373821259,0.00018771050963550806,0.008769211359322071
rl,2,0,50,50,1.0,-4.972286224365234,-5.348936080932617,0.3599497079849243,-0.00043655605986714363,-0.1700424998998642,-0.7543815970420837,0.7733086347579956,-5.350030899047852,-5.345860004425049,0.902693510055542,1.1874666213989258,1.5752633810043335,13.338459968566895,13.48354721069336,-0.004106477834284306,-0.00860646553337574,0.00033694368903525174,0.009541904553771019
rl,3,0,50,50,1.0,-5.12565279006958,4.855465888977051,0.15974271297454834,-0.0842052474617958,-0.04408767446875572,-0.9155383110046387,0.920458972454071,-5.372435092926025,3.8223938941955566,0.5041739344596863,-0.007247433066368103,-1.375022530555725,15.505607604980469,15.566457748413086,-0.003533923765644431,-0.009026548825204372,0.00022485667432192713,0.009696275927126408
lqr,0,0,50,50,1.0,4.926278114318848,-5.887273788452148,0.7365851402282715,-0.0001871162821771577,-0.0022104852832853794,-0.000657619908452034,0.0023138110991567373,4.926242828369141,-5.887693405151367,0.7395809888839722,-0.3912734389305115,0.11210843175649643,15.879034042358398,15.884249687194824,-0.0023624978493899107,-0.009159094654023647,1.8656370230019093e-05,0.009458898566663265
lqr,1,0,50,50,1.0,4.408260822296143,4.238315105438232,0.7321974635124207,-0.0014775453601032495,-0.0019049394177272916,-0.00066890858579427,0.0025018739979714155,4.407980918884277,4.237954616546631,0.7351911067962646,-0.38934263586997986,0.10471075773239136,15.879210472106934,15.88432788848877,-0.002122231526300311,-0.00902939960360527,1.6376803614548407e-05,0.009275462478399277
lqr,2,0,50,50,1.0,-5.349864959716797,-5.345695495605469,0.8996204733848572,-0.0008837473578751087,-0.0008670314564369619,-0.0002499725960660726,0.0012630277778953314,-5.350030899047852,-5.345860004425049,0.902693510055542,-0.3937731981277466,0.11373814940452576,15.875445365905762,15.880735397338867,-0.0025451791007071733,-0.009309484623372555,1.0888235010497738e-05,0.009651143103837967
lqr,3,0,50,50,1.0,-5.372258186340332,3.822951555252075,0.5012897849082947,-0.0009362049750052392,-0.0029448485001921654,-0.0012467027409002185,0.0033320984803140163,-5.372435092926025,3.8223938941955566,0.5041739344596863,-0.3823593258857727,0.10255273431539536,15.88436222076416,15.889294624328613,-0.0019880197942256927,-0.008713485673069954,2.212594154116232e-05,0.008937424048781395
rl,0,0,51,51,1.02,5.051407337188721,-5.1405487060546875,0.19778327643871307,0.06680643558502197,-0.023740490898489952,-0.884117841720581,0.8869560956954956,4.926242828369141,-5.887693405151367,0.7395809888839722,-0.20303784310817719,0.8423323631286621,14.878021240234375,14.903229713439941,-0.003812244860455394,-0.007422299589961767,0.0003164997324347496,0.008350084535777569
rl,1,0,51,51,1.02,4.836077690124512,4.762434482574463,0.1647316813468933,-0.08179444074630737,-0.14605672657489777,-0.8816973567008972,0.8974481225013733,4.407980918884277,4.237954616546631,0.7351911067962646,1.1292924880981445,1.5925098657608032,15.323269844055176,15.447134971618652,-0.003053095191717148,-0.008658140897750854,0.00014479765377473086,0.009181817062199116
rl,2,0,51,51,1.02,-4.971982955932617,-5.353682041168213,0.3363308310508728,0.015353839844465256,-0.15227918326854706,-0.8037509918212891,0.8181933164596558,-5.350030899047852,-5.345860004425049,0.902693510055542,0.535039484500885,1.0369535684585571,13.225674629211426,13.277048110961914,-0.004220366012305021,-0.007337653078138828,0.0004401675832923502,0.008476224727928638
rl,3,0,51,51,1.02,-5.127673625946045,4.8539934158325195,0.1324012279510498,-0.058913785964250565,-0.05154231935739517,-0.909305989742279,0.9126690626144409,-5.372435092926025,3.8223938941955566,0.5041739344596863,0.973976194858551,-0.2919315695762634,16.245405197143555,16.277193069458008,-0.0024943361058831215,-0.008590228855609894,7.468425610568374e-05,0.008945352397859097
lqr,0,0,51,51,1.02,4.926273345947266,-5.887333393096924,0.7365672588348389,-0.0001617041853023693,-0.0018979107262566686,-0.0005632934044115245,0.0019863315392285585,4.926242828369141,-5.887693405151367,0.7395809888839722,-0.3999817371368408,0.11167904734611511,15.877986907958984,15.883417129516602,-0.002357995370402932,-0.009172107093036175,1.5136047295527533e-05,0.009470370598137379
lqr,1,0,51,51,1.02,4.4082207679748535,4.2382636070251465,0.7321792840957642,-0.0012658503837883472,-0.0016314260428771377,-0.0005730210104957223,0.0021429609041661024,4.407980918884277,4.237954616546631,0.7351911067962646,-0.3992976248264313,0.1042027473449707,15.878151893615723,15.883513450622559,-0.0021140023600310087,-0.009037592448294163,1.2725317901640665e-05,0.009281553328037262
lqr,2,0,51,51,1.02,-5.349887847900391,-5.345717906951904,0.8996136784553528,-0.0007529509020969272,-0.0007491331198252738,-0.00021402309357654303,0.001083485665731132,-5.350030899047852,-5.345860004425049,0.902693510055542,-0.40392956137657166,0.11503386497497559,15.87490177154541,15.880456924438477,-0.002544706454500556,-0.00932594295591116,9.214001693180762e-06,0.009666893631219864
lqr,3,0,51,51,1.02,-5.372284412384033,3.8228719234466553,0.5012561678886414,-0.0008000549860298634,-0.002523355418816209,-0.001068870653398335,0.0028548019472509623,-5.372435092926025,3.8223938941955566,0.5041739344596863,-0.39090895652770996,0.10081560909748077,15.882603645324707,15.887733459472656,-0.0019766613841056824,-0.008713719435036182,1.7098254829761572e-05,0.008935120888054371
rl,0,0,52,52,1.04,5.053394317626953,-5.140822887420654,0.17092444002628326,0.06598325073719025,-0.0018509080400690436,-0.9008851051330566,0.9033001661300659,4.926242828369141,-5.887693405151367,0.7395809888839722,-0.4014517664909363,1.2859989404678345,14.959944725036621,15.020483016967773,-0.0039339750073850155,-0.007907918654382229,0.0003459556319285184,0.00883917510509491
rl,1,0,52,52,1.04,4.834022045135498,4.758608818054199,0.13840541243553162,-0.06182445213198662,-0.11825966089963913,-0.8754627704620361,0.8855747580528259,4.407980918884277,4.237954616546631,0.7351911067962646,0.6764014959335327,1.6015247106552124,16.2269229888916,16.319786071777344,-0.0038831576239317656,-0.007927917875349522,0.00031503650825470686,0.008833461441099644
rl,2,0,52,52,1.04,-4.971463680267334,-5.358744144439697,0.31176015734672546,0.018315287306904793,-0.1769658476114273,-0.8266547918319702,0.8455829620361328,-5.350030899047852,-5.345860004425049,0.902693510055542,-0.19790461659431458,-1.2411112785339355,14.650341987609863,14.704151153564453,-0.003535135881975293,-0.007207135669887066,0.00037385604809969664,0.008036153391003609
rl,3,0,52,52,1.04,-5.128885269165039,4.852237224578857,0.10519628971815109,-0.031095290556550026,-0.06205054372549057,-0.9055948853492737,0.9082506895065308,-5.372435092926025,3.8223938941955566,0.5041739344596863,1.1060082912445068,-0.4554000496864319,16.11438751220703,16.158716201782227,-0.0023027437273412943,-0.007959673181176186,4.9286027206107974e-05,0.008286220952868462
lqr,0,0,52,52,1.04,4.926268577575684,-5.887385368347168,0.7365520000457764,-0.00013707349717151374,-0.0016263537108898163,-0.00048239988973364234,0.0017019180813804269,4.926242828369141,-5.887693405151367,0.7395809888839722,-0.40822693705558777,0.11130005121231079,15.877102851867676,15.882740020751953,-0.0023548395838588476,-0.009185221046209335,1.2148218047514092e-05,0.009482283145189285
lqr,1,0,52,52,1.04,4.408186435699463,4.238219261169434,0.7321639060974121,-0.0010858637979254127,-0.0013972889864817262,-0.0004914503078907728,0.0018365838332101703,4.407980918884277,4.237954616546631,0.7351911067962646,-0.40924233198165894,0.10418297350406647,15.877165794372559,15.882781028747559,-0.0021066947374492884,-0.009045328944921494,9.552899427944794e-06,0.009287423454225063
lqr,2,0,52,52,1.04,-5.34990930557251,-5.345738410949707,0.8996078968048096,-0.0006464935722760856,-0.0006430161884054542,-0.00018286306294612586,0.0009299799567088485,-5.350030899047852,-5.345860004425049,0.902693510055542,-0.41347378492355347,0.11674711108207703,15.874377250671387,15.880189895629883,-0.0025448950473219156,-0.009342674165964127,7.789749361108989e-06,0.00968308374285698
lqr,3,0,52,52,1.04,-5.372305393218994,3.8228037357330322,0.5012272596359253,-0.0006825073505751789,-0.0021647424437105656,-0.0009166407398879528,0.0024478882551193237,-5.372435092926025,3.8223938941955566,0.5041739344596863,-0.39972996711730957,0.09936127066612244,15.881081581115723,15.886422157287598,-0.0019668114837259054,-0.008713744580745697,1.2748198059853166e-05,0.008932964876294136
rl,0,0,53,53,1.06,5.054818630218506,-5.140597820281982,0.14369259774684906,0.03819306939840317,0.012162970378994942,-0.9111482501029968,0.912029504776001,4.926242828369141,-5.887693405151367,0.7395809888839722,-1.8718931674957275,0.8672714829444885,15.27783203125,15.416494369506836,-0.004102781414985657,-0.008711373433470726,0.00036507504410110414,0.00963608454912901
rl,1,0,53,53,1.06,4.831708908081055,4.755407810211182,0.11226623505353928,-0.08474376797676086,-0.10094808787107468,-0.8692244291305542,0.879160463809967,4.407980918884277,4.237954616546631,0.7351911067962646,-1.644330382347107,1.0403263568878174,16.172317504882812,16.288951873779297,-0.00428966386243701,-0.008465412072837353,0.000392910122172907,0.009498357772827148
rl,2,0,53,53,1.06,-4.971437454223633,-5.363887786865234,0.28708529472351074,-0.007838903926312923,-0.16874852776527405,-0.8204162120819092,0.8376277685165405,-5.350030899047852,-5.345860004425049,0.902693510055542,-1.813188910484314,0.5464037656784058,16.171875,16.28237533569336,-0.0026936933863908052,-0.00823732279241085,0.00019927007087972015,0.008668863214552402
rl,3,1,0,53,0.0,-5.000026702880859,5.000099182128906,1.0000097751617432,-0.002626303816214204,0.00996844470500946,0.0009767689043655992,0.010354778729379177,-3.5144126415252686,4.264592170715332,0.870749294757843,-0.4249632656574249,1.613236665725708,16.036645889282227,16.123186111450195,-0.0026190700009465218,-0.00792617630213499,8.455643546767533e-05,0.008348110131919384
lqr,0,0,53,53,1.06,4.926265239715576,-5.887429714202881,0.7365388870239258,-0.00011863742111017928,-0.0013921910431236029,-0.0004127385327592492,0.0014569227350875735,4.926242828369141,-5.887693405151367,0.7395809888839722,-0.4169127941131592,0.11145541071891785,15.876325607299805,15.882189750671387,-0.002352574374526739,-0.009198426268994808,9.575063813827e-06,0.009494511410593987
lqr,1,0,53,53,1.06,4.408157825469971,4.238181114196777,0.7321503162384033,-0.0009336047805845737,-0.001196113065816462,-0.00042064307490363717,0.001574561814777553,4.407980918884277,4.237954616546631,0.7351911067962646,-0.4190981388092041,0.10436272621154785,15.876394271850586,15.882267951965332,-0.002100263023748994,-0.009052702225744724,6.805140401411336e-06,0.009293146431446075
lqr,2,0,53,53,1.06,-5.349926948547363,-5.3457560539245605,0.8996029496192932,-0.0005491609335877001,-0.0005501967971213162,-0.0001566702121635899,0.000792994222138077,-5.350030899047852,-5.345860004425049,0.902693510055542,-0.42300498485565186,0.11841771006584167,15.873893737792969,15.87997055053711,-0.0025455367285758257,-0.009358842857182026,6.593784291908378e-06,0.009698852896690369
lqr,3,1,0,53,0.0,-4.965765953063965,4.983053207397461,0.9969485402107239,3.4234068393707275,-1.6946196556091309,-0.3051425814628601,3.8320441246032715,-3.5144126415252686,4.264592170715332,0.870749294757843,554.00634765625,-274.24884033203125,-33.48527145385742,619.0773315429688,-0.0,-0.0,-0.0,0.0
rl,0,0,54,54,1.08,5.055504322052002,-5.1400251388549805,0.11639004945755005,0.01519252359867096,0.022600321099162102,-0.9095514416694641,0.9099590182304382,4.926242828369141,-5.887693405151367,0.7395809888839722,-1.6382091045379639,0.6826837658882141,15.924168586730957,16.022764205932617,-0.004013219848275185,-0.009876335971057415,0.00031741030397824943,0.010665303096175194
rl,1,1,0,54,0.0,4.999996662139893,5.000067710876465,0.9999872446060181,-0.0003373654617462307,0.006794534623622894,-0.0012717458885163069,0.006920754909515381,6.420684814453125,3.638507604598999,1.2151505947113037,-0.05466790497303009,1.0997344255447388,15.67278003692627,15.711410522460938,-0.004302152432501316,-0.00934434961527586,0.00038775132270529866,0.010294451378285885
rl,2,0,54,54,1.08,-4.971877098083496,-5.3684587478637695,0.261916846036911,-0.01804630272090435,-0.14417363703250885,-0.8482155203819275,0.8605703115463257,-5.350030899047852,-5.345860004425049,0.902693510055542,-0.9151943922042847,1.4195243120193481,14.35115909576416,14.450203895568848,-0.003162941662594676,-0.009384949691593647,0.00020351661078166217,0.009905700571835041
rl,3,1,1,54,0.02,-5.000660419464111,5.000540256500244,0.9999821186065674,-0.0304374061524868,0.017074480652809143,-0.00186287728138268,0.0349491611123085,-3.5144126415252686,4.264592170715332,0.870749294757843,-1.5005245208740234,0.3835225999355316,15.725013732910156,15.801098823547363,-0.0007989931618794799,-0.00198183860629797,4.6226959966588765e-05,0.0021373373456299305
lqr,0,0,54,54,1.08,4.9262614250183105,-5.887467861175537,0.7365275621414185,-9.804860746953636e-05,-0.0011932392371818423,-0.0003536286822054535,0.0012483936734497547,4.926242828369141,-5.887693405151367,0.7395809888839722,-0.4248897135257721,0.11181043088436127,15.875574111938477,15.88165283203125,-0.0023510076571255922,-0.00921168364584446,7.350639862124808e-06,0.00950696598738432
lqr,1,1,0,54,0.0,5.032737731933594,4.968626499176025,1.0048832893371582,3.273796319961548,-3.1373159885406494,0.488338828086853,4.560588359832764,6.420684814453125,3.638507604598999,1.2151505947113037,529.8028564453125,-507.728759765625,94.94912719726562,739.928955078125,-0.0,-0.0,-0.0,0.0
lqr,2,0,54,54,1.08,-5.349940776824951,-5.345771312713623,0.8995987772941589,-0.00047257685218937695,-0.00046979659236967564,-0.0001345947675872594,0.0006798186805099249,-5.350030899047852,-5.345860004425049,0.902693510055542,-0.4328174591064453,0.1202578991651535,15.873393058776855,15.879748344421387,-0.002546492265537381,-0.009375154972076416,5.556828909902833e-06,0.009714843705296516
lqr,3,1,1,54,0.02,-4.795328617095947,4.898682594299316,0.9817610383033752,6.09450101852417,-3.0169293880462646,-0.5430260896682739,6.822000026702881,-3.5144126415252686,4.264592170715332,0.870749294757843,40.211402893066406,-19.922119140625,11.763195037841797,46.39202880859375,0.09245219826698303,0.20221292972564697,-0.0073363943956792355,0.22246640920639038
rl,0,1,0,55,0.0,4.999910831451416,-5.000058650970459,1.0000110864639282,-0.008860004134476185,-0.005849343724548817,0.001111905905418098,0.010674775578081608,5.9444499015808105,-4.602548122406006,0.9772127866744995,-1.4340004920959473,-0.9465387463569641,16.058584213256836,16.150245666503906,-0.0035103713162243366,-0.010489033535122871,0.0002110767673002556,0.011062869802117348
rl,1,1,1,55,0.02,4.9994683265686035,5.000487327575684,0.9997626543045044,-0.026308497413992882,0.017605427652597427,-0.010593253187835217,0.03338121250271797,6.420684814453125,3.638507604598999,1.2151505947113037,-1.4010173082351685,0.58322674036026,15.375313758850098,15.45002555847168,-0.0005029473104514182,-0.0016301717841997743,1.8024931705440395e-05,0.0017060893587768078
rl,2,0,55,55,1.1,-4.972156524658203,-5.373340129852295,0.2365950495004654,-0.004953799303621054,-0.17198580503463745,-0.8419828414916992,0.8593827486038208,-5.350030899047852,-5.345860004425049,0.902693510055542,0.28501588106155396,-1.3916382789611816,16.23748207092285,16.29949951171875,-0.0030934459064155817,-0.009211508557200432,0.00018972757970914245,0.009718913584947586
rl,3,1,2,55,0.04,-5.001965522766113,5.00095272064209,0.9989389181137085,-0.050046518445014954,0.012065487913787365,-0.05122850835323334,0.07262637466192245,-3.5144126415252686,4.264592170715332,0.870749294757843,-1.0620832443237305,-0.2688960134983063,13.214710235595703,13.260048866271973,-0.0015214324230328202,-0.0055474028922617435,1.2873269042756874e-05,0.0057522691786289215
lqr,0,1,0,55,0.0,5.021763324737549,-4.990841865539551,0.9994021654129028,2.176332473754883,0.915841817855835,-0.05978015065193176,2.361940622329712,5.9444499015808105,-4.602548122406006,0.9772127866744995,352.2049560546875,148.21804809570312,6.217175483703613,382.17218017578125,-0.0,-0.0,-0.0,0.0
lqr,1,1,1,55,0.02,5.195728302001953,4.812427520751953,1.0292056798934937,5.828249454498291,-5.5853776931762695,0.869838535785675,8.119209289550781,6.420684814453125,3.638507604598999,1.2151505947113037,38.504554748535156,-36.97893142700195,20.8944149017334,57.329036712646484,0.1678018867969513,0.17956134676933289,-0.021280907094478607,0.2466832399368286
lqr,2,0,55,55,1.1,-5.349954605102539,-5.345783710479736,0.8995954394340515,-0.00040667454595677555,-0.00040194063331000507,-0.0001158774975920096,0.0005834106705151498,-5.350030899047852,-5.345860004425049,0.902693510055542,-0.44203290343284607,0.12194076180458069,15.872903823852539,15.879526138305664,-0.0025476710870862007,-0.009391313418745995,4.6617883526778314e-06,0.009730746038258076
lqr,3,1,2,55,0.04,-4.617953300476074,4.810876369476318,0.9659577012062073,5.722067832946777,-2.8325932025909424,-0.5098081827163696,6.405118942260742,-3.5144126415252686,4.264592170715332,0.870749294757843,-33.926612854003906,16.840105056762695,19.774917602539062,42.72764205932617,0.05746898800134659,0.1177138239145279,-0.005832798779010773,0.13112303614616394
rl,0,1,1,56,0.02,4.999088764190674,-5.000721454620361,0.9990572929382324,-0.036672193557024,-0.03017416037619114,-0.0482514388859272,0.0677017793059349,5.9444499015808105,-4.602548122406006,0.9772127866744995,-1.500312328338623,-1.3124585151672363,13.214959144592285,13.36445426940918,0.00031686286092735827,-0.0016360535519197583,-0.00012894859537482262,0.0016714368248358369
rl,1,1,2,56,0.04,4.9981231689453125,5.001302719116211,0.9984575510025024,-0.05410866066813469,0.031974684447050095,-0.059957604855298996,0.08686219900846481,6.420684814453125,3.638507604598999,1.2151505947113037,-1.5034879446029663,0.7763198614120483,13.214543342590332,13.322436332702637,-0.0016498299082741141,-0.005377005785703659,4.28457060479559e-05,0.005624585784971714
rl,2,0,56,56,1.12,-4.9723615646362305,-5.3786845207214355,0.21080872416496277,-0.007707683835178614,-0.18121588230133057,-0.8683249354362488,0.8870664238929749,-5.350030899047852,-5.345860004425049,0.902693510055542,-0.5311974287033081,-0.39901939034461975,14.451436042785645,14.466699600219727,-0.0021477974951267242,-0.008907378651201725,3.2210289646172896e-05,0.009162722155451775
rl,3,1,3,56,0.06,-5.003244400024414,5.001870632171631,0.9972196817398071,-0.038911737501621246,0.03986804932355881,-0.06035540625452995,0.08213622868061066,-3.5144126415252686,4.264592170715332,0.870749294757843,0.5898283123970032,1.5029376745224,15.386252403259277,15.47072982788086,-0.002066847402602434,-0.0067727151326835155,3.460364314378239e-05,0.007081152871251106
lqr,0,1,1,56,0.02,5.130116939544678,-4.945243835449219,0.996428906917572,3.874499559402466,1.6305005550384521,-0.10627832263708115,4.204946517944336,5.9444499015808105,-4.602548122406006,0.9772127866744995,25.583412170410156,10.786322593688965,14.978372573852539,31.546907424926758,-0.049851927906274796,0.12442294508218765,0.014154686592519283,0.13478368520736694
lqr,1,1,2,56,0.04,5.365355968475342,4.649868965148926,1.0545240640640259,5.472107887268066,-5.244110584259033,0.816789448261261,7.623109817504883,6.420684814453125,3.638507604598999,1.2151505947113037,-32.55427169799805,31.33902931213379,12.083227157592773,46.775203704833984,0.10483352839946747,0.10408561676740646,-0.016850436106324196,0.1486869901418686
lqr,2,0,56,56,1.12,-5.349966526031494,-5.345794200897217,0.8995921611785889,-0.0003444457543082535,-0.0003447389754001051,-0.00010012108396040276,0.0004975058836862445,-5.350030899047852,-5.345860004425049,0.902693510055542,-0.45103585720062256,0.12387020140886307,15.872549057006836,15.879439353942871,-0.0025489823892712593,-0.009407131932675838,3.888602350343717e-06,0.009746355935931206
lqr,3,1,3,56,0.06,-4.461004257202148,4.733182430267334,0.951974093914032,4.982422828674316,-2.4664502143859863,-0.44392165541648865,5.577183723449707,-3.5144126415252686,4.264592170715332,0.870749294757843,-39.77458953857422,19.751615524291992,20.642166137695312,48.97186279296875,0.023188892751932144,0.03983044996857643,-0.0036371031310409307,0.04623221606016159
rl,0,1,2,57,0.04,4.998545169830322,-5.001071453094482,0.9977342486381531,-0.008863641880452633,-0.002366522792726755,-0.04201560094952583,0.043005526065826416,5.9444499015808105,-4.602548122406006,0.9772127866744995,1.4961600303649902,1.4999176263809204,16.215364456176758,16.353174209594727,-0.0005432015750557184,-0.00453539565205574,-0.0001481056388001889,0.004570209886878729
rl,1,1,3,57,0.06,4.996995449066162,5.002486705780029,0.995785653591156,-0.029306164011359215,0.043260760605335236,-0.10361669212579727,0.11604638397693634,6.420684814453125,3.638507604598999,1.2151505947113037,1.3289835453033447,0.611748993396759,13.523833274841309,13.602738380432129,-0.0023032892495393753,-0.006520985625684261,9.675812907516956e-05,0.006916484329849482
rl,2,0,57,57,1.1400000000000001,-4.9720869064331055,-5.383941650390625,0.1844451129436493,0.017610840499401093,-0.17226283252239227,-0.8840171694755554,0.9008168578147888,-5.350030899047852,-5.345860004425049,0.902693510055542,0.9601863622665405,0.5873339176177979,15.059653282165527,15.10165786743164,-0.0021752300672233105,-0.008496866561472416,1.8919339709100313e-05,0.008770902641117573
rl,3,1,4,57,0.08,-5.004855632781982,5.002511024475098,0.9948678016662598,-0.061086613684892654,0.012057535350322723,-0.08742141723632812,0.10732875764369965,-3.5144126415252686,4.264592170715332,0.870749294757843,-1.212490439414978,-1.4950437545776367,14.417412757873535,14.545345306396484,-0.002468676771968603,-0.007446370553225279,7.428858953062445e-05,0.007845273241400719
lqr,0,1,2,57,0.04,5.242881774902344,-4.897789001464844,0.9933367371559143,3.6377646923065186,1.5308839082717896,-0.0997534841299057,3.9480233192443848,5.9444499015808105,-4.602548122406006,0.9772127866744995,-21.605243682861328,-9.132698059082031,16.787647247314453,28.84471893310547,-0.032372456043958664,0.07120544463396072,0.011175989173352718,0.07901325076818466
lqr,1,1,3,57,0.06,5.5154500007629395,4.50602912902832,1.0769275426864624,4.7647624015808105,-4.5662522315979,0.7111964225769043,6.6377272605896,6.420684814453125,3.638507604598999,1.2151505947113037,-38.17582321166992,36.80038070678711,11.689401626586914,54.29828643798828,0.04282541200518608,0.03434813767671585,-0.010465470142662525,0.05588681995868683
lqr,2,0,57,57,1.1400000000000001,-5.349976539611816,-5.345803260803223,0.8995897173881531,-0.00028939751791767776,-0.0002984543680213392,-8.601706940680742e-05,0.0004245289892423898,-5.350030899047852,-5.345860004425049,0.902693510055542,-0.4603215754032135,0.1257389783859253,15.872142791748047,15.879314422607422,-0.0025504683144390583,-0.009422826580703259,3.2169364203582518e-06,0.009761893190443516
lqr,3,1,4,57,0.08,-4.325724124908447,4.666214466094971,0.9399206042289734,4.282129764556885,-2.119781494140625,-0.38154107332229614,4.793295383453369,-3.5144126415252686,4.264592170715332,0.870749294757843,-35.733985900878906,17.746957778930664,20.187170028686523,44.71458435058594,0.0016073882579803467,-0.006802379619330168,-0.0018901543226093054,0.007240769919008017
rl,0,1,3,58,0.06,4.99883508682251,-5.001698017120361,0.9961650371551514,0.018947182223200798,-0.030174044892191887,-0.05744917690753937,0.06760086119174957,5.9444499015808105,-4.602548122406006,0.9772127866744995,1.4919276237487793,-1.4986844062805176,15.046908378601074,15.194780349731445,-0.001598621136508882,-0.005180104169994593,-2.199382106482517e-05,0.005421213340014219
rl,1,1,4,58,0.08,4.996130466461182,5.00425910949707,0.9927038550376892,-0.02860242873430252,0.06691121309995651,-0.10227703303098679,0.12552210688591003,6.420684814453125,3.638507604598999,1.2151505947113037,0.021604422479867935,1.2817492485046387,15.95036792755127,16.001798629760742,-0.0028601782396435738,-0.006504773162305355,0.0001930393191287294,0.007108442485332489
rl,2,0,58,58,1.16,-4.97100305557251,-5.388553619384766,0.15804927051067352,0.04542846232652664,-0.14446264505386353,-0.8777832388877869,0.8907505869865417,-5.350030899047852,-5.345860004425049,0.902693510055542,1.0562422275543213,1.6147505044937134,16.23893928527832,16.35317039489746,-0.0029057792853564024,-0.007753764279186726,0.00014763334183953702,0.008281678892672062
rl,3,1,5,58,0.1,-5.0072431564331055,5.002514839172363,0.9918579459190369,-0.08887601643800735,-0.005849350709468126,-0.10677647590637207,0.13904809951782227,-3.5144126415252686,4.264592170715332,0.870749294757843,-1.5231877565383911,-0.959248960018158,14.832265853881836,14.941097259521484,-0.0015591656556352973,-0.008624321781098843,-0.00012472494563553482,0.008765014819800854
lqr,0,1,3,58,0.06,5.342663288116455,-4.855798721313477,0.9906005263328552,3.167546510696411,1.3330020904541016,-0.08686520159244537,3.437701463699341,5.9444499015808105,-4.602548122406006,0.9772127866744995,-25.33961296081543,-10.721000671386719,17.014841079711914,32.35028076171875,-0.014784742146730423,0.02222958393394947,0.0069365547969937325,0.027583669871091843
lqr,1,1,4,58,0.08,5.644819259643555,4.382049083709717,1.0962368249893188,4.095048904418945,-3.924447536468506,0.6112080812454224,5.704760551452637,6.420684814453125,3.638507604598999,1.2151505947113037,-34.29315185546875,33.07681655883789,12.150354385375977,49.17039108276367,0.0037420077715069056,-0.007461216766387224,-0.005404286552220583,0.00994377676397562
lqr,2,0,58,58,1.16,-5.349985599517822,-5.34581184387207,0.8995874524116516,-0.00024259858764708042,-0.0002561806177254766,-7.478511543013155e-05,0.0003606596728786826,-5.350030899047852,-5.345860004425049,0.902693510055542,-0.4693812131881714,0.12787415087223053,15.871734619140625,15.879188537597656,-0.0025522832293063402,-0.009438580833375454,2.6467996576684527e-06,0.009777574799954891
lqr,3,1,5,58,0.1,-4.209673881530762,4.608766078948975,0.9295800924301147,3.671497106552124,-1.8174957036972046,-0.3271416425704956,4.109769344329834,-3.5144126415252686,4.264592170715332,0.870749294757843,-30.867399215698242,15.326955795288086,19.552656173706055,39.62345504760742,-0.01040948648005724,-0.031146470457315445,-0.0006366517627611756,0.03284608572721481
rl,0,1,4,59,0.08,4.99959135055542,-5.0027241706848145,0.9945663213729858,0.028346380218863487,-0.036215201020240784,-0.051213473081588745,0.06883224844932556,5.9444499015808105,-4.602548122406006,0.9772127866744995,0.49289146065711975,-0.3232705593109131,16.215476989746094,16.226186752319336,-0.0012511864770203829,-0.005749990697950125,-0.00010251580533804372,0.0058854371309280396
rl,1,1,5,59,0.1,4.99492073059082,5.005710124969482,0.9897602200508118,-0.046172112226486206,0.0390990786254406,-0.09604068100452423,0.11350952833890915,6.420684814453125,3.638507604598999,1.2151505947113037,-0.9713677167892456,-1.4914077520370483,16.21443748474121,16.311830520629883,-0.002902490086853504,-0.007731765042990446,0.00017279160965699703,0.008260417729616165
rl,2,0,59,59,1.18,-4.969632148742676,-5.392612934112549,0.13150626420974731,0.045794300734996796,-0.1307525634765625,-0.8882571458816528,0.8989961743354797,-5.350030899047852,-5.345860004425049,0.902693510055542,-0.4064168334007263,0.8516829609870911,15.30225658416748,15.331327438354492,-0.003618550254032016,-0.007768452167510986,0.00027731023146770895,0.00857436005026102
rl,3,1,6,59,0.12,-5.010228157043457,5.00178337097168,0.9880068898200989,-0.10482636839151382,-0.03365568444132805,-0.1391690969467163,0.17745228111743927,-3.5144126415252686,4.264592170715332,0.870749294757843,-0.8910539746284485,-1.4925979375839233,14.12982177734375,14.236351013183594,-0.0010994701879099011,-0.009271922521293163,-0.00026045419508591294,0.009340514428913593
lqr,0,1,4,59,0.08,5.428666114807129,-4.819605827331543,0.9882417321205139,2.7223334312438965,1.145644187927246,-0.07466550171375275,2.9545178413391113,5.9444499015808105,-4.602548122406006,0.9772127866744995,-22.769716262817383,-9.634178161621094,16.906982421875,29.95201873779297,-0.0036173888947814703,-0.007218452170491219,0.0035899474751204252,0.008836247958242893
lqr,1,1,5,59,0.1,5.755802154541016,4.275692939758301,1.1128010749816895,3.511089563369751,-3.3648178577423096,0.5240300893783569,4.8912529945373535,6.420684814453125,3.638507604598999,1.2151505947113037,-29.612842559814453,28.562429428100586,12.595354080200195,43.027618408203125,-0.018004337325692177,-0.029279954731464386,-0.00177887047175318,0.03441854566335678
lqr,2,0,59,59,1.18,-5.349992275238037,-5.345818996429443,0.899585485458374,-0.00020578221301548183,-0.00021806589211337268,-6.44183746771887e-05,0.0003066737262997776,-5.350030899047852,-5.345860004425049,0.902693510055542,-0.4789893925189972,0.12995290756225586,15.871366500854492,15.879124641418457,-0.0025543204974383116,-0.00945433508604765,2.170185325667262e-06,0.009793315082788467
lqr,3,1,6,59,0.12,-4.110206604003906,4.5595269203186035,0.9207170605659485,3.146549940109253,-1.5576317310333252,-0.28037121891975403,3.522158622741699,-3.5144126415252686,4.264592170715332,0.870749294757843,-26.48871612548828,13.147068977355957,18.958663940429688,35.1273193359375,-0.01642097346484661,-0.04217345267534256,0.00022297796385828406,0.04525813087821007
rl,0,1,5,60,0.1,5.000384330749512,-5.004359245300293,0.9931546449661255,0.025514444336295128,-0.06360872089862823,-0.04497775807976723,0.08197594434022903,5.9444499015808105,-4.602548122406006,0.9772127866744995,-0.17325294017791748,-1.473801851272583,16.21515464782715,16.282917022705078,-0.0012989032547920942,-0.006878812797367573,-0.0001515591429779306,0.007002012804150581
rl,1,1,6,60,0.12,4.993900299072266,5.006712436676025,0.9865314960479736,-0.027935096994042397,0.030621524900197983,-0.11341092735528946,0.12074802815914154,6.420684814453125,3.638507604598999,1.2151505947113037,0.9546868205070496,-0.447292298078537,14.943666458129883,14.980810165405273,-0.0020009370055049658,-0.008293483406305313,1.6940864497883013e-06,0.008531448431313038
rl,2,0,60,60,1.2,-4.968719005584717,-5.39683723449707,0.1047210544347763,0.022795220836997032,-0.14584316313266754,-0.8951311111450195,0.9072207808494568,-5.350030899047852,-5.345860004425049,0.902693510055542,-1.6797640323638916,-0.6972695589065552,15.471960067749023,15.578489303588867,-0.0033212141133844852,-0.008657378144562244,0.00022265610459726304,0.009275248274207115
rl,3,1,7,60,0.14,-5.012889385223389,5.000752925872803,0.9834592938423157,-0.0806693583726883,-0.03469489887356758,-0.15779882669448853,0.18058723211288452,-3.5144126415252686,4.264592170715332,0.870749294757843,1.263314962387085,-0.047612860798835754,14.876998901367188,14.930617332458496,-0.0009374970686621964,-0.008741933852434158,-0.00031304446747526526,0.008797630667686462
lqr,0,1,5,60,0.1,5.502444267272949,-4.788557529449463,0.9862181544303894,2.334130048751831,0.9822724461555481,-0.06402496993541718,2.5332038402557373,5.9444499015808105,-4.602548122406006,0.9772127866744995,-19.669822692871094,-8.317691802978516,16.745952606201172,27.138769149780273,0.0026337704621255398,-0.022706517949700356,0.001197795383632183,0.022890115156769753
lqr,1,1,6,60,0.12,5.85092306137085,4.184533596038818,1.126997470855713,3.0090713500976562,-2.8837168216705322,0.44909363985061646,4.191898822784424,6.420684814453125,3.638507604598999,1.2151505947113037,-25.401723861694336,24.490564346313477,12.967301368713379,37.592369079589844,-0.02885064110159874,-0.039139341562986374,0.0007061998476274312,0.048628658056259155
lqr,2,0,60,60,1.2,-5.349997520446777,-5.345824718475342,0.8995838761329651,-0.00017622076848056167,-0.00018637288303580135,-5.5721473472658545e-05,0.00026247568894177675,-5.350030899047852,-5.345860004425049,0.902693510055542,-0.4881793260574341,0.13197481632232666,15.870989799499512,15.879044532775879,-0.002556400140747428,-0.009470183402299881,1.7481670511187986e-06,0.009809155948460102
lqr,3,1,7,60,0.14,-4.024966716766357,4.517330646514893,0.9131218194961548,2.696434736251831,-1.334809422492981,-0.24026621878147125,3.0183115005493164,-3.5144126415252686,4.264592170715332,0.870749294757843,-22.71039581298828,11.265717506408691,18.445308685302734,31.351360321044922,-0.018861688673496246,-0.04570877552032471,0.0007888604304753244,0.049453794956207275
rl,0,1,6,61,0.12,5.001430034637451,-5.00642204284668,0.9919299483299255,0.039473745971918106,-0.07133809477090836,-0.03874359652400017,0.09026830643415451,5.9444499015808105,-4.602548122406006,0.9772127866744995,0.725569486618042,-0.4120977222919464,16.216346740722656,16.23780059814453,-0.0011050242464989424,-0.00758629385381937,-0.00023355428129434586,0.007669907528907061
rl,1,1,7,61,0.14,4.992814064025879,5.008039951324463,0.9823135137557983,-0.040368009358644485,0.051071763038635254,-0.15420107543468475,0.16737942397594452,6.420684814453125,3.638507604598999,1.2151505947113037,-0.7036377191543579,1.113966941833496,13.675259590148926,13.73858642578125,-0.0021932388190180063,-0.007897506467998028,2.3302989575313404e-05,0.00819642934948206
rl,2,1,0,61,0.0,-4.999998569488525,-4.999948501586914,0.9998354911804199,0.00012372563651297241,0.005169969517737627,-0.016456209123134613,0.017249658703804016,-4.548476219177246,-6.977994441986084,0.794032871723175,0.019855618476867676,0.8367388248443604,13.215032577514648,13.241511344909668,-0.0028215250931680202,-0.009115980938076973,0.0001230066263815388,0.009543439373373985
rl,3,1,8,61,0.16,-5.0150933265686035,4.999325275421143,0.9782289862632751,-0.06985221803188324,-0.054030660539865494,-0.18261553347110748,0.2028474360704422,-3.5144126415252686,4.264592170715332,0.870749294757843,0.5379860401153564,-1.0337138175964355,14.542113304138184,14.588729858398438,-0.0012237697374075651,-0.007740371860563755,-0.0002555795945227146,0.007840681821107864
lqr,0,1,6,61,0.12,5.565680027008057,-4.761946201324463,0.984483540058136,2.000398635864258,0.8418293595314026,-0.05487477034330368,2.1710095405578613,5.9444499015808105,-4.602548122406006,0.9772127866744995,-16.881214141845703,-7.129345893859863,16.593263626098633,24.721233367919922,0.005770635791122913,-0.029819106683135033,-0.00044167344458401203,0.030375557020306587
lqr,1,1,7,61,0.14,5.932438373565674,4.1064133644104,1.1391631364822388,2.5786209106445312,-2.4711976051330566,0.38484427332878113,3.59224271774292,6.420684814453125,3.638507604598999,1.2151505947113037,-21.769874572753906,20.97341537475586,13.288423538208008,33.02111053466797,-0.033215150237083435,-0.042270734906196594,0.0023418967612087727,0.053810276091098785
lqr,2,1,0,61,0.0,-4.98959493637085,-5.045578956604004,0.9951816201210022,1.0404832363128662,-4.557984352111816,-0.48183345794677734,4.69999885559082,-4.548476219177246,-6.977994441986084,0.794032871723175,168.38258361816406,-737.6351318359375,-62.094417572021484,759.1534423828125,-0.0,-0.0,-0.0,0.0
lqr,3,1,8,61,0.16,-3.951920747756958,4.481170177459717,0.9066130518913269,2.3106682300567627,-1.1438424587249756,-0.2058933824300766,2.5864946842193604,-3.5144126415252686,4.264592170715332,0.870749294757843,-19.47246742248535,9.653093338012695,18.014135360717773,28.22885513305664,-0.019255073741078377,-0.045224014669656754,0.001140507054515183,0.049165744334459305
rl,0,1,7,62,0.14,5.0027570724487305,-5.008684158325195,0.990138828754425,0.04655507206916809,-0.07744554430246353,-0.07018569111824036,0.11441686004400253,5.9444499015808105,-4.602548122406006,0.9772127866744995,0.35187965631484985,-0.32409077882766724,14.183103561401367,14.191168785095215,-0.0014046576106920838,-0.007512145210057497,-0.00020487340225372463,0.007645087316632271
rl,1,1,8,62,0.16,4.991047382354736,5.0096049308776855,0.9767001867294312,-0.06815841048955917,0.052725933492183685,-0.20356716215610504,0.22105470299720764,6.420684814453125,3.638507604598999,1.2151505947113037,-1.537395715713501,0.10171491652727127,13.210609436035156,13.300155639648438,-0.0026581455022096634,-0.008419855497777462,7.143393304431811e-05,0.008829768747091293
rl,2,1,1,62,0.02,-4.999946594238281,-5.000175476074219,0.9990967512130737,0.002526323776692152,-0.013914530165493488,-0.028707286342978477,0.03200163692235947,-4.548476219177246,-6.977994441986084,0.794032871723175,0.12992145121097565,-1.029632329940796,15.21741008758545,15.25275707244873,-0.0001722859451547265,-0.0010257649701088667,-1.75454424606869e-05,0.0010402807965874672
rl,3,1,9,62,0.18,-5.0177459716796875,4.9979352951049805,0.9726525545120239,-0.09764355421066284,-0.04249069094657898,-0.18750911951065063,0.2156371772289276,-3.5144126415252686,4.264592170715332,0.870749294757843,-1.5549412965774536,0.6337903738021851,15.608558654785156,15.69861888885498,-0.001406958093866706,-0.008101620711386204,-0.0002523372822906822,0.00822675321251154
lqr,0,1,7,62,0.14,5.619869709014893,-4.73914098739624,0.9829967021942139,1.7142390012741089,0.7214036583900452,-0.047026608139276505,1.8604434728622437,5.9444499015808105,-4.602548122406006,0.9772127866744995,-14.475848197937012,-6.102809906005859,16.461557388305664,22.75472068786621,0.007043218240141869,-0.03219708427786827,-0.0015211495338007808,0.03299352899193764
lqr,1,1,8,62,0.16,6.002293586730957,4.0394697189331055,1.1495884656906128,2.2097079753875732,-2.117652654647827,0.32978305220603943,3.0783143043518066,6.420684814453125,3.638507604598999,1.2151505947113037,-18.659725189208984,17.95916175842285,13.575506210327148,29.24057388305664,-0.03386668488383293,-0.04179582744836807,0.0033577214926481247,0.05389914661645889
lqr,2,1,1,62,0.02,-4.9377923011779785,-5.2725067138671875,0.9711936712265015,1.8523434400558472,-8.114545822143555,-0.8577442765235901,8.367362976074219,-4.548476219177246,-6.977994441986084,0.794032871723175,12.108246803283691,-53.53622817993164,9.468548774719238,55.6991081237793,0.24882301688194275,0.06728873401880264,-0.040422502905130386,0.2609111964702606
lqr,3,1,9,62,0.18,-3.8893256187438965,4.450183391571045,0.9010355472564697,1.9800835847854614,-0.9801921248435974,-0.17643725872039795,2.216447114944458,-3.5144126415252686,4.264592170715332,0.870749294757843,-16.699296951293945,8.27198600769043,17.65578269958496,25.671363830566406,-0.01853064075112343,-0.042727597057819366,0.0013381089083850384,0.04659208655357361
rl,0,1,8,63,0.16,5.004300594329834,-5.011436462402344,0.9870975017547607,0.05388456955552101,-0.09891373664140701,-0.11696405708789825,0.16238246858119965,5.9444499015808105,-4.602548122406006,0.9772127866744995,0.3612956404685974,-1.151960015296936,13.356267929077148,13.410720825195312,-0.0013188507873564959,-0.00726887583732605,-0.0002154093235731125,0.00739069189876318
rl,1,1,9,63,0.18,4.9890594482421875,5.010630130767822,0.9700580835342407,-0.06535071134567261,0.024916550144553185,-0.23032289743423462,0.24070768058300018,6.420684814453125,3.638507604598999,1.2151505947113037,0.10248067229986191,-1.4845741987228394,14.437127113342285,14.513617515563965,-0.00213608518242836,-0.008692562580108643,-2.3255131964106113e-05,0.008951203897595406
rl,2,1,2,63,0.04,-5.000399112701416,-5.000900745391846,0.9972481727600098,-0.02392677590250969,-0.02924879640340805,-0.07807178795337677,0.08673630654811859,-4.548476219177246,-6.977994441986084,0.794032871723175,-1.42966890335083,-0.827046811580658,13.214742660522461,13.317559242248535,-0.0003580240882001817,-0.004275129176676273,-0.00013090381980873644,0.004292090889066458
rl,3,1,10,63,0.2,-5.021231651306152,4.996103763580322,0.9668722152709961,-0.12543053925037384,-0.07029906660318375,-0.19526433944702148,0.2424931824207306,-3.5144126415252686,4.264592170715332,0.870749294757843,-1.5625231266021729,-1.4872783422470093,15.45510482788086,15.604926109313965,-0.0017372398870065808,-0.0094014136120677,-0.000253350124694407,0.009563930332660675
lqr,0,1,8,63,0.16,5.66630744934082,-4.719598770141602,0.9817227125167847,1.4689937829971313,0.6181955337524414,-0.04029896855354309,1.5942811965942383,5.9444499015808105,-4.602548122406006,0.9772127866744995,-12.41519546508789,-5.222238063812256,16.352182388305664,21.184965133666992,0.007241075858473778,-0.0320185050368309,-0.0021922863088548183,0.032900210469961166
lqr,1,1,9,63,0.18,6.062153339385986,3.982103109359741,1.1585222482681274,1.8935637474060059,-1.814682126045227,0.28259938955307007,2.6379001140594482,6.420684814453125,3.638507604598999,1.2151505947113037,-15.998353004455566,15.379426002502441,13.835993766784668,26.151649475097656,-0.032494574785232544,-0.03952080011367798,0.003927841782569885,0.05131490156054497
lqr,2,1,2,63,0.04,-4.883880615234375,-5.508676052093506,0.9462297558784485,1.7391493320465088,-7.618725299835205,-0.8053351640701294,7.8560919761657715,-4.548476219177246,-6.977994441986084,0.794032871723175,-10.101554870605469,45.21857452392578,21.910991668701172,51.252830505371094,0.15592259168624878,0.03708694130182266,-0.031905293464660645,0.16341739892959595
lqr,3,1,10,63,0.2,-3.835685968399048,4.423630714416504,0.8962557911872864,1.6967923641204834,-0.8399555087089539,-0.15119428932666779,1.899339199066162,-3.5144126415252686,4.264592170715332,0.870749294757843,-14.324522018432617,7.089335918426514,17.359615325927734,23.59675407409668,-0.017246652394533157,-0.03935718163847923,0.0014267285587266088,0.04299383983016014
rl,0,1,9,64,0.18,5.005361557006836,-5.01446533203125,0.9829308390617371,0.026091277599334717,-0.10206306725740433,-0.14985144138336182,0.1831749975681305,5.9444499015808105,-4.602548122406006,0.9772127866744995,-1.5411186218261719,-0.16239231824874878,14.099702835083008,14.184605598449707,-0.0011474816128611565,-0.007581233512610197,-0.00026362139033153653,0.00767211290076375
rl,1,1,10,64,0.2,4.986543655395508,5.011887550354004,0.9621609449386597,-0.09314048290252686,0.05041825398802757,-0.2796882092952728,0.2990696132183075,6.420684814453125,3.638507604598999,1.2151505947113037,-1.5506588220596313,1.3912242650985718,13.207541465759277,13.370833396911621,-0.0018779432866722345,-0.008626439608633518,-8.391599840251729e-05,0.008828883059322834
rl,2,1,3,64,0.06,-5.001211643218994,-5.001535892486572,0.9949292540550232,-0.028678299859166145,-0.01712488941848278,-0.07691037654876709,0.08385054022073746,-4.548476219177246,-6.977994441986084,0.794032871723175,-0.2651510536670685,0.6548342108726501,15.940985679626465,15.956632614135742,-0.0009002767619676888,-0.0064775533974170685,-0.00016457396850455552,0.006541886832565069
rl,3,1,11,64,0.22,-5.024548053741455,4.993448257446289,0.9609094262123108,-0.10313570499420166,-0.0976603552699089,-0.20051172375679016,0.24572233855724335,-3.5144126415252686,4.264592170715332,0.870749294757843,1.129861831665039,-1.4622721672058105,15.602331161499023,15.711382865905762,-0.0010485303355380893,-0.009415515698492527,-0.0003759029495995492,0.009481173940002918
lqr,0,1,9,64,0.18,5.706100940704346,-4.702852249145508,0.9806310534477234,1.258829116821289,0.5297514796257019,-0.03453412652015686,1.3661917448043823,5.9444499015808105,-4.602548122406006,0.9772127866744995,-10.65192699432373,-4.468128204345703,16.262771606445312,19.947566986083984,0.006849091965705156,-0.030548833310604095,-0.0025698738172650337,0.031412504613399506
lqr,1,1,10,64,0.2,6.1134490966796875,3.932943820953369,1.1661776304244995,1.6226495504379272,-1.5550533533096313,0.2421664446592331,2.2604928016662598,6.420684814453125,3.638507604598999,1.2151505947113037,-13.720873832702637,13.171769142150879,14.073017120361328,23.660255432128906,-0.030113743618130684,-0.03646773099899292,0.004182514734566212,0.04747869446873665
lqr,2,1,3,64,0.06,-4.836178302764893,-5.717649459838867,0.9241400957107544,1.5143407583236694,-6.633906364440918,-0.7012456655502319,6.840590953826904,-4.548476219177246,-6.977994441986084,0.794032871723175,-11.768877983093262,53.00894546508789,23.263944625854492,59.073394775390625,0.06436625868082047,0.009256738238036633,-0.019807325676083565,0.06797818094491959
lqr,3,1,11,64,0.22,-3.7897210121154785,4.400876045227051,0.8921599984169006,1.4540307521820068,-0.7197809815406799,-0.12956193089485168,1.6275982856750488,-3.5144126415252686,4.264592170715332,0.870749294757843,-12.290619850158691,6.0771164894104,17.11468505859375,21.92950439453125,-0.0157327800989151,-0.03574112802743912,0.0014398094499483705,0.03907712548971176
rl,0,1,10,65,0.2,5.00637674331665,-5.018084526062012,0.9776010513305664,0.037713196128606796,-0.12986929714679718,-0.1915709525346756,0.2344946712255478,5.9444499015808105,-4.602548122406006,0.9772127866744995,0.579863965511322,-1.4919440746307373,13.630722999572754,13.724385261535645,-0.0011510011972859502,-0.008118621073663235,-0.00029618781991302967,0.008205153048038483
rl,1,1,11,65,0.22,4.9843058586120605,5.012851715087891,0.9531732201576233,-0.06532001495361328,0.022997383028268814,-0.30954018235206604,0.3171918988227844,6.420684814453125,3.638507604598999,1.2151505947113037,1.4380910396575928,-1.4603935480117798,14.276480674743652,14.422855377197266,-0.0022030924446880817,-0.008447092026472092,-3.731334436452016e-05,0.008729740977287292
rl,2,1,4,65,0.08,-5.001950740814209,-5.002500057220459,0.9927465915679932,-0.022575408220291138,-0.03968839719891548,-0.07067577540874481,0.0841420441865921,-4.548476219177246,-6.977994441986084,0.794032871723175,0.3133902847766876,-1.2149231433868408,16.215465545654297,16.263935089111328,-0.001499526435509324,-0.007479964289814234,-0.0001294584944844246,0.007629889063537121
rl,3,1,12,65,0.24,-5.02777624130249,4.989961624145508,0.9542337656021118,-0.10981429368257523,-0.12546509504318237,-0.2335311621427536,0.28694507479667664,-3.5144126415252686,4.264592170715332,0.870749294757843,-0.4333084225654602,-1.4868040084838867,14.096446990966797,14.18126106262207,-0.0006032322417013347,-0.008518212474882603,-0.00043459096923470497,0.008550597354769707
lqr,0,1,10,65,0.2,5.7402024269104,-4.688501834869385,0.9796953797340393,1.0787274837493896,0.45396190881729126,-0.029593395069241524,1.1707305908203125,5.9444499015808105,-4.602548122406006,0.9772127866744995,-9.1431303024292,-3.822136640548706,16.19047737121582,18.982547760009766,0.006160179153084755,-0.028508786112070084,-0.002739900490269065,0.029295148327946663
lqr,1,1,11,65,0.22,6.157405376434326,3.8908183574676514,1.172737717628479,1.390494465827942,-1.3325684070587158,0.2075195163488388,1.937079668045044,6.420684814453125,3.638507604598999,1.2151505947113037,-11.771448135375977,11.28240966796875,14.28818416595459,21.679759979248047,-0.02732253447175026,-0.03320062533020973,0.004218518268316984,0.04320414736866951
lqr,2,1,4,65,0.08,-4.79506254196167,-5.897768497467041,0.9051002264022827,1.3014930486679077,-5.701481342315674,-0.6026877760887146,5.879116058349609,-4.548476219177246,-6.977994441986084,0.794032871723175,-10.541834831237793,47.61567687988281,22.587093353271484,53.745323181152344,0.006646355148404837,-0.007517261430621147,-0.010264563374221325,0.014354251325130463
lqr,3,1,12,65,0.24,-3.7503325939178467,4.381377220153809,0.8886500000953674,1.2460010051727295,-0.6167984008789062,-0.11102455854415894,1.3947348594665527,-3.5144126415252686,4.264592170715332,0.870749294757843,-10.548386573791504,5.210006237030029,16.91236114501953,20.60195541381836,-0.014178422279655933,-0.03221224620938301,0.0014020797098055482,0.03522246703505516
rl,0,1,11,66,0.22,5.007604598999023,-5.021839618682861,0.9719786643981934,0.04257986322045326,-0.12283100932836533,-0.18533560633659363,0.22638416290283203,5.9444499015808105,-4.602548122406006,0.9772127866744995,0.19958651065826416,0.3901902139186859,16.21563720703125,16.221559524536133,-0.001097247819416225,-0.007725673262029886,-0.00030669276020489633,0.0078092277981340885
rl,1,1,12,66,0.24,4.981789588928223,5.013049602508545,0.9435155987739563,-0.09311167895793915,-0.0016434290446341038,-0.3281164765357971,0.3410761058330536,6.420684814453125,3.638507604598999,1.2151505947113037,-1.5711727142333984,-1.3085237741470337,14.870683670043945,15.010598182678223,-0.0012969273375347257,-0.008008460514247417,-0.00017185304022859782,0.008114616386592388
rl,2,1,5,66,0.1,-5.003028869628906,-5.003241062164307,0.9907509684562683,-0.042602650821208954,-0.017162716016173363,-0.06443782150745392,0.07913139462471008,-4.548476219177246,-6.977994441986084,0.794032871723175,-1.1035691499710083,1.2188167572021484,16.213226318359375,16.296382904052734,-0.001685675815679133,-0.008214413188397884,-0.00014475910575129092,0.00838683731853962
rl,3,1,13,66,0.26,-5.030975818634033,4.9859514236450195,0.9473521709442139,-0.1050860583782196,-0.13772839307785034,-0.22729645669460297,0.2857899069786072,-3.5144126415252686,4.264592170715332,0.870749294757843,0.16313140094280243,-0.6461168527603149,16.216798782348633,16.230485916137695,-0.0005188875366002321,-0.008516265079379082,-0.0004728818021249026,0.008545152842998505
lqr,0,1,11,66,0.22,5.769424915313721,-4.676204204559326,0.9788939356803894,0.9243925213813782,0.38901424407958984,-0.025359487161040306,1.0032331943511963,5.9444499015808105,-4.602548122406006,0.9772127866744995,-7.851604461669922,-3.269007682800293,16.132108688354492,18.23674964904785,0.0053480034694075584,-0.026298072189092636,-0.0027661961503326893,0.026978539302945137
lqr,1,1,12,66,0.24,6.19507360458374,3.854720115661621,1.1783596277236938,1.1915559768676758,-1.141918420791626,0.17782878875732422,1.6599417924880981,6.420684814453125,3.638507604598999,1.2151505947113037,-10.102441787719727,9.665303230285645,14.482319831848145,20.129953384399414,-0.02446363866329193,-0.030017061159014702,0.004107239190489054,0.03894050419330597
lqr,2,1,5,66,0.1,-4.759791374206543,-6.052285671234131,0.8887667655944824,1.1159039735794067,-4.8884429931640625,-0.5167457461357117,5.040748119354248,-4.548476219177246,-6.977994441986084,0.794032871723175,-9.101557731628418,41.11922836303711,21.6302490234375,47.344451904296875,-0.025474702939391136,-0.01630079373717308,-0.0034445873461663723,0.030439144000411034
lqr,3,1,13,66,0.26,-3.716578245162964,4.3646697998046875,0.8856426477432251,1.0677337646484375,-0.5285517573356628,-0.09513982385396957,1.1951878070831299,-3.5144126415252686,4.264592170715332,0.870749294757843,-9.056310653686523,4.4672064781188965,16.744792938232422,19.554048538208008,-0.01268734224140644,-0.028933793306350708,0.0013315047835931182,0.031621288508176804
rl,0,1,12,67,0.24,5.008869647979736,-5.026081085205078,0.9659736156463623,0.041955962777137756,-0.1506381630897522,-0.20759490132331848,0.2598996162414551,5.9444499015808105,-4.602548122406006,0.9772127866744995,-0.09767802059650421,-1.489160180091858,14.678474426269531,14.754143714904785,-0.001461331732571125,-0.00799636635929346,-0.0002640059683471918,0.008133084513247013
rl,1,1,13,67,0.26,4.97955322265625,5.012444019317627,0.933087944984436,-0.06529108434915543,-0.02944846823811531,-0.35732653737068176,0.3644343614578247,6.420684814453125,3.638507604598999,1.2151505947113037,1.4243627786636353,-1.4792780876159668,14.312685012817383,14.459254264831543,-0.0007796416757628322,-0.00835270993411541,-0.0002979914133902639,0.00839430745691061
rl,2,1,6,67,0.12,-5.003749370574951,-5.004244804382324,0.9878746867179871,-0.014782003127038479,-0.041588883846998215,-0.11159192770719528,0.12000375241041183,-4.548476219177246,-6.977994441986084,0.794032871723175,1.4748550653457642,-1.312932014465332,13.337939262390137,13.483308792114258,-0.002131296321749687,-0.008334662765264511,-8.184520993381739e-05,0.008603239431977272
rl,3,1,14,67,0.28,-5.03391170501709,4.982167720794678,0.940657913684845,-0.09428878128528595,-0.12029114365577698,-0.22106195986270905,0.2687540352344513,-3.5144126415252686,4.264592170715332,0.870749294757843,0.4826847314834595,0.9570424556732178,16.217287063598633,16.25267219543457,-0.0012959083542227745,-0.008473275229334831,-0.000366284919437021,0.008579622954130173
lqr,0,1,12,67,0.24,5.7944655418396,-4.665665149688721,0.9782069325447083,0.7921401858329773,0.3333563506603241,-0.0217314250767231,0.8597003817558289,5.9444499015808105,-4.602548122406006,0.9772127866744995,-6.745707035064697,-2.7950401306152344,16.085126876831055,17.66488265991211,0.004512771964073181,-0.024130135774612427,-0.0026958787348121405,0.024696078151464462
lqr,1,1,13,67,0.26,6.227353096008301,3.8237857818603516,1.18317711353302,1.0210765600204468,-0.9785426259040833,0.15238536894321442,1.422450065612793,6.420684814453125,3.638507604598999,1.2151505947113037,-8.673830032348633,8.281664848327637,14.656393051147461,18.937559127807617,-0.021724984049797058,-0.027062872424721718,0.0039009209722280502,0.03492264822125435
lqr,2,1,6,67,0.12,-4.729560375213623,-6.18472146987915,0.8747672438621521,0.9563550353050232,-4.189495086669922,-0.44286200404167175,4.320024490356445,-4.548476219177246,-6.977994441986084,0.794032871723175,-7.821193695068359,35.27159118652344,20.7276611328125,41.652034759521484,-0.041496243327856064,-0.020276233553886414,0.0012294695479795337,0.046201467514038086
lqr,3,1,14,67,0.28,-3.6876540184020996,4.3503522872924805,0.8830652236938477,0.9149680137634277,-0.45293518900871277,-0.08152783662080765,1.0241892337799072,-3.5144126415252686,4.264592170715332,0.870749294757843,-7.778182506561279,3.8311638832092285,16.605791091918945,18.733131408691406,-0.011311952024698257,-0.025974277406930923,0.0012411224888637662,0.02835778146982193
rl,0,1,13,68,0.26,5.010684967041016,-5.031156539916992,0.9598703384399414,0.06977459043264389,-0.178443044424057,-0.2013625055551529,0.2779519259929657,5.9444499015808105,-4.602548122406006,0.9772127866744995,1.4225529432296753,-1.487270712852478,16.223148345947266,16.35317039489746,-0.0008680300088599324,-0.007785937283188105,-0.00035432312870398164,0.007842183113098145
rl,1,1,14,68,0.28,4.977921485900879,5.011387825012207,0.9215431213378906,-0.04893151670694351,-0.038152456283569336,-0.39858222007751465,0.403382807970047,6.420684814453125,3.638507604598999,1.2151505947113037,0.8037157654762268,-0.44939330220222473,13.658286094665527,13.689291000366211,-0.00060598726850003,-0.007224921602755785,-0.00031707450398243964,0.007257220335304737
rl,2,1,7,68,0.14,-5.003636837005615,-5.00520658493042,0.9836941361427307,0.013033980503678322,-0.027281248942017555,-0.15322749316692352,0.15618199110031128,-4.548476219177246,-6.977994441986084,0.794032871723175,1.4686439037322998,0.7779192328453064,13.635383605957031,13.73629379272461,-0.001745775225572288,-0.006844487506896257,-8.325129601871595e-05,0.007064111530780792
rl,3,1,15,68,0.3,-5.036739826202393,4.978213787078857,0.9337068200111389,-0.09423521906137466,-0.13755469024181366,-0.2370162010192871,0.28979000449180603,-3.5144126415252686,4.264592170715332,0.870749294757843,-0.09721694886684418,-0.9142011404037476,15.018563270568848,15.046675682067871,-0.0019521528156474233,-0.008356439881026745,-0.00024225273227784783,0.008584851399064064
lqr,0,1,13,68,0.26,5.815924167633057,-4.65663480758667,0.9776184558868408,0.6788074970245361,0.28566017746925354,-0.01862267777323723,0.7367008328437805,5.9444499015808105,-4.602548122406006,0.9772127866744995,-5.7995076179504395,-2.3886985778808594,16.047203063964844,17.229419708251953,0.003709556069225073,-0.022110801190137863,-0.00256338226608932,0.02256588824093342
lqr,1,1,14,68,0.28,6.255014896392822,3.7972774505615234,1.1873050928115845,0.8749852180480957,-0.8385381698608398,0.13058309257030487,1.218932867050171,6.420684814453125,3.638507604598999,1.2151505947113037,-7.45108699798584,7.097253799438477,14.811556816101074,18.035295486450195,-0.019201157614588737,-0.02439837157726288,0.0036374253686517477,0.031260132789611816
lqr,2,1,7,68,0.14,-4.703652381896973,-6.298214912414551,0.8627700805664062,0.8195498585700989,-3.590184211730957,-0.37951043248176575,3.7020416259765625,-4.548476219177246,-6.977994441986084,0.794032871723175,-6.723713397979736,30.224796295166016,19.94216537475586,36.829833984375,-0.047947630286216736,-0.021547358483076096,0.004307096358388662,0.05274291709065437
lqr,3,1,15,68,0.3,-3.662867784500122,4.338082313537598,0.8808567523956299,0.7840606570243835,-0.3881359398365021,-0.0698632299900055,0.8776567578315735,-3.5144126415252686,4.264592170715332,0.870749294757843,-6.683596134185791,3.2868542671203613,16.49004554748535,18.094072341918945,-0.010074633173644543,-0.023349346593022346,0.0011403050739318132,0.02545565739274025
rl,0,1,14,69,0.28,5.01254940032959,-5.036737442016602,0.9529261589050293,0.058356013149023056,-0.1897733062505722,-0.2465249001979828,0.3165341317653656,5.9444499015808105,-4.602548122406006,0.9772127866744995,-0.6864811182022095,-0.5998806357383728,13.438994407653809,13.469881057739258,-0.0007222195854410529,-0.007530312519520521,-0.00038260500878095627,0.00757453590631485
rl,1,1,15,69,0.3,4.975897789001465,5.0099897384643555,0.9097104072570801,-0.07672490924596786,-0.05083727091550827,-0.39234378933906555,0.4029947817325592,6.420684814453125,3.638507604598999,1.2151505947113037,-1.5994442701339722,-0.6594891548156738,16.206518173217773,16.298601150512695,-0.0009162555797956884,-0.007633983623236418,-0.00030366022838279605,0.007694766856729984
rl,2,1,8,69,0.16,-5.0038018226623535,-5.006582260131836,0.9781818389892578,-0.014761754311621189,-0.055089909583330154,-0.19899724423885345,0.207008957862854,-4.548476219177246,-6.977994441986084,0.794032871723175,-1.535995602607727,-1.4924349784851074,13.405795097351074,13.575786590576172,-0.001840926124714315,-0.006825818680226803,-5.470092219184153e-05,0.0070699225179851055
rl,3,1,16,69,0.32,-5.0401225090026855,4.974369525909424,0.9260673522949219,-0.12202480435371399,-0.1234452873468399,-0.2634618282318115,0.31550106406211853,-3.5144126415252686,4.264592170715332,0.870749294757843,-1.6023097038269043,0.77937251329422,14.439643859863281,14.549162864685059,-0.0019207557197660208,-0.008730288594961166,-0.00024054782988969237,0.008942320942878723
lqr,0,1,14,69,0.28,5.8343119621276855,-4.64889669418335,0.9771139621734619,0.5816885828971863,0.24478769302368164,-0.015958717092871666,0.6312981247901917,5.9444499015808105,-4.602548122406006,0.9772127866744995,-4.990017890930176,-2.040696859359741,16.01657485961914,16.899568557739258,0.0029661604203283787,-0.020285336300730705,-0.0023936305660754442,0.020640311762690544
lqr,1,1,15,69,0.3,6.278716564178467,3.7745625972747803,1.1908423900604248,0.7497963905334473,-0.7185669541358948,0.11190065741539001,1.044535756111145,6.420684814453125,3.638507604598999,1.2151505947113037,-6.403634071350098,6.082974433898926,14.949155807495117,17.36336326599121,-0.01693114824593067,-0.022037172690033913,0.003343745367601514,0.027990737929940224
lqr,2,1,8,69,0.16,-4.681451320648193,-6.395472049713135,0.8524892926216125,0.7023012042045593,-3.0765552520751953,-0.3252151310443878,3.172409772872925,-4.548476219177246,-6.977994441986084,0.794032871723175,-5.786275386810303,25.89825439453125,19.27761459350586,32.799800872802734,-0.04891958460211754,-0.021375887095928192,0.0062212650664150715,0.05374716967344284
lqr,3,1,16,69,0.32,-3.6416282653808594,4.327567100524902,0.8789640665054321,0.6718839406967163,-0.3326014280319214,-0.059867795556783676,0.7520876526832581,-3.5144126415252686,4.264592170715332,0.870749294757843,-5.746350288391113,2.8208167552948,16.39354705810547,17.599031448364258,-0.008980214595794678,-0.021047549322247505,0.001035634777508676,0.022906683385372162
rl,0,1,15,70,0.3,5.013815402984619,-5.041873455047607,0.9453257918357849,0.034149494022130966,-0.16196881234645844,-0.25675156712532043,0.3054856061935425,5.9444499015808105,-4.602548122406006,0.9772127866744995,-1.392967939376831,1.514028787612915,15.317665100097656,15.455209732055664,-0.001457599806599319,-0.008287486620247364,-0.00030726997647434473,0.008420299738645554
rl,1,1,16,70,0.32,4.973966121673584,5.009021759033203,0.8973575234413147,-0.05828158184885979,-0.023033134639263153,-0.4214709401130676,0.42610445618629456,6.420684814453125,3.638507604598999,1.2151505947113037,0.8994473218917847,1.522809624671936,14.311017990112305,14.419888496398926,-0.0016071039717644453,-0.008494490757584572,-0.0002440326934447512,0.008648624643683434
rl,2,1,9,70,0.18,-5.004027843475342,-5.007712364196777,0.9723366498947144,-0.0039034627843648195,-0.0289530660957098,-0.1927621215581894,0.1949634552001953,-4.548476219177246,-6.977994441986084,0.794032871723175,0.5344013571739197,1.420513391494751,16.215839385986328,16.28670883178711,-0.00171661376953125,-0.007827929221093655,-0.00011711188562912866,0.008014796301722527
rl,3,1,17,70,0.34,-5.043227195739746,4.970666885375977,0.9171760678291321,-0.0942041352391243,-0.12340846657752991,-0.3128337562084198,0.34924066066741943,-3.5144126415252686,4.264592170715332,0.870749294757843,1.3993275165557861,0.01992398127913475,13.22602367401123,13.299858093261719,-0.002372192917391658,-0.00862950924783945,-0.00014598308189306408,0.008950811810791492
lqr,0,1,15,70,0.3,5.850069522857666,-4.642265319824219,0.9766817688941956,0.49846693873405457,0.20976853370666504,-0.01367570087313652,0.54097980260849,5.9444499015808105,-4.602548122406006,0.9772127866744995,-4.297024726867676,-1.7421010732650757,15.991711616516113,16.65035057067871,0.002294443314895034,-0.018665486946702003,-0.0022044163197278976,0.018934737890958786
lqr,1,1,16,70,0.32,6.299027442932129,3.755096673965454,1.193873643875122,0.6425212621688843,-0.6157616376876831,0.0958915427327156,0.8950928449630737,6.420684814453125,3.638507604598999,1.2151505947113037,-5.5077314376831055,5.215080738067627,15.070547103881836,16.871679306030273,-0.01492240373045206,-0.01996799372136593,0.003038858063519001,0.025112418457865715
lqr,2,1,9,70,0.18,-4.662426948547363,-6.478815078735352,0.8436793684959412,0.601824939250946,-2.6363959312438965,-0.2786867320537567,2.718536853790283,-4.548476219177246,-6.977994441986084,0.794032871723175,-4.984536170959473,22.192506790161133,18.72162437438965,29.459331512451172,-0.04690548777580261,-0.020491063594818115,0.007299396209418774,0.05170386657118797
lqr,3,1,17,70,0.34,-3.623427629470825,4.3185577392578125,0.8773423433303833,0.5757570266723633,-0.2850140929222107,-0.05130187049508095,0.6444851160049438,-3.5144126415252686,4.264592170715332,0.870749294757843,-4.9437408447265625,2.4211487770080566,16.31297492980957,17.216726303100586,-0.008023223839700222,-0.019044198095798492,0.0009315673378296196,0.020686261355876923
rl,0,1,16,71,0.32,5.015397548675537,-5.046175956726074,0.9377480149269104,0.06197114288806915,-0.1341685652732849,-0.2505185604095459,0.2908628284931183,5.9444499015808105,-4.602548122406006,0.9772127866744995,1.4003798961639404,1.5165976285934448,16.222362518310547,16.35317039489746,-0.002885837107896805,-0.008643579669296741,-8.343150693690404e-05,0.009112984873354435
rl,1,1,17,71,0.34,4.972052097320557,5.007774829864502,0.8843261003494263,-0.06654837727546692,-0.05084250494837761,-0.44083544611930847,0.44871988892555237,6.420684814453125,3.638507604598999,1.2151505947113037,-0.5517680644989014,-1.4743585586547852,14.832833290100098,14.916135787963867,-0.0021414386574178934,-0.00801530759781599,-0.0001260519929928705,0.008297397755086422
rl,2,1,10,71,0.2,-5.004344463348389,-5.0091376304626465,0.9666761159896851,-0.01387525349855423,-0.0567629300057888,-0.1866406798362732,0.19557426869869232,-4.548476219177246,-6.977994441986084,0.794032871723175,-0.5969436168670654,-1.4873154163360596,16.207971572875977,16.287012100219727,-0.002254270249977708,-0.008181565441191196,-4.3162515794392675e-05,0.008486554026603699
rl,3,1,18,71,0.36,-5.046131610870361,4.967520236968994,0.9079157114028931,-0.09810652583837509,-0.09560810029506683,-0.306596964597702,0.33580872416496277,-3.5144126415252686,4.264592170715332,0.870749294757843,-0.34142637252807617,1.5244063138961792,16.210500717163086,16.285598754882812,-0.0027155301067978144,-0.007765307556837797,-2.950716225313954e-05,0.008226480334997177
lqr,0,1,16,71,0.32,5.863572597503662,-4.636582851409912,0.9763112664222717,0.42715156078338623,0.17975406348705292,-0.011719364672899246,0.46358099579811096,5.9444499015808105,-4.602548122406006,0.9772127866744995,-3.7043354511260986,-1.4864293336868286,15.97148609161377,16.462682723999023,0.0016973235178738832,-0.01724504493176937,-0.002008274896070361,0.01744435913860798
lqr,1,1,17,71,0.34,6.316432952880859,3.7384161949157715,1.1964715719223022,0.5505985617637634,-0.5276625752449036,0.08217238634824753,0.7670325636863708,6.420684814453125,3.638507604598999,1.2151505947113037,-4.740379333496094,4.472095489501953,15.177186012268066,16.517196655273438,-0.013165212236344814,-0.018168726935982704,0.0027358282823115587,0.022603321820497513
lqr,2,1,10,71,0.2,-4.646124362945557,-6.550233840942383,0.8361299633979797,0.5157252550125122,-2.259202718734741,-0.23881490528583527,2.329592704772949,-4.548476219177246,-6.977994441986084,0.794032871723175,-4.297824859619141,19.019088745117188,18.258792877197266,26.712928771972656,-0.04340077191591263,-0.019303208217024803,0.007786314934492111,0.04813385009765625
lqr,3,1,18,71,0.36,-3.607830286026001,4.3108367919921875,0.8759523630142212,0.49338287115097046,-0.24423852562904358,-0.04396126791834831,0.5522786378860474,-3.5144126415252686,4.264592170715332,0.870749294757843,-4.256806373596191,2.079249858856201,16.245458602905273,16.922134399414062,-0.007193454075604677,-0.01730945333838463,0.0008310433477163315,0.018763091415166855
rl,0,1,17,72,0.34,5.016939640045166,-5.049995422363281,0.9295846223831177,0.0461319275200367,-0.12391535937786102,-0.28291037678718567,0.3122842609882355,5.9444499015808105,-4.602548122406006,0.9772127866744995,-0.9487296342849731,0.5711736083030701,14.124190330505371,14.167536735534668,-0.0035076881758868694,-0.008165320381522179,8.207178325392306e-05,0.008887242525815964
rl,1,1,18,72,0.36,4.970574855804443,5.005751132965088,0.8709728121757507,-0.040579769760370255,-0.07576556503772736,-0.4472469687461853,0.4554305374622345,6.420684814453125,3.638507604598999,1.2151505947113037,1.282706379890442,-1.3163514137268066,15.545371055603027,15.653647422790527,-0.001284843310713768,-0.008040054701268673,-0.0002500144182704389,0.008145907893776894
rl,2,1,11,72,0.22,-5.004369258880615,-5.0112762451171875,0.9600893259048462,0.005676030181348324,-0.07858733832836151,-0.23601195216178894,0.2488168627023697,-4.548476219177246,-6.977994441986084,0.794032871723175,1.000070333480835,-1.1657718420028687,13.220199584960938,13.309125900268555,-0.0013720393180847168,-0.008203623816370964,-0.0001849232940003276,0.00831962376832962
rl,3,1,19,72,0.38,-5.049235820770264,4.9640960693359375,0.8978756666183472,-0.10615947097539902,-0.12341975420713425,-0.34869617223739624,0.38482630252838135,-3.5144126415252686,4.264592170715332,0.870749294757843,-0.5515737533569336,-1.476972222328186,13.605522155761719,13.696565628051758,-0.002878395840525627,-0.008324592374265194,1.6031339328037575e-05,0.008808192797005177
lqr,0,1,17,72,0.34,5.875143527984619,-4.6317138671875,0.9759936928749084,0.36603808403015137,0.15403831005096436,-0.010042422451078892,0.3972562551498413,5.9444499015808105,-4.602548122406006,0.9772127866744995,-3.197737693786621,-1.2665627002716064,15.955046653747559,16.321556091308594,0.001171975047327578,-0.016009366139769554,-0.0018137176521122456,0.016154346987605095
lqr,1,1,18,72,0.36,6.331347465515137,3.7241218090057373,1.1986973285675049,0.4718281328678131,-0.4521683156490326,0.07041577249765396,0.6572946906089783,6.420684814453125,3.638507604598999,1.2151505947113037,-4.0838942527771,3.836094617843628,15.270663261413574,16.266130447387695,-0.011640600860118866,-0.016612526029348373,0.0024433238431811333,0.020431580021977425
lqr,2,1,11,72,0.22,-4.63215446472168,-6.611435413360596,0.8296604752540588,0.44194164872169495,-1.935973882675171,-0.20464709401130676,1.996293544769287,-4.548476219177246,-6.977994441986084,0.794032871723175,-3.709442377090454,16.299936294555664,17.87436866760254,24.473268508911133,-0.03928586095571518,-0.018035901710391045,0.007863829843699932,0.043937597423791885
lqr,3,1,19,72,0.38,-3.5944647789001465,4.304220676422119,0.8747614622116089,0.42279255390167236,-0.20929516851902008,-0.03767130896449089,0.473262220621109,-3.5144126415252686,4.264592170715332,0.870749294757843,-3.669142961502075,1.7865746021270752,16.188636779785156,16.695100784301758,-0.006479022558778524,-0.015812557190656662,0.0007360136369243264,0.01710428111255169
rl,0,1,18,73,0.36,5.018572807312012,-5.053487300872803,0.920395016670227,0.05860842019319534,-0.11267036944627762,-0.3180186450481415,0.3424403965473175,5.9444499015808105,-4.602548122406006,0.9772127866744995,0.5729162693023682,0.6269784569740295,13.987998962402344,14.013758659362793,-0.0034158630296587944,-0.008226153440773487,0.00011600997822824866,0.008907928131520748
rl,1,1,19,73,0.38,4.969458103179932,5.003547191619873,0.8574132323265076,-0.035519763827323914,-0.07231876999139786,-0.45436495542526245,0.46145331859588623,6.420684814453125,3.638507604598999,1.2151505947113037,0.1484813690185547,0.21505117416381836,15.49585247039795,15.498056411743164,-0.0012308794539421797,-0.007633163593709469,-0.00025227788137272,0.007735883351415396
rl,2,1,12,73,0.24,-5.0037312507629395,-5.013755798339844,0.9529590010643005,0.0290632713586092,-0.08468544483184814,-0.23851418495178223,0.25476521253585815,-4.548476219177246,-6.977994441986084,0.794032871723175,1.1900074481964111,-0.3142615854740143,15.749506950378418,15.797526359558105,-0.0011192215606570244,-0.007228498812764883,-0.0002064581640297547,0.00731754582375288
rl,3,1,20,73,0.4,-5.052976131439209,4.960948944091797,0.8873578906059265,-0.13394786417484283,-0.0956185907125473,-0.3515484929084778,0.3881639838218689,-3.5144126415252686,4.264592170715332,0.870749294757843,-1.641573190689087,1.528884768486023,15.707563400268555,15.86694049835205,-0.0024010324850678444,-0.008834809996187687,-6.113603012636304e-05,0.009155466221272945
lqr,0,1,18,73,0.36,5.885058403015137,-4.6275410652160645,0.9757216572761536,0.3136698305606842,0.1320003867149353,-0.008604880422353745,0.3404216766357422,5.9444499015808105,-4.602548122406006,0.9772127866744995,-2.7645187377929688,-1.0787500143051147,15.941478729248047,16.21533203125,0.0007131439633667469,-0.014940173365175724,-0.0016263758298009634,0.015045346692204475
lqr,1,1,19,73,0.38,6.34412956237793,3.7118723392486572,1.2006046772003174,0.40432271361351013,-0.3874756395816803,0.06034230440855026,0.5632542967796326,6.420684814453125,3.638507604598999,1.2151505947113037,-3.522491455078125,3.2914204597473145,15.352306365966797,16.091447830200195,-0.010326088406145573,-0.015271958895027637,0.0021668251138180494,0.01856221817433834
lqr,2,1,12,73,0.24,-4.620182514190674,-6.663878917694092,0.8241167664527893,0.3787159025669098,-1.6589913368225098,-0.17536795139312744,1.710681676864624,-4.548476219177246,-6.977994441986084,0.794032871723175,-3.2044272422790527,13.97007942199707,17.554983139038086,22.662940979003906,-0.035064697265625,-0.016805052757263184,0.007665970828384161,0.03963218256831169
lqr,3,1,20,73,0.4,-3.5830116271972656,4.298550605773926,0.873741090297699,0.36230090260505676,-0.17935147881507874,-0.03228156268596649,0.4055502414703369,-3.5144126415252686,4.264592170715332,0.870749294757843,-3.166186571121216,1.5360742807388306,16.140953063964844,16.52012825012207,-0.005867178551852703,-0.014524074271321297,0.0006475466070696712,0.01567775011062622
rl,0,1,19,74,0.38,5.020507335662842,-5.057210445404053,0.9098670482635498,0.0674552395939827,-0.1298496276140213,-0.36738863587379456,0.39545610547065735,5.9444499015808105,-4.602548122406006,0.9772127866744995,0.3764263987541199,-0.9049922823905945,13.21971607208252,13.256002426147461,-0.0029827647376805544,-0.007538954261690378,0.00011397225898690522,0.008108372800052166
rl,1,1,20,74,0.4,4.968947887420654,5.0013604164123535,0.8432384729385376,-0.007702133618295193,-0.07312116026878357,-0.48155802488327026,0.4871387481689453,6.420684814453125,3.638507604598999,1.2151505947113037,1.3783819675445557,-0.014877230860292912,14.4237642288208,14.489483833312988,-0.0017568664625287056,-0.007483402267098427,-0.0001631868362892419,0.007688596844673157
rl,2,1,13,74,0.26,-5.002303123474121,-5.016648292541504,0.9453607201576233,0.05687911808490753,-0.10229925066232681,-0.2606603503227234,0.28573447465896606,-4.548476219177246,-6.977994441986084,0.794032871723175,1.427832007408142,-0.9354163408279419,14.691990852355957,14.790818214416504,-0.0012434599921107292,-0.006798128131777048,-0.00018055089458357543,0.00691327266395092
rl,3,1,21,74,0.42,-5.057161331176758,4.95752477645874,0.8758270144462585,-0.14233362674713135,-0.12342950701713562,-0.4007715582847595,0.44284483790397644,-3.5144126415252686,4.264592170715332,0.870749294757843,-0.5802737474441528,-1.4736567735671997,13.220891952514648,13.315418243408203,-0.002659545512869954,-0.00942908227443695,-3.3180302125401795e-05,0.009797033853828907
lqr,0,1,19,74,0.38,5.893555164337158,-4.623965263366699,0.9754884243011475,0.26879897713661194,0.11311496049165726,-0.0073736864142119884,0.2917229235172272,5.9444499015808105,-4.602548122406006,0.9772127866744995,-2.394498348236084,-0.9172592759132385,15.930421829223633,16.135467529296875,0.00031470166868530214,-0.01401820033788681,-0.0014498172095045447,0.014096487313508987
lqr,1,1,20,74,0.4,6.355082035064697,3.7013752460479736,1.2022395133972168,0.3464750647544861,-0.33203619718551636,0.05170923098921776,0.48266640305519104,6.420684814453125,3.638507604598999,1.2151505947113037,-3.042365312576294,2.8255410194396973,15.423290252685547,15.972399711608887,-0.00919822696596384,-0.014120286330580711,0.0019095216412097216,0.016959838569164276
lqr,2,1,13,74,0.26,-4.609923362731934,-6.708820343017578,0.8193662166595459,0.32453101873397827,-1.4216395616531372,-0.150277778506279,1.465934157371521,-4.548476219177246,-6.977994441986084,0.794032871723175,-2.7718050479888916,11.974136352539062,17.28929901123047,21.212797164916992,-0.031012970954179764,-0.015665831044316292,0.00729078333824873,0.03550180420279503
lqr,3,1,21,74,0.42,-3.5731968879699707,4.293692111968994,0.8728666305541992,0.3104654848575592,-0.1536896973848343,-0.02766307070851326,0.3475264012813568,-3.5144126415252686,4.264592170715332,0.870749294757843,-2.7359960079193115,1.3217321634292603,16.10076904296875,16.38497543334961,-0.005345724988728762,-0.013416997157037258,0.0005662072799168527,0.014453829266130924
rl,0,1,20,75,0.4,5.022809982299805,-5.061661720275879,0.8985877633094788,0.08138525485992432,-0.15765823423862457,-0.3802712559700012,0.4196259379386902,5.9444499015808105,-4.602548122406006,0.9772127866744995,0.6292848587036133,-1.4733843803405762,15.191742897033691,15.275991439819336,-0.0019538355991244316,-0.007223650813102722,-1.943659117387142e-05,0.007483246736228466
rl,1,1,21,75,0.42,4.968502044677734,4.999722003936768,0.8281031250953674,-0.018489563837647438,-0.04531928524374962,-0.5159941911697388,0.5183104276657104,6.420684814453125,3.638507604598999,1.2151505947113037,-0.7062851190567017,1.5293020009994507,14.011664390563965,14.11255931854248,-0.002306864131242037,-0.00720936106517911,-4.925808752886951e-05,0.007569605950266123
rl,2,1,14,75,0.28,-5.001049041748047,-5.020273208618164,0.9373404383659363,0.03421449288725853,-0.13010486960411072,-0.27068087458610535,0.3022681772708893,-4.548476219177246,-6.977994441986084,0.794032871723175,-1.304443120956421,-1.483459711074829,15.33272933959961,15.459457397460938,-0.0008993206429295242,-0.007079251576215029,-0.0002494334476068616,0.007140503730624914
rl,3,1,22,75,0.44,-5.0614423751831055,4.954043388366699,0.8639286756515503,-0.14286774396896362,-0.11240246891975403,-0.39453625679016113,0.43440115451812744,-3.5144126415252686,4.264592170715332,0.870749294757843,-0.1934642791748047,0.6291022896766663,16.21258544921875,16.225940704345703,-0.0020414588507264853,-0.009081176482141018,-0.0001191728442790918,0.009308571927249432
lqr,0,1,20,75,0.4,5.900836944580078,-4.620900630950928,0.9752887487411499,0.23034131526947021,0.09693014621734619,-0.006318227853626013,0.2499849945306778,5.9444499015808105,-4.602548122406006,0.9772127866744995,-2.0788443088531494,-0.77862149477005,15.921307563781738,16.075319290161133,-3.005909275088925e-05,-0.013225873000919819,-0.0012860666029155254,0.013288287445902824
lqr,1,1,21,75,0.42,6.364466190338135,3.6923797130584717,1.2036399841308594,0.2969055473804474,-0.28452759981155396,0.04431186616420746,0.41360899806022644,6.420684814453125,3.638507604598999,1.2151505947113037,-2.631681442260742,2.4265472888946533,15.485188484191895,15.893549919128418,-0.008234462700784206,-0.013133448548614979,0.0016730065690353513,0.015591433271765709
lqr,2,1,14,75,0.28,-4.601131439208984,-6.747331619262695,0.8152952194213867,0.2780998945236206,-1.2182420492172241,-0.12877726554870605,1.2561993598937988,-4.548476219177246,-6.977994441986084,0.794032871723175,-2.400362014770508,10.26414966583252,17.06789779663086,20.060598373413086,-0.027269724756479263,-0.014639735221862793,0.006809284910559654,0.03169110417366028
lqr,3,1,22,75,0.44,-3.564786672592163,4.2895283699035645,0.8721174001693726,0.26604533195495605,-0.13170170783996582,-0.023705419152975082,0.2978042960166931,-3.5144126415252686,4.264592170715332,0.870749294757843,-2.368086814880371,1.1382865905761719,16.06682777404785,16.280248641967773,-0.004903036169707775,-0.012467322871088982,0.0004921071813441813,0.013405822217464447
rl,0,1,21,76,0.42,5.025807857513428,-5.066948413848877,0.8865192532539368,0.10920122265815735,-0.1854642927646637,-0.4132860004901886,0.46596914529800415,5.9444499015808105,-4.602548122406006,0.9772127866744995,1.38125741481781,-1.4742950201034546,14.112309455871582,14.256180763244629,-0.001143517903983593,-0.006920769345015287,-0.0001503266830695793,0.007016215473413467
rl,1,1,22,76,0.44,4.9675612449646,4.998386859893799,0.8127480149269104,-0.037784989923238754,-0.04410121589899063,-0.509756863117218,0.5130542516708374,6.420684814453125,3.638507604598999,1.2151505947113037,-1.1922715902328491,0.10266697406768799,16.204435348510742,16.24856185913086,-0.0029742287006229162,-0.008258371613919735,4.834200444747694e-05,0.008777759969234467
rl,2,1,15,76,0.3,-5.000577926635742,-5.023748397827148,0.9286094903945923,0.0064247967675328255,-0.10869070887565613,-0.30119580030441284,0.3202715218067169,-4.548476219177246,-6.977994441986084,0.794032871723175,-1.5816867351531982,1.1713043451309204,14.221869468688965,14.35741138458252,-0.0011127510806545615,-0.008550722151994705,-0.0002940115809906274,0.008627832867205143
rl,3,1,23,76,0.46,-5.065338134765625,4.950645923614502,0.851347804069519,-0.1233360543847084,-0.11368244141340256,-0.431780070066452,0.46321648359298706,-3.5144126415252686,4.264592170715332,0.870749294757843,0.9053636193275452,-0.03796372190117836,13.879829406738281,13.909377098083496,-0.0024463676381856203,-0.00865026656538248,-4.339356382843107e-05,0.008989645168185234
lqr,0,1,21,76,0.42,5.907077312469482,-4.618274688720703,0.9751173853874207,0.1973864883184433,0.0830608680844307,-0.0054141017608344555,0.21421915292739868,5.9444499015808105,-4.602548122406006,0.9772127866744995,-1.8089098930358887,-0.6595715880393982,15.913775444030762,16.029829025268555,-0.00032766725053079426,-0.012545905075967312,-0.0011360376374796033,0.012601494789123535
lqr,1,1,22,76,0.44,6.37251091003418,3.6846718788146973,1.2048401832580566,0.2544279992580414,-0.2438182383775711,0.03797260299324989,0.35443317890167236,6.420684814453125,3.638507604598999,1.2151505947113037,-2.281344175338745,2.084904670715332,15.53877067565918,15.843130111694336,-0.007413649465888739,-0.012289809994399548,0.0014577037654817104,0.014426590874791145
lqr,2,1,15,76,0.3,-4.593597412109375,-6.780333518981934,0.8118067979812622,0.23831066489219666,-1.0439453125,-0.11035250872373581,1.0764718055725098,-4.548476219177246,-6.977994441986084,0.794032871723175,-2.082341432571411,8.798641204833984,16.882837295532227,19.15156364440918,-0.023892872035503387,-0.013730221427977085,0.006272091064602137,0.028261765837669373
lqr,3,1,23,76,0.46,-3.557579755783081,4.285961151123047,0.8714752793312073,0.22798211872577667,-0.11285869777202606,-0.020314205437898636,0.2551971673965454,-3.5144126415252686,4.264592170715332,0.870749294757843,-2.053598165512085,0.981275200843811,16.0382022857666,16.19889259338379,-0.00452899606898427,-0.011653579771518707,0.00042515413952060044,0.012509934604167938
rl,0,1,22,77,0.44,5.029640197753906,-5.0730671882629395,0.8738282918930054,0.1370149701833725,-0.21326857805252075,-0.4279029071331024,0.49735045433044434,5.9444499015808105,-4.602548122406006,0.9772127866744995,1.3673350811004639,-1.4718154668807983,15.105429649353027,15.238433837890625,-0.0006306695868261158,-0.0063404422253370285,-0.00023724991478957236,0.006376145873218775
rl,1,1,23,77,0.46,4.96698522567749,4.997354030609131,0.7973679900169373,-0.009963737800717354,-0.029613999649882317,-0.5141149759292603,0.5150635838508606,6.420684814453125,3.638507604598999,1.2151505947113037,1.3467137813568115,0.8196274042129517,15.65560531616211,15.734783172607422,-0.003026612102985382,-0.008671014569699764,6.730100722052157e-05,0.00918430183082819
rl,2,1,16,77,0.32,-4.9998955726623535,-5.027182579040527,0.9196036458015442,0.030898557975888252,-0.11740972846746445,-0.29968711733818054,0.32334521412849426,-4.548476219177246,-6.977994441986084,0.794032871723175,1.219249963760376,-0.45082488656044006,15.968672752380371,16.021495819091797,-0.0019495877204462886,-0.008758054114878178,-0.00017901505634654313,0.008974210359156132
rl,3,1,24,77,0.48,-5.068945407867432,4.9469780921936035,0.8378180265426636,-0.11871323734521866,-0.1265604943037033,-0.4606045186519623,0.4922061562538147,-3.5144126415252686,4.264592170715332,0.870749294757843,0.08971962332725525,-0.6605618000030518,14.326940536499023,14.34244155883789,-0.0021771693136543036,-0.00782111007720232,-4.359312879387289e-05,0.008118604309856892
lqr,0,1,22,77,0.44,5.912424564361572,-4.616024017333984,0.9749706387519836,0.16914249956607819,0.07117415964603424,-0.004638799466192722,0.18356595933437347,5.9444499015808105,-4.602548122406006,0.9772127866744995,-1.5791051387786865,-0.5575647354125977,15.907549858093262,15.995455741882324,-0.0005840699886903167,-0.011963238008320332,-0.000999919488094747,0.012019152753055096
lqr,1,1,23,77,0.46,6.379403114318848,3.6780667304992676,1.2058688402175903,0.2180241346359253,-0.20893312990665436,0.03254060074687004,0.30372104048728943,6.420684814453125,3.638507604598999,1.2151505947113037,-1.9813258647918701,1.7927378416061401,15.585209846496582,15.812600135803223,-0.0067167081870138645,-0.011570765636861324,0.0012632810976356268,0.01343847718089819
lqr,2,1,16,77,0.32,-4.587141513824463,-6.808612823486328,0.8088173866271973,0.2042115330696106,-0.894584596157074,-0.0945645123720169,0.922456681728363,-4.548476219177246,-6.977994441986084,0.794032871723175,-1.8098901510238647,7.542792797088623,16.72783660888672,18.43881607055664,-0.020893946290016174,-0.012932206504046917,0.005714770872145891,0.025228111073374748
lqr,3,1,24,77,0.48,-3.551403760910034,4.282904148101807,0.8709247708320618,0.1953640729188919,-0.09671283513307571,-0.017407331615686417,0.21868588030338287,-3.5144126415252686,4.264592170715332,0.870749294757843,-1.7852437496185303,0.8472718596458435,16.013986587524414,16.135448455810547,-0.004214189480990171,-0.010957320220768452,0.0003650326107162982,0.011745446361601353
rl,0,1,23,78,0.46,5.033328533172607,-5.079739093780518,0.8603039383888245,0.11600213497877121,-0.22693201899528503,-0.4622540771961212,0.5278574228286743,5.9444499015808105,-4.602548122406006,0.9772127866744995,-1.2623597383499146,-0.7100613713264465,14.015521049499512,14.090158462524414,-0.0005225629429332912,-0.006772656925022602,-0.0003022934834007174,0.00679950974881649
rl,1,1,24,78,0.48,4.966128826141357,4.995972156524658,0.7818328738212585,-0.037754204124212265,-0.054298035800457,-0.5197010040283203,0.5238919854164124,6.420684814453125,3.638507604598999,1.2151505947113037,-1.6600431203842163,-1.29066801071167,15.564266204833984,15.705666542053223,-0.002816613996401429,-0.008479150012135506,6.875109829707071e-05,0.008934988640248775
rl,2,1,17,78,0.34,-4.999284267425537,-5.031024932861328,0.9096257090568542,0.015152542851865292,-0.1334225982427597,-0.34905460476875305,0.373992383480072,-4.548476219177246,-6.977994441986084,0.794032871723175,-0.9393218159675598,-0.846043586730957,13.210105895996094,13.270456314086914,-0.0016834837151691318,-0.008203796111047268,-0.0001894807064672932,0.008376889862120152
rl,3,1,25,78,0.5,-5.071950912475586,4.943380832672119,0.8238866925239563,-0.09089589864015579,-0.11657150834798813,-0.46626555919647217,0.48913654685020447,-3.5144126415252686,4.264592170715332,0.870749294757843,1.3203407526016235,0.5775036811828613,15.588147163391113,15.654620170593262,-0.002102617174386978,-0.007561166770756245,-4.296868428355083e-05,0.007848190143704414
lqr,0,1,23,78,0.46,5.917006015777588,-4.614096164703369,0.9748448133468628,0.14494268596172333,0.060992270708084106,-0.003974401857703924,0.15730300545692444,5.9444499015808105,-4.602548122406006,0.9772127866744995,-1.3828274011611938,-0.46917080879211426,15.902416229248047,15.969320297241211,-0.0008046751609072089,-0.011464324779808521,-0.0008773913141340017,0.011525972746312618
lqr,1,1,24,78,0.48,6.385307788848877,3.672407388687134,1.2067502737045288,0.18683023750782013,-0.17904122173786163,0.02788570523262024,0.2602669894695282,6.420684814453125,3.638507604598999,1.2151505947113037,-1.725239872932434,1.542614221572876,15.625429153442383,15.795889854431152,-0.006126671563833952,-0.010959073901176453,0.0010889355326071382,0.012602507136762142
lqr,2,1,17,78,0.34,-4.581609725952148,-6.832847595214844,0.8062557578086853,0.17499281466007233,-0.7665939927101135,-0.08103498816490173,0.790477991104126,-4.548476219177246,-6.977994441986084,0.794032871723175,-1.5768555402755737,6.467311382293701,16.597797393798828,17.882938385009766,-0.01825881190598011,-0.012235758826136589,0.005161588545888662,0.022577421739697456
lqr,3,1,25,78,0.5,-3.546111583709717,4.280284404754639,0.8704532384872437,0.16741301119327545,-0.08287586271762848,-0.014916091226041317,0.1873980015516281,-3.5144126415252686,4.264592170715332,0.870749294757843,-1.5560667514801025,0.7328011393547058,15.99341869354248,16.08563804626465,-0.003950608428567648,-0.010362420231103897,0.00031137195765040815,0.011094323359429836
rl,0,1,24,79,0.48,5.0368781089782715,-5.086422443389893,0.8460619449615479,0.1194208562374115,-0.220713809132576,-0.4809797406196594,0.5425102710723877,5.9444499015808105,-4.602548122406006,0.9772127866744995,0.04137512296438217,0.36453309655189514,14.86866283416748,14.873188018798828,-0.001016242546029389,-0.007776235695928335,-0.0002935497323051095,0.00784785021096468
rl,1,1,25,79,0.5,4.96555233001709,4.994899272918701,0.7663663625717163,-0.009931051172316074,-0.026496879756450653,-0.5134681463241577,0.5142472386360168,6.420684814453125,3.638507604598999,1.2151505947113037,1.3248748779296875,1.5442485809326172,16.226093292236328,16.353166580200195,-0.0025112039875239134,-0.008972005918622017,3.0038945624255575e-06,0.009316815063357353
rl,2,1,18,79,0.36,-4.998515605926514,-5.035085678100586,0.8992787003517151,0.030843965709209442,-0.13635002076625824,-0.3428209722042084,0.3702281713485718,-4.548476219177246,-6.977994441986084,0.794032871723175,0.7284179925918579,-0.13503721356391907,16.220897674560547,16.23780632019043,-0.001493000192567706,-0.008273151703178883,-0.0002220037713414058,0.008409718982875347
rl,3,1,26,79,0.52,-5.07412052154541,4.939547061920166,0.809316098690033,-0.06308063864707947,-0.1333809345960617,-0.4954007565975189,0.5169057250022888,-3.5144126415252686,4.264592170715332,0.870749294757843,1.3287298679351807,-0.8693503737449646,14.32601547241211,14.41374397277832,-0.0022401423193514347,-0.006929602473974228,1.3182188922655769e-05,0.00728270597755909
lqr,0,1,24,79,0.48,5.920933723449707,-4.6124444007873535,0.9747374653816223,0.12420366704463959,0.052266642451286316,-0.003405688563361764,0.13479596376419067,5.9444499015808105,-4.602548122406006,0.9772127866744995,-1.2161448001861572,-0.3937130570411682,15.898064613342285,15.949372291564941,-0.000994405709207058,-0.011037622578442097,-0.0007677975809201598,0.011108892038464546
lqr,1,1,25,79,0.5,6.390369892120361,3.6675570011138916,1.207505702972412,0.1601051241159439,-0.1534256786108017,0.023896362632513046,0.22303390502929688,6.420684814453125,3.638507604598999,1.2151505947113037,-1.506782054901123,1.3288811445236206,15.660199165344238,15.788544654846191,-0.00562859745696187,-0.010440319776535034,0.0009335565264336765,0.011897601187229156
lqr,2,1,18,79,0.36,-4.576869487762451,-6.85361385345459,0.8040605187416077,0.1499582678079605,-0.6569134593009949,-0.06944117695093155,0.6773809194564819,-4.548476219177246,-6.977994441986084,0.794032871723175,-1.377414345741272,5.545438289642334,16.48838233947754,17.45038414001465,-0.01596101187169552,-0.011630041524767876,0.00462866947054863,0.02028389275074005
lqr,3,1,26,79,0.52,-3.541576862335205,4.27803897857666,0.8700491189956665,0.14346164464950562,-0.07102026045322418,-0.012781783007085323,0.16058796644210815,-3.5144126415252686,4.264592170715332,0.870749294757843,-1.3603891134262085,0.6348115801811218,15.975960731506348,16.046337127685547,-0.0037310251500457525,-0.009854858741164207,0.0002637084398884326,0.010540793649852276
rl,0,1,25,80,0.5,5.040017127990723,-5.093600273132324,0.8311810493469238,0.09719535708427429,-0.24852077662944794,-0.5035571455955505,0.5698941349983215,5.9444499015808105,-4.602548122406006,0.9772127866744995,-1.3472295999526978,-1.469786286354065,14.650609970092773,14.785656929016113,-0.0013439389877021313,-0.008241061121225357,-0.0002708436513785273,0.008354317396879196
rl,1,1,26,80,0.52,4.9649128913879395,4.994661331176758,0.7504530549049377,-0.027031246572732925,0.0013014350552111864,-0.5389294624328613,0.5396085381507874,6.420684814453125,3.638507604598999,1.2151505947113037,-1.0869507789611816,1.5424546003341675,14.488936424255371,14.61129379272461,-0.0034970236010849476,-0.008502707816660404,0.00018516034469939768,0.00919562391936779
rl,2,1,19,80,0.38,-4.997821807861328,-5.038777828216553,0.8886658549308777,0.01927960477769375,-0.11637847870588303,-0.3592301309108734,0.378103107213974,-4.548476219177246,-6.977994441986084,0.794032871723175,-0.7398649454116821,1.1003944873809814,14.9862699508667,15.044817924499512,-0.002063583116978407,-0.008288848213851452,-0.00013252640201244503,0.008542888797819614
rl,3,1,27,80,0.54,-5.076093673706055,4.935013771057129,0.7942826151847839,-0.06710080057382584,-0.1599309742450714,-0.5039783716201782,0.5329865217208862,-3.5144126415252686,4.264592170715332,0.870749294757843,-0.4078228175640106,-1.39004647731781,15.415753364562988,15.483668327331543,-0.0015657887561246753,-0.006939510814845562,-8.398569480050355e-05,0.0071144611574709415
lqr,0,1,25,80,0.5,5.92429780960083,-4.611028671264648,0.9746450781822205,0.10643164068460464,0.04478827118873596,-0.002919053426012397,0.11550845950841904,5.9444499015808105,-4.602548122406006,0.9772127866744995,-1.0736987590789795,-0.3289138376712799,15.894537925720215,15.93415641784668,-0.0011573070660233498,-0.01067327056080103,-0.0006703329272568226,0.010756738483905792
lqr,1,1,26,80,0.52,6.394707679748535,3.6634011268615723,1.2081531286239624,0.13719502091407776,-0.13147681951522827,0.02047775685787201,0.191122904419899,6.420684814453125,3.638507604598999,1.2151505947113037,-1.3211171627044678,1.1459376811981201,15.690196990966797,15.787362098693848,-0.005209278780966997,-0.010002469643950462,0.000795824802480638,0.011305720545351505
lqr,2,1,19,80,0.38,-4.572806358337402,-6.8714118003845215,0.8021793365478516,0.12850111722946167,-0.5629239678382874,-0.05950593575835228,0.580462634563446,-4.548476219177246,-6.977994441986084,0.794032871723175,-1.2074904441833496,4.756357669830322,16.396230697631836,17.11482810974121,-0.013967717066407204,-0.011104374192655087,0.004126029089093208,0.018314702436327934
lqr,3,1,27,80,0.54,-3.5376899242401123,4.276114463806152,0.8697028756141663,0.12293630093336105,-0.06085768714547157,-0.010953160002827644,0.13761164247989655,-3.5144126415252686,4.264592170715332,0.870749294757843,-1.1939120292663574,0.5514174103736877,15.961143493652344,16.015230178833008,-0.003549338784068823,-0.00942260306328535,0.0002215798886027187,0.010071363300085068
rl,0,1,26,81,0.52,5.0432820320129395,-5.10059118270874,0.8158621788024902,0.11465786397457123,-0.22526873648166656,-0.514156699180603,0.572930634021759,5.9444499015808105,-4.602548122406006,0.9772127866744995,0.7801883220672607,1.2864413261413574,15.313176155090332,15.386909484863281,-0.0014550789492204785,-0.0085895461961627,-0.00028156916960142553,0.008716469630599022
rl,1,1,27,81,0.54,4.9637017250061035,4.99506950378418,0.7343068718910217,-0.04701244458556175,0.019727392122149467,-0.5378420948982239,0.5402531623840332,6.420684814453125,3.638507604598999,1.2151505947113037,-1.2670252323150635,1.0446841716766357,15.920063972473145,16.004535675048828,-0.003940738271921873,-0.009242082946002483,0.00025855316198430955,0.010050490498542786
rl,2,1,20,81,0.4,-4.997798442840576,-5.041851997375488,0.8771222233772278,-0.008509189821779728,-0.09553060680627823,-0.3975690007209778,0.4089738726615906,-4.548476219177246,-6.977994441986084,0.794032871723175,-1.6130450963974,1.1482629776000977,13.795249938964844,13.93661880493164,-0.002867166418582201,-0.00891443993896246,-1.0903453585342504e-05,0.00936418678611517
rl,3,1,28,81,0.56,-5.0786614418029785,4.930224895477295,0.779288113117218,-0.09489104896783829,-0.15949493646621704,-0.49773970246315,0.5312134623527527,-3.5144126415252686,4.264592170715332,0.870749294757843,-1.7070859670639038,0.06937504559755325,16.194377899169922,16.284250259399414,-0.0013578711077570915,-0.00831134058535099,-0.00018648922559805214,0.008423596620559692
lqr,0,1,26,81,0.52,5.927180290222168,-4.6098151206970215,0.9745660424232483,0.0912061557173729,0.038381386548280716,-0.002501128241419792,0.09898459166288376,5.9444499015808105,-4.602548122406006,0.9772127866744995,-0.9531684517860413,-0.272798091173172,15.891581535339355,15.922478675842285,-0.0012971777468919754,-0.01036190614104271,-0.0005840323283337057,0.010459104552865028
lqr,1,1,27,81,0.54,6.39842414855957,3.6598398685455322,1.2087079286575317,0.1175646111369133,-0.1126675233244896,0.017547136172652245,0.16377824544906616,6.420684814453125,3.638507604598999,1.2151505947113037,-1.162516713142395,0.9899222254753113,15.716080665588379,15.790079116821289,-0.004857212770730257,-0.009634383954107761,0.0006743810954503715,0.010810581035912037
lqr,2,1,20,81,0.4,-4.569325923919678,-6.886661052703857,0.8005674481391907,0.11011362820863724,-0.4823758602142334,-0.05099201202392578,0.49740493297576904,-4.548476219177246,-6.977994441986084,0.794032871723175,-1.0619879961013794,4.079779624938965,16.3183536529541,16.85411262512207,-0.01224598754197359,-0.01064850389957428,0.0036594956181943417,0.016635706648230553
lqr,3,1,28,81,0.56,-3.534359931945801,4.274466037750244,0.8694061636924744,0.10534721612930298,-0.0521496944129467,-0.009386217221617699,0.11792254447937012,-3.5144126415252686,4.264592170715332,0.870749294757843,-1.0518327951431274,0.48000502586364746,15.94857120513916,15.990424156188965,-0.003399952780455351,-0.009055369533598423,0.00018449543858878314,0.009674369357526302
rl,0,1,27,82,0.54,5.047004699707031,-5.107145309448242,0.8005621433258057,0.12885837256908417,-0.21512986719608307,-0.5079224705696106,0.5664544105529785,5.9444499015808105,-4.602548122406006,0.9772127866744995,0.5866937041282654,0.5833949446678162,16.221179962158203,16.242267608642578,-0.0025505239609628916,-0.008056835271418095,-8.283476927317679e-05,0.00845130905508995
rl,1,1,28,82,0.56,4.961874008178711,4.995422840118408,0.718296229839325,-0.06789963692426682,0.007734681945294142,-0.5316058397293091,0.5359803438186646,6.420684814453125,3.638507604598999,1.2151505947113037,-1.3285911083221436,-0.5917903184890747,16.20187759399414,16.267026901245117,-0.0036610765382647514,-0.009998689405620098,0.0002127705665770918,0.010650002397596836
rl,2,1,21,82,0.42,-4.99860954284668,-5.044689178466797,0.8653198480606079,-0.03629503771662712,-0.09406567364931107,-0.39133134484291077,0.40411123633384705,-4.548476219177246,-6.977994441986084,0.794032871723175,-1.6419798135757446,0.10971932858228683,16.201061248779297,16.284425735473633,-0.003128260374069214,-0.009710090234875679,2.9478524083970115e-05,0.01020160410553217
rl,3,1,29,82,0.58,-5.081109523773193,4.925961017608643,0.7643839120864868,-0.07494523376226425,-0.13346564769744873,-0.4963394105434418,0.5194060802459717,-3.5144126415252686,4.264592170715332,0.870749294757843,0.8630132079124451,1.4505078792572021,15.962977409362793,16.051959991455078,-0.00220388057641685,-0.00909288227558136,-0.00010711731010815129,0.009356766007840633
lqr,0,1,27,82,0.54,5.929650783538818,-4.608774185180664,0.9744985103607178,0.0781625285744667,0.032887935638427734,-0.0021436051465570927,0.08482683449983597,5.9444499015808105,-4.602548122406006,0.9772127866744995,-0.8509666919708252,-0.22465470433235168,15.889055252075195,15.913412094116211,-0.0014171693474054337,-0.010096422396600246,-0.0005079323891550303,0.010208041407167912
lqr,1,1,28,82,0.56,6.401608467102051,3.656787872314453,1.2091830968856812,0.10074508935213089,-0.09655028581619263,0.01503659039735794,0.14034824073314667,6.420684814453125,3.638507604598999,1.2151505947113037,-1.0274869203567505,0.8562164902687073,15.738441467285156,15.795169830322266,-0.004562562331557274,-0.009326557628810406,0.0005678552552126348,0.010398274287581444
lqr,2,1,21,82,0.42,-4.566344261169434,-6.899727821350098,0.7991860508918762,0.09436411410570145,-0.4133610725402832,-0.04369645193219185,0.4262409508228302,-4.548476219177246,-6.977994441986084,0.794032871723175,-0.9380873441696167,3.4998021125793457,16.25248146057129,16.651479721069336,-0.010762643069028854,-0.010252723470330238,0.0032316658180207014,0.015211721882224083
lqr,3,1,29,82,0.58,-3.531505823135376,4.273053169250488,0.869151771068573,0.09027539193630219,-0.044687625020742416,-0.00804308895021677,0.10105108469724655,-3.5144126415252686,4.264592170715332,0.870749294757843,-0.9310261011123657,0.41933828592300415,15.937938690185547,15.970614433288574,-0.003278133226558566,-0.008744051679968834,0.00015197847096715122,0.009339576587080956
rl,0,1,28,83,0.56,5.051362991333008,-5.113964080810547,0.7847406268119812,0.15344713628292084,-0.23335213959217072,-0.5371134877204895,0.6053842902183533,5.9444499015808105,-4.602548122406006,0.9772127866744995,1.1611660718917847,-0.948745608329773,14.320389747619629,14.398679733276367,-0.0025364994071424007,-0.007649838458746672,-3.6034456570632756e-05,0.00805947557091713
rl,1,1,29,83,0.58,4.959588527679443,4.995837211608887,0.7020609378814697,-0.08028942346572876,0.016855597496032715,-0.5459625720977783,0.5520920753479004,6.420684814453125,3.638507604598999,1.2151505947113037,-0.8654223084449768,0.5460608005523682,15.092164039611816,15.126815795898438,-0.003068326972424984,-0.010280630551278591,0.00010883249342441559,0.010729297995567322
rl,2,1,22,83,0.44,-5.000254154205322,-5.047639846801758,0.8534200191497803,-0.06407845765352249,-0.10058396309614182,-0.3993220031261444,0.41675081849098206,-4.548476219177246,-6.977994441986084,0.794032871723175,-1.6445703506469727,-0.3197593688964844,15.433331489562988,15.52400016784668,-0.0028188438154757023,-0.010464377701282501,-3.0155544664012268e-05,0.0108374347910285
rl,3,1,30,83,0.6,-5.083914756774902,4.9221038818359375,0.7486063241958618,-0.10273540765047073,-0.12612217664718628,-0.5407081842422485,0.5646474361419678,-3.5144126415252686,4.264592170715332,0.870749294757843,-1.686105728149414,0.43829652667045593,13.461305618286133,13.573569297790527,-0.0029792580753564835,-0.008811893872916698,3.581089913495816e-05,0.009301974438130856
lqr,0,1,28,83,0.56,5.931768894195557,-4.607883453369141,0.9744405746459961,0.0669773519039154,0.028177596628665924,-0.0018375713843852282,0.07268644124269485,5.9444499015808105,-4.602548122406006,0.9772127866744995,-0.7650771141052246,-0.18295453488826752,15.886962890625,15.906426429748535,-0.0015199839835986495,-0.009870444424450397,-0.00044106986024416983,0.009996527805924416
lqr,1,1,29,83,0.58,6.404338836669922,3.65417218208313,1.2095905542373657,0.08633200824260712,-0.08273739367723465,0.012886005453765392,0.12026945501565933,6.420684814453125,3.638507604598999,1.2151505947113037,-0.9130649566650391,0.742268443107605,15.757709503173828,15.801583290100098,-0.00431659072637558,-0.00907102134078741,0.0004748873761855066,0.010056933388113976
lqr,2,1,22,83,0.44,-4.563787937164307,-6.910924911499023,0.7980024814605713,0.0808669850230217,-0.35422202944755554,-0.03744522109627724,0.36525997519493103,-4.548476219177246,-6.977994441986084,0.794032871723175,-0.8332875967025757,3.00319504737854,16.196603775024414,16.493741989135742,-0.009488055482506752,-0.009909296408295631,0.002843140624463558,0.014010738581418991
lqr,3,1,30,83,0.6,-3.529059648513794,4.271843433380127,0.868933916091919,0.07735694199800491,-0.038295961916446686,-0.006891916040331125,0.08659200370311737,-3.5144126415252686,4.264592170715332,0.870749294757843,-0.828705906867981,0.36730411648750305,15.928861618041992,15.954632759094238,-0.003179905004799366,-0.008481196127831936,0.00012358996900729835,0.0090585732832551
rl,0,1,29,84,0.58,5.055410861968994,-5.121067523956299,0.7677419185638428,0.1256532371044159,-0.23853729665279388,-0.581384539604187,0.6408562660217285,5.9444499015808105,-4.602548122406006,0.9772127866744995,-1.66066312789917,-0.24511539936065674,13.47170352935791,13.575886726379395,-0.0019631192553788424,-0.007564237806946039,-9.973792475648224e-05,0.007815463468432426
rl,1,1,30,84,0.6,4.956624507904053,4.996013641357422,0.6852041482925415,-0.10807480663061142,0.00036451531923376024,-0.5698456168174744,0.5800037384033203,6.420684814453125,3.638507604598999,1.2151505947113037,-1.6978155374526978,-0.8349204063415527,14.571457862854004,14.69377613067627,-0.0027913302183151245,-0.01024910993874073,5.6151358876377344e-05,0.010622566565871239
rl,2,1,23,84,0.46,-5.0016188621521,-5.050481796264648,0.8404528498649597,-0.03625395894050598,-0.0918295830488205,-0.44869452714920044,0.45942768454551697,-4.548476219177246,-6.977994441986084,0.794032871723175,1.3683364391326904,0.5010712146759033,13.228230476379395,13.308249473571777,-0.002569637494161725,-0.009784801863133907,-4.3944830395048484e-05,0.01011668425053358
rl,3,1,31,84,0.62,-5.087452411651611,4.918545722961426,0.7319846153259277,-0.12554214894771576,-0.1148519441485405,-0.5607271194458008,0.5859749913215637,-3.5144126415252686,4.264592170715332,0.870749294757843,-1.4434540271759033,0.6566591262817383,14.777134895324707,14.861980438232422,-0.003013193141669035,-0.009484806098043919,3.660083166323602e-05,0.009951995685696602
lqr,0,1,29,84,0.58,5.933583736419678,-4.607120990753174,0.9743908643722534,0.05739195644855499,0.024149253964424133,-0.0015756180509924889,0.06228568032383919,5.9444499015808105,-4.602548122406006,0.9772127866744995,-0.6920807361602783,-0.14667147397994995,15.885202407836914,15.900948524475098,-0.0016085525276139379,-0.009678272530436516,-0.00038242890150286257,0.009818485006690025
lqr,1,1,30,84,0.6,6.406677722930908,3.651930809020996,1.2099395990371704,0.07397526502609253,-0.07090048491954803,0.011041980236768723,0.10305893421173096,6.420684814453125,3.638507604598999,1.2151505947113037,-0.8159338235855103,0.6449102163314819,15.774250984191895,15.808499336242676,-0.00411174725741148,-0.008861035108566284,0.00039417334483005106,0.009776491671800613
lqr,2,1,23,84,0.46,-4.561595916748047,-6.920520782470703,0.7969882488250732,0.06929470598697662,-0.30354321002960205,-0.03208798170089722,0.3130013942718506,-4.548476219177246,-6.977994441986084,0.794032871723175,-0.7444745898246765,2.578347682952881,16.149301528930664,16.37076759338379,-0.008394994772970676,-0.009611337445676327,0.002493044128641486,0.013002653606235981
lqr,3,1,31,84,0.62,-3.5269644260406494,4.270806312561035,0.8687472939491272,0.06628726422786713,-0.0328187495470047,-0.005905847996473312,0.07420209050178528,-3.5144126415252686,4.264592170715332,0.870749294757843,-0.741438627243042,0.32333704829216003,15.921100616455078,15.941635131835938,-0.0031016303692013025,-0.008260129950940609,9.891014633467421e-05,0.008823811076581478
rl,0,1,30,85,0.6,5.0594282150268555,-5.128487586975098,0.7503640651702881,0.1380252242088318,-0.25172460079193115,-0.5781962871551514,0.6455441117286682,5.9444499015808105,-4.602548122406006,0.9772127866744995,0.46745556592941284,-0.6691686511039734,16.059532165527344,16.080263137817383,-0.0018327926518395543,-0.008320869877934456,-0.00014708963863085955,0.008521598763763905
rl,1,1,31,85,0.62,4.953940391540527,4.995468616485596,0.6678651571273804,-0.08025028556585312,-0.027443895116448402,-0.5820283889770508,0.5881754159927368,6.420684814453125,3.638507604598999,1.2151505947113037,1.284371018409729,-1.4413635730743408,15.246896743774414,15.368637084960938,-0.0018888236954808235,-0.009786957874894142,-9.072988177649677e-05,0.009967970661818981
rl,2,1,24,85,0.48,-5.003262042999268,-5.052680015563965,0.8263897895812988,-0.06404440850019455,-0.06402962654829025,-0.4788069725036621,0.4872962236404419,-4.548476219177246,-6.977994441986084,0.794032871723175,-1.6488386392593384,1.5335527658462524,14.233715057373047,14.410728454589844,-0.0029530141036957502,-0.008611212484538555,6.956897414056584e-05,0.009103741496801376
rl,3,1,32,85,0.64,-5.091333389282227,4.914958477020264,0.7152875661849976,-0.13126543164253235,-0.12193870544433594,-0.5544921159744263,0.5827187895774841,-3.5144126415252686,4.264592170715332,0.870749294757843,-0.5519658327102661,-0.32630622386932373,16.209781646728516,16.222457885742188,-0.0029659951105713844,-0.009841294027864933,2.868309456971474e-05,0.010278570465743542
lqr,0,1,30,85,0.6,5.93513822555542,-4.606466770172119,0.9743481874465942,0.04918011277914047,0.02069602534174919,-0.0013502886286005378,0.053374454379081726,5.9444499015808105,-4.602548122406006,0.9772127866744995,-0.6305372714996338,-0.11570512503385544,15.883737564086914,15.896669387817383,-0.0016845505451783538,-0.009514986537396908,-0.0003311579639557749,0.009668626822531223
lqr,1,1,31,85,0.62,6.408681869506836,3.650010108947754,1.2102385759353638,0.06338872015476227,-0.06075635924935341,0.009462523274123669,0.08831197023391724,6.420684814453125,3.638507604598999,1.2151505947113037,-0.73378986120224,0.5619486570358276,15.78852653503418,15.815555572509766,-0.003941614646464586,-0.008690220303833485,0.00032451379229314625,0.009547856636345387
lqr,2,1,24,85,0.48,-4.559719085693359,-6.928744792938232,0.7961190342903137,0.05937783420085907,-0.26011204719543457,-0.027497537434101105,0.2682165503501892,-4.548476219177246,-6.977994441986084,0.794032871723175,-0.6687191724777222,2.2145118713378906,16.109115600585938,16.274362564086914,-0.007459447253495455,-0.009352311491966248,0.002179605420678854,0.012159760110080242
lqr,3,1,32,85,0.64,-3.525167465209961,4.269917011260986,0.8685871362686157,0.056801654398441315,-0.028125906363129616,-0.00506042642518878,0.06358540058135986,-3.5144126415252686,4.264592170715332,0.870749294757843,-0.667964518070221,0.28605222702026367,15.914575576782227,15.93115520477295,-0.00304041663184762,-0.008075008168816566,7.756653212709352e-05,0.008628783747553825
rl,0,1,31,86,0.62,5.063684463500977,-5.135805606842041,0.7331430315971375,0.1437654197216034,-0.24005652964115143,-0.5719642639160156,0.6367407441139221,5.9444499015808105,-4.602548122406006,0.9772127866744995,0.10034603625535965,0.6739493012428284,16.215681076049805,16.229990005493164,-0.0020087910816073418,-0.008283142000436783,-0.00012525472266133875,0.008524163626134396
rl,1,1,32,86,0.64,4.951616287231445,4.99501371383667,0.6504402160644531,-0.07607566565275192,-0.009006131440401077,-0.5802295207977295,0.5852648019790649,6.420684814453125,3.638507604598999,1.2151505947113037,-0.009723827242851257,1.0577045679092407,15.973166465759277,16.008150100708008,-0.0017389812273904681,-0.008687643334269524,-0.0001072283776011318,0.008860626257956028
rl,2,1,25,86,0.5,-5.005218029022217,-5.055156230926514,0.8118489384651184,-0.0657857358455658,-0.09184157848358154,-0.48763802647590637,0.5005531907081604,-4.548476219177246,-6.977994441986084,0.794032871723175,-0.26449277997016907,-1.4610825777053833,15.40395450592041,15.47535228729248,-0.002951353555545211,-0.009178860113024712,7.191854092525318e-05,0.009641946293413639
rl,3,1,33,86,0.66,-5.094780445098877,4.911841869354248,0.6980109214782715,-0.1067577451467514,-0.09487760812044144,-0.5865890979766846,0.6037265658378601,-3.5144126415252686,4.264592170715332,0.870749294757843,1.1020675897598267,1.5107113122940063,14.160428047180176,14.283365249633789,-0.002981018042191863,-0.009230553172528744,5.795427205157466e-05,0.009700152091681957
lqr,0,1,31,86,0.62,5.936469554901123,-4.605906009674072,0.9743117094039917,0.042144302278757095,0.01773526333272457,-0.001157064107246697,0.04573861137032509,5.9444499015808105,-4.602548122406006,0.9772127866744995,-0.5788796544075012,-0.08889215439558029,15.88252067565918,15.893315315246582,-0.001749696210026741,-0.009376448579132557,-0.00028644592384807765,0.00954260304570198
lqr,1,1,32,86,0.64,6.410398006439209,3.6483633518218994,1.210494875907898,0.05432110279798508,-0.05206219106912613,0.008109158836305141,0.07567702233791351,6.420684814453125,3.638507604598999,1.2151505947113037,-0.6639452576637268,0.49122685194015503,15.80081558227539,15.822385787963867,-0.0038005609530955553,-0.008553189225494862,0.00026477369829081,0.00936330109834671
lqr,2,1,25,86,0.5,-4.558110237121582,-6.935791015625,0.7953739762306213,0.05088149011135101,-0.22289510071277618,-0.023563144728541374,0.22983989119529724,-4.548476219177246,-6.977994441986084,0.794032871723175,-0.6049695611000061,1.902573585510254,16.074975967407227,16.198476791381836,-0.006659915670752525,-0.009126689285039902,0.0019004701171070337,0.011456994339823723
lqr,3,1,33,86,0.66,-3.5236284732818604,4.269155025482178,0.8684501051902771,0.048671673983335495,-0.024101562798023224,-0.004336502403020859,0.05448506399989128,-3.5144126415252686,4.264592170715332,0.870749294757843,-0.6058083176612854,0.2546551525592804,15.908865928649902,15.922432899475098,-0.0029936619102954865,-0.00792135950177908,5.922187119722366e-05,0.008468379266560078
rl,0,1,32,87,0.64,5.068553447723389,-5.1431379318237305,0.7161087393760681,0.1715848296880722,-0.24662187695503235,-0.5657318830490112,0.6405593156814575,5.9444499015808105,-4.602548122406006,0.9772127866744995,1.2832305431365967,-0.30765634775161743,16.234535217285156,16.288076400756836,-0.002443282399326563,-0.008134620264172554,-4.5669406972592697e-05,0.008493748493492603
rl,1,1,33,87,0.66,4.949507236480713,4.994187831878662,0.6331580877304077,-0.06742734462022781,-0.03681536391377449,-0.5739958882331848,0.5791140794754028,6.420684814453125,3.638507604598999,1.2151505947113037,0.21978722512722015,-1.4340081214904785,16.22616195678711,16.2908878326416,-0.002119925105944276,-0.00871261116117239,-6.122051127022132e-05,0.008967018686234951
rl,2,1,26,87,0.52,-5.007511138916016,-5.057560920715332,0.7966580986976624,-0.0817616730928421,-0.07428490370512009,-0.5157182216644287,0.5274168252944946,-4.548476219177246,-6.977994441986084,0.794032871723175,-1.0279898643493652,0.9855956435203552,14.35002326965332,14.420517921447754,-0.002313408302143216,-0.009162666276097298,-2.5861163521767594e-05,0.009450237266719341
rl,3,1,34,87,0.68,-5.097705841064453,4.908812999725342,0.6805379986763,-0.09283330291509628,-0.10400869697332382,-0.5803555250167847,0.5968654155731201,-3.5144126415252686,4.264592170715332,0.870749294757843,0.49105316400527954,-0.43095460534095764,16.226667404174805,16.23981475830078,-0.0032496813219040632,-0.00817675981670618,0.00016133034660015255,0.008800332434475422
lqr,0,1,32,87,0.64,5.9376115798950195,-4.605424880981445,0.9742802977561951,0.036112621426582336,0.015195758081972599,-0.0009915359551087022,0.03919203579425812,5.9444499015808105,-4.602548122406006,0.9772127866744995,-0.5362207889556885,-0.06568416953086853,15.88145923614502,15.890645027160645,-0.0018054924439638853,-0.009258977137506008,-0.00024752895114943385,0.00943661667406559
lqr,1,1,33,87,0.66,6.411870002746582,3.646953821182251,1.210714340209961,0.04655143991112709,-0.04461362585425377,0.006949564442038536,0.06485143303871155,6.420684814453125,3.638507604598999,1.2151505947113037,-0.6054091453552246,0.4308372139930725,15.811367988586426,15.828818321228027,-0.003683644812554121,-0.008445563726127148,0.00021389800531324,0.00921642780303955
lqr,2,1,26,87,0.52,-4.5567307472229,-6.941828727722168,0.7947356104850769,0.043598778545856476,-0.19100558757781982,-0.02019180916249752,0.1969560831785202,-4.548476219177246,-6.977994441986084,0.794032871723175,-0.5514187812805176,1.6352134943008423,16.045835494995117,16.138364791870117,-0.005977763328701258,-0.008930165320634842,0.0016529521672055125,0.010872614569962025
lqr,3,1,34,87,0.68,-3.5223100185394287,4.268502235412598,0.8683326840400696,0.04170778766274452,-0.020651014521718025,-0.003715876489877701,0.04668845236301422,-3.5144126415252686,4.264592170715332,0.870749294757843,-0.5532565712928772,0.22799816727638245,15.90410041809082,15.915353775024414,-0.0029590907506644726,-0.0077947149984538555,4.356275894679129e-05,0.008337607607245445
rl,0,1,33,88,0.66,5.073838710784912,-5.149979591369629,0.6987564563751221,0.17847375571727753,-0.2188209593296051,-0.584746241569519,0.6493563055992126,5.9444499015808105,-4.602548122406006,0.9772127866744995,0.16646593809127808,1.5447856187820435,14.85178279876709,14.932833671569824,-0.0027171180117875338,-0.007697900757193565,2.8597980417544022e-05,0.008163407444953918
rl,1,1,34,88,0.68,4.946928977966309,4.9936394691467285,0.6152875423431396,-0.09521684050559998,-0.009012502618134022,-0.6065289974212646,0.6140235066413879,6.420684814453125,3.638507604598999,1.2151505947113037,-1.7208526134490967,1.5589524507522583,14.091532707214355,14.281559944152832,-0.002002592198550701,-0.00899554044008255,-0.00010278425179421902,0.009216327220201492
rl,2,1,27,88,0.54,-5.010295391082764,-5.059638500213623,0.7813113331794739,-0.09837106615304947,-0.0667555034160614,-0.5094814300537109,0.5231677293777466,-4.548476219177246,-6.977994441986084,0.794032871723175,-1.0924451351165771,0.4522278904914856,16.201793670654297,16.2448787689209,-0.0028218477964401245,-0.009527098387479782,3.628189006121829e-05,0.009936284273862839
rl,3,1,35,88,0.7000000000000001,-5.100803375244141,4.9061055183410645,0.6628363132476807,-0.1084393635392189,-0.08340110629796982,-0.594903826713562,0.6104305386543274,-3.5144126415252686,4.264592170715332,0.870749294757843,-1.0908302068710327,1.1719567775726318,15.073101043701172,15.1578950881958,-0.003048062091693282,-0.008478271774947643,0.00013714648957829922,0.009010582230985165
lqr,0,1,33,88,0.66,5.938590049743652,-4.605013370513916,0.9742533564567566,0.030946923419833183,0.013020099140703678,-0.0008498445386067033,0.033585075289011,5.9444499015808105,-4.602548122406006,0.9772127866744995,-0.5002672076225281,-0.04521578550338745,15.880558013916016,15.888500213623047,-0.0018534371629357338,-0.009159684181213379,-0.00021371059119701385,0.009347764775156975
lqr,1,1,34,88,0.68,6.413128852844238,3.6457455158233643,1.2109026908874512,0.03989890217781067,-0.03823283687233925,0.005955788306891918,0.05558006465435028,6.420684814453125,3.638507604598999,1.2151505947113037,-0.5560912489891052,0.3796667754650116,15.820419311523438,15.834741592407227,-0.0035867211408913136,-0.008363373577594757,0.0001709276984911412,0.009101636707782745
lqr,2,1,27,88,0.54,-4.5555500984191895,-6.94700288772583,0.7941884994506836,0.03736007958650589,-0.16367563605308533,-0.0173023771494627,0.1687745898962021,-4.548476219177246,-6.977994441986084,0.794032871723175,-0.5059282183647156,1.4072825908660889,16.021081924438477,16.090726852416992,-0.005396673455834389,-0.008758703246712685,0.0014342701761052012,0.010387305170297623
lqr,3,1,35,88,0.7000000000000001,-3.5211799144744873,4.267942905426025,0.8682318925857544,0.03573896363377571,-0.017697207629680634,-0.0031844901386648417,0.0400075688958168,-3.5144126415252686,4.264592170715332,0.870749294757843,-0.5092020034790039,0.20541773736476898,15.900002479553223,15.909480094909668,-0.00293441372923553,-0.007691431790590286,3.025767728104256e-05,0.008232243359088898
rl,0,1,34,89,0.68,5.079750061035156,-5.155987739562988,0.6808368563652039,0.20629116892814636,-0.1910228133201599,-0.6036152839660645,0.6658807396888733,5.9444499015808105,-4.602548122406006,0.9772127866744995,1.2887418270111084,1.5473638772964478,14.875577926635742,15.011262893676758,-0.0036059743724763393,-0.007452676538378,0.000207919831154868,0.008281827904284
rl,1,1,35,89,0.7000000000000001,4.943873405456543,4.993282318115234,0.5961043238639832,-0.1051052138209343,-0.013317498378455639,-0.6558973789215088,0.6643988490104675,6.420684814453125,3.638507604598999,1.2151505947113037,-0.748466432094574,-0.1747981607913971,13.205486297607422,13.227835655212402,-0.0026589103508740664,-0.00938400812447071,-1.6633322957204655e-05,0.009753444232046604
rl,2,1,28,89,0.56,-5.013117790222168,-5.061479568481445,0.7661516666412354,-0.0918746218085289,-0.058695822954177856,-0.5032474398612976,0.5149214863777161,-4.548476219177246,-6.977994441986084,0.794032871723175,0.14476871490478516,0.4834277927875519,16.21674919128418,16.224599838256836,-0.0029828178230673075,-0.009704846888780594,5.924783545196988e-05,0.010153066366910934
rl,3,1,36,89,0.72,-5.104154586791992,4.903831958770752,0.6446861624717712,-0.11334744840860367,-0.07200786471366882,-0.6100546717643738,0.6246594786643982,-3.5144126415252686,4.264592170715332,0.870749294757843,-0.5214453935623169,0.6776986718177795,15.051751136779785,15.076020240783691,-0.0034308291506022215,-0.009044211357831955,0.00018864384037442505,0.009674912318587303
lqr,0,1,34,89,0.68,5.939428806304932,-4.604660987854004,0.9742302298545837,0.02652023546397686,0.011158393695950508,-0.000727847043890506,0.028781285509467125,5.9444499015808105,-4.602548122406006,0.9772127866744995,-0.4706016778945923,-0.027465198189020157,15.879735946655273,15.886731147766113,-0.0018947739154100418,-0.009076145477592945,-0.00018434143566992134,0.0092736491933465
lqr,1,1,35,89,0.7000000000000001,6.414210796356201,3.644709825515747,1.211064100265503,0.03419433534145355,-0.032763250172138214,0.005102884490042925,0.04763110727071762,6.420684814453125,3.638507604598999,1.2151505947113037,-0.5160226821899414,0.3363962173461914,15.828131675720215,15.840113639831543,-0.0035064490512013435,-0.008303197100758553,0.00013501055946107954,0.009014238603413105
lqr,2,1,28,89,0.56,-4.554538249969482,-6.951437473297119,0.7937198877334595,0.03201575577259064,-0.14025992155075073,-0.014826282858848572,0.14462943375110626,-4.548476219177246,-6.977994441986084,0.794032871723175,-0.4682050943374634,1.2114275693893433,15.999958038330078,16.052583694458008,-0.004902808461338282,-0.008608865551650524,0.0012417009565979242,0.009984584525227547
lqr,3,1,36,89,0.72,-3.520211696624756,4.2674641609191895,0.8681456446647644,0.030623797327280045,-0.015167966485023499,-0.002728853840380907,0.034283097833395004,-3.5144126415252686,4.264592170715332,0.870749294757843,-0.4723969101905823,0.18595793843269348,15.89647388458252,15.90457820892334,-0.0029181456193327904,-0.00760851101949811,1.9080798665527254e-05,0.008148949593305588
rl,0,1,35,90,0.7000000000000001,5.0858306884765625,-5.1622748374938965,0.661977231502533,0.2008482664823532,-0.2188359498977661,-0.6411745548248291,0.7066356539726257,5.9444499015808105,-4.602548122406006,0.9772127866744995,-0.4975678324699402,-1.452392578125,13.851412773132324,13.936235427856445,-0.0033880702685564756,-0.0071969227865338326,0.0002338013146072626,0.007957976311445236
rl,1,1,36,90,0.72,4.941277027130127,4.992326736450195,0.57623690366745,-0.07728398591279984,-0.04112643748521805,-0.665424108505249,0.6711583137512207,6.420684814453125,3.638507604598999,1.2151505947113037,1.2426657676696777,-1.431523323059082,15.394264221191406,15.510540008544922,-0.0020343135111033916,-0.008689777925610542,-8.200087177101523e-05,0.008925098925828934
rl,2,1,29,90,0.58,-5.016089916229248,-5.062686443328857,0.7504393458366394,-0.10263630747795105,-0.03098641335964203,-0.5339925289154053,0.5446488857269287,-4.548476219177246,-6.977994441986084,0.794032871723175,-0.7684656381607056,1.5402253866195679,14.206031799316406,14.309932708740234,-0.0033070864155888557,-0.00932152196764946,0.00013404751371126622,0.009891691617667675
rl,3,1,37,90,0.74,-5.107761859893799,4.902227401733398,0.626102864742279,-0.12367241829633713,-0.044210150837898254,-0.6241349577903748,0.6378039121627808,-3.5144126415252686,4.264592170715332,0.870749294757843,-0.8225069046020508,1.5660736560821533,15.100035667419434,15.20329475402832,-0.0036722964141517878,-0.00919418502599001,0.00023539103858638555,0.009903241880238056
lqr,0,1,35,90,0.7000000000000001,5.940147876739502,-4.604358196258545,0.9742106795310974,0.022723272442817688,0.009563685394823551,-0.0006237250054255128,0.02466171607375145,5.9444499015808105,-4.602548122406006,0.9772127866744995,-0.44674575328826904,-0.012165259569883347,15.87903118133545,15.885318756103516,-0.0019303086446598172,-0.009006120264530182,-0.000158881361130625,0.009212031960487366
lqr,1,1,36,90,0.72,6.415135860443115,3.6438217163085938,1.2112023830413818,0.029298990964889526,-0.028075333684682846,0.004372882656753063,0.040813934057950974,6.420684814453125,3.638507604598999,1.2151505947113037,-0.4819396436214447,0.2995477616786957,15.834874153137207,15.845038414001465,-0.00343962199985981,-0.00826248899102211,0.00010533938620937988,0.008950464427471161
lqr,2,1,29,90,0.58,-4.553670883178711,-6.955236911773682,0.7933181524276733,0.02743416279554367,-0.12019044905900955,-0.012705430388450623,0.12393468618392944,-4.548476219177246,-6.977994441986084,0.794032871723175,-0.43725496530532837,1.0441428422927856,15.981890678405762,16.021930694580078,-0.0044840360060334206,-0.008477938361465931,0.0010725854663178325,0.009650515392422676
lqr,3,1,37,90,0.74,-3.5193819999694824,4.267053604125977,0.8680717945098877,0.02624276652932167,-0.012999218888580799,-0.002338520484045148,0.029379094019532204,-3.5144126415252686,4.264592170715332,0.870749294757843,-0.4416588246822357,0.17053057253360748,15.89350414276123,15.900553703308105,-0.00290868803858757,-0.007543180603533983,9.770493306859862e-06,0.008084561675786972
rl,0,1,36,91,0.72,5.091815948486328,-5.168755054473877,0.6422861218452454,0.19887779653072357,-0.21458446979522705,-0.66396564245224,0.7255682349205017,5.9444499015808105,-4.602548122406006,0.9772127866744995,-0.3279915452003479,0.28202328085899353,14.644704818725586,14.651091575622559,-0.002402245532721281,-0.007730820681899786,7.554130570497364e-05,0.008095805533230305
rl,1,1,37,91,0.74,4.938526630401611,4.990536212921143,0.555598795413971,-0.09890337288379669,-0.06893319636583328,-0.6992008686065674,0.7095178365707397,6.420684814453125,3.638507604598999,1.2151505947113037,-1.4089112281799316,-1.4360781908035278,14.040629386901855,14.184026718139648,-0.0011806277325376868,-0.008309263736009598,-0.00021121832833159715,0.008395377546548843
rl,2,1,30,91,0.6,-5.018612861633301,-5.064171314239502,0.7344118356704712,-0.07481485605239868,-0.058799028396606445,-0.5343815684318542,0.542787492275238,-4.548476219177246,-6.977994441986084,0.794032871723175,1.2824385166168213,-1.4468179941177368,15.88183307647705,15.999079704284668,-0.003175026271492243,-0.008813636377453804,0.00015548257215414196,0.009369373321533203
rl,3,1,38,91,0.76,-5.111966609954834,4.901456356048584,0.6070932149887085,-0.14838320016860962,-0.01641407050192356,-0.6384134292602539,0.6556360721588135,-3.5144126415252686,4.264592170715332,0.870749294757843,-1.6066522598266602,1.569679856300354,15.074406623840332,15.240832328796387,-0.004193463828414679,-0.009634154848754406,0.00032066457788459957,0.01051213126629591
lqr,0,1,36,91,0.72,5.940763473510742,-4.604099273681641,0.9741937518119812,0.01946861669421196,0.008193295449018478,-0.0005346701364032924,0.021129196509718895,5.9444499015808105,-4.602548122406006,0.9772127866744995,-0.4274154305458069,0.0013349242508411407,15.8784818649292,15.884233474731445,-0.0019607380963861942,-0.008947701193392277,-0.00013687660975847393,0.00916103646159172
lqr,1,1,37,91,0.74,6.415928840637207,3.643061637878418,1.2113207578659058,0.025114312767982483,-0.024057578295469284,0.0037470743991434574,0.03497908636927605,6.420684814453125,3.638507604598999,1.2151505947113037,-0.4530986547470093,0.26820558309555054,15.840575218200684,15.849324226379395,-0.0033835137728601694,-0.008237413130700588,8.12213693279773e-05,0.008905601687729359
lqr,2,1,30,91,0.6,-4.5529279708862305,-6.958493232727051,0.7929741144180298,0.023507772013545036,-0.10299469530582428,-0.010887895710766315,0.10620296001434326,-4.548476219177246,-6.977994441986084,0.794032871723175,-0.4111241102218628,0.9010646343231201,15.96646785736084,15.997157096862793,-0.004129698034375906,-0.008363484404981136,0.0009243646054528654,0.009373191744089127
lqr,3,1,38,91,0.76,-3.5186712741851807,4.2667012214660645,0.8680083155632019,0.022488689050078392,-0.011142491362988949,-0.002003640867769718,0.02517758682370186,-3.5144126415252686,4.264592170715332,0.870749294757843,-0.4164867699146271,0.15724563598632812,15.890976905822754,15.897211074829102,-0.0029049445874989033,-0.007493236102163792,2.156522896257229e-06,0.008036622777581215
rl,0,1,37,92,0.74,5.098340034484863,-5.175274848937988,0.6219648122787476,0.2266952097415924,-0.21863281726837158,-0.6840813159942627,0.7530991435050964,5.9444499015808105,-4.602548122406006,0.9772127866744995,1.269874930381775,-0.16348834335803986,14.815648078918457,14.870868682861328,-0.002454449189826846,-0.007663564756512642,7.890294364187866e-05,0.008047407492995262
rl,1,1,38,92,0.76,4.93522834777832,4.988821983337402,0.5347475409507751,-0.11544672399759293,-0.051272109150886536,-0.6929633617401123,0.7043827176094055,6.420684814453125,3.638507604598999,1.2151505947113037,-1.180487036705017,1.0274291038513184,16.192068099975586,16.267520904541016,-0.0012625802773982286,-0.009222636930644512,-0.0002649625821504742,0.009312429465353489
rl,2,1,31,92,0.62,-5.020908355712891,-5.066213607788086,0.7185051441192627,-0.0774138867855072,-0.07272127270698547,-0.5281462073326111,0.538720428943634,-4.548476219177246,-6.977994441986084,0.794032871723175,-0.37102213501930237,-0.6940725445747375,16.213897705078125,16.232986450195312,-0.0020968106109648943,-0.008312362246215343,1.1261217878200114e-05,0.008572753518819809
rl,3,1,39,92,0.78,-5.116130352020264,4.901036262512207,0.5878242254257202,-0.13408322632312775,-0.012766562402248383,-0.6442385911941528,0.6581676602363586,-3.5144126415252686,4.264592170715332,0.870749294757843,0.47998571395874023,0.2727031111717224,15.57496166229248,15.584742546081543,-0.0042021009139716625,-0.009719626978039742,0.0003435076796449721,0.010594658553600311
lqr,0,1,37,92,0.74,5.941290378570557,-4.603878021240234,0.9741791486740112,0.016685176640748978,0.007020795252174139,-0.00045835901983082294,0.01810791902244091,5.9444499015808105,-4.602548122406006,0.9772127866744995,-0.4114120304584503,0.013271143659949303,15.877925872802734,15.883260726928711,-0.0019869711250066757,-0.008899111300706863,-0.00011783613445004448,0.009118997491896152
lqr,1,1,38,92,0.76,6.416610240936279,3.6424100399017334,1.2114222049713135,0.021522630006074905,-0.020616726949810982,0.0032113399356603622,0.02997642010450363,6.420684814453125,3.638507604598999,1.2151505947113037,-0.43033647537231445,0.24165576696395874,15.845548629760742,15.853233337402344,-0.003335815155878663,-0.00822620838880539,6.19741840637289e-05,0.008877049200236797
lqr,2,1,31,92,0.62,-4.552289962768555,-6.961282253265381,0.7926790714263916,0.02014445886015892,-0.08826102316379547,-0.00932999700307846,0.0910101979970932,-4.548476219177246,-6.977994441986084,0.794032871723175,-0.3900381624698639,0.7782429456710815,15.953407287597656,15.977139472961426,-0.0038309397641569376,-0.00826315674930811,0.0007947494741529226,0.0091426195576787
lqr,3,1,39,92,0.78,-3.518062114715576,4.266399383544922,0.8679540157318115,0.019272781908512115,-0.009548556059598923,-0.0017165200551971793,0.02157687395811081,-3.5144126415252686,4.264592170715332,0.870749294757843,-0.3959055542945862,0.1461721658706665,15.888766288757324,15.894370079040527,-0.002905922243371606,-0.007456709630787373,-3.935655513487291e-06,0.008002931252121925
rl,0,1,38,93,0.76,5.1052165031433105,-5.181278228759766,0.6014618277549744,0.23047783970832825,-0.19086793065071106,-0.683113694190979,0.7457847595214844,5.9444499015808105,-4.602548122406006,0.9772127866744995,-0.050390101969242096,1.5595691204071045,15.926050186157227,16.002307891845703,-0.0027530775405466557,-0.007379457820206881,0.00013312016380950809,0.007877407595515251
rl,1,1,39,93,0.78,4.931620121002197,4.9872307777404785,0.5133036971092224,-0.12266887724399567,-0.05395139753818512,-0.7257078886032104,0.7379772067070007,6.420684814453125,3.638507604598999,1.2151505947113037,-0.6485646963119507,-0.0777619332075119,14.10294246673584,14.118062019348145,-0.0021067128982394934,-0.009637586772441864,-0.00016454508295282722,0.009866529144346714
rl,2,1,32,93,0.64,-5.022674560546875,-5.0689496994018555,0.7025470733642578,-0.04959387332201004,-0.10052879899740219,-0.5338365435600281,0.5454787015914917,-4.548476219177246,-6.977994441986084,0.794032871723175,1.2711251974105835,-1.4440202713012695,15.597395896911621,15.715588569641113,-0.0015727353747934103,-0.008328640833497047,-9.021960431709886e-05,0.008476314134895802
rl,3,1,40,93,0.8,-5.1201324462890625,4.901209831237793,0.5678262710571289,-0.13311481475830078,0.01503037754446268,-0.677781879901886,0.6908934712409973,-3.5144126415252686,4.264592170715332,0.870749294757843,-0.2183740735054016,1.5714523792266846,14.059402465820312,14.148637771606445,-0.003964767791330814,-0.00895385630428791,0.00035200262209400535,0.009798715822398663
lqr,0,1,38,93,0.76,5.941742897033691,-4.603687286376953,0.974166750907898,0.014296763576567173,0.0060172234661877155,-0.0003923627082258463,0.015516390092670918,5.9444499015808105,-4.602548122406006,0.9772127866744995,-0.39986759424209595,0.02357844077050686,15.877463340759277,15.882514953613281,-0.0020097296219319105,-0.008859035558998585,-0.0001013727523968555,0.009084701538085938
lqr,1,1,39,93,0.78,6.41719388961792,3.6418519020080566,1.211509108543396,0.01844169944524765,-0.017668694257736206,0.002752613741904497,0.02568766102194786,6.420684814453125,3.638507604598999,1.2151505947113037,-0.4114323556423187,0.2194698601961136,15.84975814819336,15.856616020202637,-0.003294611582532525,-0.00822695903480053,4.701106809079647e-05,0.008862253278493881
lqr,2,1,32,93,0.64,-4.5517449378967285,-6.963673114776611,0.7924261689186096,0.017260517925024033,-0.07563646882772446,-0.00799465924501419,0.07799176871776581,-4.548476219177246,-6.977994441986084,0.794032871723175,-0.3727445602416992,0.6737987399101257,15.942172050476074,15.960758209228516,-0.0035798586905002594,-0.008175627328455448,0.0006815578090026975,0.008951021358370781
lqr,3,1,40,93,0.8,-3.517540216445923,4.266139984130859,0.8679075837135315,0.01651616394519806,-0.00818009115755558,-0.0014707172522321343,0.018489472568035126,-3.5144126415252686,4.264592170715332,0.870749294757843,-0.3792490065097809,0.13747531175613403,15.88686466217041,15.891985893249512,-0.002910394687205553,-0.007431894540786743,-8.698456440470181e-06,0.00798144843429327
rl,0,1,39,94,0.78,5.112326145172119,-5.1864495277404785,0.5805912613868713,0.2401370406150818,-0.1630701720714569,-0.701973021030426,0.7596208453178406,5.9444499015808105,-4.602548122406006,0.9772127866744995,0.2768807113170624,1.560238003730774,14.861388206481934,14.945630073547363,-0.0036767935380339622,-0.0077968258410692215,0.00027558012516237795,0.008624688722193241
rl,1,1,40,94,0.8,4.927884578704834,4.985856533050537,0.49064430594444275,-0.12545102834701538,-0.04179127886891365,-0.770119309425354,0.7813886404037476,6.420684814453125,3.638507604598999,1.2151505947113037,-0.4047551155090332,0.7214693427085876,13.473883628845215,13.499255180358887,-0.002255735918879509,-0.00920424610376358,-0.0001217417448060587,0.009477410465478897
rl,2,1,33,94,0.66,-5.023707389831543,-5.071747779846191,0.6864272356033325,-0.02689637802541256,-0.0896654799580574,-0.5390751361846924,0.5471428632736206,-4.548476219177246,-6.977994441986084,0.794032871723175,0.9879328608512878,0.6433157324790955,15.610485076904297,15.654938697814941,-0.0014261141186580062,-0.007584365550428629,-0.00011295315925963223,0.007718105800449848
rl,3,1,41,94,0.8200000000000001,-5.124327659606934,4.90221643447876,0.5469306707382202,-0.1431366354227066,0.04282625392079353,-0.7058830261230469,0.7215213179588318,-3.5144126415252686,4.264592170715332,0.870749294757843,-0.8242102861404419,1.5765424966812134,14.340692520141602,14.450614929199219,-0.004315333906561136,-0.008796975947916508,0.0004311276425141841,0.009807893075048923
lqr,0,1,39,94,0.78,5.942129611968994,-4.603525161743164,0.9741562008857727,0.012251549400389194,0.0051565212197601795,-0.00033594819251447916,0.013296729885041714,5.9444499015808105,-4.602548122406006,0.9772127866744995,-0.390377014875412,0.033130619674921036,15.877060890197754,15.8818941116333,-0.0020292061381042004,-0.008826467208564281,-8.719468314666301e-05,0.009057140909135342
lqr,1,1,40,94,0.8,6.417693138122559,3.641373872756958,1.2115833759307861,0.01579933799803257,-0.01514276023954153,0.0023592179641127586,0.02201109193265438,6.420684814453125,3.638507604598999,1.2151505947113037,-0.39674973487854004,0.2008495032787323,15.853342056274414,15.859578132629395,-0.0032583484426140785,-0.008237517438828945,3.582732824725099e-05,0.00885860063135624
lqr,2,1,33,94,0.66,-4.551277160644531,-6.96572208404541,0.7922095656394958,0.014791925437748432,-0.06481822580099106,-0.006850354373455048,0.06683660298585892,-4.548476219177246,-6.977994441986084,0.794032871723175,-0.3589364290237427,0.5845486521720886,15.932567596435547,15.947327613830566,-0.003369939513504505,-0.008098870515823364,0.000582886568736285,0.008791356347501278
lqr,3,1,41,94,0.8200000000000001,-3.517092704772949,4.265918731689453,0.8678678274154663,0.014151760376989841,-0.007007660809904337,-0.0012608602410182357,0.0158420130610466,-3.5144126415252686,4.264592170715332,0.870749294757843,-0.36610376834869385,0.13010427355766296,15.8851900100708,15.889941215515137,-0.0029176531825214624,-0.0074172778986394405,-1.2272367712284904e-05,0.00797049980610609
rl,0,1,40,95,0.8,5.120015621185303,-5.191897392272949,0.5590192079544067,0.2643968462944031,-0.19088347256183624,-0.7276183366775513,0.7973522543907166,5.9444499015808105,-4.602548122406006,0.9772127866744995,1.0632926225662231,-1.4382076263427734,14.521378517150879,14.631113052368164,-0.0034511180128902197,-0.007489061448723078,0.0002843881957232952,0.00825088657438755
rl,1,1,41,95,0.8200000000000001,4.92467737197876,4.984896659851074,0.467139333486557,-0.09763062000274658,-0.02709371969103813,-0.7901891469955444,0.796658456325531,6.420684814453125,3.638507604598999,1.2151505947113037,1.2137327194213867,0.8668597936630249,14.818001747131348,14.892876625061035,-0.002720857271924615,-0.008436950854957104,-4.837758297071559e-06,0.008864831179380417
rl,2,1,34,95,0.68,-5.024693965911865,-5.073999881744385,0.6699181199073792,-0.03583015128970146,-0.067805714905262,-0.5559174418449402,0.5611823797225952,-4.548476219177246,-6.977994441986084,0.794032871723175,-0.7151435017585754,1.2363137006759644,14.955883979797363,15.023926734924316,-0.0023449368309229612,-0.007692769169807434,1.727223934722133e-05,0.008042246103286743
rl,3,1,42,95,0.84,-5.128065586090088,4.903560638427734,0.5255869626998901,-0.11531585454940796,0.04578208178281784,-0.7142373919487,0.7249336242675781,-3.5144126415252686,4.264592170715332,0.870749294757843,1.1878701448440552,0.246006041765213,15.45405101776123,15.501588821411133,-0.004239385481923819,-0.00857891608029604,0.00045070319902151823,0.009579839184880257
lqr,0,1,40,95,0.8,5.942461967468262,-4.603384017944336,0.9741471409797668,0.010500206612050533,0.004419656470417976,-0.000288100796751678,0.011396083049476147,5.9444499015808105,-4.602548122406006,0.9772127866744995,-0.38368865847587585,0.04103260487318039,15.876694679260254,15.881382942199707,-0.0020462414249777794,-0.008800040930509567,-7.494149031117558e-05,0.009035122580826283
lqr,1,1,41,95,0.8200000000000001,6.418121814727783,3.640963315963745,1.2116475105285645,0.013537147082388401,-0.0129768755286932,0.0020221893209964037,0.01886114850640297,6.420684814453125,3.638507604598999,1.2151505947113037,-0.38495057821273804,0.18545842170715332,15.856362342834473,15.8621187210083,-0.0032256816048175097,-0.00825622957199812,2.7945146939600818e-05,0.008864035829901695
lqr,2,1,34,95,0.68,-4.550877094268799,-6.967477798461914,0.7920241355895996,0.0126755116507411,-0.05554146319627762,-0.005869879852980375,0.057271093130111694,-4.548476219177246,-6.977994441986084,0.794032871723175,-0.3482713997364044,0.5084985494613647,15.924304008483887,15.936226844787598,-0.0031956357415765524,-0.008031796663999557,0.0004970113513991237,0.00865845661610365
lqr,3,1,42,95,0.84,-3.5167088508605957,4.265728950500488,0.8678337335586548,0.012126880697906017,-0.006006948184221983,-0.00108087167609483,0.013576189987361431,-3.5144126415252686,4.264592170715332,0.870749294757843,-0.35549136996269226,0.12413875758647919,15.88378620147705,15.888248443603516,-0.0029267356730997562,-0.007411450147628784,-1.4816218936175574e-05,0.007968412712216377
rl,0,1,41,96,0.8200000000000001,5.128504276275635,-5.197091579437256,0.5371237993240356,0.2922125458717346,-0.16426149010658264,-0.7309606671333313,0.8041601181030273,5.9444499015808105,-4.602548122406006,0.9772127866744995,1.2291531562805176,1.5058014392852783,15.715344429016113,15.835097312927246,-0.0027920473366975784,-0.006965655833482742,0.00020865621627308428,0.0075072916224598885
rl,1,1,42,96,0.84,4.921928405761719,4.984639644622803,0.44355836510658264,-0.08860743045806885,0.0007049682317301631,-0.7839534878730774,0.7889453768730164,6.420684814453125,3.638507604598999,1.2151505947113037,0.16523215174674988,1.583744764328003,16.213478088378906,16.29148292541504,-0.0033215214498341084,-0.007870236411690712,0.000143578348797746,0.008543637581169605
rl,2,1,35,96,0.7000000000000001,-5.026323318481445,-5.07547664642334,0.6529439091682434,-0.06361968070268631,-0.04000690206885338,-0.5707457065582275,0.5756723880767822,-4.548476219177246,-6.977994441986084,0.794032871723175,-1.7413341999053955,1.5599313974380493,15.04629135131836,15.226835250854492,-0.0032100824173539877,-0.008714347146451473,0.00012927225907333195,0.009287689812481403
rl,3,1,43,96,0.86,-5.131618499755859,4.904378414154053,0.5036429166793823,-0.11996983736753464,0.017969224601984024,-0.7400866150856018,0.749962568283081,-3.5144126415252686,4.264592170715332,0.870749294757843,-0.5514395236968994,-1.4160867929458618,14.484102249145508,14.563605308532715,-0.0032486263662576675,-0.00808925461024046,0.0003279331140220165,0.008723367936909199
lqr,0,1,41,96,0.8200000000000001,5.942745685577393,-4.603264808654785,0.9741393327713013,0.008998041041195393,0.0037849226500838995,-0.00024716832558624446,0.009764807298779488,5.9444499015808105,-4.602548122406006,0.9772127866744995,-0.379184365272522,0.04853101819753647,15.876311302185059,15.880912780761719,-0.0020607600454241037,-0.00877919141203165,-6.442671292461455e-05,0.009018042124807835
lqr,1,1,42,96,0.84,6.4184889793396,3.6406118869781494,1.2117022275924683,0.011600522324442863,-0.011119171977043152,0.0017326964298263192,0.016162002459168434,6.420684814453125,3.638507604598999,1.2151505947113037,-0.3756341338157654,0.1724444031715393,15.859007835388184,15.86439323425293,-0.003195494879037142,-0.008281705901026726,2.2948261175770313e-05,0.008876844309270382
lqr,2,1,35,96,0.7000000000000001,-4.550534248352051,-6.968982219696045,0.7918649315834045,0.010863641276955605,-0.04759490489959717,-0.005029986146837473,0.04907743260264397,-4.548476219177246,-6.977994441986084,0.794032871723175,-0.34001901745796204,0.4434051811695099,15.917309761047363,15.927114486694336,-0.003051585517823696,-0.007973297499120235,0.00042231357656419277,0.008547748439013958
lqr,3,1,43,96,0.86,-3.516381025314331,4.265566349029541,0.8678042888641357,0.010392985306680202,-0.005147849675267935,-0.0009260948863811791,0.011634953320026398,-3.5144126415252686,4.264592170715332,0.870749294757843,-0.34758663177490234,0.11946363747119904,15.882580757141113,15.886833190917969,-0.002937345067039132,-0.007413105573505163,-1.64013727044221e-05,0.00797385722398758
rl,0,1,42,97,0.84,5.137508392333984,-5.2014946937561035,0.5146627426147461,0.30408018827438354,-0.13804097473621368,-0.7575688362121582,0.827907383441925,5.9444499015808105,-4.602548122406006,0.9772127866744995,0.3848477602005005,1.4817155599594116,14.445304870605469,14.52619743347168,-0.003638198832049966,-0.00688480120152235,0.0003525585634633899,0.007794952020049095
rl,1,1,43,97,0.86,4.919512748718262,4.985217094421387,0.4196793735027313,-0.07643634080886841,0.028501495718955994,-0.8019765615463257,0.806114912033081,6.420684814453125,3.638507604598999,1.2151505947113037,0.35374361276626587,1.580338716506958,14.908126831054688,14.995827674865723,-0.0040108803659677505,-0.008062220178544521,0.0002907779417000711,0.009009500965476036
rl,2,1,36,97,0.72,-5.027675628662109,-5.076453685760498,0.6359460949897766,-0.035797204822301865,-0.028834251686930656,-0.5645135045051575,0.5663818120956421,-4.548476219177246,-6.977994441986084,0.794032871723175,1.2310166358947754,0.6707797050476074,16.234983444213867,16.295398712158203,-0.0036794482730329037,-0.009081273339688778,0.00021570228273048997,0.009800733998417854
rl,3,1,44,97,0.88,-5.135040760040283,4.904750347137451,0.4811277985572815,-0.11110579967498779,0.00959867238998413,-0.7557119727134705,0.763896107673645,-3.5144126415252686,4.264592170715332,0.870749294757843,0.15903900563716888,-0.362166166305542,15.044754981994629,15.049954414367676,-0.002185286721214652,-0.008311239071190357,0.00012986559886485338,0.008594710379838943
lqr,0,1,42,97,0.84,5.942988395690918,-4.60316276550293,0.9741325974464417,0.007713336497545242,0.0032439015340059996,-0.00021192272834014148,0.008370386436581612,5.9444499015808105,-4.602548122406006,0.9772127866744995,-0.37650468945503235,0.05518292635679245,15.875996589660645,15.8805570602417,-0.002073533833026886,-0.008762844838202,-5.534917727345601e-05,0.009005001746118069
lqr,1,1,43,97,0.86,6.418803691864014,3.6403110027313232,1.2117493152618408,0.009938367642462254,-0.009530122391879559,0.0014846835983917117,0.013849139213562012,6.420684814453125,3.638507604598999,1.2151505947113037,-0.36927515268325806,0.16145899891853333,15.86120319366455,15.86632251739502,-0.0031666141003370285,-0.008312663063406944,2.041216976067517e-05,0.008895404636859894
lqr,2,1,36,97,0.72,-4.550239562988281,-6.970272064208984,0.7917287945747375,0.009311353787779808,-0.0407874658703804,-0.004310454707592726,0.04205827787518501,-4.548476219177246,-6.977994441986084,0.794032871723175,-0.33419913053512573,0.3876917362213135,15.911221504211426,15.919452667236328,-0.002933730138465762,-0.007922547869384289,0.0003574150032363832,0.008455842733383179
lqr,3,1,44,97,0.88,-3.5160999298095703,4.265427112579346,0.867779016494751,0.008906648494303226,-0.004412606358528137,-0.0007932090666145086,0.009971392340958118,-3.5144126415252686,4.264592170715332,0.870749294757843,-0.34179410338401794,0.115778848528862,15.881540298461914,15.885640144348145,-0.002948816167190671,-0.007421465590596199,-1.715450889605563e-05,0.007985860109329224
rl,0,1,43,98,0.86,5.146075248718262,-5.205455303192139,0.4920605421066284,0.2762875258922577,-0.12902170419692993,-0.7513301372528076,0.8108504414558411,5.9444499015808105,-4.602548122406006,0.9772127866744995,-1.7928214073181152,0.5660300254821777,16.182668685913086,16.29151153564453,-0.003909402992576361,-0.007770027499645948,0.00038811328704468906,0.008706743828952312
rl,1,1,44,98,0.88,4.917701244354248,4.98581075668335,0.39529192447662354,-0.052338629961013794,0.015418045222759247,-0.8183847665786743,0.8202016353607178,6.420684814453125,3.638507604598999,1.2151505947113037,0.9880297183990479,-0.6208531260490417,15.020915031433105,15.06617259979248,-0.0038398976903408766,-0.007731166202574968,0.00032970853499136865,0.00863854493945837
rl,2,1,37,98,0.74,-5.028669834136963,-5.077184677124023,0.6185427904129028,-0.031778186559677124,-0.022135648876428604,-0.5879030823707581,0.5891772508621216,-4.548476219177246,-6.977994441986084,0.794032871723175,-0.0335308313369751,0.42591550946235657,14.616499900817871,14.622742652893066,-0.0035374113358557224,-0.008319378830492496,0.00025362471933476627,0.00904376432299614
rl,3,1,45,98,0.9,-5.138120651245117,4.9055562019348145,0.45779088139533997,-0.09841397404670715,0.03549105301499367,-0.7889912724494934,0.7958970665931702,-3.5144126415252686,4.264592170715332,0.870749294757843,0.3790801465511322,1.4823379516601562,14.085869789123535,14.16872501373291,-0.002431645756587386,-0.008061112836003304,0.0001385605282848701,0.008421024307608604
lqr,0,1,43,98,0.86,5.943197727203369,-4.603074550628662,0.9741268754005432,0.006612749304622412,0.002781449118629098,-0.00018149868992622942,0.007176200859248638,5.9444499015808105,-4.602548122406006,0.9772127866744995,-0.37538641691207886,0.06123000755906105,15.87570858001709,15.880264282226562,-0.0020846582483500242,-0.008750618435442448,-4.753914981847629e-05,0.008995631709694862
lqr,1,1,44,98,0.88,6.41907262802124,3.640052318572998,1.2117894887924194,0.008514891378581524,-0.008165641687810421,0.0012720945524051785,0.011865888722240925,6.420684814453125,3.638507604598999,1.2151505947113037,-0.36454617977142334,0.15301598608493805,15.86314868927002,15.868074417114258,-0.0031383519526571035,-0.008348007686436176,1.998587504203897e-05,0.00891845766454935
lqr,2,1,37,98,0.74,-4.549988269805908,-6.971376895904541,0.7916119694709778,0.007979318499565125,-0.03494900465011597,-0.003693830221891403,0.03603813052177429,-4.548476219177246,-6.977994441986084,0.794032871723175,-0.3301406502723694,0.3408483564853668,15.906076431274414,15.913152694702148,-0.0028384372126311064,-0.00787882786244154,0.0003010875952895731,0.008379935286939144
lqr,3,1,45,98,0.9,-3.5158584117889404,4.265307903289795,0.8677576780319214,0.007634734269231558,-0.003782089101150632,-0.0006791487685404718,0.008547198958694935,-3.5144126415252686,4.264592170715332,0.870749294757843,-0.3377082943916321,0.11326669156551361,15.88058853149414,15.88458251953125,-0.0029606427997350693,-0.007435480132699013,-1.7164853488793597e-05,0.008003253489732742
rl,0,1,44,99,0.88,5.15477180480957,-5.209469318389893,0.4695068597793579,0.29672107100486755,-0.1362277865409851,-0.7520184516906738,0.8198372721672058,5.9444499015808105,-4.602548122406006,0.9772127866744995,0.8067197203636169,-0.3080148696899414,15.861105918884277,15.884594917297363,-0.0035363496281206608,-0.008787663653492928,0.0003022899618372321,0.009477350860834122
rl,1,1,45,99,0.9,4.915925979614258,4.986039638519287,0.3708650767803192,-0.06258922070264816,0.0037472813855856657,-0.81214839220047,0.8145651817321777,6.420684814453125,3.638507604598999,1.2151505947113037,-0.8968926668167114,-0.5350055694580078,16.20302391052246,16.236644744873047,-0.00286597921513021,-0.007881507277488708,0.00019956694450229406,0.008388791233301163
rl,2,1,38,99,0.76,-5.029151916503906,-5.077846050262451,0.6009280681610107,-0.008239046670496464,-0.022028848528862,-0.5867867469787598,0.5872579216957092,-4.548476219177246,-6.977994441986084,0.794032871723175,0.9892744421958923,0.07907204329967499,15.958562850952148,15.989391326904297,-0.0032332611735910177,-0.008059380576014519,0.00023868531570769846,0.008687034249305725
rl,3,1,46,99,0.92,-5.14155912399292,4.906346797943115,0.4341777265071869,-0.12266579270362854,0.021758856251835823,-0.7861618995666504,0.7959716320037842,-3.5144126415252686,4.264592170715332,0.870749294757843,-1.663116693496704,-0.6407219767570496,16.0025577545166,16.10150146484375,-0.0028415601700544357,-0.008395656943321228,0.00017715143621899188,0.008865263313055038
lqr,0,1,44,99,0.88,5.943377494812012,-4.602998733520508,0.9741220474243164,0.00566554069519043,0.0023818733170628548,-0.00015548123337794095,0.0061478326097130775,5.9444499015808105,-4.602548122406006,0.9772127866744995,-0.3759639263153076,0.06630531698465347,15.875419616699219,15.880009651184082,-0.0020943384151905775,-0.008741873316466808,-4.083857493242249e-05,0.00898934155702591
lqr,1,1,45,99,0.9,6.419304847717285,3.639831066131592,1.2118239402770996,0.007298480253666639,-0.006996044423431158,0.0010897750034928322,0.010168582201004028,6.420684814453125,3.638507604598999,1.2151505947113037,-0.3614441156387329,0.14550523459911346,15.864740371704102,15.869524002075195,-0.003110229969024658,-0.008386492729187012,2.1382620616350323e-05,0.0089446771889925
lqr,2,1,38,99,0.76,-4.549771785736084,-6.972323417663574,0.7915119528770447,0.006840451154857874,-0.029946960508823395,-0.003165261819958687,0.030880916863679886,-4.548476219177246,-6.977994441986084,0.794032871723175,-0.32731422781944275,0.30051037669181824,15.901616096496582,15.907822608947754,-0.0027624352369457483,-0.007840992882847786,0.0002522433933336288,0.00831720232963562
lqr,3,1,46,99,0.92,-3.5156514644622803,4.265204906463623,0.867739200592041,0.006540700327605009,-0.003242234466597438,-0.0005819530342705548,0.0073233540169894695,-3.5144126415252686,4.264592170715332,0.870749294757843,-0.335614413022995,0.11150142550468445,15.879765510559082,15.883703231811523,-0.0029724317137151957,-0.007454470731317997,-1.651463026064448e-05,0.008025256916880608
rl,0,1,45,100,0.9,5.16394567489624,-5.2129998207092285,0.44668179750442505,0.3104042410850525,-0.1084289625287056,-0.765241265296936,0.8328876495361328,5.9444499015808105,-4.602548122406006,0.9772127866744995,0.4483937621116638,1.5797189474105835,15.16840934753418,15.257038116455078,-0.003374170046299696,-0.008185668848454952,0.00029253584216348827,0.008858655579388142
rl,1,1,46,100,0.92,4.913987636566162,4.986708641052246,0.346625417470932,-0.06562772393226624,0.031547077000141144,-0.8059119582176208,0.8091948628425598,6.420684814453125,3.638507604598999,1.2151505947113037,-0.5160700082778931,1.5967490673065186,16.19837760925293,16.285066604614258,-0.0028787374030798674,-0.008897445164620876,0.00015493812679778785,0.009352842345833778
rl,2,1,39,100,0.78,-5.029932975769043,-5.078618049621582,0.5825455784797668,-0.03492674231529236,-0.027569985017180443,-0.6257253289222717,0.6273054480552673,-4.548476219177246,-6.977994441986084,0.794032871723175,-1.6882429122924805,-0.23307956755161285,13.750685691833496,13.85589599609375,-0.0028293028008192778,-0.008172870613634586,0.00018226828251499683,0.008650664240121841
rl,3,1,47,100,0.9400000000000001,-5.145730495452881,4.906442642211914,0.41071757674217224,-0.14713546633720398,-0.006050735712051392,-0.7799248695373535,0.793705403804779,-3.5144126415252686,4.264592170715332,0.870749294757843,-1.6881163120269775,-1.3968570232391357,16.19013786315918,16.337732315063477,-0.0020954404026269913,-0.00981691014021635,-1.2202293873997405e-05,0.010038064792752266
lqr,0,1,45,100,0.9,5.943531036376953,-4.60293436050415,0.9741178154945374,0.004853523802012205,0.0020393594168126583,-0.0001337911089649424,0.0052662682719528675,5.9444499015808105,-4.602548122406006,0.9772127866744995,-0.3766271471977234,0.07116518169641495,15.875149726867676,15.879776000976562,-0.0021027466282248497,-0.00873607862740755,-3.510194073896855e-05,0.008985646069049835
lqr,1,1,46,100,0.92,6.4195027351379395,3.639641523361206,1.2118535041809082,0.00625053234398365,-0.0059945108368992805,0.0009339247480966151,0.008710656315088272,6.420684814453125,3.638507604598999,1.2151505947113037,-0.3602880835533142,0.1396627426147461,15.866057395935059,15.87076187133789,-0.0030814725905656815,-0.008427456021308899,2.42500191234285e-05,0.00897318683564663
lqr,2,1,39,100,0.78,-4.549586772918701,-6.973134517669678,0.7914263010025024,0.005862587597221136,-0.025665106251835823,-0.002712700515985489,0.02646556869149208,-4.548476219177246,-6.977994441986084,0.794032871723175,-0.32598915696144104,0.2659677267074585,15.897781372070312,15.90334701538086,-0.002702828496694565,-0.007808665744960308,0.00020989404583815485,0.008265869691967964
lqr,3,1,47,100,0.9400000000000001,-3.5154738426208496,4.265117168426514,0.867723286151886,0.005606528837233782,-0.0027766169514507055,-0.0004982299287803471,0.006276225205510855,-3.5144126415252686,4.264592170715332,0.870749294757843,-0.3343113660812378,0.11038675904273987,15.879096984863281,15.882999420166016,-0.0029840534552931786,-0.007477594073861837,-1.5254112440743484e-05,0.008051038719713688
rl,0,1,46,101,0.92,5.17381477355957,-5.216306686401367,0.4238491952419281,0.33822304010391235,-0.1111086905002594,-0.7590087652206421,0.8383521437644958,5.9444499015808105,-4.602548122406006,0.9772127866744995,1.1831382513046265,-0.055415574461221695,16.241741180419922,16.28487205505371,-0.0036637960001826286,-0.0077974735759198666,0.00035667320480570197,0.008622714318335056
rl,1,1,47,101,0.9400000000000001,4.91213846206665,4.987466812133789,0.3225727081298828,-0.05960378423333168,0.022142572328448296,-0.7996781468391418,0.8022019863128662,6.420684814453125,3.638507604598999,1.2151505947113037,-0.03630654513835907,-0.40693405270576477,16.221010208129883,16.226154327392578,-0.003286426654085517,-0.009181799367070198,0.0002066714660031721,0.00975442212074995
rl,2,1,40,101,0.8,-5.030537128448486,-5.0800018310546875,0.5635234117507935,-0.012698870152235031,-0.05537934601306915,-0.6382425427436829,0.6407665014266968,-4.548476219177246,-6.977994441986084,0.794032871723175,0.9166408181190491,-1.4256595373153687,15.230138778686523,15.324159622192383,-0.002110950881615281,-0.00855324137955904,4.6495879360008985e-05,0.008810006082057953
rl,3,1,48,101,0.96,-5.149965763092041,4.9062323570251465,0.3872455060482025,-0.1381475329399109,-0.007507871370762587,-0.7836378812789917,0.7957571744918823,-3.5144126415252686,4.264592170715332,0.870749294757843,0.11915066838264465,0.02280626818537712,15.685548782348633,15.686017990112305,-0.0016657656524330378,-0.010142507031559944,-0.00013904960360378027,0.01027932669967413
lqr,0,1,46,101,0.92,5.943663120269775,-4.602878570556641,0.9741142392158508,0.004158372990787029,0.001747015048749745,-0.00011450296733528376,0.004511899780482054,5.9444499015808105,-4.602548122406006,0.9772127866744995,-0.378237783908844,0.07561339437961578,15.874934196472168,15.879619598388672,-0.0021101394668221474,-0.00873246043920517,-3.0168332159519196e-05,0.008983844891190529
lqr,1,1,47,101,0.9400000000000001,6.41967248916626,3.639479160308838,1.2118785381317139,0.0053548929281532764,-0.005137000698596239,0.000800762907601893,0.0074635702185332775,6.420684814453125,3.638507604598999,1.2151505947113037,-0.3603460192680359,0.13504794239997864,15.867250442504883,15.871915817260742,-0.003051810199394822,-0.0084697799757123,2.8342692530713975e-05,0.009002861566841602
lqr,2,1,40,101,0.8,-4.5494279861450195,-6.973830223083496,0.7913529872894287,0.005022147204726934,-0.021995626389980316,-0.002325331326574087,0.02268119715154171,-4.548476219177246,-6.977994441986084,0.794032871723175,-0.3260093629360199,0.23697683215141296,15.894487380981445,15.89959716796875,-0.0026575045194476843,-0.00778132863342762,0.00017321249470114708,0.008224439807236195
lqr,3,1,48,101,0.96,-3.515321969985962,4.265042781829834,0.8677098751068115,0.00480415765196085,-0.0023802011273801327,-0.0004263888986315578,0.005378391593694687,-3.5144126415252686,4.264592170715332,0.870749294757843,-0.33434176445007324,0.1094951331615448,15.878423690795898,15.88232135772705,-0.0029949378222227097,-0.007504358422011137,-1.3480678717314731e-05,0.008079927414655685
rl,0,1,47,102,0.9400000000000001,5.183404445648193,-5.219554424285889,0.4012036919593811,0.31043145060539246,-0.10690520703792572,-0.752770185470581,0.8212547898292542,5.9444499015808105,-4.602548122406006,0.9772127866744995,-1.8235236406326294,0.31911998987197876,16.18025779724121,16.285816192626953,-0.003288627602159977,-0.008201014250516891,0.0002875231730286032,0.008840495720505714
rl,1,1,48,102,0.96,4.910782337188721,4.988241672515869,0.2986956238746643,-0.038022518157958984,0.027659304440021515,-0.7940147519111633,0.7954056859016418,6.420684814453125,3.638507604598999,1.2151505947113037,0.7950687408447266,0.4004996418952942,16.204330444335938,16.22876739501953,-0.0028906716033816338,-0.008904913440346718,0.00015365653962362558,0.00936360377818346
rl,2,1,41,102,0.8200000000000001,-5.031177043914795,-5.081862926483154,0.5433887243270874,-0.025621293112635612,-0.0653885081410408,-0.6876099109649658,0.6911870241165161,-4.548476219177246,-6.977994441986084,0.794032871723175,-0.9484314918518066,-0.47401925921440125,13.201908111572266,13.244417190551758,-0.0014162904117256403,-0.008135898038744926,-7.589433516841382e-05,0.008258599787950516
rl,3,1,49,102,0.98,-5.153750896453857,4.906040668487549,0.363370805978775,-0.12021525949239731,-0.005819020792841911,-0.8019170761108398,0.8108986616134644,-3.5144126415252686,4.264592170715332,0.870749294757843,0.6117318868637085,0.18913280963897705,14.910357475280762,14.924099922180176,-0.002000181470066309,-0.009238957427442074,-9.011288784677163e-05,0.009453421458601952
lqr,0,1,47,102,0.9400000000000001,5.943775653839111,-4.6028313636779785,0.974111020565033,0.0035614315420389175,0.0014955181395635009,-9.805845184018835e-05,0.003863933961838484,5.9444499015808105,-4.602548122406006,0.9772127866744995,-0.38105320930480957,0.079692542552948,15.87473201751709,15.879504203796387,-0.0021166233345866203,-0.008730810135602951,-2.5941279091057368e-05,0.008983751758933067
lqr,1,1,48,102,0.96,6.4198174476623535,3.6393396854400635,1.211900234222412,0.004588440526276827,-0.004401437938213348,0.0006866290350444615,0.00639514671638608,6.420684814453125,3.638507604598999,1.2151505947113037,-0.3617022633552551,0.1316700577735901,15.868168830871582,15.87283706665039,-0.0030210770200937986,-0.008512992411851883,3.341763294884004e-05,0.009033219888806343
lqr,2,1,41,102,0.8200000000000001,-4.549291133880615,-6.974427223205566,0.7912899851799011,0.004303306806832552,-0.018842428922653198,-0.0019929741974920034,0.019430067390203476,-4.548476219177246,-6.977994441986084,0.794032871723175,-0.3266785740852356,0.2130119651556015,15.891727447509766,15.896512031555176,-0.0026246155612170696,-0.007758582942187786,0.00014151162758935243,0.00819171778857708
lqr,3,1,49,102,0.98,-3.5151917934417725,4.26497745513916,0.8676981925964355,0.004117902833968401,-0.002040101680904627,-0.00036570688826031983,0.004610084462910891,-3.5144126415252686,4.264592170715332,0.870749294757843,-0.3352084755897522,0.10961996018886566,15.87789535522461,15.881811141967773,-0.00300485547631979,-0.00753407645970583,-1.1260298379056621e-05,0.008111201226711273
rl,0,1,48,103,0.96,5.1922221183776855,-5.2224626541137695,0.37874531745910645,0.28569045662879944,-0.09197326749563217,-0.7465323209762573,0.8046046495437622,5.9444499015808105,-4.602548122406006,0.9772127866744995,-1.6679728031158447,0.9009435772895813,16.179182052612305,16.289867401123047,-0.00336017576046288,-0.009742544032633305,0.0002274821454193443,0.01030823402106762
rl,1,1,49,103,0.98,4.909531116485596,4.989302158355713,0.27499985694885254,-0.043565113097429276,0.03919192776083946,-0.7877786159515381,0.7899551391601562,6.420684814453125,3.638507604598999,1.2151505947113037,-0.6766603589057922,0.7280179262161255,16.199249267578125,16.229711532592773,-0.0030681556090712547,-0.00876588374376297,0.00018316037312615663,0.009289124980568886
rl,2,1,42,103,0.84,-5.032133102416992,-5.083268165588379,0.5228851437568665,-0.03497724235057831,-0.03758549690246582,-0.6813727021217346,0.6833043694496155,-4.548476219177246,-6.977994441986084,0.794032871723175,-0.8206906318664551,1.5821970701217651,16.19428825378418,16.29207992553711,-0.001888725790195167,-0.008674240671098232,-5.8082012401428074e-05,0.008877675049006939
rl,3,1,50,103,1.0,-5.157723426818848,4.9058918952941895,0.33832594752311707,-0.13845613598823547,-0.0045055788941681385,-0.8512839078903198,0.8624817132949829,-3.5144126415252686,4.264592170715332,0.870749294757843,-1.3058409690856934,0.15951384603977203,13.18637466430664,13.251835823059082,-0.0021982090547680855,-0.00874781608581543,-5.2184925152687356e-05,0.00901992991566658
lqr,0,1,48,103,0.96,5.943872451782227,-4.602790355682373,0.9741082787513733,0.00305176735855639,0.0012802788987755775,-8.329996489919722e-05,0.0033104887697845697,5.9444499015808105,-4.602548122406006,0.9772127866744995,-0.38443490862846375,0.0834120362997055,15.874530792236328,15.879404067993164,-0.002122347243130207,-0.00873086228966713,-2.2312735382001847e-05,0.008985144086182117
lqr,1,1,49,103,0.98,6.4199419021606445,3.63922119140625,1.2119187116622925,0.0039299773052334785,-0.003771968884393573,0.0005888078594580293,0.005478974897414446,6.420684814453125,3.638507604598999,1.2151505947113037,-0.364740788936615,0.12911100685596466,15.86898422241211,15.873700141906738,-0.002989034401252866,-0.008556297980248928,3.9243779610842466e-05,0.009063448756933212
lqr,2,1,42,103,0.84,-4.549174785614014,-6.974936008453369,0.7912360429763794,0.0036858110688626766,-0.01614738069474697,-0.001708179246634245,0.016650553792715073,-4.548476219177246,-6.977994441986084,0.794032871723175,-0.3283498287200928,0.19174639880657196,15.889274597167969,15.893823623657227,-0.0026021148078143597,-0.007740076631307602,0.00011409640137571841,0.008166566491127014
lqr,3,1,50,103,1.0,-3.515080213546753,4.26492166519165,0.8676883578300476,0.003527106251567602,-0.0017458191141486168,-0.0003131617559120059,0.0039479658007621765,-3.5144126415252686,4.264592170715332,0.870749294757843,-0.33720502257347107,0.1098417267203331,15.877362251281738,15.881322860717773,-0.0030138599686324596,-0.007566359825432301,-8.60543514136225e-06,0.008144521154463291
rl,0,1,49,104,0.98,5.200364112854004,-5.225001335144043,0.35647401213645935,0.2642306089401245,-0.08098646998405457,-0.7402954697608948,0.7901987433433533,5.9444499015808105,-4.602548122406006,0.9772127866744995,-1.500895619392395,0.691483736038208,16.183015823364258,16.26717185974121,-0.003594551468268037,-0.010512077249586582,0.000218969231355004,0.011111819185316563
rl,1,1,50,104,1.0,4.907667636871338,4.991034507751465,0.2514912188053131,-0.07135192304849625,0.06698981672525406,-0.7815397381782532,0.7876440286636353,6.420684814453125,3.638507604598999,1.2151505947113037,-1.8852006196975708,1.6085498332977295,16.164304733276367,16.35317039489746,-0.003530319547280669,-0.009675749577581882,0.0002221371396444738,0.01030206959694624
rl,2,1,43,104,0.86,-5.0333733558654785,-5.084951877593994,0.5014565587043762,-0.044528186321258545,-0.06539559364318848,-0.7307416796684265,0.7350120544433594,-4.548476219177246,-6.977994441986084,0.794032871723175,-0.7802988290786743,-1.4310318231582642,13.209687232971191,13.309866905212402,-0.00234377384185791,-0.00909367110580206,-1.1826928130176384e-05,0.009390860795974731
rl,3,1,51,104,1.02,-5.161856651306152,4.906110763549805,0.3118000626564026,-0.13741712272167206,0.01322887372225523,-0.9006524682044983,0.9111714363098145,-3.5144126415252686,4.264592170715332,0.870749294757843,-0.2728792726993561,1.0471779108047485,13.205449104309082,13.249714851379395,-0.002458765637129545,-0.00880335085093975,-1.6848682207637466e-05,0.009140284731984138
lqr,0,1,49,104,0.98,5.9439544677734375,-4.602756500244141,0.9741061329841614,0.002615039935335517,0.001098662381991744,-7.146512507461011e-05,0.002837357809767127,5.9444499015808105,-4.602548122406006,0.9772127866744995,-0.3882618248462677,0.08717463910579681,15.874238014221191,15.87922477722168,-0.0021274955943226814,-0.008732548914849758,-1.92026564036496e-05,0.008987993001937866
lqr,1,1,50,104,1.0,6.420048236846924,3.6391191482543945,1.2119346857070923,0.0033667113166302443,-0.0032325205393135548,0.0005050009349361062,0.004694567061960697,6.420684814453125,3.638507604598999,1.2151505947113037,-0.3678435981273651,0.1273280680179596,15.869544982910156,15.87431812286377,-0.002955613425001502,-0.008599238470196724,4.5607015636051074e-05,0.009093109518289566
lqr,2,1,43,104,0.86,-4.549075603485107,-6.975374221801758,0.7911896705627441,0.003160495311021805,-0.0138408113270998,-0.0014636049745604396,0.014272313565015793,-4.548476219177246,-6.977994441986084,0.794032871723175,-0.3306538462638855,0.17428049445152283,15.887207984924316,15.89160442352295,-0.002588390838354826,-0.0077252937480807304,9.039544966071844e-05,0.008147889748215675
lqr,3,1,51,104,1.02,-3.514984607696533,4.264874458312988,0.8676797747612,0.0030215345323085785,-0.0014951208140701056,-0.00026821542996913195,0.00338186277076602,-3.5144126415252686,4.264592170715332,0.870749294757843,-0.3398054838180542,0.11016394197940826,15.876943588256836,15.880961418151855,-0.0030215878505259752,-0.007600661367177963,-5.600525582849514e-06,0.008179246447980404
rl,0,1,50,105,1.0,5.207967281341553,-5.227240562438965,0.3343898057937622,0.24806846678256989,-0.07147238403558731,-0.7340592741966248,0.7781319618225098,5.9444499015808105,-4.602548122406006,0.9772127866744995,-1.2253918647766113,0.6154552698135376,16.188642501831055,16.24661636352539,-0.003629696788266301,-0.010804479010403156,0.00020061671966686845,0.01139963697642088
rl,1,1,51,105,1.02,4.905972957611084,4.99323844909668,0.22816967964172363,-0.04904591664671898,0.07669534534215927,-0.7753076553344727,0.7806341052055359,6.420684814453125,3.638507604598999,1.2151505947113037,0.8067367076873779,0.6364856958389282,16.23546028137207,16.267948150634766,-0.003939866553992033,-0.010021787136793137,0.00028208523872308433,0.010772109031677246
rl,2,1,44,105,0.88,-5.034153938293457,-5.086358070373535,0.47876301407814026,-0.01670853979885578,-0.03759244456887245,-0.7693063020706177,0.7704054117202759,-4.548476219177246,-6.977994441986084,0.794032871723175,1.2170560359954834,1.5733710527420044,13.817695617675781,13.960137367248535,-0.0019926754757761955,-0.00839167833328247,-5.2370996854733676e-05,0.008625182323157787
rl,3,1,52,105,1.04,-5.165884971618652,4.906695365905762,0.28490522503852844,-0.13270440697669983,0.022623201832175255,-0.8944171667098999,0.9044911861419678,-3.5144126415252686,4.264592170715332,0.870749294757843,-0.15742360055446625,0.6205431222915649,16.21227264404297,16.22490882873535,-0.0029514669440686703,-0.008606310933828354,7.801510946592316e-05,0.009098672308027744
lqr,0,1,50,105,1.0,5.944026947021484,-4.602726936340332,0.974104106426239,0.002239907393231988,0.0009426067117601633,-6.125331128714606e-05,0.002430934924632311,5.9444499015808105,-4.602548122406006,0.9772127866744995,-0.3937791585922241,0.09027531743049622,15.874032974243164,15.879173278808594,-0.002132220659404993,-0.008735627867281437,-1.6525149476365186e-05,0.008992099203169346
lqr,1,1,51,105,1.02,6.420140266418457,3.6390316486358643,1.211948275566101,0.0028849835507571697,-0.0027707016561180353,0.000432921398896724,0.00402334937825799,6.420684814453125,3.638507604598999,1.2151505947113037,-0.3716922700405121,0.1261526644229889,15.870121955871582,15.874975204467773,-0.0029207004699856043,-0.008640906773507595,5.2318886446300894e-05,0.009121321141719818
lqr,2,1,44,105,0.88,-4.548989772796631,-6.975749492645264,0.7911499738693237,0.0027091216761618853,-0.011858792044222355,-0.0012537087313830853,0.012228739447891712,-4.548476219177246,-6.977994441986084,0.794032871723175,-0.33391013741493225,0.16016769409179688,15.885380744934082,15.889697074890137,-0.002582443179562688,-0.007714194245636463,6.997015589149669e-05,0.008135274983942509
lqr,3,1,52,105,1.04,-3.5149033069610596,4.264833927154541,0.8676726222038269,0.002590159187093377,-0.0012805043952539563,-0.0002295959711773321,0.002898504724726081,-3.5144126415252686,4.264592170715332,0.870749294757843,-0.3428758978843689,0.11116518825292587,15.876518249511719,15.880609512329102,-0.0030278260819613934,-0.007636579219251871,-2.3029970179777592e-06,0.008214930072426796
rl,0,1,51,106,1.02,5.215964317321777,-5.228828430175781,0.3124926686286926,0.27589499950408936,-0.04367539659142494,-0.7278274297714233,0.7795885801315308,5.9444499015808105,-4.602548122406006,0.9772127866744995,1.1370081901550293,1.6053733825683594,16.234411239624023,16.353168487548828,-0.0038611264899373055,-0.010217631235718727,0.0002489149337634444,0.010925669223070145
rl,1,1,52,106,1.04,4.90505838394165,4.9957594871521,0.20503509044647217,-0.021224437281489372,0.08771976083517075,-0.769075334072113,0.7743526697158813,6.420684814453125,3.638507604598999,1.2151505947113037,1.0955899953842163,0.7112823128700256,16.242666244506836,16.29510498046875,-0.003798503428697586,-0.008934802375733852,0.00031724493601359427,0.009713905863463879
rl,2,1,45,106,0.9,-5.035211563110352,-5.08745002746582,0.45469650626182556,-0.044501516968011856,-0.03582114353775978,-0.8186718225479126,0.8206625580787659,-4.548476219177246,-6.977994441986084,0.794032871723175,-1.7764015197753906,0.1681913435459137,13.179964065551758,13.300200462341309,-0.0027032929938286543,-0.007928308099508286,8.218274160753936e-05,0.008376909419894218
rl,3,1,53,106,1.06,-5.169859886169434,4.907837867736816,0.2581556439399719,-0.13240882754325867,0.04579451307654381,-0.8902698159217834,0.9012266993522644,-3.5144126415252686,4.264592170715332,0.870749294757843,-0.4009280204772949,1.3659428358078003,16.087936401367188,16.15079689025879,-0.0033676913008093834,-0.008943043649196625,0.00014946763985790312,0.009557286277413368
lqr,0,1,51,106,1.02,5.944087982177734,-4.602700710296631,0.9741025567054749,0.001912707812152803,0.0008086866582743824,-5.2409912314033136e-05,0.0020772991701960564,5.9444499015808105,-4.602548122406006,0.9772127866744995,-0.39937323331832886,0.09344777464866638,15.873772621154785,15.879070281982422,-0.002136535942554474,-0.008740640245378017,-1.4266444850363769e-05,0.008997987024486065
lqr,1,1,52,106,1.04,6.420217990875244,3.6389567852020264,1.211959958076477,0.002471767831593752,-0.00237506371922791,0.00037098911707289517,0.003447926603257656,6.420684814453125,3.638507604598999,1.2151505947113037,-0.37636327743530273,0.12538596987724304,15.870501518249512,15.875458717346191,-0.0028844457119703293,-0.00868085864931345,5.920936382608488e-05,0.009147723205387592
lqr,2,1,45,106,0.9,-4.548914909362793,-6.976070880889893,0.7911160588264465,0.002318053273484111,-0.010160800069570541,-0.0010742677841335535,0.01047708373516798,-4.548476219177246,-6.977994441986084,0.794032871723175,-0.3381021022796631,0.14804719388484955,15.883774757385254,15.888062477111816,-0.002583009423688054,-0.0077065653167665005,5.2382943977136165e-05,0.008128088898956776
lqr,3,1,53,106,1.06,-3.5148332118988037,4.264799118041992,0.867666482925415,0.0022213375195860863,-0.0010964371031150222,-0.0001971180026885122,0.0024850291665643454,-3.5144126415252686,4.264592170715332,0.870749294757843,-0.3467095196247101,0.11234207451343536,15.876086235046387,15.880269050598145,-0.003032553941011429,-0.007673682179301977,1.2662021617870778e-06,0.008251168765127659
rl,0,1,52,107,1.04,5.223686218261719,-5.229582786560059,0.28967049717903137,0.24810665845870972,-0.01587926782667637,-0.7771927118301392,0.8159887194633484,5.9444499015808105,-4.602548122406006,0.9772127866744995,-1.8023446798324585,1.5889756679534912,13.16673469543457,13.384176254272461,-0.004344032611697912,-0.009344305843114853,0.0003704332048073411,0.010311347432434559
rl,1,1,53,107,1.06,4.904978275299072,4.998673915863037,0.18176810443401337,0.0065943594090640545,0.10186930000782013,-0.7788122892379761,0.7854740619659424,6.420684814453125,3.638507604598999,1.2151505947113037,1.1096553802490234,0.8770363330841064,15.38046932220459,15.445366859436035,-0.0037664317060261965,-0.008103203028440475,0.0003618455957621336,0.008943089284002781
rl,2,1,46,107,0.92,-5.037101745605469,-5.088865280151367,0.4302610754966736,-0.07228971272706985,-0.05288054794073105,-0.8124340772628784,0.817356288433075,-4.548476219177246,-6.977994441986084,0.794032871723175,-1.8475658893585205,-0.828884482383728,16.184009552001953,16.310203552246094,-0.002347201108932495,-0.009203003719449043,-9.821669664233923e-06,0.009497616440057755
rl,3,1,54,107,1.08,-5.173391342163086,4.909433364868164,0.231572225689888,-0.11032664030790329,0.05689093470573425,-0.8840368390083313,0.8927091956138611,-3.5144126415252686,4.264592170715332,0.870749294757843,0.762385904788971,0.719044029712677,16.235877990722656,16.269664764404297,-0.0037715001963078976,-0.008928835391998291,0.0002400668745394796,0.009695666842162609
lqr,0,1,52,107,1.04,5.944140434265137,-4.602679252624512,0.9741011261940002,0.0016372340032830834,0.0006914344849064946,-4.5527092879638076e-05,0.0017778327455744147,5.9444499015808105,-4.602548122406006,0.9772127866744995,-0.405276894569397,0.09649112075567245,15.873530387878418,15.878995895385742,-0.0021404086146503687,-0.008746504783630371,-1.234961200680118e-05,0.009004601277410984
lqr,1,1,53,107,1.06,6.420283794403076,3.6388919353485107,1.2119698524475098,0.002119154203683138,-0.0020337719470262527,0.0003184180532116443,0.0029543922282755375,6.420684814453125,3.638507604598999,1.2151505947113037,-0.38134148716926575,0.12529215216636658,15.870894432067871,15.875968933105469,-0.002846928546205163,-0.00871872715651989,6.611290154978633e-05,0.00917199905961752
lqr,2,1,46,107,0.92,-4.54885196685791,-6.976345539093018,0.7910869717597961,0.001983369467779994,-0.00870700553059578,-0.000920659804251045,0.008977377787232399,-4.548476219177246,-6.977994441986084,0.794032871723175,-0.3419349193572998,0.13770383596420288,15.882372856140137,15.886650085449219,-0.0025890949182212353,-0.007702234201133251,3.725528222275898e-05,0.00812583602964878
lqr,3,1,54,107,1.08,-3.51477313041687,4.264769077301025,0.8676612377166748,0.0019049448892474174,-0.0009388297912664711,-0.00016925361705943942,0.002130460925400257,-3.5144126415252686,4.264592170715332,0.870749294757843,-0.3509681224822998,0.11375914514064789,15.87576675415039,15.880053520202637,-0.0030356862116605043,-0.007711790502071381,5.052994310972281e-06,0.008287770673632622
rl,0,1,53,108,1.06,5.231490612030029,-5.230118751525879,0.26610642671585083,0.26612716913223267,-0.01877424865961075,-0.7896041870117188,0.8334571719169617,5.9444499015808105,-4.602548122406006,0.9772127866744995,0.6140514612197876,-0.049221981316804886,15.228422164916992,15.240877151489258,-0.0041575683280825615,-0.009252620860934258,0.0003690240846481174,0.010150494985282421
rl,1,1,54,108,1.08,4.90462064743042,5.001173973083496,0.1583833396434784,-0.021197350695729256,0.07405611127614975,-0.7798327207565308,0.7836279273033142,6.420684814453125,3.638507604598999,1.2151505947113037,-1.9086048603057861,-1.380395770072937,15.790243148803711,15.96496295928955,-0.0032429397106170654,-0.008339881896972656,0.00028976486646570265,0.008952890522778034
rl,2,1,47,108,0.9400000000000001,-5.039045333862305,-5.09092903137207,0.4052201807498932,-0.061099469661712646,-0.07675260305404663,-0.8458292484283447,0.8514993786811829,-4.548476219177246,-6.977994441986084,0.794032871723175,0.292324423789978,-1.206980586051941,14.093955993652344,14.148563385009766,-0.0016826047794893384,-0.009649647399783134,-0.00014531458145938814,0.00979632418602705
rl,3,1,55,108,1.1,-5.177258491516113,4.911325454711914,0.20517292618751526,-0.13811473548412323,0.06618950515985489,-0.8779458403587341,0.8912045955657959,-3.5144126415252686,4.264592170715332,0.870749294757843,-1.9350812435150146,0.6253052949905396,16.156566619873047,16.284048080444336,-0.0037273347843438387,-0.009135228581726551,0.0002547691110521555,0.009869667701423168
lqr,0,1,53,108,1.06,5.944185256958008,-4.602660179138184,0.9740999937057495,0.001398927066475153,0.0005932056228630245,-3.927044599549845e-05,0.001520010526292026,5.9444499015808105,-4.602548122406006,0.9772127866744995,-0.41168466210365295,0.09939035773277283,15.873298645019531,15.878947257995605,-0.0021441432181745768,-0.008753547444939613,-1.0705723070714157e-05,0.009012328460812569
lqr,1,1,54,108,1.08,6.4203410148620605,3.638836622238159,1.211978554725647,0.0018218908226117492,-0.001740291598252952,0.0002735581074375659,0.0025343114975839853,6.420684814453125,3.638507604598999,1.2151505947113037,-0.3868562579154968,0.12538760900497437,15.871146202087402,15.876355171203613,-0.0028082909993827343,-0.008753865025937557,7.289333734661341e-05,0.009193582460284233
lqr,2,1,47,108,0.9400000000000001,-4.548798561096191,-6.9765825271606445,0.7910618782043457,0.00169962493237108,-0.007462746929377317,-0.000788830453529954,0.0076943859457969666,-4.548476219177246,-6.977994441986084,0.794032871723175,-0.34630608558654785,0.12936750054359436,15.881227493286133,15.885529518127441,-0.0025997497141361237,-0.007700655143707991,2.426285936962813e-05,0.00812769215553999
lqr,3,1,55,108,1.1,-3.5147221088409424,4.264743328094482,0.8676565885543823,0.001632779254578054,-0.0008043203852139413,-0.00014586138422600925,0.0018259723437950015,-3.5144126415252686,4.264592170715332,0.870749294757843,-0.3556060194969177,0.11524568498134613,15.875434875488281,15.87983512878418,-0.003037254558876157,-0.007750566583126783,9.021576261147857e-06,0.008324438706040382
rl,0,1,54,109,1.08,5.2395219802856445,-5.230125427246094,0.24254296720027924,0.2684321105480194,0.009022492915391922,-0.7833681702613831,0.828132152557373,5.9444499015808105,-4.602548122406006,0.9772127866744995,-0.2651457190513611,1.6168878078460693,16.202062606811523,16.284700393676758,-0.0038689326029270887,-0.008728940971195698,0.0003528468660078943,0.009554451331496239
rl,1,1,55,109,1.1,4.904501914978027,5.003864765167236,0.1347520500421524,0.004640774801373482,0.0975475087761879,-0.7916473150253296,0.7976481318473816,6.420684814453125,3.638507604598999,1.2151505947113037,0.9903968572616577,1.385423183441162,15.262483596801758,15.357203483581543,-0.002661340869963169,-0.009076882153749466,0.00015280855586752295,0.009460225701332092
rl,2,1,48,109,0.96,-5.040322780609131,-5.092677593231201,0.37997007369995117,-0.03327852860093117,-0.04894901439547539,-0.8395960927009583,0.8416798710823059,-4.548476219177246,-6.977994441986084,0.794032871723175,1.1345210075378418,1.5942342281341553,16.23568344116211,16.353168487548828,-0.0017710673855617642,-0.00859431829303503,-0.00011920979159185663,0.00877571664750576
rl,3,1,56,109,1.12,-5.181958198547363,4.9130353927612305,0.17789289355278015,-0.1659013032913208,0.05236766114830971,-0.9250298738479614,0.9412469863891602,-3.5144126415252686,4.264592170715332,0.870749294757843,-1.8657488822937012,-0.641132652759552,13.297375679016113,13.442926406860352,-0.003285816637799144,-0.010191497392952442,0.00015941970923449844,0.010709277354180813
lqr,0,1,54,109,1.08,5.944221496582031,-4.6026434898376465,0.9740989208221436,0.0012035213876515627,0.0005056540830992162,-3.3897242246894166e-05,0.00130587094463408,5.9444499015808105,-4.602548122406006,0.9772127866744995,-0.4173979163169861,0.10203900933265686,15.873082160949707,15.878896713256836,-0.0021475248504430056,-0.008761312812566757,-9.321889592683874e-06,0.009020674042403698
lqr,1,1,55,109,1.1,6.420390605926514,3.638789653778076,1.2119863033294678,0.0015628027031198144,-0.0014901284594088793,0.000233352548093535,0.0021719320211559534,6.420684814453125,3.638507604598999,1.2151505947113037,-0.3930439352989197,0.12567394971847534,15.871174812316895,15.876538276672363,-0.002768632024526596,-0.00878648180514574,7.938402995932847e-05,0.009212702512741089
lqr,2,1,48,109,0.96,-4.548752784729004,-6.976783752441406,0.7910404801368713,0.0014579809503629804,-0.006393977906554937,-0.0006756945513188839,0.006592816207557917,-4.548476219177246,-6.977994441986084,0.794032871723175,-0.35124102234840393,0.12266869843006134,15.88015079498291,15.88450813293457,-0.002614361932501197,-0.007701801136136055,1.3157072316971608e-05,0.008133437484502792
lqr,3,1,56,109,1.12,-3.5146772861480713,4.264721870422363,0.8676525354385376,0.0014012044994160533,-0.0006871781079098582,-0.00012453767703846097,0.0015655980678275228,-3.5144126415252686,4.264592170715332,0.870749294757843,-0.36041367053985596,0.11696070432662964,15.875205993652344,15.879727363586426,-0.00303719867952168,-0.00778969656676054,1.3147140634828247e-05,0.008360868319869041
rl,0,1,55,110,1.1,5.247114181518555,-5.230119705200195,0.21888789534568787,0.24541684985160828,-0.0042343479581177235,-0.7910681366920471,0.8282729983329773,5.9444499015808105,-4.602548122406006,0.9772127866744995,-1.6209324598312378,-0.5996588468551636,15.432891845703125,15.529364585876465,-0.003871985711157322,-0.009266763925552368,0.00034230347955599427,0.010048997588455677
rl,1,1,56,110,1.12,4.904819011688232,5.007347106933594,0.11112730950117111,0.013538197614252567,0.1253456175327301,-0.7854118943214417,0.7954663038253784,6.420684814453125,3.638507604598999,1.2151505947113037,0.04324433207511902,1.6282901763916016,16.20964241027832,16.291276931762695,-0.003524018917232752,-0.008452466689050198,0.0002983402810059488,0.00916252750903368
rl,2,1,49,110,0.98,-5.040765762329102,-5.094300270080566,0.3537946939468384,-0.005461401306092739,-0.056688033044338226,-0.8889674544334412,0.890789806842804,-4.548476219177246,-6.977994441986084,0.794032871723175,1.1955859661102295,-0.3384866416454315,13.248257637023926,13.306402206420898,-0.0025390402879565954,-0.007648092694580555,4.179813549853861e-05,0.008058646693825722
rl,3,1,57,110,1.1400000000000001,-5.187262535095215,4.914740085601807,0.15026672184467316,-0.18228189647197723,0.059035055339336395,-0.918793261051178,0.9385589361190796,-3.5144126415252686,4.264592170715332,0.870749294757843,-1.3394396305084229,0.489202082157135,16.180400848388672,16.243114471435547,-0.002716973191127181,-0.010455017909407616,4.631777119357139e-05,0.010802383534610271
lqr,0,1,55,110,1.1,5.944252967834473,-4.602629661560059,0.9740980267524719,0.001034732791595161,0.00043154024751856923,-2.896279693231918e-05,0.0011214890982955694,5.9444499015808105,-4.602548122406006,0.9772127866744995,-0.42476797103881836,0.10470640659332275,15.87285327911377,15.878880500793457,-0.0021507854107767344,-0.008769635111093521,-8.136204087350052e-06,0.009029531851410866
lqr,1,1,56,110,1.12,6.420433521270752,3.638749599456787,1.2119927406311035,0.0013373225228860974,-0.001276697381399572,0.0001989614829653874,0.0018595627043396235,6.420684814453125,3.638507604598999,1.2151505947113037,-0.3995572328567505,0.12635593116283417,15.871346473693848,15.876877784729004,-0.002728191437199712,-0.008816094137728214,8.54639511089772e-05,0.009228968061506748
lqr,2,1,49,110,0.98,-4.548712730407715,-6.976956367492676,0.7910220623016357,0.0012488660868257284,-0.005482160486280918,-0.0005786987021565437,0.005652312655001879,-4.548476219177246,-6.977994441986084,0.794032871723175,-0.35665854811668396,0.11719062924385071,15.879192352294922,15.88362979888916,-0.0026321231853216887,-0.007705697324126959,3.654499778349418e-06,0.008142841048538685
lqr,3,1,57,110,1.1400000000000001,-3.5146384239196777,4.264703273773193,0.8676491975784302,0.0011974762892350554,-0.0005888523301109672,-0.00010626156290527433,0.0013386515202000737,-3.5144126415252686,4.264592170715332,0.870749294757843,-0.36603546142578125,0.11884637176990509,15.874863624572754,15.87952709197998,-0.003035343950614333,-0.007829034700989723,1.7363119695801288e-05,0.008396868593990803
rl,0,1,56,111,1.12,5.254360675811768,-5.229968070983887,0.19528058171272278,0.23964224755764008,0.009711022488772869,-0.7848325371742249,0.820661187171936,5.9444499015808105,-4.602548122406006,0.9772127866744995,-0.7189900279045105,0.8765396475791931,16.195837020874023,16.2354679107666,-0.003294528927654028,-0.009899081662297249,0.00021731076412834227,0.010435178875923157
rl,1,2,0,111,0.0,4.99994421005249,5.000083923339844,0.9999456405639648,-0.005561526399105787,0.008453255519270897,-0.005440298933535814,0.011488470248878002,6.926267623901367,4.645089626312256,1.0851190090179443,-0.9001035690307617,1.3681713342666626,14.998000144958496,15.087149620056152,-0.004097704775631428,-0.008810911327600479,0.00038988160667940974,0.009724985808134079
rl,2,1,50,111,1.0,-5.040937423706055,-5.095818996429443,0.32713955640792847,-0.005822139326483011,-0.047561854124069214,-0.8882717490196228,0.8895632028579712,-4.548476219177246,-6.977994441986084,0.794032871723175,-0.39256322383880615,0.5895591974258423,15.907933235168457,15.923693656921387,-0.0023718068841844797,-0.007296490948647261,4.968429493601434e-05,0.007672464940696955
rl,3,1,58,111,1.16,-5.192716598510742,4.917067050933838,0.12282762676477432,-0.18156057596206665,0.08683395385742188,-0.9125580787658691,0.9344873428344727,-3.5144126415252686,4.264592170715332,0.870749294757843,-0.42721354961395264,1.6321251392364502,16.196643829345703,16.28427505493164,-0.0032347985543310642,-0.010556659661233425,0.00010277068940922618,0.011041628196835518
lqr,0,1,56,111,1.12,5.944281101226807,-4.6026177406311035,0.9740973711013794,0.0008907096926122904,0.0003687359276227653,-2.5431843823753297e-05,0.0009643530356697738,5.9444499015808105,-4.602548122406006,0.9772127866744995,-0.4317770004272461,0.10737161338329315,15.87253475189209,15.878769874572754,-0.002153973560780287,-0.008778849616646767,-7.139584340620786e-06,0.009039239957928658
lqr,1,2,0,111,0.0,5.044386386871338,4.991821765899658,1.0018870830535889,4.438708305358887,-0.8178210258483887,0.1887175440788269,4.517364025115967,6.926267623901367,4.645089626312256,1.0851190090179443,718.3451538085938,-132.3534393310547,46.4576416015625,731.9122314453125,-0.0,-0.0,-0.0,0.0
lqr,2,1,50,111,1.0,-4.548678398132324,-6.977105617523193,0.7910062670707703,0.0010675957892090082,-0.004696055315434933,-0.0004952007438987494,0.004841272719204426,-4.548476219177246,-6.977994441986084,0.794032871723175,-0.3621855676174164,0.11334077268838882,15.878364562988281,15.882899284362793,-0.0026526255533099174,-0.007712259888648987,-4.410800102050416e-06,0.008155697025358677
lqr,3,1,58,111,1.16,-3.5146069526672363,4.2646870613098145,0.8676460981369019,0.0010252462234348059,-0.0005036822985857725,-9.083914483198896e-05,0.0011458959197625518,-3.5144126415252686,4.264592170715332,0.870749294757843,-0.3718282878398895,0.1211419403553009,15.87459659576416,15.879413604736328,-0.00303193018771708,-0.007868385873734951,2.1662779545295052e-05,0.008432351984083652
rl,0,1,57,112,1.1400000000000001,5.261010646820068,-5.2295451164245605,0.17083688080310822,0.21265260875225067,0.016289275139570236,-0.829766571521759,0.8567374348640442,5.9444499015808105,-4.602548122406006,0.9772127866744995,-1.80159330368042,0.460499107837677,13.409141540527344,13.53746223449707,-0.003426190000027418,-0.010016449727118015,0.00021539913723245263,0.010588410310447216
rl,1,2,1,112,0.02,4.999919414520264,4.999782085418701,0.9988423585891724,0.0015475506661459804,-0.0193500854074955,-0.05245223268866539,0.055929042398929596,6.926267623901367,4.645089626312256,1.0851190090179443,0.3836030960083008,-1.500002384185791,13.3419828414917,13.431517601013184,8.291698577522766e-06,-0.0012232110602781177,-4.2575356928864494e-05,0.0012239798670634627
rl,2,1,51,112,1.02,-5.041097164154053,-5.09780216217041,0.30055397748947144,-0.0050394595600664616,-0.07537174224853516,-0.8851436972618103,0.8883612751960754,-4.548476219177246,-6.977994441986084,0.794032871723175,-0.3419898748397827,-1.39980149269104,16.052841186523438,16.117385864257812,-0.002275120932608843,-0.00820553582161665,1.5030387658043765e-05,0.00851511675864458
rl,3,1,59,112,1.18,-5.198718547821045,4.92022705078125,0.09536369889974594,-0.2093440294265747,0.11463021486997604,-0.9169161319732666,0.9474704265594482,-3.5144126415252686,4.264592170715332,0.870749294757843,-1.9574003219604492,1.6306911706924438,15.57951831817627,15.78644847869873,-0.004014590755105019,-0.010563825257122517,0.00022891770640853792,0.011303262785077095
lqr,0,1,57,112,1.1400000000000001,5.944304466247559,-4.602607727050781,0.9740966558456421,0.0007648391765542328,0.0003158382896799594,-2.1829195247846656e-05,0.0008277737069875002,5.9444499015808105,-4.602548122406006,0.9772127866744995,-0.43914949893951416,0.10990495979785919,15.872379302978516,15.878832817077637,-0.0021570632234215736,-0.008788734674453735,-6.2958097259979695e-06,0.00904957577586174
lqr,1,2,1,112,0.02,5.265378952026367,4.951104640960693,1.0112916231155396,7.902298450469971,-1.4559828042984009,0.3363974690437317,8.042348861694336,6.926267623901367,4.645089626312256,1.0851190090179443,52.235355377197266,-9.610140800476074,17.35390853881836,55.875267028808594,0.04344847798347473,0.2527313530445099,0.003782516811043024,0.2564667761325836
lqr,2,1,51,112,1.02,-4.548649311065674,-6.977231502532959,0.7909926772117615,0.0009141008486039937,-0.004026520997285843,-0.00042374327313154936,0.004150663502514362,-4.548476219177246,-6.977994441986084,0.794032871723175,-0.36781156063079834,0.10937236249446869,15.877668380737305,15.882305145263672,-0.0026753502897918224,-0.007721081376075745,-1.121751938626403e-05,0.008171457797288895
lqr,3,1,59,112,1.18,-3.5145785808563232,4.264673709869385,0.8676437139511108,0.0008786913240328431,-0.00043224598630331457,-7.746792834950611e-05,0.000982311787083745,-3.5144126415252686,4.264592170715332,0.870749294757843,-0.37827304005622864,0.12310357391834259,15.874275207519531,15.87925910949707,-0.0030270416755229235,-0.0079075051471591,2.6023906684713438e-05,0.008467130362987518
rl,0,1,58,113,1.16,5.267510414123535,-5.229264259338379,0.14580334722995758,0.21861624717712402,0.005928806960582733,-0.8367941975593567,0.8649004101753235,5.9444499015808105,-4.602548122406006,0.9772127866744995,-0.08598044514656067,-0.43403977155685425,15.506593704223633,15.51290512084961,-0.003050984349101782,-0.009886377491056919,0.0001470361021347344,0.010347492061555386
rl,1,2,2,113,0.04,4.999927520751953,4.9994635581970215,0.9963852167129517,-0.00034641390084289014,-0.006255274172872305,-0.0966280847787857,0.09683096408843994,6.926267623901367,4.645089626312256,1.0851190090179443,-0.10477285087108612,0.7063350677490234,13.49498176574707,13.513860702514648,-0.00034429290099069476,-0.0037388463970273733,-0.0001058489506249316,0.003756156889721751
rl,2,1,52,113,1.04,-5.0408244132995605,-5.099586486816406,0.27342912554740906,0.01613696850836277,-0.051599353551864624,-0.9136726260185242,0.9152707457542419,-4.548476219177246,-6.977994441986084,0.794032871723175,0.7920861840248108,1.373586893081665,14.35457706451416,14.44188404083252,-0.0020278897136449814,-0.00827223714441061,-3.313302295282483e-05,0.008517238311469555
rl,3,2,0,113,0.0,-5.000103950500488,5.0000386238098145,0.9998490810394287,-0.010417575016617775,0.0038328745868057013,-0.015093608759343624,0.018735896795988083,-5.494471073150635,4.46433162689209,0.948896050453186,-1.6862401962280273,0.6204743385314941,13.435559272766113,13.555170059204102,-0.0041694026440382,-0.010905522853136063,0.0002606805646792054,0.011678284034132957
lqr,0,1,58,113,1.16,5.944324970245361,-4.602599143981934,0.9740959405899048,0.0006581650231964886,0.00027043066802434623,-1.8473419913789257e-05,0.0007117971545085311,5.9444499015808105,-4.602548122406006,0.9772127866744995,-0.44634509086608887,0.11232827603816986,15.872109413146973,15.87878131866455,-0.0021600699983537197,-0.008799138478934765,-5.590822183876298e-06,0.009060395881533623
lqr,1,2,2,113,0.04,5.495371341705322,4.908729076385498,1.0210846662521362,7.419494152069092,-1.3670215606689453,0.31593576073646545,7.550990581512451,6.926267623901367,4.645089626312256,1.0851190090179443,-44.14897537231445,8.120233535766602,15.124868392944336,47.369102478027344,0.02617347612977028,0.1479063183069229,0.0030182008631527424,0.1502346247434616
lqr,2,1,52,113,1.04,-4.5486249923706055,-6.977341651916504,0.7909810543060303,0.0007830627146176994,-0.003451918251812458,-0.00036194175481796265,0.003558079246431589,-4.548476219177246,-6.977994441986084,0.794032871723175,-0.37341222167015076,0.10750842094421387,15.87704086303711,15.881795883178711,-0.002699547912925482,-0.007732218597084284,-1.6974177924566902e-05,0.00818993616849184
lqr,3,2,0,113,0.0,-5.011394023895264,4.987657070159912,0.9987509250640869,-1.13941490650177,-1.2343666553497314,-0.12490057945251465,1.6844961643218994,-5.494471073150635,4.46433162689209,0.948896050453186,-184.39852905273438,-199.7618408203125,-4.342723846435547,271.89422607421875,-0.0,-0.0,-0.0,0.0
rl,0,1,59,114,1.18,5.274319171905518,-5.2287750244140625,0.12075646221637726,0.23116159439086914,0.021495193243026733,-0.8339479565620422,0.8656598329544067,5.9444499015808105,-4.602548122406006,0.9772127866744995,0.24619607627391815,0.971501886844635,16.037147521972656,16.068431854248047,-0.002887019421905279,-0.00929956790059805,0.00012106039503123611,0.00973814632743597
rl,1,2,3,114,0.06,5.000127792358398,4.9993767738342285,0.9930441975593567,0.010153916664421558,-0.0012312369653955102,-0.11873797327280045,0.11917770653963089,6.926267623901367,4.645089626312256,1.0851190090179443,0.5592674016952515,0.2720508873462677,14.685893058776855,14.699056625366211,-0.0014061862602829933,-0.005354416090995073,-1.751850504660979e-05,0.005536012817174196
rl,2,1,53,114,1.06,-5.040820121765137,-5.101458549499512,0.24614369869232178,-0.007812130264937878,-0.06780769675970078,-0.90743488073349,0.90999835729599,-4.548476219177246,-6.977994441986084,0.794032871723175,-1.6950763463974,-0.7687503695487976,16.183238983154297,16.289918899536133,-0.0024915970861911774,-0.008379435166716576,3.948478843085468e-05,0.008742113597691059
rl,3,2,1,114,0.02,-5.000972747802734,4.999598979949951,0.998916506767273,-0.03822982683777809,-0.023970067501068115,-0.03908219188451767,0.05969506874680519,-5.494471073150635,4.46433162689209,0.948896050453186,-1.5003492832183838,-1.5000336170196533,14.583986282348633,14.737496376037598,0.0001658423279877752,-0.0016224527498707175,-8.705794607521966e-05,0.001633228617720306
lqr,0,1,59,114,1.18,5.944342136383057,-4.602592468261719,0.9740954637527466,0.0005652719410136342,0.00023189577041193843,-1.5417244867421687e-05,0.0006111838738434017,5.9444499015808105,-4.602548122406006,0.9772127866744995,-0.45392274856567383,0.11473734676837921,15.871855735778809,15.878759384155273,-0.002163070486858487,-0.008809921331703663,-5.004683771403506e-06,0.009071582928299904
lqr,1,2,3,114,0.06,5.698881149291992,4.8712334632873535,1.0297503471374512,6.460448741912842,-1.1903159618377686,0.27508413791656494,6.574946403503418,6.926267623901367,4.645089626312256,1.0851190090179443,-51.7968864440918,9.518593788146973,15.25258731842041,54.8284797668457,0.009475335478782654,0.0508192740380764,0.0019247010350227356,0.051730893552303314
lqr,2,1,53,114,1.06,-4.548603057861328,-6.9774346351623535,0.7909712791442871,0.0006702043465338647,-0.0029579082038253546,-0.0003102472401224077,0.003048712620511651,-4.548476219177246,-6.977994441986084,0.794032871723175,-0.3797149658203125,0.10555118322372437,15.876359939575195,15.881250381469727,-0.002725309459492564,-0.007745335344225168,-2.172685162804555e-05,0.008210847154259682
lqr,3,2,1,114,0.02,-5.068122386932373,4.926202774047852,0.9925306439399719,-2.0285089015960693,-2.1975393295288086,-0.2224453240633011,2.998918056488037,-5.494471073150635,4.46433162689209,0.948896050453186,-13.408787727355957,-14.496861457824707,14.311980247497559,24.388261795043945,0.06648588180541992,-0.06734161823987961,-0.014777474105358124,0.09577912092208862
rl,0,1,60,115,1.2,5.280716896057129,-5.227603912353516,0.09475068747997284,0.20431062579154968,0.047897517681121826,-0.8833132386207581,0.9078982472419739,5.9444499015808105,-4.602548122406006,0.9772127866744995,-1.8097528219223022,1.535071611404419,13.158075332641602,13.370363235473633,-0.003471238538622856,-0.009195421822369099,0.00020753788703586906,0.009830988943576813
rl,1,2,4,115,0.08,4.999876022338867,4.998896598815918,0.9892497062683105,-0.01764216646552086,-0.023361975327134132,-0.13035275042057037,0.133599653840065,6.926267623901367,4.645089626312256,1.0851190090179443,-1.5124950408935547,-1.1912834644317627,15.250722885131836,15.371770858764648,-0.0015677984338253736,-0.0067634969018399715,-4.535134576144628e-05,0.006942977663129568
rl,2,1,54,115,1.08,-5.041250228881836,-5.103362560272217,0.2190328687429428,-0.01762368343770504,-0.061316877603530884,-0.9018250107765198,0.9040789008140564,-4.548476219177246,-6.977994441986084,0.794032871723175,-0.9406551718711853,0.45755264163017273,16.159868240356445,16.193687438964844,-0.002244813833385706,-0.009630304761230946,-4.876562888966873e-05,0.009888595901429653
rl,3,2,2,115,0.04,-5.002676010131836,4.998931407928467,0.9972955584526062,-0.06602977961301804,-0.021399127319455147,-0.06149829179048538,0.09273561090230942,-5.494471073150635,4.46433162689209,0.948896050453186,-1.504032015800476,0.13851532340049744,14.668523788452148,14.74608039855957,-0.00019837339641526341,-0.005486679263412952,-0.00021330546587705612,0.00549440598115325
lqr,0,1,60,115,1.2,5.9443583488464355,-4.60258674621582,0.9740950465202332,0.0004857185122091323,0.00020043975382577628,-1.3269946066429839e-05,0.0005256183794699609,5.9444499015808105,-4.602548122406006,0.9772127866744995,-0.46181321144104004,0.11710004508495331,15.871570587158203,15.8787202835083,-0.002166030928492546,-0.008821009658277035,-4.508523943513865e-06,0.009083056822419167
lqr,1,2,4,115,0.08,5.87429141998291,4.8389153480529785,1.037218451499939,5.552402973175049,-1.0230132341384888,0.2363947480916977,5.650806903839111,6.926267623901367,4.645089626312256,1.0851190090179443,-46.54296112060547,8.548994064331055,15.343459129333496,49.74690246582031,-0.0009168387041427195,-0.007468910422176123,0.0010546555276960135,0.007598520256578922
lqr,2,1,54,115,1.08,-4.548584938049316,-6.977514743804932,0.7909629940986633,0.0005717740277759731,-0.0025356970727443695,-0.00026584090664982796,0.0026129211764782667,-4.548476219177246,-6.977994441986084,0.794032871723175,-0.38580214977264404,0.10423088818788528,15.875822067260742,15.880851745605469,-0.0027520167641341686,-0.007760689593851566,-2.5654097044025548e-05,0.008234230801463127
lqr,3,2,2,115,0.04,-5.127161026000977,4.862245082855225,0.9860560297966003,-1.9045714139938354,-2.0632667541503906,-0.2088761329650879,2.8156867027282715,-5.494471073150635,4.46433162689209,0.948896050453186,11.327789306640625,12.24671459197998,17.29134178161621,24.026887893676758,0.0410597026348114,-0.04329361021518707,-0.011626297608017921,0.06078985705971718
rl,0,2,0,116,0.0,5.000034809112549,-5.000027656555176,0.9999042749404907,0.0034930745605379343,-0.002791269915178418,-0.009557079523801804,0.010551327839493752,6.635943412780762,-6.10601806640625,1.0217301845550537,0.5651936531066895,-0.4516258239746094,14.33176326751709,14.350011825561523,-0.003489360911771655,-0.009107237681746483,0.00022314387024380267,0.00975536834448576
rl,1,2,5,116,0.1,4.999674320220947,4.99783992767334,0.9844322800636292,-0.0013269230257719755,-0.041152894496917725,-0.1756993681192398,0.1804593801498413,6.926267623901367,4.645089626312256,1.0851190090179443,0.8624087572097778,-0.956638753414154,13.43342113494873,13.495025634765625,-0.0010903479997068644,-0.007792143616825342,-0.00017665003542788327,0.007870042696595192
rl,2,1,55,116,1.1,-5.041617393493652,-5.104987621307373,0.19187776744365692,-0.009505845606327057,-0.05065695941448212,-0.9068400263786316,0.9083035588264465,-4.548476219177246,-6.977994441986084,0.794032871723175,0.0319434255361557,0.6809861063957214,15.609912872314453,15.624792098999023,-0.0026465030387043953,-0.009695748798549175,3.0847709240333643e-06,0.010050449520349503
rl,3,2,3,116,0.06,-5.004100799560547,4.9981560707092285,0.99492347240448,-0.03821391239762306,-0.028071075677871704,-0.08784902095794678,0.09982854872941971,-5.494471073150635,4.46433162689209,0.948896050453186,1.490340232849121,-0.35938602685928345,14.4580078125,14.53905963897705,-0.0009761145920492709,-0.006894311867654324,-0.00018256604380439967,0.00696546258404851
lqr,0,2,0,116,0.0,5.037697792053223,-5.025487899780273,1.0004268884658813,3.769768238067627,-2.548733711242676,0.04268890619277954,4.550716400146484,6.635943412780762,-6.10601806640625,1.0217301845550537,610.0772705078125,-412.4570617675781,22.81863784790039,736.77392578125,-0.0,-0.0,-0.0,0.0
lqr,1,2,5,116,0.1,6.024768829345703,4.811189651489258,1.0436245203018188,4.760618686676025,-0.8771310448646545,0.20266695320606232,4.844989776611328,6.926267623901367,4.645089626312256,1.0851190090179443,-40.19789123535156,7.382383346557617,15.344328880310059,43.65568161010742,-0.006596880964934826,-0.03797783702611923,0.00042222472256980836,0.03854884207248688
lqr,2,1,55,116,1.1,-4.5485687255859375,-6.9775824546813965,0.7909559011459351,0.0004892930155619979,-0.002172070788219571,-0.00022803449246566743,0.00223814626224339,-4.548476219177246,-6.977994441986084,0.794032871723175,-0.3922523260116577,0.10359939932823181,15.8753662109375,15.880549430847168,-0.00277939485386014,-0.007777776103466749,-2.882623448385857e-05,0.008259519934654236
lqr,3,2,3,116,0.06,-5.1794023513793945,4.805651664733887,0.9803268313407898,-1.6583867073059082,-1.796563982963562,-0.18187646567821503,2.4517273902893066,-5.494471073150635,4.46433162689209,0.948896050453186,13.288060188293457,14.35459041595459,17.578317642211914,26.29874610900879,0.0160282664000988,-0.02038951776921749,-0.00718521885573864,0.026912173256278038
rl,0,2,1,117,0.02,5.00069522857666,-4.999947547912598,0.999017596244812,0.031288985162973404,0.005462923552840948,-0.039564263075590134,0.050736330449581146,6.635943412780762,-6.10601806640625,1.0217301845550537,1.5,0.44512975215911865,14.259452819824219,14.345038414001465,-0.00019634452473837882,-0.0005404187249951065,5.68869654671289e-06,0.0005750095006078482
rl,1,2,6,117,0.12,4.999570846557617,4.996049880981445,0.9792859554290771,-0.004497740417718887,-0.06895820051431656,-0.1694636195898056,0.1830119639635086,6.926267623901367,4.645089626312256,1.0851190090179443,-0.19929306209087372,-1.4954372644424438,16.21510887145996,16.285140991210938,-0.0007565217092633247,-0.007569667883217335,-0.0002475542714819312,0.00761140463873744
rl,2,1,56,117,1.12,-5.041759014129639,-5.106563091278076,0.16444291174411774,-0.0022564330138266087,-0.053388066589832306,-0.9183234572410583,0.9198768138885498,-4.548476219177246,-6.977994441986084,0.794032871723175,-0.014265820384025574,-0.04120276868343353,15.264720916748047,15.264782905578613,-0.00277730287052691,-0.009194178506731987,4.9319824029225856e-05,0.009604621678590775
rl,3,2,4,117,0.08,-5.004691123962402,4.997432708740234,0.9914304614067078,-0.010400130413472652,-0.022106239572167397,-0.13072624802589417,0.13298948109149933,-5.494471073150635,4.46433162689209,0.948896050453186,1.4860016107559204,0.32324331998825073,13.56680965423584,13.651776313781738,-0.001374116400256753,-0.00623727310448885,-0.00011002246901625767,0.006387790665030479
lqr,0,2,1,117,0.02,5.225383758544922,-5.152379512786865,1.002560019493103,6.711280345916748,-4.5373687744140625,0.07635478675365448,8.101531982421875,6.635943412780762,-6.10601806640625,1.0217301845550537,44.31719207763672,-29.9940242767334,15.63692855834961,55.75094985961914,0.13767170906066895,0.21664980053901672,-0.01470689382404089,0.25711268186569214
lqr,1,2,6,117,0.12,6.153742790222168,4.787426948547363,1.0491149425506592,4.079941272735596,-0.7517176270484924,0.17367933690547943,4.152248382568359,6.926267623901367,4.645089626312256,1.0851190090179443,-34.48349380493164,6.333165168762207,15.317867279052734,38.26039123535156,-0.009352958761155605,-0.051842838525772095,-2.1867155737709254e-05,0.052679769694805145
lqr,2,1,56,117,1.12,-4.548556327819824,-6.977641582489014,0.7909496426582336,0.0004184214922133833,-0.001863317214883864,-0.00019578587671276182,0.001919729053042829,-4.548476219177246,-6.977994441986084,0.794032871723175,-0.3983986973762512,0.10377970337867737,15.874930381774902,15.880268096923828,-0.002806925680488348,-0.00779686588793993,-3.1377341656479985e-05,0.008286792784929276
lqr,3,2,4,117,0.08,-5.224429607391357,4.756872177124023,0.975388765335083,-1.42529296875,-1.5440456867218018,-0.15630847215652466,2.107123374938965,-5.494471073150635,4.46433162689209,0.948896050453186,11.933683395385742,12.892630577087402,17.418514251708984,24.739389419555664,0.00018852968059945852,-0.0066548604518175125,-0.0036863009445369244,0.007609962485730648
rl,0,2,2,118,0.04,5.001232147216797,-5.000076770782471,0.9979554414749146,0.01116179022938013,-0.009135860949754715,-0.03332494571805,0.03631255403161049,6.635943412780762,-6.10601806640625,1.0217301845550537,-1.0874805450439453,-0.7868253588676453,16.21491241455078,16.270374298095703,-0.001056202221661806,-0.003416663035750389,2.289426811330486e-05,0.0035762654151767492
rl,1,2,7,118,0.14,4.99929666519165,4.9939985275268555,0.973517656326294,-0.011460833251476288,-0.0681096762418747,-0.20367875695228577,0.21507048606872559,6.926267623901367,4.645089626312256,1.0851190090179443,-0.40671396255493164,0.05022668465971947,14.031670570373535,14.037652969360352,-0.0007652570493519306,-0.008201789110898972,-0.00030364299891516566,0.008243006654083729
rl,2,1,57,118,1.1400000000000001,-5.042285919189453,-5.107621669769287,0.13660737872123718,-0.0251613799482584,-0.026236049830913544,-0.9326131343841553,0.9333212971687317,-4.548476219177246,-6.977994441986084,0.794032871723175,-1.6440602540969849,1.5721869468688965,15.057744026184082,15.22860336303711,-0.002933819778263569,-0.009298557415604591,7.815971912350506e-05,0.009750721976161003
rl,3,2,5,118,0.1,-5.004590034484863,4.996212482452393,0.9873265624046326,0.010212698951363564,-0.049913570284843445,-0.13982947170734406,0.1488218605518341,-5.494471073150635,4.46433162689209,0.948896050453186,1.0903154611587524,-1.4969559907913208,15.389322280883789,15.500351905822754,-0.0014634862309321761,-0.005997931584715843,-7.991112943273038e-05,0.006174411624670029
lqr,0,2,2,118,0.04,5.420710563659668,-5.284436225891113,1.0047839879989624,6.301215648651123,-4.26007080078125,0.07176104933023453,7.6064887046813965,6.635943412780762,-6.10601806640625,1.0217301845550537,-37.41777801513672,25.395587921142578,16.60287857055664,48.17345428466797,0.08589313924312592,0.12642984092235565,-0.011615465395152569,0.15328750014305115
lqr,1,2,7,118,0.14,6.264267444610596,4.767063140869141,1.0538196563720703,3.4962966442108154,-0.6441848278045654,0.14882835745811462,3.558260202407837,6.926267623901367,4.645089626312256,1.0851190090179443,-29.551910400390625,5.428300380706787,15.2969388961792,33.71614074707031,-0.010399142280220985,-0.05632319301366806,-0.0003238852368667722,0.057276081293821335
lqr,2,1,57,118,1.1400000000000001,-4.548545837402344,-6.977692127227783,0.7909442186355591,0.00036032506613992155,-0.0015971113462001085,-0.000166991725564003,0.001645747572183609,-4.548476219177246,-6.977994441986084,0.794032871723175,-0.40476733446121216,0.10392038524150848,15.874553680419922,15.880053520202637,-0.0028348288033157587,-0.007817618548870087,-3.3308308047708124e-05,0.00831579975783825
lqr,3,2,5,118,0.1,-5.26305627822876,4.715026378631592,0.9711527824401855,-1.2220439910888672,-1.323859453201294,-0.13401512801647186,1.8066420555114746,-5.494471073150635,4.46433162689209,0.948896050453186,10.296847343444824,11.132682800292969,17.206361770629883,22.935138702392578,-0.008664220571517944,0.0004861499764956534,-0.0011857092613354325,0.008758479729294777
rl,0,2,3,119,0.06,5.002124309539795,-5.000211238861084,0.9963043928146362,0.03897373005747795,-0.0021884406451135874,-0.06588412076234818,0.0765797570347786,6.635943412780762,-6.10601806640625,1.0217301845550537,1.494303822517395,0.3763757646083832,14.122529983520508,14.206352233886719,-0.001374989515170455,-0.005645825061947107,-2.893317650887184e-05,0.005810918286442757
rl,1,2,8,119,0.16,4.998397350311279,4.992421627044678,0.9670729041099548,-0.039250072091817856,-0.04479002580046654,-0.2204030156135559,0.22830724716186523,6.926267623901367,4.645089626312256,1.0851190090179443,-1.5395628213882446,1.2640650272369385,14.971562385559082,15.10350227355957,-0.0016538493800908327,-0.008724372833967209,-0.00020650503574870527,0.008882147260010242
rl,2,1,58,119,1.16,-5.043238639831543,-5.108409404754639,0.10875371843576431,-0.035035390406847,-0.026292644441127777,-0.9263774752616882,0.9274125099182129,-4.548476219177246,-6.977994441986084,0.794032871723175,-0.9808800220489502,0.11552830785512924,16.19369125366211,16.22378158569336,-0.0033655825536698103,-0.009988447651267052,0.00013430058606900275,0.010541075840592384
rl,3,2,6,119,0.12,-5.003871440887451,4.995054721832275,0.9823118448257446,0.03082376904785633,-0.03292270377278328,-0.18081477284431458,0.18635447323322296,-5.494471073150635,4.46433162689209,0.948896050453186,1.0878161191940308,0.9202560186386108,13.668981552124023,13.743043899536133,-0.0013792823301628232,-0.006160863675177097,-0.00010019086766988039,0.006314166355878115
lqr,0,2,3,119,0.06,5.593545913696289,-5.401285171508789,1.0067518949508667,5.486719131469727,-3.7093944549560547,0.062472157180309296,6.62326192855835,6.635943412780762,-6.10601806640625,1.0217301845550537,-43.87565994262695,29.801647186279297,16.999271392822266,55.69728088378906,0.03493250161409378,0.04287148267030716,-0.007188574876636267,0.055766649544239044
lqr,1,2,8,119,0.16,6.358982086181641,4.749612808227539,1.0578514337539673,2.996095895767212,-0.5520261526107788,0.12753236293792725,3.049194812774658,6.926267623901367,4.645089626312256,1.0851190090179443,-25.326169967651367,4.6535115242004395,15.292181015014648,29.94863510131836,-0.01048632524907589,-0.0557580403983593,-0.0005200655432417989,0.056737929582595825
lqr,2,1,58,119,1.16,-4.5485358238220215,-6.977735996246338,0.7909396886825562,0.00031290293554775417,-0.0013674197252839804,-0.000142943681566976,0.0014100276166573167,-4.548476219177246,-6.977994441986084,0.794032871723175,-0.41138070821762085,0.10482728481292725,15.87415885925293,15.879834175109863,-0.0028626341372728348,-0.007839947007596493,-3.472276875982061e-05,0.008346295915544033
lqr,3,2,6,119,0.12,-5.296163082122803,4.6791605949401855,0.967522144317627,-1.047318935394287,-1.1345731019973755,-0.11485103517770767,1.5483293533325195,-5.494471073150635,4.46433162689209,0.948896050453186,8.820601463317871,9.549370765686035,17.009990692138672,21.408720016479492,-0.013103236444294453,0.0036822734400629997,0.0005291921552270651,0.01362108625471592
rl,0,2,4,120,0.08,5.0034894943237305,-5.000020503997803,0.9937791228294373,0.048692673444747925,0.010668315924704075,-0.09332746267318726,0.10580550134181976,6.635943412780762,-6.10601806640625,1.0217301845550537,0.5135372877120972,0.696801483631134,14.398125648498535,14.424120903015137,-0.0020550598856061697,-0.005739981774240732,6.496897549368441e-05,0.006097120698541403
rl,1,2,9,120,0.18,4.996975421905518,4.9905219078063965,0.9598761200904846,-0.0514313206076622,-0.07259950041770935,-0.2496393918991089,0.2650201618671417,6.926267623901367,4.645089626312256,1.0851190090179443,-0.7038793563842773,-1.4925148487091064,14.299798965454102,14.394697189331055,-0.002047425601631403,-0.009391526691615582,-0.0001647424214752391,0.009613525122404099
rl,2,2,0,120,0.0,-5.0000739097595215,-4.999996185302734,0.9999721050262451,-0.007363610900938511,0.0003622146905399859,-0.002791356761008501,0.007883250713348389,-6.468251705169678,-6.994100570678711,1.2892236709594727,-1.1918396949768066,0.05868646129965782,15.426791191101074,15.472872734069824,-0.003026803256943822,-0.010239966213703156,8.276159496745095e-05,0.010678262449800968
rl,3,2,7,120,0.14,-5.003327369689941,4.99424409866333,0.9770122170448303,0.011788618750870228,-0.024097610265016556,-0.17457646131515503,0.17662560939788818,-5.494471073150635,4.46433162689209,0.948896050453186,-1.0612610578536987,0.48252159357070923,16.212636947631836,16.254497528076172,-0.002226088661700487,-0.006806608755141497,1.607669582881499e-05,0.007161399815231562
lqr,0,2,4,120,0.08,5.742517471313477,-5.501999855041504,1.0084474086761475,4.715542793273926,-3.188020706176758,0.053670626133680344,5.6923370361328125,6.635943412780762,-6.10601806640625,1.0217301845550537,-39.41658020019531,26.78189468383789,16.924230575561523,50.57040786743164,0.00286098918877542,-0.007279222831130028,-0.003696603234857321,0.008650850504636765
lqr,1,2,9,120,0.18,6.440144062042236,4.734658241271973,1.061306118965149,2.567441940307617,-0.4730508327484131,0.1092848852276802,2.6129446029663086,6.926267623901367,4.645089626312256,1.0851190090179443,-21.709081649780273,3.9907073974609375,15.30376148223877,26.85917091369629,-0.010064823552966118,-0.05266423150897026,-0.000638296187389642,0.053621165454387665
lqr,2,2,0,120,0.0,-5.033833980560303,-5.045950412750244,1.0065923929214478,-3.3834264278411865,-4.5950164794921875,0.6592528223991394,5.744246482849121,-6.468251705169678,-6.994100570678711,1.2892236709594727,-547.54150390625,-743.6414794921875,122.572509765625,931.5730590820312,-0.0,-0.0,-0.0,0.0
lqr,3,2,7,120,0.14,-5.324534893035889,4.648425579071045,0.9644109010696411,-0.8975000977516174,-0.9722716808319092,-0.09842038154602051,1.3268402814865112,-5.494471073150635,4.46433162689209,0.948896050453186,7.544546604156494,8.18422794342041,16.839157104492188,20.18561363220215,-0.014907920733094215,0.004659381695091724,0.0016594373155385256,0.015706993639469147
rl,0,2,5,121,0.1,5.004641532897949,-5.0002570152282715,0.990202009677887,0.033250726759433746,-0.01714080572128296,-0.1321909874677658,0.13738222420215607,6.635943412780762,-6.10601806640625,1.0217301845550537,-0.8484026789665222,-1.495256781578064,13.7813081741333,13.8881254196167,-0.0020638704299926758,-0.006589203141629696,4.29190113209188e-05,0.006904997862875462
rl,1,2,10,121,0.2,4.995893955230713,4.988461494445801,0.951399564743042,-0.028323644772171974,-0.06679581105709076,-0.29901060461997986,0.3076869249343872,6.926267623901367,4.645089626312256,1.0851190090179443,1.196663737297058,0.321072518825531,13.219344139099121,13.2772798538208,-0.0015229451237246394,-0.008686713874340057,-0.00022193898621480912,0.008821996860206127
rl,2,2,1,121,0.02,-5.000383377075195,-4.999964714050293,0.9989010095596313,-0.011814597062766552,0.0014045280404388905,-0.0521557480096817,0.05349560081958771,-6.468251705169678,-6.994100570678711,1.2892236709594727,-0.24001488089561462,0.05616935342550278,13.214994430541992,13.217292785644531,-0.00021889523486606777,-0.0012719890801236033,-1.5868612535996363e-05,0.0012907838681712747
rl,3,2,8,121,0.16,-5.003103256225586,4.993149280548096,0.9718996286392212,0.005295254290103912,-0.042675942182540894,-0.16834108531475067,0.17374692857265472,-5.494471073150635,4.46433162689209,0.948896050453186,-0.39259275794029236,-0.9934889078140259,16.214567184448242,16.249717712402344,-0.0022941965144127607,-0.00834842212498188,-1.6547222912777215e-05,0.008657931350171566
lqr,0,2,5,121,0.1,5.87031364440918,-5.5883989334106445,1.009901762008667,4.043105602264404,-2.7334065437316895,0.04600289836525917,4.880607604980469,6.635943412780762,-6.10601806640625,1.0217301845550537,-34.043121337890625,23.12909507751465,16.716304779052734,44.42211151123047,-0.014931472018361092,-0.033496957272291183,-0.001207902212627232,0.036694061011075974
lqr,1,2,10,121,0.2,6.509694576263428,4.72184419631958,1.0642664432525635,2.2001190185546875,-0.4053710699081421,0.0936487466096878,2.2391111850738525,6.926267623901367,4.645089626312256,1.0851190090179443,-18.612348556518555,3.423349380493164,15.328463554382324,24.35365867614746,-0.009399750269949436,-0.0484701432287693,-0.0006998403696343303,0.049378130584955215
lqr,2,2,1,121,0.02,-5.202281475067139,-5.274724006652832,1.0394155979156494,-6.023374557495117,-8.180611610412598,1.1737192869186401,10.22648811340332,-6.468251705169678,-6.994100570678711,1.2892236709594727,-40.02758026123047,-54.01473617553711,22.42807388305664,70.87184143066406,0.244551420211792,-0.20984722673892975,-0.05164876952767372,0.3263569474220276
lqr,3,2,8,121,0.16,-5.348848819732666,4.622087001800537,0.9617447257041931,-0.7690972089767456,-0.8331738710403442,-0.08433933556079865,1.137014627456665,-5.494471073150635,4.46433162689209,0.948896050453186,6.450082778930664,7.015115737915039,16.69371223449707,19.22226333618164,-0.015198582783341408,0.004446688573807478,0.0023632412776350975,0.016011085361242294
rl,0,2,6,122,0.12,5.005083084106445,-5.001199722290039,0.9852490425109863,0.005457648076117039,-0.03853803873062134,-0.1815570443868637,0.18568232655525208,6.635943412780762,-6.10601806640625,1.0217301845550537,-1.5198943614959717,-1.1486010551452637,13.213215827941895,13.349847793579102,-0.0011990315979346633,-0.007732147816568613,-0.00014923639537300915,0.007825986482203007
rl,1,2,11,122,0.22,4.994905471801758,4.986652851104736,0.9423172473907471,-0.03523125872015953,-0.05702655762434006,-0.30461186170578003,0.3119000494480133,6.926267623901367,4.645089626312256,1.0851190090179443,-0.4383036494255066,0.5383346080780029,15.574246406555176,15.589710235595703,-0.0020285453647375107,-0.007913888432085514,-0.00010961799853248522,0.008170473389327526
rl,2,2,2,122,0.04,-5.000181674957275,-5.0004096031188965,0.9963487386703491,0.01599103957414627,-0.02294556237757206,-0.1015242412686348,0.10530614107847214,-6.468251705169678,-6.994100570678711,1.2892236709594727,1.497511625289917,-1.3131362199783325,13.215330123901367,13.36457347869873,-0.0006036345148459077,-0.0035524368286132812,-4.803188858204521e-05,0.0036036772653460503
rl,3,2,9,122,0.18,-5.003297328948975,4.99160623550415,0.966974139213562,-0.012355078011751175,-0.0558556392788887,-0.16210460662841797,0.17190231382846832,-5.494471073150635,4.46433162689209,0.948896050453186,-1.002751350402832,-0.7005407214164734,16.21245002746582,16.258529663085938,-0.0017868672730401158,-0.009094110690057278,-0.00012866209726780653,0.009268888272345066
lqr,0,2,6,122,0.12,5.979846954345703,-5.662452697753906,1.0111477375030518,3.4650256633758545,-2.342586040496826,0.03941642493009567,4.182782173156738,6.635943412780762,-6.10601806640625,1.0217301845550537,-29.207651138305664,19.83580207824707,16.498823165893555,38.97123336791992,-0.02375124767422676,-0.04537830501794815,0.0004911086289212108,0.05122063308954239
lqr,1,2,11,122,0.22,6.569295406341553,4.710862159729004,1.0668034553527832,1.8853414058685303,-0.3473755419254303,0.08025018125772476,1.9187554121017456,6.926267623901367,4.645089626312256,1.0851190090179443,-15.962108612060547,2.937901258468628,15.362346649169922,22.347749710083008,-0.008643410168588161,-0.04396606609225273,-0.000721003336366266,0.044813428074121475
lqr,2,2,2,122,0.04,-5.377586364746094,-5.512813568115234,1.0735759735107422,-5.655308246612549,-7.680796146392822,1.1020036935806274,9.601643562316895,-6.468251705169678,-6.994100570678711,1.2892236709594727,33.96099090576172,45.64665985107422,11.105400085449219,57.96806335449219,0.1539515256881714,-0.12827444076538086,-0.040683262050151825,0.2044762372970581
lqr,3,2,9,122,0.18,-5.36968469619751,4.59951639175415,0.9594600796699524,-0.6590582728385925,-0.713972806930542,-0.07227248698472977,0.9743399024009705,-5.494471073150635,4.46433162689209,0.948896050453186,5.510993957519531,6.014484882354736,16.57036781311035,18.469491958618164,-0.014660696499049664,0.0036405667196959257,0.002760455245152116,0.015356102026998997
rl,0,2,7,123,0.14,5.0046916007995605,-5.002138614654541,0.979633092880249,-0.022331243380904198,-0.02774958871304989,-0.19002637267112732,0.19333584606647491,6.635943412780762,-6.10601806640625,1.0217301845550537,-1.530723214149475,0.5895911455154419,15.41817569732666,15.505188941955566,-0.0012742902617901564,-0.008805609308183193,-0.00021898782870266587,0.008900029584765434
rl,1,2,12,123,0.24,4.994132041931152,4.984828472137451,0.9326532483100891,-0.021002640947699547,-0.06277216970920563,-0.3308856189250946,0.33744147419929504,6.926267623901367,4.645089626312256,1.0851190090179443,0.6994785070419312,-0.2975460886955261,14.464799880981445,14.484759330749512,-0.0022881145123392344,-0.008157714270055294,-5.926941230427474e-05,0.008472737856209278
rl,2,2,3,123,0.06,-4.999477386474609,-5.00165319442749,0.9927778840065002,0.027167966589331627,-0.05074942484498024,-0.1277848482131958,0.1401519626379013,-6.468251705169678,-6.994100570678711,1.2892236709594727,0.5967974066734314,-1.499184250831604,14.46203327178955,14.551774024963379,-0.0002400321391178295,-0.004424516577273607,-0.00015312660252675414,0.004433667752891779
rl,3,2,10,123,0.2,-5.003640174865723,4.989663124084473,0.9618667364120483,-0.010964829474687576,-0.06925881654024124,-0.1743112951517105,0.1878867745399475,-5.494471073150635,4.46433162689209,0.948896050453186,0.019128898158669472,-0.7118820548057556,15.220744132995605,15.237394332885742,-0.0015749781159684062,-0.009436464868485928,-0.00019604807312134653,0.009569005109369755
lqr,0,2,7,123,0.14,6.073714733123779,-5.7259135246276855,1.012215256690979,2.969352960586548,-2.007474422454834,0.03377418965101242,3.5844316482543945,6.635943412780762,-6.10601806640625,1.0217301845550537,-25.036365509033203,16.99222183227539,16.311092376708984,34.37451171875,-0.02724333293735981,-0.04919124022126198,0.0016052824212238193,0.056254372000694275
lqr,1,2,12,123,0.24,6.620367527008057,4.701451301574707,1.0689774751663208,1.6156022548675537,-0.2976740002632141,0.06876828521490097,1.6442351341247559,6.926267623901367,4.645089626312256,1.0851190090179443,-13.692279815673828,2.52213978767395,15.401480674743652,20.76163101196289,-0.007881172001361847,-0.0395708791911602,-0.0007139546796679497,0.040354397147893906
lqr,2,2,3,123,0.06,-5.5327043533325195,-5.723489761352539,1.1038025617599487,-4.9242987632751465,-6.687964916229248,0.9595528841018677,8.360522270202637,-6.468251705169678,-6.994100570678711,1.2892236709594727,39.95082473754883,53.492042541503906,10.752981185913086,67.62464904785156,0.06378786265850067,-0.05215485394001007,-0.025237832218408585,0.08617405593395233
lqr,3,2,10,123,0.2,-5.387537479400635,4.58017635345459,0.9575021862983704,-0.5647631883621216,-0.6118241548538208,-0.0619322843849659,0.8349382281303406,-5.494471073150635,4.46433162689209,0.948896050453186,4.705789089202881,5.157687664031982,16.466224670410156,17.88526725769043,-0.013706531375646591,0.002579146297648549,0.0029407248366624117,0.014253731817007065
rl,0,2,8,124,0.16,5.004579067230225,-5.003204822540283,0.9738360047340393,0.005491570569574833,-0.03946904465556145,-0.19483603537082672,0.19886942207813263,6.635943412780762,-6.10601806640625,1.0217301845550537,1.460402250289917,-0.622850239276886,15.623409271240234,15.703873634338379,-0.001841961988247931,-0.008962992578744888,-0.00016553366731386632,0.009151801466941833
rl,1,2,13,124,0.26,4.993721008300781,4.982389450073242,0.9228513836860657,-0.010042741894721985,-0.09058069437742233,-0.32465171813964844,0.33720090985298157,6.926267623901367,4.645089626312256,1.0851190090179443,0.5075579285621643,-1.484398365020752,16.21924591064453,16.294937133789062,-0.0018001007847487926,-0.007822980172932148,-0.00010540879156906158,0.008028106763958931
rl,2,2,4,124,0.08,-4.9982123374938965,-5.003708839416504,0.9889814853668213,0.049708034843206406,-0.07741999626159668,-0.12592287361621857,0.15595291554927826,-6.468251705169678,-6.994100570678711,1.2892236709594727,1.2042136192321777,-1.437965750694275,15.980030059814453,16.089725494384766,-3.349275721120648e-05,-0.005488394293934107,-0.0002561005821917206,0.005494468379765749
rl,3,2,11,124,0.22,-5.003751754760742,4.987897872924805,0.9556499123573303,-8.4201485151425e-05,-0.05361349880695343,-0.2236810177564621,0.2300165444612503,-5.494471073150635,4.46433162689209,0.948896050453186,0.531675398349762,0.854857325553894,13.2166109085083,13.25489616394043,-0.0017399272182956338,-0.008708416484296322,-0.00016336927365045995,0.008882035501301289
lqr,0,2,8,124,0.16,6.1541523933410645,-5.7802958488464355,1.0131303071975708,2.544542074203491,-1.720278263092041,0.02893971838057041,3.0716264247894287,6.635943412780762,-6.10601806640625,1.0217301845550537,-21.462299346923828,14.554304122924805,16.161897659301758,30.555932998657227,-0.027690911665558815,-0.04868007078766823,0.002295610262081027,0.05605181306600571
lqr,1,2,13,124,0.26,6.6641340255737305,4.693387031555176,1.0708404779434204,1.3844550848007202,-0.2550831139087677,0.05892935395240784,1.4089910984039307,6.926267623901367,4.645089626312256,1.0851190090179443,-11.749566078186035,2.16606068611145,15.443115234375,19.52521324157715,-0.0071578724309802055,-0.03549015894532204,-0.00068793905666098,0.036211319267749786
lqr,2,2,4,124,0.08,-5.666405200958252,-5.905076026916504,1.1298556327819824,-4.232174873352051,-5.747936725616455,0.8246833682060242,7.185414791107178,-6.468251705169678,-6.994100570678711,1.2892236709594727,35.935035705566406,48.02283477783203,11.375588417053223,61.04853439331055,0.006601381581276655,-0.006565294694155455,-0.01306676585227251,0.016044367104768753
lqr,3,2,11,124,0.22,-5.402836799621582,4.563602447509766,0.9558244347572327,-0.4839619994163513,-0.5242926478385925,-0.053071439266204834,0.7154848575592041,-5.494471073150635,4.46433162689209,0.948896050453186,4.015278339385986,4.424413204193115,16.37824821472168,17.43401527404785,-0.012579183094203472,0.0014497011434286833,0.002970673842355609,0.013006243854761124
rl,0,2,9,125,0.18,5.004593372344971,-5.004945278167725,0.9670157432556152,-0.002029429655522108,-0.06727632135152817,-0.2435925006866455,0.25272026658058167,6.635943412780762,-6.10601806640625,1.0217301845550537,-0.44629859924316406,-1.4908791780471802,13.247763633728027,13.338858604431152,-0.0014172071823850274,-0.008035103790462017,-0.00020647604833357036,0.008161739446222782
rl,1,2,14,125,0.28,4.993975639343262,4.979507923126221,0.9126019477844238,0.017774976789951324,-0.09875131398439407,-0.3501526415348053,0.36424532532691956,6.926267623901367,4.645089626312256,1.0851190090179443,1.4193476438522339,-0.4257444143295288,14.511434555053711,14.586895942687988,-0.0012939040316268802,-0.007583904545754194,-0.00017854741599876434,0.007695562206208706
rl,2,2,5,125,0.1,-4.996694087982178,-5.006588459014893,0.9842165112495422,0.05105296149849892,-0.1052231714129448,-0.17529065907001495,0.21072526276111603,-6.468251705169678,-6.994100570678711,1.2892236709594727,0.05821552500128746,-1.4992115497589111,13.215158462524414,13.300053596496582,8.712211274541914e-05,-0.006114704068750143,-0.0003339781251270324,0.006124437786638737
rl,3,2,12,125,0.24,-5.0043110847473145,4.985733509063721,0.9485658407211304,-0.027874259278178215,-0.08142287284135818,-0.24234141409397125,0.257169246673584,-5.494471073150635,4.46433162689209,0.948896050453186,-1.568510890007019,-1.4860013723373413,14.866011619567871,15.022208213806152,-0.0018845059676095843,-0.008472359739243984,-0.0001293994573643431,0.008680379018187523
lqr,0,2,9,125,0.18,6.223083019256592,-5.826898097991943,1.0139143466949463,2.1805002689361572,-1.4741549491882324,0.024797353893518448,2.632172107696533,6.635943412780762,-6.10601806640625,1.0217301845550537,-18.402828216552734,12.467658042907715,16.049468994140625,27.417001724243164,-0.026485420763492584,-0.04601213335990906,0.0026832541916519403,0.053158197551965714
lqr,1,2,14,125,0.28,6.701639652252197,4.686478137969971,1.072437047958374,1.1863751411437988,-0.21858970820903778,0.05049740523099899,1.207401156425476,6.926267623901367,4.645089626312256,1.0851190090179443,-10.086194038391113,1.8609797954559326,15.484729766845703,18.573406219482422,-0.0064949109219014645,-0.03181014582514763,-0.0006498263101093471,0.03247293457388878
lqr,2,2,5,125,0.1,-5.781100273132324,-6.060850620269775,1.152205467224121,-3.628666877746582,-4.928274631500244,0.7070834636688232,6.160769462585449,-6.468251705169678,-6.994100570678711,1.2892236709594727,31.03287124633789,41.44621658325195,11.924848556518555,53.1321907043457,-0.02537149004638195,0.01722160540521145,-0.0043603661470115185,0.030972713604569435
lqr,3,2,12,125,0.24,-5.415946960449219,4.549400806427002,0.9543867707252502,-0.41471996903419495,-0.44928497076034546,-0.04547818377614021,0.6131214499473572,-5.494471073150635,4.46433162689209,0.948896050453186,3.422962188720703,3.7960474491119385,16.30389404296875,17.08635711669922,-0.01141875796020031,0.00035212174407206476,0.0028995112515985966,0.011786398477852345
rl,0,2,10,126,0.2,5.005087852478027,-5.007518768310547,0.9594143033027649,0.0257890447974205,-0.09508104622364044,-0.2582800090312958,0.2764309048652649,6.635943412780762,-6.10601806640625,1.0217301845550537,1.4477828741073608,-1.4888944625854492,15.09250259399414,15.23471450805664,-0.0007458780892193317,-0.007668790407478809,-0.00031633625621907413,0.007711468730121851
rl,1,2,15,126,0.3,4.994592666625977,4.976085186004639,0.9016869068145752,0.022023536264896393,-0.12171874940395355,-0.3706909716129303,0.39078420400619507,6.926267623901367,4.645089626312256,1.0851190090179443,0.14029185473918915,-1.2224572896957397,14.772964477539062,14.82412052154541,-0.0011756919557228684,-0.007148352451622486,-0.0001865066442405805,0.007246790919452906
rl,2,2,6,126,0.12,-4.994606018066406,-5.010266304016113,0.9787304401397705,0.07886692881584167,-0.1313101202249527,-0.1866603046655655,0.2414630651473999,-6.468251705169678,-6.994100570678711,1.2892236709594727,1.4784225225448608,-1.4068275690078735,15.267409324645996,15.403203964233398,0.00022250626352615654,-0.006382642313838005,-0.0004020951164420694,0.006399164907634258
rl,3,2,13,126,0.26,-5.005701541900635,4.98288631439209,0.9411537051200867,-0.05566094070672989,-0.10161374509334564,-0.24943609535694122,0.27503064274787903,-5.494471073150635,4.46433162689209,0.948896050453186,-1.5798097848892212,-1.0733134746551514,15.488859176635742,15.606170654296875,-0.0011719727190211415,-0.009591957554221153,-0.00029406489920802414,0.009667763486504555
lqr,0,2,10,126,0.2,6.28215217590332,-5.866832733154297,1.0145862102508545,1.8685331344604492,-1.2632472515106201,0.021248815581202507,2.255584478378296,6.635943412780762,-6.10601806640625,1.0217301845550537,-15.783662796020508,10.680377006530762,15.967752456665039,24.862895965576172,-0.024459615349769592,-0.042415402829647064,0.002858181484043598,0.04904598370194435
lqr,1,2,15,126,0.3,6.733777046203613,4.680556774139404,1.0738050937652588,1.0166348218917847,-0.18731890618801117,0.04327277094125748,1.0346531867980957,6.926267623901367,4.645089626312256,1.0851190090179443,-8.661850929260254,1.60020112991333,15.525312423706055,17.85003089904785,-0.005900254473090172,-0.028550496324896812,-0.0006046156631782651,0.029160065576434135
lqr,2,2,6,126,0.12,-5.8794074058532715,-6.194366455078125,1.1713613271713257,-3.1098482608795166,-4.223627090454102,0.6059858798980713,5.279905319213867,-6.468251705169678,-6.994100570678711,1.2892236709594727,26.59750747680664,35.53483963012695,12.365124702453613,46.0765495300293,-0.04140342026948929,0.027978835627436638,0.001618318958207965,0.04999677091836929
lqr,3,2,13,126,0.26,-5.427180290222168,4.537230014801025,0.9531548023223877,-0.3553867042064667,-0.38500893115997314,-0.03897156938910484,0.5254049897193909,-5.494471073150635,4.46433162689209,0.948896050453186,2.914421558380127,3.258295774459839,16.240991592407227,16.819042205810547,-0.010301855392754078,-0.0006645650719292462,0.0027631267439574003,0.010686662048101425
rl,0,2,11,127,0.22,5.005479335784912,-5.010927200317383,0.951472282409668,0.006705914624035358,-0.12288512289524078,-0.267964243888855,0.29487380385398865,6.635943412780762,-6.10601806640625,1.0217301845550537,-1.089713454246521,-1.4881035089492798,15.353026390075684,15.463419914245605,-0.00041960214730352163,-0.007577972952276468,-0.00039123493479564786,0.007599658332765102
rl,1,2,16,127,0.32,4.995345115661621,4.971877098083496,0.8905000686645508,0.026626460254192352,-0.14952388405799866,-0.37399736046791077,0.40365874767303467,6.926267623901367,4.645089626312256,1.0851190090179443,0.1470428854227066,-1.4816741943359375,15.703222274780273,15.773653984069824,-0.0007385361823253334,-0.0075977337546646595,-0.00028380544972606003,0.007638818118721247
rl,2,2,7,127,0.14,-4.992794990539551,-5.013803482055664,0.9721435904502869,0.05107143521308899,-0.111191526055336,-0.23602506518363953,0.2658565044403076,-6.468251705169678,-6.994100570678711,1.2892236709594727,-1.5234084129333496,1.085982084274292,13.21225643157959,13.344057083129883,-0.0003752963966690004,-0.006828253623098135,-0.0003562171768862754,0.00684783048927784
rl,3,2,14,127,0.28,-5.007781028747559,4.980014324188232,0.9337952733039856,-0.07614992558956146,-0.09277291595935822,-0.24319913983345032,0.2712036967277527,-5.494471073150635,4.46433162689209,0.948896050453186,-1.1994779109954834,0.4946271479129791,16.20785903930664,16.259708404541016,-0.0013339879224076867,-0.010297517292201519,-0.0003278547083027661,0.010388737544417381
lqr,0,2,11,127,0.22,6.332771301269531,-5.901053428649902,1.0151618719100952,1.601195216178894,-1.0825127363204956,0.018207985907793045,1.9328713417053223,6.635943412780762,-6.10601806640625,1.0217301845550537,-13.540667533874512,9.150328636169434,15.910201072692871,22.808170318603516,-0.022103453055024147,-0.03856625780463219,0.0028865986969321966,0.04454493895173073
lqr,1,2,16,127,0.32,6.761318206787109,4.675482749938965,1.0749773979187012,0.8711815476417542,-0.1605195552110672,0.03708083555102348,0.8866221308708191,6.926267623901367,4.645089626312256,1.0851190090179443,-7.442849636077881,1.3770476579666138,15.563695907592773,17.306673049926758,-0.0053744870238006115,-0.025696037337183952,-0.0005558706470765173,0.026257958263158798
lqr,2,2,7,127,0.14,-5.963653087615967,-6.308784008026123,1.1877776384353638,-2.664982795715332,-3.619432210922241,0.5193001627922058,4.5246100425720215,-6.468251705169678,-6.994100570678711,1.2892236709594727,22.759742736816406,30.438785552978516,12.739156723022461,40.08505630493164,-0.047919414937496185,0.0313926637172699,0.005565664730966091,0.05755646526813507
lqr,3,2,14,127,0.28,-5.436808109283447,4.526801109313965,0.9520989060401917,-0.30454352498054504,-0.32992634177207947,-0.033395588397979736,0.4502370357513428,-5.494471073150635,4.46433162689209,0.948896050453186,2.4778826236724854,2.7975127696990967,16.187711715698242,16.613489151000977,-0.009267650544643402,-0.0015798313543200493,0.0025875146966427565,0.009750920347869396
rl,0,2,12,128,0.24,5.005659580230713,-5.015170574188232,0.9428073763847351,0.005653816740959883,-0.15068857371807098,-0.2992710471153259,0.3351151645183563,6.635943412780762,-6.10601806640625,1.0217301845550537,-0.1194264218211174,-1.4888328313827515,14.190291404724121,14.268680572509766,-0.0002066245215246454,-0.008350434713065624,-0.00048740030615590513,0.008367198519408703
rl,1,2,17,128,0.34,4.9961466789245605,4.966835021972656,0.8787333965301514,0.02676207385957241,-0.1773281991481781,-0.4013344943523407,0.43958035111427307,6.926267623901367,4.645089626312256,1.0851190090179443,-0.09231488406658173,-1.4827510118484497,14.405160903930664,14.481565475463867,-0.00036956125404685736,-0.007941575720906258,-0.0003798126708716154,0.007959237322211266
rl,2,2,8,128,0.16,-4.991303443908691,-5.01769495010376,0.9644994139671326,0.0490122064948082,-0.1389981210231781,-0.2642036974430084,0.3025330901145935,-6.468251705169678,-6.994100570678711,1.2892236709594727,-0.1439596712589264,-1.4983664751052856,14.358154296875,14.436842918395996,-0.0010998141951858997,-0.00786871649324894,-0.00028693300555460155,0.00795038416981697
rl,3,2,15,128,0.3,-5.010136604309082,4.97721529006958,0.9261937737464905,-0.07968978583812714,-0.09360712766647339,-0.25846731662750244,0.28621339797973633,-5.494471073150635,4.46433162689209,0.948896050453186,-0.2876017093658447,-0.02694864198565483,15.053383827209473,15.05615520477295,-0.0019605529960244894,-0.010291747748851776,-0.0002459245442878455,0.010479710064828396
lqr,0,2,12,128,0.24,6.3761467933654785,-5.930377960205078,1.0156549215316772,1.3721052408218384,-0.927635669708252,0.015603133477270603,1.656328558921814,6.635943412780762,-6.10601806640625,1.0217301845550537,-11.619792938232422,7.840191841125488,15.871257781982422,21.17510414123535,-0.019696764647960663,-0.03482144698500633,0.002817002357915044,0.04010525345802307
lqr,1,2,17,128,0.34,6.784918785095215,4.6711344718933105,1.0759817361831665,0.7465342879295349,-0.13755664229393005,0.03177618607878685,0.7597663998603821,6.926267623901367,4.645089626312256,1.0851190090179443,-6.399438381195068,1.1857233047485352,15.599405288696289,16.902667999267578,-0.004913935903459787,-0.02321600168943405,-0.0005062129930593073,0.02373574860394001
lqr,2,2,8,128,0.16,-6.035845756530762,-6.406833171844482,1.201845407485962,-2.2837178707122803,-3.1016156673431396,0.44500625133514404,3.8772952556610107,-6.468251705169678,-6.994100570678711,1.2892236709594727,19.466293334960938,26.07563591003418,13.07446002960205,35.06874465942383,-0.04897119849920273,0.03085213713347912,0.008027494885027409,0.058433495461940765
lqr,3,2,15,128,0.3,-5.445057392120361,4.517862796783447,0.9511942267417908,-0.26097553968429565,-0.28272342681884766,-0.02861754037439823,0.38582345843315125,-5.494471073150635,4.46433162689209,0.948896050453186,2.1027305126190186,2.40328049659729,16.14242935180664,16.455249786376953,-0.008332647383213043,-0.0023888126015663147,0.0023911460302770138,0.008992052637040615
rl,0,2,13,129,0.26,5.0056962966918945,-5.020246982574463,0.9331409335136414,-0.0009880907600745559,-0.17849154770374298,-0.33369484543800354,0.3784342408180237,6.635943412780762,-6.10601806640625,1.0217301845550537,-0.4268041253089905,-1.4888606071472168,14.020586013793945,14.105874061584473,-2.5183295292663388e-05,-0.00825317483395338,-0.000546435359865427,0.00827128253877163
rl,1,2,18,129,0.36,4.996399879455566,4.961006164550781,0.8664937019348145,-0.0007013629074208438,-0.20280100405216217,-0.411317378282547,0.45859646797180176,6.926267623901367,4.645089626312256,1.0851190090179443,-1.5950486660003662,-1.355444312095642,15.330192565917969,15.472434043884277,-0.0001478043122915551,-0.008541250601410866,-0.0004696068644989282,0.008555427193641663
rl,2,2,9,129,0.18,-4.990152359008789,-5.022010803222656,0.9561084508895874,0.0330040268599987,-0.1462957113981247,-0.2874407470226288,0.3242127299308777,-6.468251705169678,-6.994100570678711,1.2892236709594727,-0.9038114547729492,-0.3912835419178009,14.62247085571289,14.655600547790527,-0.0007722905720584095,-0.008236349560320377,-0.00035530695458874106,0.008280104957520962
rl,3,2,16,129,0.32,-5.012693405151367,4.973850727081299,0.9179121255874634,-0.08799171447753906,-0.12141570448875427,-0.2848571836948395,0.321912944316864,-5.494471073150635,4.46433162689209,0.948896050453186,-0.5490928292274475,-1.4811747074127197,14.45328140258789,14.539350509643555,-0.001707097515463829,-0.009718767367303371,-0.0002607776550576091,0.009870999492704868
lqr,0,2,13,129,0.26,6.413315773010254,-5.95550537109375,1.0160776376724243,1.175797700881958,-0.794917643070221,0.013371556997299194,1.4193565845489502,6.635943412780762,-6.10601806640625,1.0217301845550537,-9.974720001220703,6.718668460845947,15.845624923706055,19.892696380615234,-0.01739196665585041,-0.031355272978544235,0.002684599021449685,0.035956092178821564
lqr,1,2,18,129,0.36,6.805140495300293,4.667408466339111,1.0768424272537231,0.6397252082824707,-0.11787605285644531,0.027230489999055862,0.6510642170906067,6.926267623901367,4.645089626312256,1.0851190090179443,-5.505997657775879,1.0223921537399292,15.63196086883545,16.60480308532715,-0.004513175692409277,-0.021072063595056534,-0.00045740624773316085,0.02155481092631817
lqr,2,2,9,129,0.18,-6.097710132598877,-6.490854263305664,1.2139005661010742,-1.9569920301437378,-2.657869815826416,0.38133835792541504,3.322575569152832,-6.468251705169678,-6.994100570678711,1.2892236709594727,16.645641326904297,22.342044830322266,13.381941795349121,30.908262252807617,-0.04703915864229202,0.028322448953986168,0.009417946450412273,0.055709436535835266
lqr,3,2,16,129,0.32,-5.452126502990723,4.510203838348389,0.950419008731842,-0.22363515198230743,-0.2422717809677124,-0.024522870779037476,0.3306201100349426,-5.494471073150635,4.46433162689209,0.948896050453186,1.78075110912323,2.065166473388672,16.104005813598633,16.3332462310791,-0.007500974461436272,-0.003095080843195319,0.0021870266646146774,0.008404000662267208
rl,0,2,14,130,0.28,5.0051093101501465,-5.025834560394287,0.9226033687591553,-0.02877848595380783,-0.19007430970668793,-0.36003100872039795,0.408140629529953,6.635943412780762,-6.10601806640625,1.0217301845550537,-1.5766524076461792,-0.6132783889770508,14.449867248535156,14.54856014251709,-0.0001338212168775499,-0.008659521117806435,-0.00057604955509305,0.008679691702127457
rl,1,2,19,130,0.38,4.995822429656982,4.955477714538574,0.8541837334632874,-0.028487475588917732,-0.17499466240406036,-0.4098415672779083,0.44654762744903564,6.926267623901367,4.645089626312256,1.0851190090179443,-1.6253650188446045,1.5199373960494995,15.943865776062012,16.098411560058594,-0.0008193260291591287,-0.009770462289452553,-0.00044854043517261744,0.00981500931084156
rl,2,2,10,130,0.2,-4.989190101623535,-5.026858806610107,0.946497917175293,0.031621646136045456,-0.16923965513706207,-0.33680981397628784,0.3782629370689392,-6.468251705169678,-6.994100570678711,1.2892236709594727,-0.11773677170276642,-1.2349493503570557,13.214950561523438,13.273050308227539,-0.0008083988795988262,-0.008496702648699284,-0.0003686105483211577,0.008543028496205807
rl,3,2,17,130,0.34,-5.015888214111328,4.969650745391846,0.9087054133415222,-0.1157786175608635,-0.14922213554382324,-0.317907452583313,0.3697797656059265,-5.494471073150635,4.46433162689209,0.948896050453186,-1.6055946350097656,-1.4805210828781128,14.085739135742188,14.254049301147461,-0.000913595431484282,-0.009670709259808064,-0.0003916139539796859,0.009721658192574978
lqr,0,2,14,130,0.28,6.445168972015381,-5.977039337158203,1.0164399147033691,1.0075727701187134,-0.681192934513092,0.011458555236458778,1.2162885665893555,6.635943412780762,-6.10601806640625,1.0217301845550537,-8.566474914550781,5.757943153381348,15.830013275146484,18.897823333740234,-0.015265494585037231,-0.028239695355296135,0.002514608670026064,0.032199982553720474
lqr,1,2,19,130,0.38,6.8224687576293945,4.6642165184021,1.0775799751281738,0.5482043623924255,-0.10101327300071716,0.023335494101047516,0.5579213500022888,6.926267623901367,4.645089626312256,1.0851190090179443,-4.741738319396973,0.882331907749176,15.661575317382812,16.387420654296875,-0.004165847320109606,-0.019224895164370537,-0.0004106153210159391,0.019675351679325104
lqr,2,2,10,130,0.2,-6.1507248878479,-6.562854766845703,1.2242307662963867,-1.677005410194397,-2.2776098251342773,0.32677972316741943,2.8472158908843994,-6.468251705169678,-6.994100570678711,1.2892236709594727,14.231122016906738,19.146337509155273,13.664969444274902,27.492515563964844,-0.04361427575349808,0.024922490119934082,0.010048139840364456,0.051227930933237076
lqr,3,2,17,130,0.34,-5.458184719085693,4.503639221191406,0.9497546553611755,-0.19164273142814636,-0.20760542154312134,-0.021014196798205376,0.28331702947616577,-5.494471073150635,4.46433162689209,0.948896050453186,1.503616213798523,1.7760378122329712,16.071250915527344,16.238849639892578,-0.006769186817109585,-0.003706730669364333,0.0019839340820908546,0.007968546822667122
rl,0,2,15,131,0.3,5.00479793548584,-5.030979633331299,0.9110056161880493,-0.00116434704978019,-0.1622682362794876,-0.39987319707870483,0.43154481053352356,6.635943412780762,-6.10601806640625,1.0217301845550537,1.4093397855758667,1.5110936164855957,13.736279487609863,13.890825271606445,-0.0010866762604564428,-0.00861289817839861,-0.00044582615373656154,0.008692620322108269
rl,1,2,20,131,0.4,4.994965076446533,4.949670791625977,0.8413645029067993,-0.028649989515542984,-0.20280298590660095,-0.4360392987728119,0.48174697160720825,6.926267623901367,4.645089626312256,1.0851190090179443,-0.1327020823955536,-1.4807624816894531,14.466599464416504,14.542791366577148,-0.001683598617091775,-0.010048503056168556,-0.00032893664319999516,0.010193876922130585
rl,2,2,11,131,0.22,-4.988797664642334,-5.031553268432617,0.9361400604248047,0.00383232650347054,-0.1501522958278656,-0.3494877815246582,0.3803972899913788,-6.468251705169678,-6.994100570678711,1.2892236709594727,-1.5555955171585083,1.0337611436843872,15.188525199890137,15.302935600280762,-0.0010220743715763092,-0.008644618093967438,-0.00035120712709613144,0.008711911737918854
rl,3,2,18,131,0.36,-5.018805027008057,4.96461820602417,0.8991727828979492,-0.08795443922281265,-0.17702613770961761,-0.3176751732826233,0.3741547167301178,-5.494471073150635,4.46433162689209,0.948896050453186,1.3719209432601929,-1.4780378341674805,15.904953956604004,16.032289505004883,-0.0004568718431983143,-0.009428891353309155,-0.0004817181616090238,0.00945223681628704
lqr,0,2,15,131,0.3,6.472463607788086,-5.995491981506348,1.016750454902649,0.8634119629859924,-0.5837346911430359,0.009819071739912033,1.04226815700531,6.635943412780762,-6.10601806640625,1.0217301845550537,-7.360718727111816,4.935221195220947,15.82136344909668,18.134279251098633,-0.013349228538572788,-0.02549021504819393,0.0023248845245689154,0.028867941349744797
lqr,1,2,20,131,0.4,6.837319374084473,4.6614813804626465,1.0782122611999512,0.4697750508785248,-0.08656845986843109,0.019997281953692436,0.4781031012535095,6.926267623901367,4.645089626312256,1.0851190090179443,-4.088317394256592,0.7625406384468079,15.68803882598877,16.229921340942383,-0.003865596139803529,-0.01763792522251606,-0.0003666336415335536,0.01806027814745903
lqr,2,2,11,131,0.22,-6.196154594421387,-6.624554634094238,1.2330830097198486,-1.437072992324829,-1.9517496824264526,0.2800268828868866,2.4398608207702637,-6.468251705169678,-6.994100570678711,1.2892236709594727,12.163689613342285,16.41014862060547,13.924853324890137,24.721445083618164,-0.03957575932145119,0.021274032071232796,0.010150348767638206,0.04606359452009201
lqr,3,2,18,131,0.36,-5.463376045227051,4.498015403747559,0.949185311794281,-0.1642245203256607,-0.17789925634860992,-0.01800750009715557,0.2427799552679062,-5.494471073150635,4.46433162689209,0.948896050453186,1.2656285762786865,1.5280330181121826,16.04332733154297,16.165552139282227,-0.006130489986389875,-0.004232820589095354,0.0017877058126032352,0.0076613035053014755
rl,0,2,16,132,0.32,5.005115509033203,-5.036293029785156,0.8988009095191956,0.016481127589941025,-0.18455870449543,-0.4102981388568878,0.45019784569740295,6.635943412780762,-6.10601806640625,1.0217301845550537,0.8552663326263428,-1.1881664991378784,15.322993278503418,15.392768859863281,-0.0019002824556082487,-0.00741810817271471,-0.00024734454927966,0.0076616303995251656
rl,1,2,21,132,0.42,4.993895053863525,4.944142818450928,0.8281525373458862,-0.03913309425115585,-0.17499913275241852,-0.44258248805999756,0.47753047943115234,6.926267623901367,4.645089626312256,1.0851190090179443,-0.7062852382659912,1.522030234336853,15.517614364624023,15.608067512512207,-0.0016520662466064095,-0.009558101184666157,-0.00031070143450051546,0.009704800322651863
rl,2,2,12,132,0.24,-4.98912239074707,-5.036458969116211,0.9247331023216248,-0.018236469477415085,-0.17023871839046478,-0.3956049680709839,0.43106505274772644,-6.468251705169678,-6.994100570678711,1.2892236709594727,-1.2480627298355103,-1.0785794258117676,13.385594367980957,13.486849784851074,-0.001618176233023405,-0.009433268569409847,-0.00028284118161536753,0.00957523100078106
rl,3,2,19,132,0.38,-5.021817684173584,4.9594573974609375,0.8892018795013428,-0.10668189078569412,-0.1695786863565445,-0.33970826864242554,0.3943851590156555,-5.494471073150635,4.46433162689209,0.948896050453186,-1.1366686820983887,0.42287611961364746,14.67994499206543,14.72995662689209,-0.0006858585984446108,-0.008784652687609196,-0.0004465730453375727,0.008822695352137089
lqr,0,2,16,132,0.32,6.495852470397949,-6.01130485534668,1.0170166492462158,0.7398823499679565,-0.5002164840698242,0.008413735777139664,0.8931479454040527,6.635943412780762,-6.10601806640625,1.0217301845550537,-6.328211784362793,4.231208801269531,15.817506790161133,17.554000854492188,-0.011648783460259438,-0.023092715069651604,0.0021277794148772955,0.02595178410410881
lqr,1,2,21,132,0.42,6.850046157836914,4.659135341644287,1.0787540674209595,0.40256503224372864,-0.07418430596590042,0.017135852947831154,0.40970179438591003,6.926267623901367,4.645089626312256,1.0851190090179443,-3.529263496398926,0.6609288454055786,15.711602210998535,16.116666793823242,-0.0036069080233573914,-0.0162770077586174,-0.00032584517612122,0.016675040125846863
lqr,2,2,12,132,0.24,-6.2350850105285645,-6.677425861358643,1.2406686544418335,-1.2314645051956177,-1.6725091934204102,0.23996290564537048,2.09078311920166,-6.468251705169678,-6.994100570678711,1.2892236709594727,10.394330978393555,14.066560745239258,14.161231994628906,22.50446128845215,-0.035426750779151917,0.017708949744701385,0.009896378964185715,0.04082401096820831
lqr,3,2,19,132,0.38,-5.467824935913086,4.493196487426758,0.9486975073814392,-0.1407318115234375,-0.15244323015213013,-0.015431087464094162,0.20804445445537567,-5.494471073150635,4.46433162689209,0.948896050453186,1.0601407289505005,1.316011667251587,16.01953125,16.108417510986328,-0.00557628134265542,-0.004683125298470259,0.001601940835826099,0.0074560572393238544
rl,0,2,17,133,0.34,5.005801677703857,-5.042294979095459,0.886616587638855,0.02611110918223858,-0.2077127993106842,-0.40406370162963867,0.4550756812095642,6.635943412780762,-6.10601806640625,1.0217301845550537,0.4103832244873047,-1.232527256011963,16.219369888305664,16.27130889892578,-0.0013379190349951386,-0.007410802412778139,-0.0003023947065230459,0.007536674849689007
rl,1,2,22,133,0.44,4.992621421813965,4.939207553863525,0.8144373893737793,-0.04409542679786682,-0.1592777967453003,-0.4644700586795807,0.4929972290992737,6.926267623901367,4.645089626312256,1.0851190090179443,-0.4093097746372223,0.871302604675293,14.693086624145508,14.724588394165039,-0.002752672415226698,-0.00954468920826912,-0.00011672902473947033,0.009934380650520325
rl,2,2,13,133,0.26,-4.989301681518555,-5.041608810424805,0.9126558303833008,0.00011571917275432497,-0.1723833978176117,-0.4060579240322113,0.44113385677337646,-6.468251705169678,-6.994100570678711,1.2892236709594727,0.916379988193512,-0.10937373340129852,15.319319725036621,15.34709358215332,-0.0013034135336056352,-0.009064823389053345,-0.00031382241286337376,0.009163427166640759
rl,3,2,20,133,0.4,-5.024779319763184,4.953813552856445,0.8791351318359375,-0.09472008049488068,-0.19738520681858063,-0.3334750533103943,0.39892154932022095,-5.494471073150635,4.46433162689209,0.948896050453186,0.4966169595718384,-1.475914478302002,16.2224063873291,16.29697608947754,-0.0011444097617641091,-0.009067078121006489,-0.0003892198146786541,0.009147298522293568
lqr,0,2,17,133,0.34,6.515895366668701,-6.024857044219971,1.0172443389892578,0.634027361869812,-0.4286479353904724,0.007210527081042528,0.7653637528419495,6.635943412780762,-6.10601806640625,1.0217301845550537,-5.444447994232178,3.627835988998413,15.817066192626953,17.11673927307129,-0.010156060568988323,-0.021019645035266876,0.0019316367106512189,0.02342439442873001
lqr,1,2,22,133,0.44,6.860949993133545,4.657125949859619,1.0792182683944702,0.3449695408344269,-0.06356940418481827,0.014684530906379223,0.35108500719070435,6.926267623901367,4.645089626312256,1.0851190090179443,-3.0511019229888916,0.5733729004859924,15.732671737670898,16.03605079650879,-0.0033843794371932745,-0.015111460350453854,-0.00028839168953709304,0.015488493256270885
lqr,2,2,13,133,0.26,-6.26844596862793,-6.722733497619629,1.2471691370010376,-1.0552730560302734,-1.4332239627838135,0.20563127100467682,1.7916518449783325,-6.468251705169678,-6.994100570678711,1.2892236709594727,8.878850936889648,12.05910587310791,14.374855995178223,20.757949829101562,-0.03144267201423645,0.014392666518688202,0.00941254012286663,0.03583833575248718
lqr,3,2,20,133,0.4,-5.47163724899292,4.4890666007995605,0.9482794404029846,-0.12059815973043442,-0.13063320517539978,-0.013222631067037582,0.1782800853252411,-5.494471073150635,4.46433162689209,0.948896050453186,0.8837169408798218,1.1344425678253174,15.999205589294434,16.063701629638672,-0.005097932647913694,-0.005067211575806141,0.0014287023805081844,0.007328488398343325
rl,0,2,18,134,0.36,5.006500720977783,-5.048534393310547,0.8743868470191956,0.021884070709347725,-0.20813558995723724,-0.4094454050064087,0.4598313570022583,6.635943412780762,-6.10601806640625,1.0217301845550537,-0.3395855128765106,-0.005678679794073105,15.586179733276367,15.589879989624023,-0.0013001413317397237,-0.007887568324804306,-0.00031703917193226516,0.008000289089977741
rl,1,2,23,134,0.46,4.991572380065918,4.934985160827637,0.8000884056091309,-0.030373739078640938,-0.13147865235805511,-0.4852057695388794,0.5036207437515259,6.926267623901367,4.645089626312256,1.0851190090179443,0.5901933908462524,1.52541983127594,14.76400375366211,14.854327201843262,-0.0032773821149021387,-0.009015675634145737,2.849913653335534e-05,0.009592938236892223
rl,2,2,14,134,0.28,-4.988893985748291,-5.0467681884765625,0.8999404907226562,0.020311379805207253,-0.17182792723178864,-0.43273669481277466,0.4660455286502838,-6.468251705169678,-6.994100570678711,1.2892236709594727,1.0131887197494507,0.03719012439250946,14.444775581359863,14.480313301086426,-0.001601516385562718,-0.008060695603489876,-0.00022078830807004124,0.008221217431128025
rl,3,2,21,134,0.42,-5.028034687042236,4.9484477043151855,0.8692559003829956,-0.11538881808519363,-0.16958087682724,-0.32723692059516907,0.3862075209617615,-5.494471073150635,4.46433162689209,0.948896050453186,-1.2713557481765747,1.5255231857299805,16.201175689697266,16.32242774963379,-0.0014186633052304387,-0.009196647442877293,-0.000350832095136866,0.009312035515904427
lqr,0,2,18,134,0.36,6.533071517944336,-6.036468505859375,1.0174399614334106,0.5433158874511719,-0.3673184812068939,0.006179064977914095,0.6558606624603271,6.635943412780762,-6.10601806640625,1.0217301845550537,-4.6885833740234375,3.110501766204834,15.818623542785645,16.789487838745117,-0.00885606650263071,-0.019237903878092766,0.0017418727511540055,0.021249964833259583
lqr,1,2,23,134,0.46,6.87029504776001,4.655404090881348,1.0796160697937012,0.2956174910068512,-0.054475024342536926,0.012583076022565365,0.3008580505847931,6.926267623901367,4.645089626312256,1.0851190090179443,-2.642568349838257,0.4988361597061157,15.751106262207031,15.979028701782227,-0.003192855278030038,-0.014114046469330788,-0.000254388025496155,0.014472917653620243
lqr,2,2,14,134,0.28,-6.297031879425049,-6.761558532714844,1.2527397871017456,-0.904289186000824,-1.2281689643859863,0.17621074616909027,1.5353137254714966,-6.468251705169678,-6.994100570678711,1.2892236709594727,7.581376552581787,10.339736938476562,14.566187858581543,19.40518569946289,-0.02776205725967884,0.011395351029932499,0.008790424093604088,0.03127071261405945
lqr,3,2,21,134,0.42,-5.474903583526611,4.485527515411377,0.9479211568832397,-0.10334241390228271,-0.11194278299808502,-0.011330859735608101,0.15277183055877686,-5.494471073150635,4.46433162689209,0.948896050453186,0.7312470078468323,0.9795264601707458,15.981782913208008,16.028461456298828,-0.004687044769525528,-0.005393438972532749,0.001268979744054377,0.007257264107465744
rl,0,2,19,135,0.38,5.007040977478027,-5.055196762084961,0.8622282147407532,0.016062458977103233,-0.22901640832424164,-0.40321001410484314,0.46398794651031494,6.635943412780762,-6.10601806640625,1.0217301845550537,-0.43828698992729187,-1.1070888042449951,16.213459014892578,16.257122039794922,-0.0015108120860531926,-0.00848983135074377,-0.00029913237085565925,0.00862839911133051
rl,1,2,24,135,0.48,4.990204334259033,4.931172847747803,0.785639762878418,-0.05318225547671318,-0.12486030906438828,-0.4798254370689392,0.49864906072616577,6.926267623901367,4.645089626312256,1.0851190090179443,-1.4031778573989868,0.3892606794834137,16.154003143310547,16.219501495361328,-0.0036253263242542744,-0.008931482210755348,0.0001416841259924695,0.009640251286327839
rl,2,2,15,135,0.3,-4.988712310791016,-5.052480220794678,0.8870830535888672,-0.0010595336789265275,-0.19963571429252625,-0.42649951577186584,0.4709112346172333,-6.468251705169678,-6.994100570678711,1.2892236709594727,-1.2459909915924072,-1.4899775981903076,16.209089279174805,16.325044631958008,-0.001477389014326036,-0.008074990473687649,-0.00021908026246819645,0.008211951702833176
rl,3,2,22,135,0.44,-5.0320515632629395,4.942833423614502,0.8585277795791626,-0.14317567646503448,-0.19591857492923737,-0.37279000878334045,0.44480979442596436,-5.494471073150635,4.46433162689209,0.948896050453186,-1.6368229389190674,-1.3976233005523682,13.40719223022461,13.578856468200684,-0.0020639400463551283,-0.009919599629938602,-0.00025914760772138834,0.010135357268154621
lqr,0,2,19,135,0.38,6.547789573669434,-6.046420097351074,1.01760733127594,0.4655809700489044,-0.3147623836994171,0.005294585134834051,0.5620222687721252,6.635943412780762,-6.10601806640625,1.0217301845550537,-4.0417304039001465,2.668314218521118,15.821581840515137,16.546236038208008,-0.007730263751000166,-0.017713533714413643,0.0015617526369169354,0.01938982494175434
lqr,1,2,24,135,0.48,6.878303527832031,4.653928279876709,1.0799567699432373,0.25332361459732056,-0.04668179899454117,0.010783335193991661,0.25781452655792236,6.926267623901367,4.645089626312256,1.0851190090179443,-2.2936794757843018,0.4351983964443207,15.767434120178223,15.939332962036133,-0.0030281334184110165,-0.013261587359011173,-0.00022371768136508763,0.013604754582047462
lqr,2,2,15,135,0.3,-6.321528434753418,-6.79482889175415,1.257513403892517,-0.7749135494232178,-1.0524535179138184,0.15099939703941345,1.3156558275222778,-6.468251705169678,-6.994100570678711,1.2892236709594727,6.469902038574219,8.8660249710083,14.736591339111328,18.374797821044922,-0.024442575871944427,0.008734546601772308,0.008095665834844112,0.027189550921320915
lqr,3,2,22,135,0.44,-5.47770357131958,4.482494831085205,0.9476141333580017,-0.08855883777141571,-0.0959247350692749,-0.009709527716040611,0.13091407716274261,-5.494471073150635,4.46433162689209,0.948896050453186,0.5994505882263184,0.8468055725097656,15.966909408569336,16.000581741333008,-0.004335822071880102,-0.005669995676726103,0.0011229790979996324,0.007225599605590105
rl,0,2,20,136,0.4,5.0080790519714355,-5.062466621398926,0.8493204712867737,0.04388275742530823,-0.2489892542362213,-0.44378355145454407,0.5107496380805969,6.635943412780762,-6.10601806640625,1.0217301845550537,1.3890511989593506,-1.0606508255004883,13.702713966369629,13.813718795776367,-0.0011526461457833648,-0.008261105045676231,-0.0003445869660936296,0.008348244242370129
rl,1,2,25,136,0.5,4.988053321838379,4.927737236022949,0.7713698744773865,-0.08096658438444138,-0.10934994369745255,-0.4735873341560364,0.4927453398704529,6.926267623901367,4.645089626312256,1.0851190090179443,-1.6813220977783203,0.8723819851875305,16.195341110229492,16.305734634399414,-0.003533921204507351,-0.010072673670947552,0.0001256014220416546,0.01067535113543272
rl,2,2,16,136,0.32,-4.988187789916992,-5.058846950531006,0.8737589716911316,0.026761146262288094,-0.21848954260349274,-0.4529651999473572,0.5036181807518005,-6.468251705169678,-6.994100570678711,1.2892236709594727,1.4103184938430786,-1.007842779159546,14.460537910461426,14.564062118530273,-0.0009056953131221235,-0.00849816296249628,-0.00032310979440808296,0.008552394807338715
rl,3,2,23,136,0.46,-5.035820007324219,4.936964988708496,0.8463565111160278,-0.11684340238571167,-0.19541321694850922,-0.4221620261669159,0.47964516282081604,-5.494471073150635,4.46433162689209,0.948896050453186,1.2777812480926514,0.050282564014196396,13.229399681091309,13.291059494018555,-0.001472229603677988,-0.009277619421482086,-0.0003162499633617699,0.00939902663230896
lqr,0,2,20,136,0.4,6.560401916503906,-6.0549468994140625,1.0177507400512695,0.39896833896636963,-0.2697259783744812,0.004537023138254881,0.4816102385520935,6.635943412780762,-6.10601806640625,1.0217301845550537,-3.488593578338623,2.289133071899414,15.825325012207031,16.36616325378418,-0.006760228890925646,-0.016413897275924683,0.001393165672197938,0.01780611276626587
lqr,1,2,25,136,0.5,6.885165214538574,4.652663707733154,1.0802489519119263,0.2170787751674652,-0.04000280797481537,0.009241352789103985,0.2209271788597107,6.926267623901367,4.645089626312256,1.0851190090179443,-1.9960517883300781,0.3808557391166687,15.781672477722168,15.911959648132324,-0.0028865179046988487,-0.012533427216112614,-0.0001962195965461433,0.012863020412623882
lqr,2,2,16,136,0.32,-6.342520236968994,-6.823338985443115,1.261603832244873,-0.6640467643737793,-0.90187668800354,0.1293947845697403,1.1274230480194092,-6.468251705169678,-6.994100570678711,1.2892236709594727,5.517511367797852,7.603870868682861,14.887232780456543,17.603734970092773,-0.021495694294571877,0.006400589365512133,0.007374393288046122,0.023609617725014687
lqr,3,2,23,136,0.46,-5.480103492736816,4.479896545410156,0.9473511576652527,-0.07588570564985275,-0.08220059424638748,-0.008319991640746593,0.11218199878931046,-5.494471073150635,4.46433162689209,0.948896050453186,0.4859037399291992,0.7333516478538513,15.954150199890137,15.978385925292969,-0.004036733880639076,-0.005903688259422779,0.000990359578281641,0.007220081053674221
rl,0,2,21,137,0.42,5.009951591491699,-5.07003116607666,0.8359724879264832,0.07169872522354126,-0.25372254848480225,-0.44549790024757385,0.5176719427108765,6.635943412780762,-6.10601806640625,1.0217301845550537,1.3654084205627441,-0.23500508069992065,15.798724174499512,15.859358787536621,-0.0011038751108571887,-0.007125795818865299,-0.0003099246241617948,0.007217448204755783
rl,1,2,26,137,0.52,4.985291004180908,4.92464017868042,0.7569235563278198,-0.09761803597211838,-0.10017787665128708,-0.48552125692367554,0.5052680373191833,6.926267623901367,4.645089626312256,1.0851190090179443,-1.0792644023895264,0.5313766002655029,15.221769332885742,15.269231796264648,-0.00357519811950624,-0.01061143446713686,0.00013519159983843565,0.011198341846466064
rl,2,2,17,137,0.34,-4.987884998321533,-5.065958499908447,0.8601691126823425,0.0017563392175361514,-0.24629458785057068,-0.4530038833618164,0.5156322717666626,-6.468251705169678,-6.994100570678711,1.2892236709594727,-1.4554681777954102,-1.4884504079818726,15.868102073669434,16.004077911376953,-0.0006060028681531549,-0.008176449686288834,-0.00036669353721663356,0.008207072503864765
rl,3,2,24,137,0.48,-5.038785934448242,4.93165922164917,0.8327043652534485,-0.08989682048559189,-0.16760990023612976,-0.47153228521347046,0.5084458589553833,-5.494471073150635,4.46433162689209,0.948896050453186,1.3054683208465576,1.5242807865142822,13.227612495422363,13.37899112701416,-0.002069688169285655,-0.007559794932603836,-0.0001438494655303657,0.007839311845600605
lqr,0,2,21,137,0.42,6.571209907531738,-6.062255859375,1.0178735256195068,0.34188997745513916,-0.23113040626049042,0.0038882324006408453,0.4127046763896942,6.635943412780762,-6.10601806640625,1.0217301845550537,-3.015361785888672,1.9648977518081665,15.829434394836426,16.233428955078125,-0.005927868653088808,-0.015309133566915989,0.0012368843890726566,0.01646326296031475
lqr,1,2,26,137,0.52,6.891045570373535,4.6515793800354,1.0804991722106934,0.18602369725704193,-0.034277405589818954,0.007919416762888432,0.1893211007118225,6.926267623901367,4.645089626312256,1.0851190090179443,-1.7417359352111816,0.33476629853248596,15.794208526611328,15.89348030090332,-0.0027647605165839195,-0.011911808513104916,-0.0001716972910799086,0.012229659594595432
lqr,2,2,17,137,0.34,-6.360507965087891,-6.847770690917969,1.2651091814041138,-0.5690450072288513,-0.7728421688079834,0.11088162660598755,0.9661221504211426,-6.468251705169678,-6.994100570678711,1.2892236709594727,4.701324939727783,6.522246837615967,15.019890785217285,17.03641128540039,-0.018907610327005386,0.004369139671325684,0.006658270955085754,0.020516326650977135
lqr,3,2,24,137,0.48,-5.482158660888672,4.477669715881348,0.9471258521080017,-0.06502632796764374,-0.0704396665096283,-0.007130061741918325,0.09613016247749329,-5.494471073150635,4.46433162689209,0.948896050453186,0.3874185085296631,0.6366456747055054,15.943190574645996,15.960599899291992,-0.0037834832910448313,-0.006100764032453299,0.0008704924257472157,0.007231308612972498
rl,0,2,22,138,0.44,5.011971950531006,-5.077087879180908,0.8219082951545715,0.06519004702568054,-0.22591915726661682,-0.4804633557796478,0.5349151492118835,6.635943412780762,-6.10601806640625,1.0217301845550537,-0.4759442210197449,1.5197317600250244,13.98618221282959,14.076555252075195,-0.0018934813560917974,-0.007132302969694138,-0.00017642334569245577,0.0073814732022583485
rl,1,2,27,138,0.54,4.9823784828186035,4.922191619873047,0.7417813539505005,-0.09681638330221176,-0.07237990200519562,-0.5143532156944275,0.5283668041229248,6.926267623901367,4.645089626312256,1.0851190090179443,-0.1354743391275406,1.5367567539215088,14.318559646606445,14.40142822265625,-0.0036447346210479736,-0.010168304666876793,0.00017877745267469436,0.010803261771798134
rl,2,2,18,138,0.36,-4.987277030944824,-5.073456287384033,0.8458288311958313,0.029577143490314484,-0.25174784660339355,-0.49052202701568604,0.5521445870399475,-6.468251705169678,-6.994100570678711,1.2892236709594727,1.4007619619369507,-0.28451645374298096,13.865123748779297,13.938606262207031,-0.0005254102288745344,-0.008554674685001373,-0.00041336414869874716,0.00858075637370348
rl,3,2,25,138,0.5,-5.041600227355957,4.926074504852295,0.8186829686164856,-0.09578145295381546,-0.19542060792446136,-0.4652964174747467,0.5136770009994507,-5.494471073150635,4.46433162689209,0.948896050453186,-0.5066155195236206,-1.4672250747680664,16.21320343017578,16.287338256835938,-0.0023848058190196753,-0.007317508105188608,-3.9978047425393015e-05,0.007696416229009628
lqr,0,2,22,138,0.44,6.580471038818359,-6.068517684936523,1.0179786682128906,0.29297587275505066,-0.198053240776062,0.003332687309011817,0.35365384817123413,6.635943412780762,-6.10601806640625,1.0217301845550537,-2.611262321472168,1.6865509748458862,15.83365249633789,16.13591194152832,-0.0052167573012411594,-0.014372648671269417,0.0010930666467174888,0.015329135581851006
lqr,1,2,27,138,0.54,6.896084308624268,4.650651454925537,1.0807136297225952,0.1594102680683136,-0.029374008998274803,0.006786840967833996,0.1622360199689865,6.926267623901367,4.645089626312256,1.0851190090179443,-1.525126576423645,0.29511067271232605,15.805103302001953,15.881258964538574,-0.002659975551068783,-0.01138174720108509,-0.00014993904915172607,0.011689403094351292
lqr,2,2,18,138,0.36,-6.375922679901123,-6.868707656860352,1.2681127786636353,-0.487631618976593,-0.6622665524482727,0.09501783549785614,0.827894926071167,-6.468251705169678,-6.994100570678711,1.2892236709594727,4.002101898193359,5.595466136932373,15.136192321777344,16.626195907592773,-0.016651595011353493,0.0026108103338629007,0.0059683131985366344,0.0178805124014616
lqr,3,2,25,138,0.5,-5.4839186668396,4.475761413574219,0.9469329118728638,-0.055729951709508896,-0.06035982817411423,-0.006110470741987228,0.08238005638122559,-5.494471073150635,4.46433162689209,0.948896050453186,0.30125692486763,0.5539869070053101,15.933769226074219,15.946242332458496,-0.0035704392939805984,-0.006266811862587929,0.00076256413012743,0.007252756506204605
rl,0,2,23,139,0.46,5.013393878936768,-5.083527565002441,0.8067805171012878,0.03852228447794914,-0.20904794335365295,-0.5161551833152771,0.5582124590873718,6.635943412780762,-6.10601806640625,1.0217301845550537,-1.5695279836654663,0.9325787425041199,13.93721866607666,14.056285858154297,-0.002893127966672182,-0.007994325831532478,-1.790899295883719e-05,0.0085017504170537
rl,1,2,28,139,0.56,4.978918552398682,4.920576095581055,0.7264754176139832,-0.1246013343334198,-0.04458420351147652,-0.5081143975257874,0.5250651836395264,6.926267623901367,4.645089626312256,1.0851190090179443,-1.7102078199386597,1.545624852180481,16.18988609313965,16.35317039489746,-0.004117623902857304,-0.009944501332938671,0.00028582551749423146,0.010767062194645405
rl,2,2,19,139,0.38,-4.986945629119873,-5.08065128326416,0.8307267427444458,0.0017855021869763732,-0.23390871286392212,-0.5098372101783752,0.5609371066093445,-6.468251705169678,-6.994100570678711,1.2892236709594727,-1.612504243850708,0.9744809865951538,14.823678970336914,14.942933082580566,-0.0012339164968580008,-0.008080682717263699,-0.0002921562409028411,0.00817956868559122
rl,3,2,26,139,0.52,-5.045029163360596,4.920006275177002,0.8048487901687622,-0.12357092648744583,-0.2057322859764099,-0.45905834436416626,0.518005907535553,-5.494471073150635,4.46433162689209,0.948896050453186,-1.695763349533081,-0.521329402923584,16.19685173034668,16.29372215270996,-0.0016683998983353376,-0.008766117505729198,-0.00018335368076805025,0.008925356902182102
lqr,0,2,23,139,0.46,6.588407516479492,-6.073882579803467,1.0180689096450806,0.2510630488395691,-0.16971690952777863,0.002856735372915864,0.30305880308151245,6.635943412780762,-6.10601806640625,1.0217301845550537,-2.2657923698425293,1.4478358030319214,15.837788581848145,16.064420700073242,-0.004611130803823471,-0.013580786064267159,0.0009612989379093051,0.01437443494796753
lqr,1,2,28,139,0.56,6.900402545928955,4.649856090545654,1.080897569656372,0.13660643994808197,-0.025173284113407135,0.005815729033201933,0.13902819156646729,6.926267623901367,4.645089626312256,1.0851190090179443,-1.3403834104537964,0.2615971267223358,15.814518928527832,15.873376846313477,-0.002569633536040783,-0.010929971933364868,-0.00013071253488305956,0.011228729970753193
lqr,2,2,19,139,0.38,-6.389132022857666,-6.886648178100586,1.2706867456436157,-0.41786709427833557,-0.5675114393234253,0.08142312616109848,0.7094447612762451,-6.468251705169678,-6.994100570678711,1.2892236709594727,3.402062177658081,4.801490783691406,15.237482070922852,16.33429527282715,-0.014695391058921814,0.0010946911061182618,0.005317690782248974,0.015666227787733078
lqr,3,2,26,139,0.52,-5.485428810119629,4.474125385284424,0.9467673301696777,-0.04775962233543396,-0.051723796874284744,-0.005236617289483547,0.07059571892023087,-5.494471073150635,4.46433162689209,0.948896050453186,0.22782069444656372,0.48332101106643677,15.925786018371582,15.934746742248535,-0.003392403479665518,-0.006406452972441912,0.0006656351615674794,0.007279705256223679
rl,0,2,24,140,0.48,5.015105724334717,-5.090179443359375,0.7914205193519592,0.06634319573640823,-0.2280295044183731,-0.5099235773086548,0.5625130534172058,6.635943412780762,-6.10601806640625,1.0217301845550537,1.3400076627731323,-0.9960952401161194,16.23072052001953,16.316375732421875,-0.00283064809627831,-0.008391326293349266,-2.183455762860831e-06,0.008855897933244705
rl,1,2,29,140,0.58,4.9752044677734375,4.918838024139404,0.7113565802574158,-0.12341220676898956,-0.0645841583609581,-0.5018813014030457,0.520851731300354,6.926267623901367,4.645089626312256,1.0851190090179443,-0.15781134366989136,-1.029112696647644,16.21755599975586,16.25094223022461,-0.003848929423838854,-0.010392943397164345,0.00025569129502400756,0.011085707694292068
rl,2,2,20,140,0.4,-4.987368106842041,-5.0882248878479,0.8144443035125732,-0.022009124979376793,-0.2617170214653015,-0.5592042803764343,0.6178103089332581,-6.468251705169678,-6.994100570678711,1.2892236709594727,-1.3923125267028809,-1.487907886505127,13.20544719696045,13.361745834350586,-0.0015914636896923184,-0.009113004431128502,-0.00025991868460550904,0.0092545747756958
rl,3,2,27,140,0.54,-5.048469066619873,4.9140305519104,0.7906803488731384,-0.11017774790525436,-0.19587668776512146,-0.4788946211338043,0.5290055274963379,-5.494471073150635,4.46433162689209,0.948896050453186,0.5347508788108826,0.5644220113754272,14.81517219543457,14.83556079864502,-0.0018604088108986616,-0.009412006475031376,-0.00018472877854947,0.009595890529453754
lqr,0,2,24,140,0.48,6.595209121704102,-6.0784783363342285,1.0181463956832886,0.2151411771774292,-0.14543640613555908,0.0024477841798216105,0.2596987783908844,6.635943412780762,-6.10601806640625,1.0217301845550537,-1.9717192649841309,1.2442348003387451,15.841644287109375,16.012292861938477,-0.004097719676792622,-0.012912789359688759,0.0008409853908233345,0.013573454692959785
lqr,1,2,29,140,0.58,6.904103755950928,4.649174690246582,1.0810551643371582,0.11706043034791946,-0.02157359942793846,0.004983286373317242,0.11913604289293289,6.926267623901367,4.645089626312256,1.0851190090179443,-1.1836211681365967,0.23327435553073883,15.822765350341797,15.868688583374023,-0.0024917693808674812,-0.010545496828854084,-0.0001137800863943994,0.010836482979357243
lqr,2,2,20,140,0.4,-6.400450706481934,-6.902021884918213,1.272892713546753,-0.35808268189430237,-0.48631346225738525,0.06977303326129913,0.6079409718513489,-6.468251705169678,-6.994100570678711,1.2892236709594727,2.8872616291046143,4.121683597564697,15.325583457946777,16.13065528869629,-0.013005759567022324,-0.0002090070047415793,0.004713994450867176,0.013835289515554905
lqr,3,2,27,140,0.54,-5.486721992492676,4.472724437713623,0.9466255307197571,-0.040926381945610046,-0.044322166591882706,-0.004487542901188135,0.060494307428598404,-5.494471073150635,4.46433162689209,0.948896050453186,0.1634494662284851,0.42304712533950806,15.918855667114258,15.925314903259277,-0.0032450950238853693,-0.006523387040942907,0.000578786653932184,0.007308913394808769
rl,0,2,25,141,0.5,5.016540050506592,-5.097097396850586,0.77580726146698,0.03855268657207489,-0.23194867372512817,-0.5256991386413574,0.5758872032165527,6.635943412780762,-6.10601806640625,1.0217301845550537,-1.65497887134552,-0.18271198868751526,15.011385917663574,15.103445053100586,-0.0022450250107795,-0.008337883278727531,-7.104966789484024e-05,0.00863513071089983
rl,1,2,30,141,0.6,4.971441745758057,4.91680383682251,0.6958019733428955,-0.12645047903060913,-0.06940969079732895,-0.526785671710968,0.5461781620979309,6.926267623901367,4.645089626312256,1.0851190090179443,-0.37120556831359863,-0.21323587000370026,14.531913757324219,14.538217544555664,-0.0027686115354299545,-0.009857326745986938,0.00010906318493653089,0.01023933570832014
rl,2,2,21,141,0.42,-4.988306522369385,-5.096149444580078,0.7973387241363525,-0.0358789786696434,-0.2653791904449463,-0.5756697058677673,0.6349086761474609,-6.468251705169678,-6.994100570678711,1.2892236709594727,-0.8790062665939331,-0.1830698847770691,14.983304023742676,15.01018238067627,-0.0010719720739871264,-0.009381784126162529,-0.0003496372955851257,0.009449298493564129
rl,3,2,28,141,0.56,-5.0512189865112305,4.907670021057129,0.7753260731697083,-0.08235851675271988,-0.2201032042503357,-0.5282667875289917,0.5781817436218262,-5.494471073150635,4.46433162689209,0.948896050453186,1.3258286714553833,-1.2763069868087769,13.236579895019531,13.363900184631348,-0.0018891480285674334,-0.008210439234972,-0.00012801020056940615,0.008425946347415447
lqr,0,2,25,141,0.5,6.60103702545166,-6.0824174880981445,1.018212914466858,0.1843617558479309,-0.12463520467281342,0.002097217133268714,0.2225479632616043,6.635943412780762,-6.10601806640625,1.0217301845550537,-1.7201669216156006,1.0694596767425537,15.845390319824219,15.974327087402344,-0.0036648199893534184,-0.01235058344900608,0.0007314278045669198,0.012903597205877304
lqr,1,2,30,141,0.6,6.9072747230529785,4.648589611053467,1.0811901092529297,0.10030906647443771,-0.0184883251786232,0.0042703174985945225,0.10208801180124283,6.926267623901367,4.645089626312256,1.0851190090179443,-1.0499540567398071,0.20923921465873718,15.829960823059082,15.866122245788574,-0.0024246089160442352,-0.010218625888228416,-9.890478395391256e-05,0.010502800345420837
lqr,2,2,21,141,0.42,-6.41015100479126,-6.915197849273682,1.2747827768325806,-0.3068546652793884,-0.416731595993042,0.059789836406707764,0.5209605097770691,-6.468251705169678,-6.994100570678711,1.2892236709594727,2.445067882537842,3.5392496585845947,15.40223217010498,15.991666793823242,-0.01155062671750784,-0.0013277571415528655,0.004160802345722914,0.012348772957921028
lqr,3,2,28,141,0.56,-5.487830638885498,4.471523761749268,0.9465039372444153,-0.03507213667035103,-0.037979766726493835,-0.003845454892143607,0.05183922126889229,-5.494471073150635,4.46433162689209,0.948896050453186,0.10746859014034271,0.3719690442085266,15.912928581237793,15.917638778686523,-0.0031244922429323196,-0.006621674168854952,0.0005010422319173813,0.007338941562920809
rl,0,2,26,142,0.52,5.0180253982543945,-5.104612827301025,0.7601609230041504,0.055030789226293564,-0.2597569525241852,-0.5194666981697083,0.5833932757377625,6.635943412780762,-6.10601806640625,1.0217301845550537,0.7117465734481812,-1.4680222272872925,16.22661590576172,16.308425903320312,-0.0018957568099722266,-0.008953535929322243,-0.00014876162458676845,0.009153241291642189
rl,1,2,31,142,0.62,4.968204021453857,4.914906978607178,0.6801232099533081,-0.0986277237534523,-0.06010902673006058,-0.520553469657898,0.5332133173942566,6.926267623901367,4.645089626312256,1.0851190090179443,1.2610430717468262,0.5563192963600159,16.23356056213379,16.291967391967773,-0.0026158129330724478,-0.009109767153859138,9.639629570301622e-05,0.009478376246988773
rl,2,2,22,142,0.44,-4.988825798034668,-5.1035542488098145,0.7795673608779907,-0.008056923747062683,-0.23757563531398773,-0.6007364392280579,0.6460583209991455,-6.468251705169678,-6.994100570678711,1.2892236709594727,1.3667912483215332,1.5144494771957397,14.537939071655273,14.680373191833496,-0.001767080626450479,-0.008929295465350151,-0.00022772004012949765,0.009105313569307327
rl,3,2,29,142,0.58,-5.054244041442871,4.901622772216797,0.7592408657073975,-0.11015060544013977,-0.19229993224143982,-0.5401270389556885,0.5838233232498169,-5.494471073150635,4.46433162689209,0.948896050453186,-1.706281304359436,1.5375347137451172,15.213001251220703,15.385409355163574,-0.0018098998116329312,-0.007921094074845314,-0.00012291737948544323,0.00812616664916277
lqr,0,2,26,142,0.52,6.606030464172363,-6.085793972015381,1.018269658088684,0.1579868197441101,-0.10680488497018814,0.001796599244698882,0.19071011245250702,6.635943412780762,-6.10601806640625,1.0217301845550537,-1.5058673620224,0.9207786917686462,15.848796844482422,15.946781158447266,-0.0033020712435245514,-0.011878368444740772,0.0006318452069535851,0.012344980612397194
lqr,1,2,31,142,0.62,6.9099931716918945,4.648089408874512,1.0813056230545044,0.08595747500658035,-0.015842892229557037,0.0036599859595298767,0.08748188614845276,6.926267623901367,4.645089626312256,1.0851190090179443,-0.9365230202674866,0.1889236718416214,15.836221694946289,15.86501407623291,-0.0023666031192988157,-0.009940902702510357,-8.585483737988397e-05,0.010219086892902851
lqr,2,2,22,142,0.44,-6.418463706970215,-6.926487922668457,1.276402473449707,-0.26295316219329834,-0.35710409283638,0.051235806196928024,0.4464222192764282,-6.468251705169678,-6.994100570678711,1.2892236709594727,2.065904378890991,3.040112257003784,15.468647003173828,15.899348258972168,-0.010299986228346825,-0.002286288421601057,0.0036588849034160376,0.011167106218636036
lqr,3,2,29,142,0.58,-5.488780498504639,4.470493793487549,0.9463996887207031,-0.030057011172175407,-0.03254249691963196,-0.003295178059488535,0.04442179948091507,-5.494471073150635,4.46433162689209,0.948896050453186,0.05818769335746765,0.328642338514328,15.907793045043945,15.911293983459473,-0.0030274272430688143,-0.006704372353851795,0.000431538705015555,0.007368863560259342
rl,0,2,27,143,0.54,5.019435405731201,-5.112722396850586,0.7441524267196655,0.042956672608852386,-0.2755398750305176,-0.5406951308250427,0.6083738207817078,6.635943412780762,-6.10601806640625,1.0217301845550537,-0.8194239139556885,-0.8206359148025513,14.72659969329834,14.772191047668457,-0.001314631663262844,-0.008695614524185658,-0.0002457351074554026,0.008797860704362392
rl,1,2,32,143,0.64,4.96563720703125,4.912548065185547,0.6644993424415588,-0.07899057865142822,-0.08791960030794144,-0.5209288597106934,0.5341687202453613,6.926267623901367,4.645089626312256,1.0851190090179443,0.8167085647583008,-1.4443529844284058,15.8779296875,15.96439266204834,-0.0024099352303892374,-0.00828610174357891,9.10657545318827e-05,0.00862992275506258
rl,2,2,23,143,0.46,-4.989015579223633,-5.110640525817871,0.7613242864608765,-0.00541668338701129,-0.23554381728172302,-0.6117866039276123,0.6555860638618469,-6.468251705169678,-6.994100570678711,1.2892236709594727,-0.006120361387729645,0.12775132060050964,15.282916069030762,15.283451080322266,-0.002557143336161971,-0.008023570291697979,-3.76906173187308e-05,0.00842128787189722
rl,3,2,30,143,0.6,-5.056992530822754,4.895589828491211,0.7428807616233826,-0.08232983201742172,-0.20544740557670593,-0.5479413270950317,0.5909539461135864,-5.494471073150635,4.46433162689209,0.948896050453186,1.2818241119384766,-0.6696760654449463,15.47854232788086,15.545957565307617,-0.0024786959402263165,-0.008647828362882137,-3.179716441081837e-05,0.008996103890240192
lqr,0,2,27,143,0.54,6.610309600830078,-6.088686943054199,1.0183182954788208,0.13538771867752075,-0.09152497351169586,0.0015397996176034212,0.16342896223068237,6.635943412780762,-6.10601806640625,1.0217301845550537,-1.3236792087554932,0.792669951915741,15.85193920135498,15.926846504211426,-0.0030004731379449368,-0.011482477188110352,0.0005414722836576402,0.011880374513566494
lqr,1,2,32,143,0.64,6.912322044372559,4.647659778594971,1.0814048051834106,0.07365593314170837,-0.01357587892562151,0.0031368969939649105,0.07496226578950882,6.926267623901367,4.645089626312256,1.0851190090179443,-0.8404126167297363,0.17178167402744293,15.841586112976074,15.864792823791504,-0.0023163689766079187,-0.00970548391342163,-7.445595838362351e-05,0.009978353045880795
lqr,2,2,23,143,0.46,-6.425586700439453,-6.936161041259766,1.2777904272079468,-0.22533205151557922,-0.3060082495212555,0.04390542209148407,0.38254839181900024,-6.468251705169678,-6.994100570678711,1.2892236709594727,1.7395893335342407,2.6127307415008545,15.5259370803833,15.840052604675293,-0.009226894937455654,-0.003106237156316638,0.003207150613889098,0.01025037094950676
lqr,3,2,30,143,0.6,-5.489595890045166,4.469611644744873,0.9463104605674744,-0.025757180526852608,-0.02788384258747101,-0.002823806367814541,0.038064613938331604,-5.494471073150635,4.46433162689209,0.948896050453186,0.015334159135818481,0.291360080242157,15.903367042541504,15.90604305267334,-0.0029508904553949833,-0.006774174515157938,0.00036943668965250254,0.007398221176117659
rl,0,2,28,144,0.56,5.02018928527832,-5.121545314788818,0.7277865409851074,0.01624378003180027,-0.30334600806236267,-0.5479478240013123,0.6265217065811157,6.635943412780762,-6.10601806640625,1.0217301845550537,-1.6261156797409058,-1.4663794040679932,15.47214412689209,15.62631607055664,-0.0010339635191485286,-0.00930368434637785,-0.00033724537934176624,0.009367035701870918
rl,1,2,33,144,0.66,4.962825775146484,4.9094767570495605,0.6485021114349365,-0.1010393425822258,-0.10962147265672684,-0.5393909811973572,0.5596145987510681,6.926267623901367,4.645089626312256,1.0851190090179443,-1.4240309000015259,-1.1165481805801392,14.865992546081543,14.975723266601562,-0.0014942955458536744,-0.008474179543554783,-7.461194036295637e-05,0.00860524270683527
rl,2,2,24,144,0.48,-4.989065647125244,-5.118256092071533,0.7422504425048828,0.00021323627152014524,-0.2630103528499603,-0.6478061079978943,0.6991618275642395,-6.468251705169678,-6.994100570678711,1.2892236709594727,0.16106460988521576,-1.4633492231369019,13.939571380615234,14.017095565795898,-0.002066149143502116,-0.008069545030593872,-7.511264266213402e-05,0.008330196142196655
rl,3,2,31,144,0.62,-5.059103012084961,4.889276504516602,0.7259956002235413,-0.06437318027019501,-0.21293829381465912,-0.570288896560669,0.6121405363082886,-5.494471073150635,4.46433162689209,0.948896050453186,0.7542393207550049,-0.3646417558193207,14.686521530151367,14.710395812988281,-0.0020227490458637476,-0.00782072264701128,-5.374782995204441e-05,0.008078248240053654
lqr,0,2,28,144,0.56,6.613977909088135,-6.0911664962768555,1.018359899520874,0.11601690202951431,-0.07843145728111267,0.0013192652259021997,0.14004696905612946,6.635943412780762,-6.10601806640625,1.0217301845550537,-1.1689585447311401,0.6833809614181519,15.85473346710205,15.912449836730957,-0.0027516137342900038,-0.011151472106575966,0.00045947046601213515,0.011495121754705906
lqr,1,2,33,144,0.66,6.914316654205322,4.64729118347168,1.0814896821975708,0.06311643868684769,-0.011632024310529232,0.002688206033781171,0.064235620200634,6.926267623901367,4.645089626312256,1.0851190090179443,-0.7588802576065063,0.15743573009967804,15.846177101135254,15.865119934082031,-0.0022726908791810274,-0.009506070986390114,-6.450795626733452e-05,0.009774183854460716
lqr,2,2,24,144,0.48,-6.431690216064453,-6.944450378417969,1.278979778289795,-0.19309565424919128,-0.2622303366661072,0.03762347996234894,0.32782039046287537,-6.468251705169678,-6.994100570678711,1.2892236709594727,1.4591383934020996,2.2463748455047607,15.575380325317383,15.804041862487793,-0.008307160809636116,-0.003807070665061474,0.002803240902721882,0.00955828744918108
lqr,3,2,31,144,0.62,-5.490293502807617,4.468857288360596,0.9462338089942932,-0.02207011729478836,-0.023896286264061928,-0.0024195390287786722,0.03261865675449371,-5.494471073150635,4.46433162689209,0.948896050453186,-0.022257864475250244,0.2595841884613037,15.899616241455078,15.901750564575195,-0.0028920937329530716,-0.006833478808403015,0.000313935917802155,0.00742692407220602
rl,0,2,29,145,0.58,5.020943641662598,-5.130294322967529,0.7110443115234375,0.029624907299876213,-0.28575050830841064,-0.56313556432724,0.6321808695793152,6.635943412780762,-6.10601806640625,1.0217301845550537,0.5339928865432739,0.9820172190666199,15.064929008483887,15.106343269348145,-0.001211102120578289,-0.009512159042060375,-0.0003523307968862355,0.009595419280230999
rl,1,2,34,145,0.68,4.959651470184326,4.906285285949707,0.6324450373649597,-0.1081659197807312,-0.10474702715873718,-0.5331551432609558,0.554009199142456,6.926267623901367,4.645089626312256,1.0851190090179443,-0.6484640836715698,0.32300129532814026,16.205524444580078,16.221710205078125,-0.0014203471364453435,-0.00935900304466486,-0.00015919630823191255,0.009467505849897861
rl,2,2,25,145,0.5,-4.9896159172058105,-5.125607967376709,0.7223712205886841,-0.02757711336016655,-0.23611819744110107,-0.6700550317764282,0.7109754085540771,-6.468251705169678,-6.994100570678711,1.2892236709594727,-1.6551730632781982,1.4719915390014648,14.65919303894043,14.82559585571289,-0.0017871188465505838,-0.008375425823032856,-0.00011956448724959046,0.008564802818000317
rl,3,2,32,145,0.64,-5.060626029968262,4.883240222930908,0.7090116143226624,-0.04392559826374054,-0.19533956050872803,-0.564054548740387,0.5985352993011475,-5.494471073150635,4.46433162689209,0.948896050453186,0.8593612909317017,0.9949021339416504,16.226980209350586,16.280147552490234,-0.002209829166531563,-0.007579105440527201,-5.718176907976158e-06,0.007894694805145264
lqr,0,2,29,145,0.58,6.61712121963501,-6.093292713165283,1.0183957815170288,0.09941743314266205,-0.06720791757106781,0.0011310168774798512,0.12000837177038193,6.635943412780762,-6.10601806640625,1.0217301845550537,-1.0372477769851685,0.5900756120681763,15.857239723205566,15.902079582214355,-0.0025486669037491083,-0.010874912142753601,0.0003851714136544615,0.011176214553415775
lqr,1,2,34,145,0.68,6.916025638580322,4.646975994110107,1.0815626382827759,0.05409058555960655,-0.009964194148778915,0.002303699729964137,0.055048923939466476,6.926267623901367,4.645089626312256,1.0851190090179443,-0.6905574798583984,0.14523917436599731,15.850173950195312,15.865875244140625,-0.0022347928024828434,-0.009337395429611206,-5.581905861617997e-05,0.009601268917322159
lqr,2,2,25,145,0.5,-6.436922073364258,-6.951553821563721,1.2799986600875854,-0.16547034680843353,-0.2247115820646286,0.0322410948574543,0.28091853857040405,-6.468251705169678,-6.994100570678711,1.2892236709594727,1.217979073524475,1.9333515167236328,15.618032455444336,15.784303665161133,-0.007519910112023354,-0.0044052815064787865,0.002444139216095209,0.009051484055817127
lqr,3,2,32,145,0.64,-5.4908928871154785,4.468209266662598,0.946168065071106,-0.01890851929783821,-0.020477665588259697,-0.0020724863279610872,0.027949277311563492,-5.494471073150635,4.46433162689209,0.948896050453186,-0.05549554526805878,0.2332538515329361,15.896356582641602,15.898164749145508,-0.0028489131946116686,-0.006884327158331871,0.0002643584448378533,0.007455209735780954
rl,0,2,30,146,0.6,5.021779537200928,-5.138803958892822,0.6942750215530396,0.02702055126428604,-0.28264307975769043,-0.556900143623352,0.6251040101051331,6.635943412780762,-6.10601806640625,1.0217301845550537,-0.3514060974121094,0.20532426238059998,16.211380004882812,16.216487884521484,-0.0021626052912324667,-0.008935388177633286,-0.00018817748059518635,0.009195294231176376
rl,1,2,35,146,0.7000000000000001,4.955851078033447,4.903293609619141,0.6156880259513855,-0.13595303893089294,-0.09719109535217285,-0.5712671279907227,0.5952104330062866,6.926267623901367,4.645089626312256,1.0851190090179443,-1.7317957878112793,0.46057724952697754,13.7933988571167,13.909317016601562,-0.002007613657042384,-0.009795356541872025,-0.0001134915801230818,0.009999619796872139
rl,2,2,26,146,0.52,-4.989912986755371,-5.132962226867676,0.7020282745361328,-0.0010371236130595207,-0.2496744990348816,-0.6821229457855225,0.7263815402984619,-6.468251705169678,-6.994100570678711,1.2892236709594727,1.2609329223632812,-0.7080984115600586,15.243773460388184,15.312216758728027,-0.0023474162444472313,-0.008750389330089092,-3.439953798078932e-05,0.009059848263859749
rl,3,2,33,146,0.66,-5.0625,4.877935409545898,0.691897988319397,-0.07171663641929626,-0.16754022240638733,-0.5736531615257263,0.6019061207771301,-5.494471073150635,4.46433162689209,0.948896050453186,-1.7366684675216675,1.5462217330932617,15.33094596862793,15.506279945373535,-0.003065807744860649,-0.00824744999408722,0.00012381933629512787,0.008799712173640728
lqr,0,2,30,146,0.6,6.619814395904541,-6.0951128005981445,1.0184264183044434,0.08519461750984192,-0.057590801268815994,0.0009692423045635223,0.10283853113651276,6.635943412780762,-6.10601806640625,1.0217301845550537,-0.9253836870193481,0.5099127292633057,15.859537124633789,15.894693374633789,-0.0023854319006204605,-0.010644019581377506,0.00031792509253136814,0.010912676341831684
lqr,1,2,35,146,0.7000000000000001,6.917491436004639,4.646706581115723,1.0816251039505005,0.04635327309370041,-0.008539214730262756,0.0019735710229724646,0.04717455804347992,6.926267623901367,4.645089626312256,1.0851190090179443,-0.6329220533370972,0.13481974601745605,15.85365104675293,15.866852760314941,-0.0022014984861016273,-0.0091953594237566,-4.8297726607415825e-05,0.009455346502363682
lqr,2,2,26,146,0.52,-6.441404342651367,-6.9576416015625,1.2808722257614136,-0.14179283380508423,-0.19255967438220978,0.02762850932776928,0.24072343111038208,-6.468251705169678,-6.994100570678711,1.2892236709594727,1.0105489492416382,1.6655144691467285,15.654653549194336,15.775403022766113,-0.006846641190350056,-0.004915236029773951,0.0021263861563056707,0.008692385628819466
lqr,3,2,33,146,0.66,-5.491405487060547,4.467654705047607,0.9461121559143066,-0.016198277473449707,-0.01754731684923172,-0.0017757088644430041,0.023946726694703102,-5.494471073150635,4.46433162689209,0.948896050453186,-0.08499956876039505,0.2107483148574829,15.89345932006836,15.8950834274292,-0.0028194705955684185,-0.006928612012416124,0.0002201038005296141,0.007483550813049078
rl,0,2,31,147,0.62,5.022251129150391,-5.14703369140625,0.6776927709579468,0.010112213902175426,-0.2701840102672577,-0.5506632328033447,0.6134587526321411,6.635943412780762,-6.10601806640625,1.0217301845550537,-1.131487250328064,0.7124462723731995,16.19951057434082,16.25459861755371,-0.002585348440334201,-0.009381725452840328,-0.00012188288383185863,0.009732197038829327
rl,1,2,36,147,0.72,4.9523234367370605,4.900740623474121,0.5982741117477417,-0.10843190550804138,-0.07903476804494858,-0.5850614905357361,0.6002507209777832,6.926267623901367,4.645089626312256,1.0851190090179443,1.2209116220474243,1.0389983654022217,15.15402603149414,15.238590240478516,-0.0025012113619595766,-0.009500475600361824,-3.596555325202644e-05,0.009824275970458984
rl,2,2,27,147,0.54,-4.9905009269714355,-5.139941692352295,0.6806398630142212,-0.028827836737036705,-0.22404195368289948,-0.7283633947372437,0.7625871300697327,-6.468251705169678,-6.994100570678711,1.2892236709594727,-1.6547753810882568,1.405791163444519,13.362946510314941,13.538200378417969,-0.0022705229930579662,-0.008349793963134289,-1.591883301443886e-05,0.008653011173009872
rl,3,2,34,147,0.68,-5.064096450805664,4.873465538024902,0.6743082404136658,-0.043895114213228226,-0.13974249362945557,-0.592656672000885,0.6104888916015625,-5.494471073150635,4.46433162689209,0.948896050453186,1.2630119323730469,1.5468577146530151,14.870644569396973,15.004133224487305,-0.0037717698141932487,-0.008822562173008919,0.0002442988334223628,0.009598100557923317
lqr,0,2,31,147,0.62,6.622120380401611,-6.096673011779785,1.018452525138855,0.07300838083028793,-0.049351081252098083,0.0008310028933919966,0.08812742680311203,6.635943412780762,-6.10601806640625,1.0217301845550537,-0.831058144569397,0.4416463375091553,15.86154842376709,15.889443397521973,-0.0022564127575606108,-0.010451240465044975,0.0002571326040197164,0.010695137083530426
lqr,1,2,36,147,0.72,6.9187469482421875,4.6464762687683105,1.0816785097122192,0.03971957415342331,-0.007320221979171038,0.0016912856372073293,0.040423888713121414,6.926267623901367,4.645089626312256,1.0851190090179443,-0.5848448872566223,0.1261979639530182,15.856633186340332,15.86791706085205,-0.002172209322452545,-0.009075921028852463,-4.179139796178788e-05,0.009332341141998768
lqr,2,2,27,147,0.54,-6.445246696472168,-6.962857246398926,1.2816206216812134,-0.12150488048791885,-0.16500842571258545,0.023676004260778427,0.20628079771995544,-6.468251705169678,-6.994100570678711,1.2892236709594727,0.8316987752914429,1.4360020160675049,15.686327934265137,15.7738618850708,-0.006271374877542257,-0.005349751561880112,0.001846361206844449,0.008447427302598953
lqr,3,2,34,147,0.68,-5.491845607757568,4.467179298400879,0.9460639357566833,-0.013874692842364311,-0.015038251876831055,-0.0015219247434288263,0.020517610013484955,-5.494471073150635,4.46433162689209,0.948896050453186,-0.11098922044038773,0.1918538361787796,15.891035079956055,15.89258098602295,-0.0028017908334732056,-0.006967918016016483,0.0001805789361242205,0.007512291427701712
rl,0,2,32,148,0.64,5.0231099128723145,-5.155217170715332,0.6611009836196899,0.03793567791581154,-0.2740834057331085,-0.5542451739311218,0.6194744110107422,6.635943412780762,-6.10601806640625,1.0217301845550537,1.279351830482483,-0.16958394646644592,15.705561637878418,15.758495330810547,-0.00282431673258543,-0.009297516196966171,-5.8586134400684386e-05,0.009717200882732868
rl,1,2,37,148,0.74,4.949507713317871,4.89781379699707,0.5806318521499634,-0.08650564402341843,-0.10684556514024734,-0.5895878672599792,0.6054031848907471,6.926267623901367,4.645089626312256,1.0851190090179443,0.902205228805542,-1.4361600875854492,15.659163475036621,15.750743865966797,-0.002495515625923872,-0.008329056203365326,2.3528735255240463e-05,0.008694902993738651
rl,2,2,28,148,0.56,-4.991302967071533,-5.146539211273193,0.6588118672370911,-0.02568761818110943,-0.21792997419834137,-0.7272210121154785,0.7596076130867004,-6.468251705169678,-6.994100570678711,1.2892236709594727,-0.024680346250534058,0.35905009508132935,15.940499305725098,15.944561958312988,-0.0028406407218426466,-0.008952773176133633,6.858351116534323e-05,0.00939287431538105
rl,3,2,35,148,0.7000000000000001,-5.065330505371094,4.868765830993652,0.6563398838043213,-0.039719972759485245,-0.16513320803642273,-0.6020891666412354,0.6255861520767212,-5.494471073150635,4.46433162689209,0.948896050453186,-0.02872471511363983,-1.3170071840286255,15.3759126663208,15.432239532470703,-0.0034894475247710943,-0.008115598931908607,0.00027164784842170775,0.008838154375553131
lqr,0,2,32,148,0.64,6.624098777770996,-6.0980095863342285,1.01847505569458,0.06256691366434097,-0.04229208454489708,0.0007122763781808317,0.07552315294742584,6.635943412780762,-6.10601806640625,1.0217301845550537,-0.7512707114219666,0.38323426246643066,15.863266944885254,15.885669708251953,-0.0021569575183093548,-0.010290127247571945,0.00020229697111062706,0.010515707544982433
lqr,1,2,37,148,0.74,6.919823169708252,4.646278381347656,1.0817242860794067,0.03403740003705025,-0.0062760100699961185,0.0014495670329779387,0.034641508013010025,6.926267623901367,4.645089626312256,1.0851190090179443,-0.5444760322570801,0.11943702399730682,15.859210014343262,15.869003295898438,-0.002146330429241061,-0.008975866250693798,-3.616506000980735e-05,0.00922898855060339
lqr,2,2,28,148,0.56,-6.448537349700928,-6.9673261642456055,1.282261848449707,-0.1041203960776329,-0.14140334725379944,0.0202888622879982,0.1767699122428894,-6.468251705169678,-6.994100570678711,1.2892236709594727,0.6769520044326782,1.2392971515655518,15.713428497314453,15.776753425598145,-0.005780053790658712,-0.005719267297536135,0.0016004240605980158,0.008287363685667515
lqr,3,2,35,148,0.7000000000000001,-5.492219924926758,4.466772556304932,0.946022629737854,-0.0118903499096632,-0.012886098586022854,-0.0013038940960541368,0.017582152038812637,-5.494471073150635,4.46433162689209,0.948896050453186,-0.13484174013137817,0.1760617196559906,15.888897895812988,15.890445709228516,-0.002794409403577447,-0.007003696169704199,0.0001453137956559658,0.007541988976299763
rl,0,2,33,149,0.66,5.023692607879639,-5.163995742797852,0.6445983052253723,0.010147307999432087,-0.30189356207847595,-0.5480077266693115,0.6257436871528625,6.635943412780762,-6.10601806640625,1.0217301845550537,-1.7365282773971558,-1.4545965194702148,16.19551658630371,16.353168487548828,-0.0022755456157028675,-0.008938989602029324,-0.00010705296881496906,0.00922470074146986
rl,1,2,38,149,0.76,4.946516513824463,4.894052505493164,0.5630688667297363,-0.10624225437641144,-0.13465355336666107,-0.5833507180213928,0.6080436110496521,6.926267623901367,4.645089626312256,1.0851190090179443,-1.3631947040557861,-1.4317388534545898,16.198867797851562,16.319053649902344,-0.0014896165812388062,-0.008534962311387062,-0.00013609872257802635,0.008665048517286777
rl,2,2,29,149,0.58,-4.992606163024902,-5.152521133422852,0.636645495891571,-0.052278149873018265,-0.19013072550296783,-0.7447076439857483,0.7703714370727539,-6.468251705169678,-6.994100570678711,1.2892236709594727,-1.6236575841903687,1.530261754989624,14.912581443786621,15.07856273651123,-0.0031008960213512182,-0.00928449910134077,0.00011951509077334777,0.009789370000362396
rl,3,2,36,149,0.72,-5.066987037658691,4.863764762878418,0.6375384330749512,-0.06298717111349106,-0.16747020184993744,-0.6390189528465271,0.66359543800354,-5.494471073150635,4.46433162689209,0.948896050453186,-1.4908721446990967,-0.0761091411113739,13.863096237182617,13.943239212036133,-0.0024099857546389103,-0.008629554882645607,9.66127117862925e-05,0.008960277773439884
lqr,0,2,33,149,0.66,6.625792503356934,-6.099155426025391,1.0184944868087769,0.053615499287843704,-0.03624260053038597,0.0006097350269556046,0.06471877545118332,6.635943412780762,-6.10601806640625,1.0217301845550537,-0.6845466494560242,0.33376333117485046,15.864754676818848,15.883024215698242,-0.002082869876176119,-0.010155239142477512,0.00015296484343707561,0.010367768816649914
lqr,1,2,38,149,0.76,6.920744895935059,4.646108150482178,1.081763744354248,0.029167532920837402,-0.005379971116781235,0.0012415273813530803,0.029685525223612785,6.926267623901367,4.645089626312256,1.0851190090179443,-0.5112496018409729,0.11391941457986832,15.861309051513672,15.869955062866211,-0.0021235132589936256,-0.008892393670976162,-3.128649404970929e-05,0.009142480790615082
lqr,2,2,29,149,0.58,-6.451358318328857,-6.971157550811768,1.2828115224838257,-0.08922280371189117,-0.12117762863636017,0.01738596335053444,0.15148267149925232,-6.468251705169678,-6.994100570678711,1.2892236709594727,0.5437740087509155,1.072075366973877,15.73663330078125,15.782480239868164,-0.005360384471714497,-0.006033177953213453,0.0013850402319803834,0.00818848516792059
lqr,3,2,36,149,0.72,-5.492542266845703,4.466423988342285,0.945987343788147,-0.010194312781095505,-0.011045833118259907,-0.0011174032697454095,0.015072591602802277,-5.494471073150635,4.46433162689209,0.948896050453186,-0.15570475161075592,0.16270998120307922,15.887042045593262,15.888638496398926,-0.0027957302518188953,-0.00703711761161685,0.00011383841774659231,0.0075729843229055405
rl,0,2,34,150,0.68,5.024267196655273,-5.173442363739014,0.6274880766868591,0.02365855686366558,-0.32137852907180786,-0.5815061330795288,0.6648257374763489,6.635943412780762,-6.10601806640625,1.0217301845550537,0.514724850654602,-1.0110349655151367,14.083723068237305,14.129344940185547,-0.001483557978644967,-0.009380042552947998,-0.0002528041659388691,0.00950000248849392
rl,1,2,39,150,0.78,4.943750381469727,4.889699459075928,0.5453593730926514,-0.08514886349439621,-0.15031079947948456,-0.5938074588775635,0.6184262037277222,6.926267623901367,4.645089626312256,1.0851190090179443,0.8474769592285156,-0.7795168161392212,15.33675479888916,15.379919052124023,-0.0010408874368295074,-0.009090153500437737,-0.0002546808682382107,0.009153097867965698
rl,2,2,30,150,0.6,-4.994048118591309,-5.158117771148682,0.6144290566444397,-0.04595908150076866,-0.1847444623708725,-0.738473653793335,0.7626179456710815,-6.468251705169678,-6.994100570678711,1.2892236709594727,0.1256551891565323,0.3264433741569519,16.217397689819336,16.22117042541504,-0.0034434476401656866,-0.009691072627902031,0.00018292939057573676,0.010286286473274231
rl,3,2,37,150,0.74,-5.069432735443115,4.858185291290283,0.6183347702026367,-0.09077446907758713,-0.19527968764305115,-0.6406673789024353,0.6758911609649658,-5.494471073150635,4.46433162689209,0.948896050453186,-1.7759692668914795,-1.4414600133895874,15.766336441040039,15.931391716003418,-0.001924249459989369,-0.009608210064470768,-3.478322832961567e-05,0.009799063205718994
lqr,0,2,34,150,0.68,6.6272454261779785,-6.1001386642456055,1.0185110569000244,0.045945387333631516,-0.03105352818965912,0.0005225869244895875,0.05545785278081894,6.635943412780762,-6.10601806640625,1.0217301845550537,-0.6286686062812805,0.29185816645622253,15.866146087646484,15.881278038024902,-0.0020307141821831465,-0.010041865520179272,0.00010878313332796097,0.010245716199278831
lqr,1,2,39,150,0.78,6.921535015106201,4.645962715148926,1.0817973613739014,0.02499341033399105,-0.004610078874975443,0.001063320436514914,0.025437256321310997,6.926267623901367,4.645089626312256,1.0851190090179443,-0.4839221239089966,0.10938434302806854,15.863263130187988,15.87101936340332,-0.002103302860632539,-0.008823225274682045,-2.7058009436586872e-05,0.009070497006177902
lqr,2,2,30,150,0.6,-6.453774452209473,-6.974440097808838,1.2832823991775513,-0.07645738869905472,-0.10383861511945724,0.014898490160703659,0.12980815768241882,-6.468251705169678,-6.994100570678711,1.2892236709594727,0.4287305176258087,0.9284321069717407,15.756643295288086,15.789793968200684,-0.0050030420534312725,-0.006299453321844339,0.0011970468331128359,0.008133048191666603
lqr,3,2,37,150,0.74,-5.4928178787231445,4.466125011444092,0.9459571242332458,-0.008737439289689064,-0.009468389675021172,-0.0009577678283676505,0.01291938778012991,-5.494471073150635,4.46433162689209,0.948896050453186,-0.17453227937221527,0.15190237760543823,15.885448455810547,15.887133598327637,-0.002804621821269393,-0.007068634033203125,8.580838039051741e-05,0.007605185732245445
rl,0,2,35,151,0.7000000000000001,5.024682521820068,-5.182526111602783,0.6101676225662231,0.008951921947300434,-0.29357507824897766,-0.5752686262130737,0.6459105610847473,6.635943412780762,-6.10601806640625,1.0217301845550537,-1.0469533205032349,1.548129916191101,16.196117401123047,16.3035888671875,-0.0017788426484912634,-0.00891267228871584,-0.0002084886364173144,0.009090845473110676
rl,1,2,40,151,0.8,4.94103479385376,4.884633541107178,0.5270414352416992,-0.09319295734167099,-0.1781166046857834,-0.618992805480957,0.6508168578147888,6.926267623901367,4.645089626312256,1.0851190090179443,-0.716456413269043,-1.437180757522583,14.514912605285645,14.603475570678711,-0.0008277205051854253,-0.008626739494502544,-0.0002989591739606112,0.008671512827277184
rl,2,2,31,151,0.62,-4.995446681976318,-5.16310453414917,0.5920647978782654,-0.04695850983262062,-0.15694642066955566,-0.748982310295105,0.7666888236999512,-6.468251705169678,-6.994100570678711,1.2892236709594727,-0.2649901509284973,1.5365389585494995,15.305765151977539,15.384980201721191,-0.0034659665543586016,-0.009351186454296112,0.00022296144743449986,0.00997533556073904
rl,3,2,38,151,0.76,-5.071913242340088,4.852667808532715,0.598824143409729,-0.0786784291267395,-0.1782214194536209,-0.6551986932754517,0.6835484504699707,-5.494471073150635,4.46433162689209,0.948896050453186,0.3793657422065735,0.9770508408546448,15.100395202636719,15.136726379394531,-0.00170123518910259,-0.009947103448212147,-0.00012267786951269954,0.010092279873788357
lqr,0,2,35,151,0.7000000000000001,6.628490447998047,-6.100980281829834,1.0185256004333496,0.03937245160341263,-0.026608750224113464,0.0004463728691916913,0.047522783279418945,6.635943412780762,-6.10601806640625,1.0217301845550537,-0.581346333026886,0.2552404999732971,15.867194175720215,15.879891395568848,-0.0019971057772636414,-0.009946007281541824,6.938917067600414e-05,0.010144767351448536
lqr,1,2,40,151,0.8,6.92221212387085,4.64583683013916,1.0818263292312622,0.021417152136564255,-0.003948865924030542,0.0009110908722504973,0.02179720252752304,6.926267623901367,4.645089626312256,1.0851190090179443,-0.46167904138565063,0.10592344403266907,15.864822387695312,15.871891975402832,-0.0020852466113865376,-0.008766185492277145,-2.3409829736920074e-05,0.009010815992951393
lqr,2,2,31,151,0.62,-6.455845832824707,-6.977254390716553,1.2836858034133911,-0.06552156805992126,-0.08897920697927475,0.01276770606637001,0.11123573780059814,-6.468251705169678,-6.994100570678711,1.2892236709594727,0.3291032314300537,0.8062397241592407,15.77375602722168,15.797775268554688,-0.004698320757597685,-0.0065250033512711525,0.0010332668898627162,0.008106634952127934
lqr,3,2,38,151,0.76,-5.493055820465088,4.46586799621582,0.9459311962127686,-0.007483857683837414,-0.008115267381072044,-0.0008204907644540071,0.01106972899287939,-5.494471073150635,4.46433162689209,0.948896050453186,-0.19093303382396698,0.14293649792671204,15.88410758972168,15.885897636413574,-0.0028199972584843636,-0.007099369075149298,6.090343958931044e-05,0.007639184594154358
rl,0,2,36,152,0.72,5.025042533874512,-5.191635608673096,0.5930342674255371,0.013488288037478924,-0.3086700737476349,-0.5690348744392395,0.6475027799606323,6.635943412780762,-6.10601806640625,1.0217301845550537,-0.018978171050548553,-0.7639349102973938,16.219255447387695,16.237247467041016,-0.0025482461787760258,-0.009388474747538567,-0.00010104543616762385,0.009728680364787579
rl,1,2,41,152,0.8200000000000001,4.93879508972168,4.878734111785889,0.5081929564476013,-0.06537342071533203,-0.20592056214809418,-0.6329325437545776,0.668790340423584,6.926267623901367,4.645089626312256,1.0851190090179443,1.1985186338424683,-1.4344844818115234,15.159865379333496,15.274675369262695,-0.0004064393287990242,-0.008488083258271217,-0.00038992450572550297,0.008506749756634235
rl,2,2,32,152,0.64,-4.996717929840088,-5.167980670928955,0.5696997046470642,-0.04011707380414009,-0.1653262972831726,-0.7437610626220703,0.7629696726799011,-6.468251705169678,-6.994100570678711,1.2892236709594727,0.13694731891155243,-0.4097384512424469,16.165102005004883,16.170873641967773,-0.0034943423233926296,-0.009165944531559944,0.00026134552899748087,0.009812912903726101
rl,3,2,39,152,0.78,-5.073718070983887,4.847876071929932,0.5792927742004395,-0.05085625872015953,-0.1504206657409668,-0.6489657759666443,0.6681087613105774,-5.494471073150635,4.46433162689209,0.948896050453186,1.1990762948989868,1.56290602684021,16.234092712402344,16.353172302246094,-0.0027170395478606224,-0.008949263952672482,5.4589283536188304e-05,0.009352786466479301
lqr,0,2,36,152,0.72,6.629555702209473,-6.101700305938721,1.0185376405715942,0.033740345388650894,-0.02280336618423462,0.00038212776416912675,0.04072530195116997,6.635943412780762,-6.10601806640625,1.0217301845550537,-0.5419986248016357,0.224496990442276,15.868337631225586,15.879178047180176,-0.0019786448683589697,-0.009863917715847492,3.4435644920449704e-05,0.01006047148257494
lqr,1,2,41,152,0.8200000000000001,6.922792911529541,4.645730018615723,1.0818508863449097,0.01835152879357338,-0.003383535658940673,0.0007805309724062681,0.018677156418561935,6.926267623901367,4.645089626312256,1.0851190090179443,-0.44359487295150757,0.10252557694911957,15.866211891174316,15.872742652893066,-0.002068983158096671,-0.008719583041965961,-2.0255392882972956e-05,0.008961709216237068
lqr,2,2,32,152,0.64,-6.457620620727539,-6.979665756225586,1.2840319871902466,-0.05614592880010605,-0.07624287158250809,0.0109406728297472,0.09531547129154205,-6.468251705169678,-6.994100570678711,1.2892236709594727,0.2427586019039154,0.7014336585998535,15.788344383239746,15.805782318115234,-0.0044389935210347176,-0.0067154476419091225,0.0008909532334655523,0.008099117316305637
lqr,3,2,39,152,0.78,-5.493259429931641,4.4656476974487305,0.9459089636802673,-0.006410944741219282,-0.006952227558940649,-0.0007031597197055817,0.009483043104410172,-5.494471073150635,4.46433162689209,0.948896050453186,-0.2066408395767212,0.13576234877109528,15.88292407989502,15.884847640991211,-0.0028408728539943695,-0.007129950914531946,3.883130557369441e-05,0.007675171829760075
rl,0,2,37,153,0.74,5.025225639343262,-5.201231956481934,0.5752530694007874,0.002418542979285121,-0.325530081987381,-0.6045451164245605,0.6866225004196167,6.635943412780762,-6.10601806640625,1.0217301845550537,-0.8317582607269287,-0.8641232252120972,13.953594207763672,14.005046844482422,-0.0019684876315295696,-0.009218323044478893,-0.00017467484576627612,0.00942777469754219
rl,1,2,42,153,0.84,4.9373369216918945,4.873112201690674,0.48858943581581116,-0.04022549092769623,-0.17811378836631775,-0.6637093424797058,0.6883695721626282,6.926267623901367,4.645089626312256,1.0851190090179443,1.0670706033706665,1.5619300603866577,14.236089706420898,14.361215591430664,-0.0008861860842444003,-0.007594803813844919,-0.00030854553915560246,0.007652553264051676
rl,2,2,33,153,0.66,-4.998477458953857,-5.173059940338135,0.5471022725105286,-0.06790491938591003,-0.17125771939754486,-0.7579944133758545,0.7800614237785339,-6.468251705169678,-6.994100570678711,1.2892236709594727,-1.724003553390503,-0.2773779034614563,15.087449073791504,15.188161849975586,-0.0027366792783141136,-0.00941033661365509,0.00014637666754424572,0.009801289066672325
rl,3,2,40,153,0.8,-5.075357437133789,4.843414783477783,0.5596655011177063,-0.056639160960912704,-0.1478787362575531,-0.6568719744682312,0.6756899356842041,-5.494471073150635,4.46433162689209,0.948896050453186,-0.6074787378311157,0.20089824497699738,15.442511558532715,15.455760955810547,-0.0032704363111406565,-0.008592922240495682,0.0001774900738382712,0.009195953607559204
lqr,0,2,37,153,0.74,6.630469799041748,-6.102317810058594,1.018547773361206,0.02891707792878151,-0.019542736932635307,0.0003275885246694088,0.03490305319428444,6.635943412780762,-6.10601806640625,1.0217301845550537,-0.5096160173416138,0.19867119193077087,15.869234085083008,15.878658294677734,-0.0019731272477656603,-0.009792601689696312,3.6894325603498146e-06,0.009989408776164055
lqr,1,2,42,153,0.84,6.923289775848389,4.645637512207031,1.0818719863891602,0.015728531405329704,-0.0028977221809327602,0.000669183034915477,0.016007225960493088,6.926267623901367,4.645089626312256,1.0851190090179443,-0.4284294843673706,0.10053396224975586,15.867393493652344,15.873495101928711,-0.002053990960121155,-0.008681509643793106,-1.756202800606843e-05,0.008921199478209019
lqr,2,2,33,153,0.66,-6.459142684936523,-6.981729984283447,1.2843279838562012,-0.04811224713921547,-0.06533373147249222,0.00937580969184637,0.08167735487222672,-6.468251705169678,-6.994100570678711,1.2892236709594727,0.16742780804634094,0.6119738817214966,15.801050186157227,15.813782691955566,-0.004217999521642923,-0.006875908933579922,0.0007674590451642871,0.008103001862764359
lqr,3,2,40,153,0.8,-5.493432998657227,4.465458869934082,0.9458900094032288,-0.005487564951181412,-0.005955352447926998,-0.0006027442868798971,0.0081205228343606,-5.494471073150635,4.46433162689209,0.948896050453186,-0.22088754177093506,0.12983140349388123,15.881832122802734,15.883898735046387,-0.0028660804964601994,-0.007161033805459738,1.932374834723305e-05,0.00771331274881959
rl,0,2,38,154,0.76,5.024742126464844,-5.211276531219482,0.5564864873886108,-0.025369195267558098,-0.33947139978408813,-0.6360563039779663,0.7214236259460449,6.635943412780762,-6.10601806640625,1.0217301845550537,-1.7446095943450928,-0.7042993903160095,14.1527738571167,14.2772798538208,-0.0015294920885935426,-0.009419817477464676,-0.00025754026137292385,0.009546655230224133
rl,1,2,43,154,0.86,4.935604095458984,4.868325233459473,0.467995822429657,-0.06654015183448792,-0.150312140583992,-0.697822630405426,0.716922402381897,6.926267623901367,4.645089626312256,1.0851190090179443,-1.7109273672103882,1.5633594989776611,13.998462677001953,14.189021110534668,-0.002395640593022108,-0.007734037470072508,-6.477873830590397e-05,0.008096828125417233
rl,2,2,34,154,0.68,-5.0001935958862305,-5.177926063537598,0.5237236618995667,-0.05184115469455719,-0.15765056014060974,-0.7899277210235596,0.8071722388267517,-6.468251705169678,-6.994100570678711,1.2892236709594727,0.6478055119514465,0.7753220796585083,14.165251731872559,14.201237678527832,-0.002531604841351509,-0.009514475241303444,9.637003677198663e-05,0.009845991618931293
rl,3,2,41,154,0.8200000000000001,-5.076859474182129,4.839206695556641,0.5400840640068054,-0.04680461436510086,-0.1364758461713791,-0.6506376266479492,0.6664425134658813,-5.494471073150635,4.46433162689209,0.948896050453186,0.212169349193573,0.6846795678138733,16.219486236572266,16.23531723022461,-0.003142413217574358,-0.008936017751693726,0.00016783381579443812,0.009473929181694984
lqr,0,2,38,154,0.76,6.631253242492676,-6.102846622467041,1.018556833267212,0.024780351668596268,-0.016750290989875793,0.00028060117620043457,0.029911817982792854,6.635943412780762,-6.10601806640625,1.0217301845550537,-0.4834514856338501,0.17642253637313843,15.869926452636719,15.878268241882324,-0.001978320302441716,-0.009730079211294651,-2.3081263861968182e-05,0.00992918573319912
lqr,1,2,43,154,0.86,6.9237165451049805,4.645559310913086,1.0818898677825928,0.01347491517663002,-0.002481259172782302,0.000574227306060493,0.013713487423956394,6.926267623901367,4.645089626312256,1.0851190090179443,-0.41725799441337585,0.09878043085336685,15.86843490600586,15.874227523803711,-0.0020403231028467417,-0.008650903590023518,-1.524466642877087e-05,0.00888826698064804
lqr,2,2,34,154,0.68,-6.460445404052734,-6.9835004806518555,1.2845817804336548,-0.041229039430618286,-0.0559842549264431,0.008035335689783096,0.06999026983976364,-6.468251705169678,-6.994100570678711,1.2892236709594727,0.10182987153530121,0.5360015034675598,15.811738967895508,15.821148872375488,-0.004030067007988691,-0.0070108757354319096,0.000660513062030077,0.008113575167953968
lqr,3,2,41,154,0.8200000000000001,-5.493581771850586,4.465296745300293,0.9458736181259155,-0.004701933357864618,-0.005100480746477842,-0.0005162136512808502,0.006956260651350021,-5.494471073150635,4.46433162689209,0.948896050453186,-0.23409390449523926,0.1252531111240387,15.880927085876465,15.883146286010742,-0.002894827164709568,-0.007193446159362793,2.1347359506762587e-06,0.0077540758065879345
rl,0,2,39,155,0.78,5.024253845214844,-5.221562385559082,0.5367622375488281,-0.011765718460083008,-0.344531774520874,-0.6681821942329407,0.7518696784973145,6.635943412780762,-6.10601806640625,1.0217301845550537,0.48086369037628174,-0.22515150904655457,14.15706729888916,14.167020797729492,-0.0014532976783812046,-0.009381098672747612,-0.0002861001412384212,0.009497311897575855
rl,1,2,44,155,0.88,4.933051109313965,4.8643717765808105,0.4464966058731079,-0.09432908147573471,-0.12251326441764832,-0.7260454893112183,0.742327094078064,6.926267623901367,4.645089626312256,1.0851190090179443,-1.8045461177825928,1.5673555135726929,14.313369750976562,14.511566162109375,-0.0033141544554382563,-0.009089154191315174,6.881209264975041e-05,0.009674765169620514
rl,2,2,35,155,0.7000000000000001,-5.001192092895508,-5.1825690269470215,0.5001505613327026,-0.024020880460739136,-0.15334580838680267,-0.7836951613426208,0.7989180684089661,-6.468251705169678,-6.994100570678711,1.2892236709594727,1.2420594692230225,0.2819296717643738,16.236013412475586,16.285892486572266,-0.0027310738805681467,-0.008388204500079155,0.00016553075693082064,0.008823159150779247
rl,3,2,42,155,0.84,-5.078599452972412,4.835450172424316,0.5196652412414551,-0.06363777816295624,-0.1196180135011673,-0.6956242322921753,0.7086969017982483,-5.494471073150635,4.46433162689209,0.948896050453186,-1.1789374351501465,0.9700266122817993,13.426124572753906,13.512648582458496,-0.003304135287180543,-0.009004202671349049,0.00020701979519799352,0.009593530558049679
lqr,0,2,39,155,0.78,6.631924629211426,-6.103301525115967,1.0185641050338745,0.021232368424534798,-0.014353507198393345,0.00024061539443209767,0.025629954412579536,6.635943412780762,-6.10601806640625,1.0217301845550537,-0.4623657166957855,0.15806563198566437,15.870620727539062,15.878141403198242,-0.001992234028875828,-0.009674361906945705,-4.6097018639557064e-05,0.009877469390630722
lqr,1,2,44,155,0.88,6.924081802368164,4.6454925537109375,1.081905484199524,0.011546263471245766,-0.0021266837138682604,0.0004926918772980571,0.011750818230211735,6.926267623901367,4.645089626312256,1.0851190090179443,-0.40846502780914307,0.09750478714704514,15.869197845458984,15.87475299835205,-0.0020275679416954517,-0.008626608178019524,-1.3270791896502487e-05,0.008861691690981388
lqr,2,2,35,155,0.7000000000000001,-6.461564540863037,-6.985016345977783,1.284799575805664,-0.03532699868083,-0.0479760579764843,0.006885993760079145,0.05997595936059952,-6.468251705169678,-6.994100570678711,1.2892236709594727,0.04530395567417145,0.47088423371315,15.82084846496582,15.827919006347656,-0.003870213869959116,-0.0071240258403122425,0.0005680473987013102,0.008127299137413502
lqr,3,2,42,155,0.84,-5.493709564208984,4.465158939361572,0.9458593726158142,-0.004027616232633591,-0.004369766917079687,-0.0004421005432959646,0.005959195550531149,-5.494471073150635,4.46433162689209,0.948896050453186,-0.24633298814296722,0.12144250422716141,15.880110740661621,15.882485389709473,-0.0029263782780617476,-0.007227196358144283,-1.2912714737467468e-05,0.007797193247824907
rl,0,2,40,156,0.8,5.023820877075195,-5.2313408851623535,0.5159488916397095,-0.015806566923856735,-0.31672874093055725,-0.7065731883049011,0.7744756937026978,6.635943412780762,-6.10601806640625,1.0217301845550537,-0.4707031548023224,1.5483901500701904,13.795580863952637,13.890181541442871,-0.002031865529716015,-0.00857981014996767,-0.00017314172873739153,0.008818821050226688
rl,1,2,45,156,0.9,4.930777072906494,4.861069679260254,0.4245540201663971,-0.06650601327419281,-0.1038350760936737,-0.7341066002845764,0.7443905472755432,6.926267623901367,4.645089626312256,1.0851190090179443,1.162990927696228,1.0831267833709717,15.467782020568848,15.549211502075195,-0.0037873012479394674,-0.009259182959794998,0.0001831748231779784,0.010005481541156769
rl,2,2,36,156,0.72,-5.001366138458252,-5.18745756149292,0.4764690697193146,0.0033180394675582647,-0.16775527596473694,-0.7922261357307434,0.8097993731498718,-6.468251705169678,-6.994100570678711,1.2892236709594727,1.221362829208374,-0.7276955842971802,15.442952156066895,15.508256912231445,-0.002452760934829712,-0.007717613596469164,0.00015644519589841366,0.008099510334432125
rl,3,2,43,156,0.86,-5.081013202667236,4.831723213195801,0.49890363216400146,-0.08886989206075668,-0.12652404606342316,-0.6902726292610168,0.7073771953582764,-5.494471073150635,4.46433162689209,0.948896050453186,-1.6958283185958862,-0.2965777516365051,16.137184143066406,16.228755950927734,-0.0031680690590292215,-0.009634303860366344,0.00017602453590370715,0.010143345221877098
lqr,0,2,40,156,0.8,6.6324992179870605,-6.103690147399902,1.0185704231262207,0.018193643540143967,-0.012298047542572021,0.00020764995133504272,0.021961187943816185,6.635943412780762,-6.10601806640625,1.0217301845550537,-0.4449042081832886,0.1422031819820404,15.871166229248047,15.878037452697754,-0.002013025339692831,-0.009623697027564049,-6.554635911015794e-05,0.009832197800278664
lqr,1,2,45,156,0.9,6.92439603805542,4.645434856414795,1.081918716430664,0.009889776818454266,-0.0018245965475216508,0.00042223517084494233,0.010065541602671146,6.926267623901367,4.645089626312256,1.0851190090179443,-0.40261489152908325,0.096651092171669,15.86984920501709,15.875249862670898,-0.0020156099926680326,-0.008607707917690277,-1.1593164344958495e-05,0.008840557187795639
lqr,2,2,36,156,0.72,-6.462522029876709,-6.986316680908203,1.284986138343811,-0.030266571789979935,-0.0411127544939518,0.005900525953620672,0.051392022520303726,-6.468251705169678,-6.994100570678711,1.2892236709594727,-0.004832938313484192,0.4159712791442871,15.82868766784668,15.834153175354004,-0.003734385361894965,-0.007218217942863703,0.00048823290853761137,0.008141662925481796
lqr,3,2,43,156,0.86,-5.493818283081055,4.46504020690918,0.9458474516868591,-0.003452068194746971,-0.003745503257960081,-0.0003784627770073712,0.0051077199168503284,-5.494471073150635,4.46433162689209,0.948896050453186,-0.2583156228065491,0.11887437850236893,15.879344940185547,15.881890296936035,-0.0029600155539810658,-0.00726298475638032,-2.5998138880822808e-05,0.007843042723834515
rl,0,2,41,157,0.8200000000000001,5.022791385650635,-5.241061210632324,0.4947699308395386,-0.04359513148665428,-0.3276517391204834,-0.7056580185890198,0.7792364358901978,6.635943412780762,-6.10601806640625,1.0217301845550537,-1.7994416952133179,-0.5301689505577087,15.898850440979004,16.009138107299805,-0.002652846509590745,-0.009039724245667458,-7.222119165817276e-05,0.009421221911907196
rl,1,2,46,157,0.92,4.928225994110107,4.858036994934082,0.40265557169914246,-0.09429403394460678,-0.0997043251991272,-0.7278680801391602,0.7406917810440063,6.926267623901367,4.645089626312256,1.0851190090179443,-1.8617329597473145,0.3064118027687073,16.176095962524414,16.2857608795166,-0.003737653838470578,-0.00906437449157238,0.00023294791753869504,0.009807507507503033
rl,2,2,37,157,0.74,-5.000710964202881,-5.192354202270508,0.4519769549369812,0.03113318234682083,-0.16100502014160156,-0.8284974694252014,0.8445708751678467,-6.468251705169678,-6.994100570678711,1.2892236709594727,1.2661161422729492,0.41055887937545776,13.943669319152832,14.007052421569824,-0.0020814056042581797,-0.00707947788760066,0.00012182108912384138,0.007380114868283272
rl,3,2,44,157,0.88,-5.083886623382568,4.828483581542969,0.47720804810523987,-0.09921276569366455,-0.09872403740882874,-0.7396402955055237,0.752766489982605,-5.494471073150635,4.46433162689209,0.948896050453186,-0.8390402793884277,1.5638617277145386,13.192763328552246,13.311598777770996,-0.0030445063021034002,-0.01014508493244648,0.00013290479546412826,0.010592895559966564
lqr,0,2,41,157,0.8200000000000001,6.632992267608643,-6.1040239334106445,1.0185757875442505,0.015593779273331165,-0.010539775714278221,0.0001789307571016252,0.018822455778717995,6.635943412780762,-6.10601806640625,1.0217301845550537,-0.4316992163658142,0.12899866700172424,15.871586799621582,15.877981185913086,-0.0020387107506394386,-0.009576419368386269,-8.165937470039353e-05,0.009791363961994648
lqr,1,2,46,157,0.92,6.924664497375488,4.6453857421875,1.0819302797317505,0.0084697175770998,-0.001563958590850234,0.0003619542403612286,0.008620504289865494,6.926267623901367,4.645089626312256,1.0851190090179443,-0.3983837366104126,0.09625807404518127,15.870396614074707,15.875687599182129,-0.0020044934935867786,-0.008593488484621048,-1.0157655196962878e-05,0.008824178948998451
lqr,2,2,37,157,0.74,-6.463342666625977,-6.987430095672607,1.2851461172103882,-0.02593238651752472,-0.03523080796003342,0.005056457594037056,0.0440370999276638,-6.468251705169678,-6.994100570678711,1.2892236709594727,-0.048944033682346344,0.3687208294868469,15.835420608520508,15.839788436889648,-0.0036192177794873714,-0.007296643685549498,0.0004194632056169212,0.00815571565181017
lqr,3,2,44,157,0.88,-5.493911266326904,4.464938163757324,0.9458372592926025,-0.0029607880860567093,-0.003206571564078331,-0.00032426012330688536,0.0043764724396169186,-5.494471073150635,4.46433162689209,0.948896050453186,-0.26949143409729004,0.11728573590517044,15.878674507141113,15.881394386291504,-0.0029953494668006897,-0.007301043719053268,-3.722873225342482e-05,0.007891688495874405
rl,0,2,42,158,0.84,5.021483421325684,-5.250946521759033,0.4736495912075043,-0.04359818622469902,-0.33049607276916504,-0.7031879425048828,0.7782041430473328,6.635943412780762,-6.10601806640625,1.0217301845550537,-0.31138885021209717,-0.09255573153495789,16.00933074951172,16.01262664794922,-0.002349619287997484,-0.009822252206504345,-0.00013475341256707907,0.010100272484123707
rl,1,2,47,158,0.9400000000000001,4.925388813018799,4.855602741241455,0.38065198063850403,-0.09470635652542114,-0.07190665602684021,-0.7362465262413025,0.7457873821258545,6.926267623901367,4.645089626312256,1.0851190090179443,-0.37626031041145325,1.5819755792617798,15.41377067565918,15.499307632446289,-0.0037056333385407925,-0.009962255135178566,0.0002223127958131954,0.010631447657942772
rl,2,2,38,158,0.76,-5.000213146209717,-5.19767427444458,0.4265616834163666,0.009382844902575016,-0.18555320799350739,-0.8565136194229126,0.8764322996139526,-6.468251705169678,-6.994100570678711,1.2892236709594727,-1.4210189580917358,-1.2740004062652588,14.349101066589355,14.4754638671875,-0.0018786558648571372,-0.007230597548186779,8.342170622199774e-05,0.007471134420484304
rl,3,2,45,158,0.9,-5.086894512176514,4.824966907501221,0.4551291763782501,-0.10074716806411743,-0.12641797959804535,-0.7341183423995972,0.7517055869102478,-5.494471073150635,4.46433162689209,0.948896050453186,-0.43707793951034546,-1.4124191999435425,16.178184509277344,16.245603561401367,-0.0029733541887253523,-0.009764812886714935,0.00013781148300040513,0.01020839810371399
lqr,0,2,42,158,0.84,6.633414268493652,-6.10430908203125,1.0185807943344116,0.01336453016847372,-0.009029156528413296,0.0001539124787086621,0.016129476949572563,6.635943412780762,-6.10601806640625,1.0217301845550537,-0.4212890863418579,0.1184811070561409,15.871844291687012,15.877876281738281,-0.0020681184250861406,-0.009532077237963676,-9.460470755584538e-05,0.009754310362040997
lqr,1,2,47,158,0.9400000000000001,6.924893379211426,4.645342826843262,1.0819400548934937,0.007258599158376455,-0.0013402248732745647,0.00030950611107982695,0.007387777790427208,6.926267623901367,4.645089626312256,1.0851190090179443,-0.39502161741256714,0.09632135927677155,15.870864868164062,15.87607192993164,-0.0019939460325986147,-0.008583173155784607,-8.94052027433645e-06,0.008811740204691887
lqr,2,2,38,158,0.76,-6.46404504776001,-6.988385200500488,1.2852829694747925,-0.022217798978090286,-0.030189823359251022,0.004332966171205044,0.03773368149995804,-6.468251705169678,-6.994100570678711,1.2892236709594727,-0.0874377191066742,0.32909858226776123,15.841217041015625,15.844876289367676,-0.0035213776864111423,-0.007361500058323145,0.00036025626468472183,0.008168326690793037
lqr,3,2,45,158,0.9,-5.493991374969482,4.464850425720215,0.9458284974098206,-0.0025353836826980114,-0.0027453345246613026,-0.00027814251370728016,0.0037473184056580067,-5.494471073150635,4.46433162689209,0.948896050453186,-0.27956315875053406,0.11619898676872253,15.878092765808105,15.88097858428955,-0.0030315236654132605,-0.007341237738728523,-4.6754026698181406e-05,0.007942675612866879
rl,0,2,43,159,0.86,5.020049571990967,-5.2606306076049805,0.451566606760025,-0.04992290213704109,-0.3189446032047272,-0.752556324005127,0.8188766837120056,6.635943412780762,-6.10601806640625,1.0217301845550537,-0.6050671935081482,0.6754376292228699,13.20301342010498,13.234118461608887,-0.0024738661013543606,-0.009449923411011696,-9.704304102342576e-05,0.009768852032721043
rl,1,2,48,159,0.96,4.922072410583496,4.854001522064209,0.3581130802631378,-0.11849759519100189,-0.044110558927059174,-0.7588212490081787,0.7692835330963135,6.926267623901367,4.645089626312256,1.0851190090179443,-1.6280511617660522,1.5815560817718506,14.617695808410645,14.792866706848145,-0.0041730161756277084,-0.009956872090697289,0.0003203132946509868,0.0108007388189435
rl,2,2,39,159,0.78,-4.999614238739014,-5.202958583831787,0.4003690481185913,0.025266535580158234,-0.1714712381362915,-0.8813695311546326,0.8982499837875366,-6.468251705169678,-6.994100570678711,1.2892236709594727,0.5997787117958069,0.8111670613288879,14.547649383544922,14.582587242126465,-0.0015782297123223543,-0.008069397881627083,-1.612737287359778e-05,0.008222301490604877
rl,3,2,46,159,0.92,-5.089361190795898,4.820777893066406,0.4323083758354187,-0.07292580604553223,-0.14619214832782745,-0.7739861011505127,0.791040301322937,-5.494471073150635,4.46433162689209,0.948896050453186,1.1922979354858398,-0.9962934851646423,13.76322078704834,13.850646018981934,-0.0018404931761324406,-0.009158752858638763,-2.8788768759113736e-05,0.009341894648969173
lqr,0,2,43,159,0.86,6.633774757385254,-6.104554653167725,1.0185853242874146,0.011454296298325062,-0.007739603985100985,0.0001309379586018622,0.01382459793239832,6.635943412780762,-6.10601806640625,1.0217301845550537,-0.41372987627983093,0.10934539884328842,15.872092247009277,15.877860069274902,-0.0020998248364776373,-0.009489529766142368,-0.00010457270400365815,0.009719639085233212
lqr,1,2,48,159,0.96,6.9250898361206055,4.6453070640563965,1.0819485187530518,0.006218560505658388,-0.0011479738168418407,0.00026526159490458667,0.00632919417694211,6.926267623901367,4.645089626312256,1.0851190090179443,-0.3943401277065277,0.09635594487190247,15.871225357055664,15.876416206359863,-0.0019839745946228504,-0.008576110005378723,-7.891082532296423e-06,0.008802606724202633
lqr,2,2,39,159,0.78,-6.46464729309082,-6.989204406738281,1.285400152206421,-0.0190388485789299,-0.025867417454719543,0.003713429905474186,0.03233250230550766,-6.468251705169678,-6.994100570678711,1.2892236709594727,-0.12140709161758423,0.29532280564308167,15.846084594726562,15.8493013381958,-0.003438567044213414,-0.0074149249121546745,0.00030938442796468735,0.008179277181625366
lqr,3,2,46,159,0.92,-5.494059085845947,4.4647746086120605,0.9458209276199341,-0.0021793462801724672,-0.0023476635105907917,-0.00023840571520850062,0.0032121504191309214,-5.494471073150635,4.46433162689209,0.948896050453186,-0.29007357358932495,0.11587195098400116,15.877615928649902,15.880688667297363,-0.0030680070631206036,-0.007383918855339289,-5.468830204335973e-05,0.007996118627488613
rl,0,2,44,160,0.88,5.018136501312256,-5.269827365875244,0.4288429021835327,-0.07066579908132553,-0.30038273334503174,-0.7599043846130371,0.8201695680618286,6.635943412780762,-6.10601806640625,1.0217301845550537,-1.4360061883926392,1.0654289722442627,15.451630592346191,15.554746627807617,-0.002908687572926283,-0.009378407150506973,-1.2674860045081005e-05,0.009819121100008488
rl,1,2,49,160,0.98,4.918276309967041,4.85323429107666,0.3345800042152405,-0.13053253293037415,-0.016314825043082237,-0.7972428202629089,0.8080229163169861,6.926267623901367,4.645089626312256,1.0851190090179443,-0.9821848273277283,1.5801875591278076,13.776960372924805,13.902026176452637,-0.004409566055983305,-0.010151446796953678,0.0003784240107052028,0.011074265465140343
rl,2,2,40,160,0.8,-4.999411582946777,-5.207547187805176,0.37383580207824707,-0.002524325856938958,-0.14367015659809113,-0.8859753012657166,0.8975520730018616,-6.468251705169678,-6.994100570678711,1.2892236709594727,-1.7822765111923218,1.5577582120895386,15.594541549682617,15.773168563842773,-0.0024756300263106823,-0.008404704742133617,9.759722161106765e-05,0.008762267418205738
rl,3,2,47,160,0.9400000000000001,-5.0915374755859375,4.816253185272217,0.4081013798713684,-0.07238520681858063,-0.15315935015678406,-0.8233546018600464,0.8406010866165161,-5.494471073150635,4.46433162689209,0.948896050453186,-0.2734126150608063,-0.306736558675766,13.213983535766602,13.220370292663574,-0.0013946691760793328,-0.008055584505200386,-8.503913704771549e-05,0.00817586574703455
lqr,0,2,44,160,0.88,6.634085178375244,-6.104764461517334,1.0185890197753906,0.009817035868763924,-0.006628733593970537,0.00011097964306827635,0.011845952831208706,6.635943412780762,-6.10601806640625,1.0217301845550537,-0.40888750553131104,0.1020231544971466,15.872361183166504,15.877954483032227,-0.0021329796873033047,-0.009448203258216381,-0.00011168983473908156,0.009686620905995369
lqr,1,2,49,160,0.98,6.925259590148926,4.645275592803955,1.0819555521011353,0.005327263846993446,-0.0009831899078562856,0.00022737310791853815,0.005422001704573631,6.926267623901367,4.645089626312256,1.0851190090179443,-0.3943033814430237,0.09678509086370468,15.871548652648926,15.876740455627441,-0.0019743016455322504,-0.008572016842663288,-7.0225705712800846e-06,0.008796442300081253
lqr,2,2,40,160,0.8,-6.465163707733154,-6.989904403686523,1.2855006456375122,-0.016312675550580025,-0.022162431851029396,0.0031833206303417683,0.027702171355485916,-6.468251705169678,-6.994100570678711,1.2892236709594727,-0.15142984688282013,0.2667909264564514,15.850272178649902,15.853240013122559,-0.003368270117789507,-0.007458393927663565,0.000265726528596133,0.008188009262084961
lqr,3,2,47,160,0.9400000000000001,-5.49411678314209,4.464710712432861,0.9458143711090088,-0.0018712691962718964,-0.0020090665202587843,-0.00020368282275740057,0.002753086155280471,-5.494471073150635,4.46433162689209,0.948896050453186,-0.2994551360607147,0.1156139224767685,15.877178192138672,15.880422592163086,-0.003104290459305048,-0.007428885903209448,-6.113832932896912e-05,0.008051627315580845
rl,0,2,45,161,0.9,5.016010761260986,-5.279394626617432,0.40547144412994385,-0.07096582651138306,-0.3281942307949066,-0.7886227965354919,0.8571309447288513,6.635943412780762,-6.10601806640625,1.0217301845550537,-0.31926870346069336,-1.4388984441757202,14.331950187683105,14.407538414001465,-0.002783601637929678,-0.009645282290875912,-2.0680292436736636e-05,0.010038941167294979
rl,1,2,50,161,1.0,4.914190769195557,4.852370738983154,0.31066566705703735,-0.13905206322669983,-0.035044532269239426,-0.7970979809761047,0.809894323348999,6.926267623901367,4.645089626312256,1.0851190090179443,-0.8525683879852295,-0.913608729839325,15.876055717468262,15.925159454345703,-0.00395508436486125,-0.009995629079639912,0.00034090218832716346,0.010755068622529507
rl,2,2,41,161,0.8200000000000001,-4.999447345733643,-5.211704254150391,0.34684303402900696,-0.000516857486218214,-0.13601908087730408,-0.9066507816314697,0.9167972207069397,-6.468251705169678,-6.994100570678711,1.2892236709594727,-0.1677456498146057,0.46988552808761597,14.760854721069336,14.76928424835205,-0.003085796721279621,-0.009323087520897388,0.00016729568596929312,0.009821918793022633
rl,3,2,48,161,0.96,-5.093867778778076,4.811343193054199,0.38352078199386597,-0.08033929020166397,-0.16891294717788696,-0.8173457384109497,0.8384748101234436,-5.494471073150635,4.46433162689209,0.948896050453186,-0.8076534867286682,-0.7637266516685486,16.192577362060547,16.23068618774414,-0.0013449406251311302,-0.008418431505560875,-0.00013140843657311052,0.008526202291250229
lqr,0,2,45,161,0.9,6.63435173034668,-6.104944229125977,1.0185920000076294,0.008414037525653839,-0.005679076537489891,9.411987412022427e-05,0.010151689872145653,6.635943412780762,-6.10601806640625,1.0217301845550537,-0.405672550201416,0.09591279923915863,15.872553825378418,15.878026008605957,-0.002166318241506815,-0.009407760575413704,-0.00011619275028351694,0.009654656983911991
lqr,1,2,50,161,1.0,6.925403118133545,4.645249843597412,1.0819616317749023,0.004562204238027334,-0.0008435914060100913,0.00019593778415583074,0.0046436781994998455,6.926267623901367,4.645089626312256,1.0851190090179443,-0.3956136703491211,0.09725826978683472,15.871817588806152,15.877045631408691,-0.001964919501915574,-0.008570312522351742,-6.304882845142856e-06,0.008792678825557232
lqr,2,2,41,161,0.8200000000000001,-6.465607166290283,-6.990504264831543,1.2855868339538574,-0.013973371125757694,-0.018994435667991638,0.0027282065711915493,0.02373787760734558,-6.468251705169678,-6.994100570678711,1.2892236709594727,-0.1779094785451889,0.24226278066635132,15.853739738464355,15.856589317321777,-0.003308478742837906,-0.00749341631308198,0.00022828386863693595,0.008194475434720516
lqr,3,2,48,161,0.96,-5.494167804718018,4.464656352996826,0.9458087086677551,-0.0016073427395895123,-0.001720082713291049,-0.00017413411114830524,0.0023606265895068645,-5.494471073150635,4.46433162689209,0.948896050453186,-0.30863919854164124,0.11605104804039001,15.876702308654785,15.880125999450684,-0.0031398222781717777,-0.007476102095097303,-6.620755448238924e-05,0.008108943700790405
rl,0,2,46,162,0.92,5.0137786865234375,-5.288684368133545,0.38082531094551086,-0.07611975818872452,-0.30039212107658386,-0.8379905223846436,0.8934527039527893,6.635943412780762,-6.10601806640625,1.0217301845550537,-0.5629512667655945,1.5581263303756714,13.19921875,13.302783966064453,-0.0023206810001283884,-0.009095289744436741,-7.009443652350456e-05,0.009386946447193623
rl,1,2,51,162,1.02,4.910492420196533,4.851235389709473,0.2865906357765198,-0.11539211869239807,-0.03924211859703064,-0.8052038550376892,0.8143761157989502,6.926267623901367,4.645089626312256,1.0851190090179443,0.8852382898330688,-0.12994858622550964,15.469818115234375,15.495671272277832,-0.0028931647539138794,-0.009659135714173317,0.00018596011796034873,0.01008483488112688
rl,2,2,42,162,0.84,-4.999704360961914,-5.215892314910889,0.31895148754119873,-0.012614070437848568,-0.141331747174263,-0.9412482976913452,0.9518834948539734,-6.468251705169678,-6.994100570678711,1.2892236709594727,-0.9219651222229004,-0.22986961901187897,13.997849464416504,14.030062675476074,-0.0027819261886179447,-0.009125775657594204,0.00014042934344615787,0.009541415609419346
rl,3,2,49,162,0.98,-5.09632682800293,4.806746959686279,0.35882046818733215,-0.08273253589868546,-0.1453583687543869,-0.8263391256332397,0.8430955410003662,-5.494471073150635,4.46433162689209,0.948896050453186,-0.49633458256721497,1.3536955118179321,15.378798484802246,15.44623851776123,-0.0017303494969382882,-0.009164632298052311,-0.0001250190834980458,0.009327391162514687
lqr,0,2,46,162,0.92,6.634579658508301,-6.105097770690918,1.01859450340271,0.0072063542902469635,-0.004869780503213406,8.10341298347339e-05,0.008697865530848503,6.635943412780762,-6.10601806640625,1.0217301845550537,-0.4043477177619934,0.09058922529220581,15.872747421264648,15.878155708312988,-0.0021989583037793636,-0.009368057362735271,-0.00011825771071016788,0.009623403660953045
lqr,1,2,51,162,1.02,6.925528049468994,4.645226001739502,1.0819671154022217,0.003908368293195963,-0.0007219878025352955,0.00016772047092672437,0.003978032153099775,6.926267623901367,4.645089626312256,1.0851190090179443,-0.3980453908443451,0.09840363264083862,15.871902465820312,15.877197265625,-0.0019558018539100885,-0.008570550940930843,-5.714695362257771e-06,0.008790877647697926
lqr,2,2,42,162,0.84,-6.465986251831055,-6.991018772125244,1.285660743713379,-0.011967538855969906,-0.016275569796562195,0.002337625715881586,0.020336681976914406,-6.468251705169678,-6.994100570678711,1.2892236709594727,-0.20210197567939758,0.22247767448425293,15.856666564941406,15.859515190124512,-0.0032577801030129194,-0.0075212218798696995,0.00019624469859991223,0.008198806084692478
lqr,3,2,49,162,0.98,-5.494210720062256,4.464609622955322,0.9458039402961731,-0.0013756396947428584,-0.0014718620805069804,-0.0001488429115852341,0.0020201278384774923,-5.494471073150635,4.46433162689209,0.948896050453186,-0.3170323371887207,0.11686401814222336,15.876282691955566,15.879878044128418,-0.0031743289437144995,-0.007525524590164423,-6.995102012297139e-05,0.008167912252247334
rl,0,2,47,163,0.9400000000000001,5.010939598083496,-5.297139644622803,0.3558083176612854,-0.103907011449337,-0.2725938558578491,-0.831853449344635,0.8815237879753113,6.635943412780762,-6.10601806640625,1.0217301845550537,-1.8567739725112915,1.5746369361877441,16.16541862487793,16.34771728515625,-0.0033239813055843115,-0.009335984475910664,8.672809781273827e-05,0.00991044845432043
rl,1,2,52,163,1.04,4.907005786895752,4.849982738494873,0.262378990650177,-0.11664032191038132,-0.042994432151317596,-0.8079765439033508,0.81748366355896,6.926267623901367,4.645089626312256,1.0851190090179443,-0.4734609127044678,-0.1016339659690857,15.722984313964844,15.730439186096191,-0.0025727536994963884,-0.009009278379380703,0.00014246099453885108,0.009370509535074234
rl,2,2,43,163,0.86,-4.999943733215332,-5.2201642990112305,0.289726585149765,-0.005581367760896683,-0.1429661512374878,-0.9906182289123535,1.0008970499038696,-6.468251705169678,-6.994100570678711,1.2892236709594727,0.11832320690155029,-0.03309830278158188,13.220141410827637,13.220712661743164,-0.002309932606294751,-0.008890706114470959,7.3969793447759e-05,0.00918618030846119
rl,3,2,50,163,1.0,-5.098369121551514,4.8020100593566895,0.33408987522125244,-0.060835275799036026,-0.16416852176189423,-0.8233615159988403,0.841769814491272,-5.494471073150635,4.46433162689209,0.948896050453186,0.7889355421066284,-0.9261526465415955,16.06875228881836,16.114744186401367,-0.0022746119648218155,-0.009044310078024864,-3.789977199630812e-05,0.009326030500233173
lqr,0,2,47,163,0.9400000000000001,6.634774684906006,-6.105230808258057,1.0185967683792114,0.006175022106617689,-0.004169160965830088,6.924264744156972e-05,0.00745101273059845,6.635943412780762,-6.10601806640625,1.0217301845550537,-0.40442216396331787,0.08742578327655792,15.872788429260254,15.878180503845215,-0.002230349462479353,-0.00932841096073389,-0.00011803256347775459,0.009592060931026936
lqr,1,2,52,163,1.04,6.92563533782959,4.645206451416016,1.0819716453552246,0.003346320241689682,-0.0006178191979415715,0.00014324361109174788,0.0034058887977153063,6.926267623901367,4.645089626312256,1.0851190090179443,-0.40104737877845764,0.0990980863571167,15.872018814086914,15.87739372253418,-0.0019470094703137875,-0.008572542108595371,-5.2215991672710516e-06,0.008790867403149605
lqr,2,2,43,163,0.86,-6.466310501098633,-6.99146032333374,1.2857238054275513,-0.010254491120576859,-0.013946091756224632,0.0020037214271724224,0.01742592826485634,-6.468251705169678,-6.994100570678711,1.2892236709594727,-0.2240147590637207,0.20555581152439117,15.859317779541016,15.862232208251953,-0.0032148545142263174,-0.007543320767581463,0.00016886919911485165,0.008201554417610168
lqr,3,2,50,163,1.0,-5.494248390197754,4.464570045471191,0.9458000063896179,-0.0011764854425564408,-0.0012620441848412156,-0.0001270155917154625,0.001730030751787126,-5.494471073150635,4.46433162689209,0.948896050453186,-0.32527947425842285,0.11768995225429535,15.875969886779785,15.879737854003906,-0.003207320347428322,-0.007577209267765284,-7.245878805406392e-05,0.008228381164371967
rl,0,2,48,164,0.96,5.007761001586914,-5.305116653442383,0.33081984519958496,-0.10704201459884644,-0.26252850890159607,-0.8334944248199463,0.8803931474685669,6.635943412780762,-6.10601806640625,1.0217301845550537,-0.527955949306488,0.619090735912323,15.77937126159668,15.800334930419922,-0.0038117533549666405,-0.010105013847351074,0.00016126001719385386,0.010801238939166069
rl,1,2,53,164,1.06,4.9040632247924805,4.849136829376221,0.23769281804561615,-0.08881993591785431,-0.020808694884181023,-0.8303207755088806,0.8353170156478882,6.926267623901367,4.645089626312256,1.0851190090179443,1.1141060590744019,1.2928723096847534,14.699400901794434,14.79814624786377,-0.002719190903007984,-0.008772995322942734,0.00015506370982620865,0.009186048991978168
rl,2,2,44,164,0.88,-5.000664710998535,-5.224917888641357,0.2596348226070404,-0.03324723616242409,-0.16621406376361847,-1.0092779397964478,1.0234131813049316,-6.468251705169678,-6.994100570678711,1.2892236709594727,-1.7935672998428345,-1.1900540590286255,14.84374713897705,14.998997688293457,-0.0018274544272571802,-0.008828866295516491,-8.00984889792744e-06,0.009016015566885471
rl,3,2,51,164,1.02,-5.099637508392334,4.796579837799072,0.30903226137161255,-0.033016547560691833,-0.18940411508083344,-0.8412002921104431,0.8628916144371033,-5.494471073150635,4.46433162689209,0.948896050453186,1.1281534433364868,-1.2775787115097046,14.956408500671387,15.053208351135254,-0.0015633709263056517,-0.00830394309014082,-0.00011762815847760066,0.008450646884739399
lqr,0,2,48,164,0.96,6.63494348526001,-6.105341911315918,1.0185985565185547,0.005288467276841402,-0.003573243971914053,5.964006777503528e-05,0.006382751278579235,6.635943412780762,-6.10601806640625,1.0217301845550537,-0.4053534269332886,0.0839468315243721,15.87283992767334,15.878236770629883,-0.0022597620263695717,-0.009289075620472431,-0.0001157176957349293,0.009560692124068737
lqr,1,2,53,164,1.06,6.925725936889648,4.64518928527832,1.0819755792617798,0.002863404108211398,-0.0005291621200740337,0.00012233766028657556,0.0029144573491066694,6.926267623901367,4.645089626312256,1.0851190090179443,-0.4044109582901001,0.10008486360311508,15.872092247009277,15.877558708190918,-0.0019382244208827615,-0.008576087653636932,-4.845191142521799e-06,0.008792383596301079
lqr,2,2,44,164,0.88,-6.466588497161865,-6.991838455200195,1.285778522491455,-0.008786358870565891,-0.01194932870566845,0.0017169476486742496,0.014930990524590015,-6.468251705169678,-6.994100570678711,1.2892236709594727,-0.24301180243492126,0.19112566113471985,15.861359596252441,15.864372253417969,-0.003178485669195652,-0.007560528814792633,0.0001455228339182213,0.008202776312828064
lqr,3,2,51,164,1.02,-5.494279861450195,4.464535236358643,0.9457964897155762,-0.0010131467133760452,-0.0010822975309565663,-0.00010921959619736299,0.001486527151428163,-5.494471073150635,4.46433162689209,0.948896050453186,-0.334261953830719,0.11932636797428131,15.875594139099121,15.879561424255371,-0.003238365286961198,-0.00763113796710968,-7.381569594144821e-05,0.008290158584713936
rl,0,2,49,165,0.98,5.004854202270508,-5.312728404998779,0.3057771325111389,-0.09179011732339859,-0.2493705004453659,-0.8353897929191589,0.8766340017318726,6.635943412780762,-6.10601806640625,1.0217301845550537,0.45514529943466187,0.7888243198394775,15.78753662109375,15.813782691955566,-0.00373035273514688,-0.009624015539884567,0.00019329742644913495,0.010323495604097843
rl,1,2,54,165,1.08,4.9012932777404785,4.848127841949463,0.2121405005455017,-0.09408742189407349,-0.0401197224855423,-0.8624537587165833,0.8684978485107422,6.926267623901367,4.645089626312256,1.0851190090179443,-0.6634522676467896,-0.9465053081512451,14.138880729675293,14.186049461364746,-0.0027939837891608477,-0.008192641660571098,0.00018953192920889705,0.008658039383590221
rl,2,2,45,165,0.9,-5.001910209655762,-5.22998046875,0.22909420728683472,-0.04567117244005203,-0.16998392343521118,-1.02238929271698,1.0374295711517334,-6.468251705169678,-6.994100570678711,1.2892236709594727,-0.985846996307373,-0.13702872395515442,15.154694557189941,15.187344551086426,-0.0013688625767827034,-0.00971456989645958,-0.00014142529107630253,0.00981155689805746
rl,3,2,52,165,1.04,-5.1002092361450195,4.790340900421143,0.2836611568927765,-0.012091759592294693,-0.21720992028713226,-0.8479549288749695,0.8754164576530457,-5.494471073150635,4.46433162689209,0.948896050453186,0.7345495820045471,-1.4118947982788086,15.54611873626709,15.627373695373535,-0.0009224509703926742,-0.007717675529420376,-0.00020699990272987634,0.007775363512337208
lqr,0,2,49,165,0.98,6.635087013244629,-6.105438232421875,1.0186002254486084,0.004527818877249956,-0.003064663615077734,5.148602940607816e-05,0.005467719864100218,6.635943412780762,-6.10601806640625,1.0217301845550537,-0.406879186630249,0.08177506923675537,15.872828483581543,15.878252983093262,-0.0022864288184791803,-0.009249855764210224,-0.00011153899686178192,0.009528905153274536
lqr,1,2,54,165,1.08,6.925804615020752,4.645175457000732,1.0819787979125977,0.00245129712857306,-0.0004523692768998444,0.00010480765195097774,0.0024948909413069487,6.926267623901367,4.645089626312256,1.0851190090179443,-0.40893739461898804,0.10115137696266174,15.872146606445312,15.87773609161377,-0.0019296270329505205,-0.008580507710576057,-4.541828275250737e-06,0.008794805034995079
lqr,2,2,45,165,0.9,-6.466826438903809,-6.992161273956299,1.2858251333236694,-0.007528610993176699,-0.010241901502013206,0.001470342744141817,0.01279603224247694,-6.468251705169678,-6.994100570678711,1.2892236709594727,-0.26092976331710815,0.1791243553161621,15.863226890563965,15.86638355255127,-0.0031473911367356777,-0.007573276292532682,0.00012562554911710322,0.00820221658796072
lqr,3,2,52,165,1.04,-5.494307041168213,4.46450662612915,0.945793628692627,-0.0008700753096491098,-0.0009260923834517598,-9.411314385943115e-05,0.00127418024931103,-5.494471073150635,4.46433162689209,0.948896050453186,-0.34221044182777405,0.1207699179649353,15.87520694732666,15.879354476928711,-0.003267498454079032,-0.007687074597924948,-7.403323252219707e-05,0.008353031240403652
rl,0,2,50,166,1.0,5.001545429229736,-5.32028341293335,0.2807385325431824,-0.11957728862762451,-0.25298595428466797,-0.8342342376708984,0.8799132704734802,6.635943412780762,-6.10601806640625,1.0217301845550537,-1.8788394927978516,-0.11088044941425323,15.901397705078125,16.012393951416016,-0.003534800373017788,-0.009543472900986671,0.0001899355265777558,0.010178838856518269
rl,1,2,55,166,1.1,4.899027347564697,4.847479820251465,0.18626835942268372,-0.06626799702644348,-0.012318229302763939,-0.8623811602592468,0.8650112748146057,6.926267623901367,4.645089626312256,1.0851190090179443,1.0671343803405762,1.6086410284042358,15.90693187713623,16.023637771606445,-0.002545537194237113,-0.008273460902273655,0.00013945117825642228,0.008657329715788364
rl,2,2,46,166,0.92,-5.003477096557617,-5.235579013824463,0.19826005399227142,-0.05551492050290108,-0.1948990523815155,-1.0305132865905762,1.0502500534057617,-6.468251705169678,-6.994100570678711,1.2892236709594727,-0.8614284992218018,-1.2753182649612427,15.431229591369629,15.507783889770508,-0.0012638308107852936,-0.009895899333059788,-0.0001967613206943497,0.0099782170727849
rl,3,2,53,166,1.06,-5.101129055023193,4.78359317779541,0.2583472430706024,-0.039882171899080276,-0.2287476807832718,-0.8417159914970398,0.8731562495231628,-5.494471073150635,4.46433162689209,0.948896050453186,-1.9175910949707031,-0.5291076898574829,16.17425537109375,16.296123504638672,-0.0007275526295416057,-0.008423205465078354,-0.0002873396733775735,0.008459449745714664
lqr,0,2,50,166,1.0,6.635209083557129,-6.105520725250244,1.018601417541504,0.003876677481457591,-0.0026339292526245117,4.447430546861142e-05,0.004687023349106312,6.635943412780762,-6.10601806640625,1.0217301845550537,-0.40960732102394104,0.07979991286993027,15.8728666305542,15.878351211547852,-0.002310084877535701,-0.00921071507036686,-0.00010565489355940372,0.00949657429009676
lqr,1,2,55,166,1.1,6.925870895385742,4.645162582397461,1.0819816589355469,0.00209813448600471,-0.0003880908770952374,8.992877701530233e-05,0.0021356195211410522,6.926267623901367,4.645089626312256,1.0851190090179443,-0.4134977459907532,0.10239619016647339,15.872132301330566,15.877848625183105,-0.0019210450118407607,-0.008586017414927483,-4.336968231655192e-06,0.008798303082585335
lqr,2,2,46,166,0.92,-6.467030048370361,-6.992438316345215,1.2858648300170898,-0.006451273802667856,-0.008777529001235962,0.0012600282207131386,0.010965929366648197,-6.468251705169678,-6.994100570678711,1.2892236709594727,-0.2768191993236542,0.1697319746017456,15.86481761932373,15.86814022064209,-0.0031208964064717293,-0.007582656107842922,0.00010870079859159887,0.008200516924262047
lqr,3,2,53,166,1.06,-5.494330883026123,4.464480876922607,0.9457910060882568,-0.0007423186325468123,-0.000795699714217335,-8.048325253184885e-05,0.001091170241124928,-5.494471073150635,4.46433162689209,0.948896050453186,-0.35023969411849976,0.12286306172609329,15.874957084655762,15.879295349121094,-0.0032939950469881296,-0.007744612637907267,-7.323017052840441e-05,0.008416340686380863
rl,0,2,51,167,1.02,4.998368263244629,-5.328254222869873,0.2558361887931824,-0.09902135282754898,-0.27201852202415466,-0.8280027508735657,0.8771475553512573,6.635943412780762,-6.10601806640625,1.0217301845550537,0.711666464805603,-0.9393193125724792,16.242483139038086,16.285179138183594,-0.0028476626612246037,-0.009902924299240112,7.384559285128489e-05,0.010304491966962814
rl,1,2,56,167,1.12,4.897017478942871,4.846981048583984,0.15998855233192444,-0.06734812259674072,-0.01878397725522518,-0.8828011751174927,0.8855656385421753,6.926267623901367,4.645089626312256,1.0851190090179443,-0.4684731960296631,-0.24463891983032227,14.77163028717041,14.781082153320312,-0.003050214843824506,-0.008116896264255047,0.0002281928900629282,0.008674093522131443
rl,2,2,47,167,0.9400000000000001,-5.005450248718262,-5.241783618927002,0.16715696454048157,-0.07092023640871048,-0.21276673674583435,-1.0398955345153809,1.0638054609298706,-6.468251705169678,-6.994100570678711,1.2892236709594727,-1.168637752532959,-0.8946322798728943,15.35461711883545,15.4249906539917,-0.0008223162731155753,-0.010060888715088367,-0.0003064069023821503,0.010099087841808796
rl,3,2,54,167,1.08,-5.102560520172119,4.776575088500977,0.23317229747772217,-0.05161391198635101,-0.2365274280309677,-0.8378898501396179,0.8721631765365601,-5.494471073150635,4.46433162689209,0.948896050453186,-1.0573655366897583,-0.32638800144195557,16.06485939025879,16.10292625427246,-0.0010472899302840233,-0.009884877130389214,-0.00032146513694897294,0.009945398196578026
lqr,0,2,51,167,1.02,6.635313987731934,-6.1055908203125,1.0186024904251099,0.003322727745398879,-0.002259225118905306,3.854639726341702e-05,0.004018221516162157,6.635943412780762,-6.10601806640625,1.0217301845550537,-0.41302937269210815,0.07882905006408691,15.872820854187012,15.878389358520508,-0.0023306026123464108,-0.009171971119940281,-9.822564607020468e-05,0.009463952854275703
lqr,1,2,56,167,1.12,6.925926685333252,4.645151138305664,1.081984043121338,0.0017976686358451843,-0.0003305119462311268,7.732924132142216e-05,0.0018294344190508127,6.926267623901367,4.645089626312256,1.0851190090179443,-0.41886603832244873,0.10362066328525543,15.87209701538086,15.877961158752441,-0.001912618288770318,-0.008592148311436176,-4.175636604486499e-06,0.008802450262010098
lqr,2,2,47,167,0.9400000000000001,-6.467206001281738,-6.992676258087158,1.285899043083191,-0.005524565931409597,-0.007521363440901041,0.0010798150906339288,0.00939455907791853,-6.468251705169678,-6.994100570678711,1.2892236709594727,-0.29143452644348145,0.16176584362983704,15.866133689880371,15.869634628295898,-0.0030984245240688324,-0.007588929962366819,9.4375413027592e-05,0.008197621442377567
lqr,3,2,54,167,1.08,-5.494351387023926,4.46445894241333,0.9457888007164001,-0.0006358451792038977,-0.000678794109262526,-6.860061694169417e-05,0.0009326128056272864,-5.494471073150635,4.46433162689209,0.948896050453186,-0.35864174365997314,0.12502312660217285,15.874659538269043,15.879202842712402,-0.0033181251492351294,-0.007804273162037134,-7.139462104532868e-05,0.008480668067932129
rl,0,2,52,168,1.04,4.994841575622559,-5.336487293243408,0.23024067282676697,-0.12680956721305847,-0.27570533752441406,-0.8657723665237427,0.9174180626869202,6.635943412780762,-6.10601806640625,1.0217301845550537,-1.8446407318115234,-0.1214739978313446,13.799857139587402,13.923128128051758,-0.0022391704842448235,-0.009462481364607811,-2.0060508177266456e-05,0.009723828174173832
rl,1,2,57,168,1.1400000000000001,4.894442081451416,4.846763610839844,0.13295096158981323,-0.09513743221759796,-0.0014863986289128661,-0.9104794859886169,0.9154376983642578,6.926267623901367,4.645089626312256,1.0851190090179443,-1.9048622846603394,1.036763310432434,14.329968452453613,14.493149757385254,-0.0028462011832743883,-0.0088979322463274,0.00016942835645750165,0.009343595243990421
rl,2,2,48,168,0.96,-5.007741928100586,-5.248049736022949,0.13586290180683136,-0.07908740639686584,-0.2069462388753891,-1.0447568893432617,1.0679880380630493,-6.468251705169678,-6.994100570678711,1.2892236709594727,-0.792569637298584,0.38505324721336365,15.600818634033203,15.625682830810547,-0.001026500598527491,-0.010207285173237324,-0.00031683058477938175,0.010263661853969097
rl,3,2,55,168,1.1,-5.1037278175354,4.769750118255615,0.2074517160654068,-0.03255186975002289,-0.22299514710903168,-0.867082953453064,0.8958902359008789,-5.494471073150635,4.46433162689209,0.948896050453186,0.6423699855804443,0.8137040734291077,14.32160472869873,14.359078407287598,-0.0015599785838276148,-0.009701505303382874,-0.00025447356165386736,0.009829419665038586
lqr,0,2,52,168,1.04,6.635404586791992,-6.105651378631592,1.0186032056808472,0.0028456393629312515,-0.001942845294252038,3.419059430598281e-05,0.00344579154625535,6.635943412780762,-6.10601806640625,1.0217301845550537,-0.41749289631843567,0.07817181944847107,15.872758865356445,15.878440856933594,-0.0023474323097616434,-0.009134086780250072,-8.950981282396242e-05,0.009431330487132072
lqr,1,2,57,168,1.1400000000000001,6.925975799560547,4.645142078399658,1.0819860696792603,0.001541749108582735,-0.0002802629314828664,6.667340494459495e-05,0.0015684333629906178,6.926267623901367,4.645089626312256,1.0851190090179443,-0.42448604106903076,0.10492128878831863,15.872014045715332,15.878036499023438,-0.0019041927298530936,-0.008598927408456802,-4.078624897374539e-06,0.008807242847979069
lqr,2,2,48,168,0.96,-6.4673566818237305,-6.992880821228027,1.2859278917312622,-0.004731548484414816,-0.006445270963013172,0.0009256938938051462,0.008048973977565765,-6.468251705169678,-6.994100570678711,1.2892236709594727,-0.3052937388420105,0.15541616082191467,15.86717414855957,15.870871543884277,-0.0030791060999035835,-0.0075928703881800175,8.224855992011726e-05,0.008193859830498695
lqr,3,2,55,168,1.1,-5.494367599487305,4.464440822601318,0.9457870721817017,-0.0005481079570017755,-0.0005831943126395345,-5.896257789572701e-05,0.0008025051211006939,-5.494471073150635,4.46433162689209,0.948896050453186,-0.3672866225242615,0.12698644399642944,15.874321937561035,15.879077911376953,-0.0033392917830497026,-0.007865583524107933,-6.864930765004829e-05,0.008545349352061749
rl,0,2,53,169,1.06,4.990875720977783,-5.345223903656006,0.20377914607524872,-0.13482610881328583,-0.2990257441997528,-0.8901916146278381,0.9487020969390869,6.635943412780762,-6.10601806640625,1.0217301845550537,-0.8051484823226929,-1.1753572225570679,14.552194595336914,14.6217679977417,-0.0018778914818540215,-0.009794115088880062,-0.00011344296945026144,0.009973165579140186
rl,1,2,58,169,1.16,4.892035961151123,4.84707498550415,0.10576126724481583,-0.07273044437170029,0.016273338347673416,-0.9042465090751648,0.9073126912117004,6.926267623901367,4.645089626312256,1.0851190090179443,0.7414051294326782,1.077866792678833,16.235519409179688,16.288143157958984,-0.0032922199461609125,-0.009389692917466164,0.00021668680710718036,0.009952487424015999
rl,2,2,49,169,0.98,-5.010670185089111,-5.253701686859131,0.1040571853518486,-0.10687275230884552,-0.17914339900016785,-1.0679054260253906,1.0880882740020752,-6.468251705169678,-6.994100570678711,1.2892236709594727,-1.8367754220962524,1.5681899785995483,14.583852767944336,14.782480239868164,-0.001962425885722041,-0.010352193377912045,-0.00019225271535106003,0.010538309812545776
rl,3,2,56,169,1.12,-5.104928970336914,4.762818336486816,0.18156389892101288,-0.04375128448009491,-0.23509277403354645,-0.8608468174934387,0.8934428095817566,-5.494471073150635,4.46433162689209,0.948896050453186,-1.0500677824020386,-0.5552725791931152,16.195892333984375,16.23939323425293,-0.001988352043554187,-0.009187408722937107,-0.00015927462663967162,0.009401457384228706
lqr,0,2,53,169,1.06,6.635482311248779,-6.105703353881836,1.0186042785644531,0.0024347761645913124,-0.0016650402685627341,3.021475458808709e-05,0.0029498147778213024,6.635943412780762,-6.10601806640625,1.0217301845550537,-0.4220587909221649,0.07825975120067596,15.872626304626465,15.878429412841797,-0.0023607516195625067,-0.009097552858293056,-7.965188706293702e-05,0.009399199858307838
lqr,1,2,58,169,1.16,6.926017761230469,4.645134925842285,1.0819878578186035,0.001320329844020307,-0.00023910740856081247,5.70331139897462e-05,0.001343017560429871,6.926267623901367,4.645089626312256,1.0851190090179443,-0.43054938316345215,0.10622218251228333,15.871923446655273,15.878117561340332,-0.0018956746207550168,-0.008606311865150928,-4.057434580317931e-06,0.008812615647912025
lqr,2,2,49,169,0.98,-6.467484474182129,-6.9930548667907715,1.2859528064727783,-0.004051283933222294,-0.00552363833412528,0.000794809078797698,0.006896027829498053,-6.468251705169678,-6.994100570678711,1.2892236709594727,-0.3181465268135071,0.15022435784339905,15.868128776550293,15.872028350830078,-0.003062476636841893,-0.007594940718263388,7.201769767561927e-05,0.008189449086785316
lqr,3,2,56,169,1.12,-5.494380950927734,4.464425086975098,0.9457854628562927,-0.0004716541734524071,-0.0005005450220778584,-5.086369492346421e-05,0.0006896303966641426,-5.494471073150635,4.46433162689209,0.948896050453186,-0.37489888072013855,0.12954774498939514,15.874080657958984,15.879035949707031,-0.003357309615239501,-0.007928308099508286,-6.50470465188846e-05,0.008610100485384464
rl,0,2,54,170,1.08,4.986276149749756,-5.3537397384643555,0.176839217543602,-0.16261200606822968,-0.27624770998954773,-0.9019011855125427,0.9571735262870789,6.635943412780762,-6.10601806640625,1.0217301845550537,-1.8960785865783691,1.317160725593567,15.195077896118164,15.369463920593262,-0.001869662432000041,-0.00997776910662651,-0.0001557138457428664,0.010152623057365417
rl,1,3,0,170,0.0,5.000045299530029,5.000100135803223,0.999993085861206,0.004563735798001289,0.01000539306551218,-0.0006951660034246743,0.011019021272659302,6.56278133392334,5.809702396392822,1.2617014646530151,0.7385803461074829,1.6193010807037354,15.766109466552734,15.86624813079834,-0.00376974418759346,-0.00871988944709301,0.0003286392311565578,0.009505548514425755
rl,2,3,0,170,0.0,-5.000061511993408,-4.999902725219727,1.0000190734863281,-0.006088098976761103,0.009749460965394974,0.0019165781559422612,0.011652905493974686,-5.628745079040527,-6.6162567138671875,0.6556047797203064,-0.9854184985160828,1.5778497457504272,16.188814163208008,16.295347213745117,-0.003024735487997532,-0.010670868679881096,-2.3010928998701274e-05,0.011091302148997784
rl,3,2,57,170,1.1400000000000001,-5.106795310974121,4.755989074707031,0.15519793331623077,-0.07153719663619995,-0.22391057014465332,-0.8878732323646545,0.9184619784355164,-5.494471073150635,4.46433162689209,0.948896050453186,-1.9031089544296265,0.6916757822036743,14.36864185333252,14.5106201171875,-0.0020095284562557936,-0.01000963430851698,-0.0001770222734194249,0.01021089218556881
lqr,0,2,54,170,1.08,6.635549068450928,-6.105749607086182,1.01860511302948,0.002082905964925885,-0.0014258896699175239,2.5330145945190452e-05,0.002524341456592083,6.635943412780762,-6.10601806640625,1.0217301845550537,-0.42734983563423157,0.07840874791145325,15.872451782226562,15.878396987915039,-0.00237024063244462,-0.009062234312295914,-6.886113260407001e-05,0.009367329999804497
lqr,1,3,0,170,0.0,5.036011219024658,5.01865816116333,1.0059562921524048,3.6012022495269775,1.8658331632614136,0.595629096031189,4.099361419677734,6.56278133392334,5.809702396392822,1.2617014646530151,582.7935791015625,301.9548034667969,112.30891418457031,665.9116821289062,-0.0,-0.0,-0.0,0.0
lqr,2,3,0,170,0.0,-5.0144877433776855,-5.037243366241455,0.9919934272766113,-1.44881272315979,-3.7243597507476807,-0.8006598949432373,4.075655937194824,-5.628745079040527,-6.6162567138671875,0.6556047797203064,-234.4720916748047,-602.7356567382812,-113.71713256835938,656.657470703125,-0.0,-0.0,-0.0,0.0
lqr,3,2,57,170,1.1400000000000001,-5.494393825531006,4.464411735534668,0.945783793926239,-0.00040508355596102774,-0.00042881263652816415,-4.297991472412832e-05,0.0005914560169912875,-5.494471073150635,4.46433162689209,0.948896050453186,-0.3827318847179413,0.13204613327980042,15.873884201049805,15.879046440124512,-0.0033721812069416046,-0.007991881109774113,-6.060872328816913e-05,0.008674412965774536
rl,0,2,55,171,1.1,4.9808430671691895,-5.3625335693359375,0.14990690350532532,-0.19039538502693176,-0.3016110360622406,-0.8956643342971802,0.9640716910362244,6.635943412780762,-6.10601806640625,1.0217301845550537,-1.9327683448791504,-1.2718302011489868,16.176971435546875,16.341588973999023,-0.002321610227227211,-0.010770234279334545,-0.00013278299593366683,0.011018414050340652
rl,1,3,1,171,0.02,4.999627113342285,5.000044345855713,0.9996209144592285,-0.023248691111803055,-0.00781513936817646,-0.018262669444084167,0.0305794570595026,6.56278133392334,5.809702396392822,1.2617014646530151,-1.5003540515899658,-0.9613664150238037,14.930421829223633,15.036381721496582,-0.00024502663291059434,-0.0016095427563413978,-1.24305715871742e-05,0.0016281340504065156
rl,2,3,1,171,0.02,-5.000800132751465,-4.999675750732422,0.9996912479400635,-0.03390013054013252,0.0064895786345005035,-0.01735483668744564,0.03863319754600525,-5.628745079040527,-6.6162567138671875,0.6556047797203064,-1.5005152225494385,-0.17577621340751648,14.83847427368164,14.91518497467041,-0.00046930398093536496,-0.0017485016724094748,2.5220291718142107e-05,0.0018105634953826666
rl,3,2,58,171,1.16,-5.108386039733887,4.749691963195801,0.12799842655658722,-0.043713077902793884,-0.20287984609603882,-0.9160388112068176,0.9392540454864502,-5.494471073150635,4.46433162689209,0.948896050453186,1.0892771482467651,1.2237772941589355,14.388833999633789,14.481805801391602,-0.0026065788697451353,-0.009786705486476421,-6.62845850456506e-05,0.010128092020750046
lqr,0,2,55,171,1.1,6.635605812072754,-6.10578727722168,1.0186057090759277,0.0017839744687080383,-0.0012214711168780923,2.158897950721439e-05,0.002162179909646511,6.635943412780762,-6.10601806640625,1.0217301845550537,-0.43278807401657104,0.07870620489120483,15.872363090515137,15.878457069396973,-0.0023757778108119965,-0.009028538130223751,-5.735376907978207e-05,0.00933606456965208
lqr,1,3,1,171,0.02,5.215304374694824,5.111552715301514,1.0356193780899048,6.411155700683594,3.321739435195923,1.060806393623352,7.298094272613525,6.56278133392334,5.809702396392822,1.2617014646530151,42.38746643066406,22.035951614379883,22.282861709594727,52.714385986328125,-0.10392527282238007,0.19725310802459717,0.027037762105464935,0.22458915412425995
lqr,2,3,1,171,0.02,-5.086620807647705,-5.222668647766113,0.952126145362854,-2.5793662071228027,-6.630532741546631,-1.425633192062378,7.2559990882873535,-5.628745079040527,-6.6162567138671875,0.6556047797203064,-17.081811904907227,-43.654109954833984,5.938631057739258,47.25184631347656,0.20521554350852966,-0.07486424595117569,-0.038886021822690964,0.221878781914711
lqr,3,2,58,171,1.16,-5.494405269622803,4.464400291442871,0.9457826614379883,-0.0003473544493317604,-0.00036718841874971986,-3.6204091884428635e-05,0.0005067476304247975,-5.494471073150635,4.46433162689209,0.948896050453186,-0.39059603214263916,0.13470017910003662,15.873536109924316,15.878912925720215,-0.0033835701178759336,-0.008056124672293663,-5.541746941162273e-05,0.008738006465137005
rl,0,2,56,172,1.12,4.974586009979248,-5.371025085449219,0.12294196337461472,-0.21763579547405243,-0.27380913496017456,-0.9004124999046326,0.9659603834152222,6.635943412780762,-6.10601806640625,1.0217301845550537,-1.8962544202804565,1.5944515466690063,15.56695556640625,15.762872695922852,-0.002235632622614503,-0.011323703452944756,-0.00018851803906727582,0.011543822474777699
rl,1,3,2,172,0.04,4.999486446380615,4.999758243560791,0.9983513355255127,0.004560104105621576,-0.01045398972928524,-0.054347846657037735,0.05553169175982475,6.56278133392334,5.809702396392822,1.2617014646530151,1.4965126514434814,-0.14207729697227478,13.932073593139648,14.012937545776367,-0.0005551582435145974,-0.004711643327027559,-9.697028872324154e-05,0.004745227750390768
rl,2,3,2,172,0.04,-5.001575946807861,-5.00003719329834,0.9985600709915161,-0.02179674245417118,-0.021315937861800194,-0.04788525402545929,0.05676675960421562,-5.628745079040527,-6.6162567138671875,0.6556047797203064,0.6488736867904663,-1.4993257522583008,14.231598854064941,14.32506275177002,-0.0006114791030995548,-0.005010915454477072,-7.34900459065102e-05,0.005048621445894241
rl,3,2,59,172,1.18,-5.109862327575684,4.743635654449463,0.100499227643013,-0.05196242406964302,-0.20142780244350433,-0.9169389009475708,0.940239429473877,-5.494471073150635,4.46433162689209,0.948896050453186,-0.9066687822341919,0.18014182150363922,15.8094482421875,15.836450576782227,-0.0029636577237397432,-0.008972219191491604,5.4073985666036606e-05,0.009449174627661705
lqr,0,2,56,172,1.12,6.635654449462891,-6.105820655822754,1.0186063051223755,0.0015277100028470159,-0.0010502038057893515,1.8886263205786236e-05,0.0018539640586823225,6.635943412780762,-6.10601806640625,1.0217301845550537,-0.4385263919830322,0.07925233244895935,15.872175216674805,15.878430366516113,-0.002377236494794488,-0.008996914140880108,-4.5341708755586296e-05,0.009305791929364204
lqr,1,3,2,172,0.04,5.4018988609313965,5.208229064941406,1.066495656967163,6.019408226013184,3.1187782287597656,0.9960811734199524,6.852169513702393,6.56278133392334,5.809702396392822,1.2617014646530151,-35.85649108886719,-18.70467185974121,10.797090530395508,41.85845184326172,-0.06601833552122116,0.11476434767246246,0.021368926391005516,0.13411153852939606
lqr,2,3,2,172,0.04,-5.161692142486572,-5.415645599365234,0.9106323719024658,-2.4217822551727295,-6.225418567657471,-1.3385893106460571,6.812685489654541,-5.628745079040527,-6.6162567138671875,0.6556047797203064,14.496840476989746,36.787532806396484,24.78369903564453,46.66596984863281,0.12873919308185577,-0.04744384065270424,-0.03064623847603798,0.1405840963125229
lqr,3,2,59,172,1.18,-5.494414329528809,4.464391231536865,0.9457817673683167,-0.0002972454240079969,-0.0003185681707691401,-3.150892007397488e-05,0.00043684476986527443,-5.494471073150635,4.46433162689209,0.948896050453186,-0.3983399569988251,0.13691332936286926,15.873249053955078,15.878836631774902,-0.0033914048690348864,-0.00812079943716526,-4.954205360263586e-05,0.00880065094679594
rl,0,2,57,173,1.1400000000000001,4.968047618865967,-5.378683567047119,0.09580697864294052,-0.21809116005897522,-0.2460106462240219,-0.9065433144569397,0.9643162488937378,6.635943412780762,-6.10601806640625,1.0217301845550537,-0.460043340921402,1.5961400270462036,15.53147029876709,15.620046615600586,-0.0033576858695596457,-0.011149629019200802,-1.2678637176577467e-05,0.011644245125353336
rl,1,3,3,173,0.06,4.999067306518555,4.999352931976318,0.9962859749794006,-0.023238342255353928,-0.015005807392299175,-0.07610000669956207,0.08097163587808609,6.56278133392334,5.809702396392822,1.2617014646530151,-1.5080229043960571,-0.24437470734119415,14.703971862792969,14.783120155334473,-0.0010381529573351145,-0.005860355217009783,-8.142457954818383e-05,0.0059521556831896305
rl,2,3,3,173,0.06,-5.002635478973389,-5.001232624053955,0.996683657169342,-0.04210764542222023,-0.04912002012133598,-0.06987540423870087,0.0952281579375267,-5.628745079040527,-6.6162567138671875,0.6556047797203064,-1.1048887968063354,-1.4990737438201904,14.691434860229492,14.808992385864258,-0.00012495518603827804,-0.0063273548148572445,-0.00022043102944735438,0.006332426331937313
rl,3,3,0,173,0.0,-4.999931335449219,4.999912261962891,0.9998383522033691,0.00683895219117403,-0.00873565673828125,-0.01615888439118862,0.019600829109549522,-5.384112358093262,6.631749153137207,1.4316225051879883,1.1066843271255493,-1.4136682748794556,13.263221740722656,13.38417911529541,-0.0023504411801695824,-0.008851747959852219,-6.523151114379289e-06,0.009158496744930744
lqr,0,2,57,173,1.1400000000000001,6.635695934295654,-6.1058478355407715,1.0186070203781128,0.0013049710541963577,-0.0009009569766931236,1.637228524487e-05,0.0015858565457165241,6.635943412780762,-6.10601806640625,1.0217301845550537,-0.44524484872817993,0.08006732910871506,15.872018814086914,15.878463745117188,-0.002375004580244422,-0.008967604488134384,-3.296060094726272e-05,0.009276834316551685
lqr,1,3,3,173,0.06,5.567004203796387,5.2937726974487305,1.0938167572021484,5.241330623626709,2.71563720703125,0.8673155307769775,5.966444969177246,6.56278133392334,5.809702396392822,1.2617014646530151,-42.06342315673828,-21.989286422729492,10.125174522399902,48.532249450683594,-0.028417345136404037,0.03859587013721466,0.013263779692351818,0.04973042011260986
lqr,2,3,3,173,0.06,-5.228117942810059,-5.586402416229248,0.8739162087440491,-2.1087427139282227,-5.420714378356934,-1.1655627489089966,5.932071685791016,-5.628745079040527,-6.6162567138671875,0.6556047797203064,17.0411319732666,43.07396697998047,26.55433464050293,53.39381408691406,0.05313044413924217,-0.021640146151185036,-0.019020890817046165,0.06043951213359833
lqr,3,3,0,173,0.0,-5.008851528167725,5.037600040435791,1.0098735094070435,-0.8851795792579651,3.760061502456665,0.9873619079589844,3.9870400428771973,-5.384112358093262,6.631749153137207,1.4316225051879883,-143.24346923828125,608.5131225585938,175.67599487304688,649.3604125976562,-0.0,-0.0,-0.0,0.0
