controller,env_id,episode_id,episode_step,global_step,t,x,y,z,vx,vy,vz,speed,ref_x,ref_y,ref_z,ref_vx,ref_vy,ref_vz
rl,0,0,0,0,0.0,5.0,-5.0,1.0,0.0,0.0,0.0,0.0,4.915769577026367,-3.6591379642486572,0.8649056553840637,0.0,0.0,0.0
rl,1,0,0,0,0.0,5.0,5.0,1.0,0.0,0.0,0.0,0.0,4.576419353485107,3.5425350666046143,1.1529794931411743,0.0,0.0,0.0
rl,2,0,0,0,0.0,-5.0,-5.0,1.0,0.0,0.0,0.0,0.0,-5.574231147766113,-6.09933614730835,0.9043927192687988,0.0,0.0,0.0
rl,3,0,0,0,0.0,-5.0,5.0,1.0,0.0,0.0,0.0,0.0,-6.736624717712402,3.717988967895508,1.257026195526123,0.0,0.0,0.0
lqr,0,0,0,0,0.0,5.0,-5.0,1.0,0.0,0.0,0.0,0.0,4.915769577026367,-3.6591379642486572,0.8649056553840637,0.0,0.0,0.0
lqr,1,0,0,0,0.0,5.0,5.0,1.0,0.0,0.0,0.0,0.0,4.576419353485107,3.5425350666046143,1.1529794931411743,0.0,0.0,0.0
lqr,2,0,0,0,0.0,-5.0,-5.0,1.0,0.0,0.0,0.0,0.0,-5.574231147766113,-6.09933614730835,0.9043927192687988,0.0,0.0,0.0
lqr,3,0,0,0,0.0,-5.0,5.0,1.0,0.0,0.0,0.0,0.0,-6.736624717712402,3.717988967895508,1.257026195526123,0.0,0.0,0.0
rl,0,0,1,1,0.02,5.000079154968262,-5.001206874847412,0.9965444803237915,0.0022600525990128517,-0.03450707346200943,-0.09873108565807343,0.10461201518774033,4.915769577026367,-3.6591379642486572,0.8649056553840637,0.0,0.0,0.0
rl,1,0,1,1,0.02,4.998834133148193,4.998054504394531,0.9965448379516602,-0.033222515136003494,-0.05560474097728729,-0.09872660785913467,0.11807864159345627,4.576419353485107,3.5425350666046143,1.1529794931411743,0.0,0.0,0.0
rl,2,0,1,1,0.02,-5.001708507537842,-5.001946449279785,0.9996538162231445,-0.048812512308359146,-0.05560581758618355,-0.009884495288133621,0.07464832067489624,-5.574231147766113,-6.09933614730835,0.9043927192687988,0.0,0.0,0.0
rl,3,0,1,1,0.02,-4.998333930969238,4.9992146492004395,0.9971979260444641,0.047582630068063736,-0.0224415585398674,-0.08006385713815689,0.09580162167549133,-6.736624717712402,3.717988967895508,1.257026195526123,0.0,0.0,0.0
lqr,0,0,1,1,0.02,4.981583118438721,-4.706820011138916,0.9697812795639038,-0.3364664912223816,5.356174468994141,-0.5521385073661804,5.395059585571289,4.915769577026367,-3.6591379642486572,0.8649056553840637,0.0,0.0,0.0
lqr,1,0,1,1,0.02,4.907383918762207,4.681324005126953,1.0327659845352173,-1.692003607749939,-5.821950912475586,0.5986406207084656,6.092319965362549,4.576419353485107,3.5425350666046143,1.1529794931411743,0.0,0.0,0.0
lqr,2,0,1,1,0.02,-5.125555038452148,-5.240370273590088,0.9784146547317505,-2.293804407119751,-4.391383171081543,-0.3943939805030823,4.970043182373047,-5.574231147766113,-6.09933614730835,0.9043927192687988,0.0,0.0,0.0
lqr,3,0,1,1,0.02,-5.379714012145996,4.719686508178711,1.0555176734924316,-6.937032699584961,-5.121099472045898,1.0142192840576172,8.681977272033691,-6.736624717712402,3.717988967895508,1.257026195526123,0.0,0.0,0.0
rl,0,0,2,2,0.04,5.00003719329834,-5.004764080047607,0.9883777499198914,-0.0027839832473546267,-0.07697297632694244,-0.1628073751926422,0.18010783195495605,4.915769577026367,-3.6591379642486572,0.8649056553840637,0.0,0.0,0.0
rl,1,0,2,2,0.04,4.994896411895752,4.992773056030273,0.9871656894683838,-0.08874667435884476,-0.11120778322219849,-0.1974503993988037,0.24337173998355865,4.576419353485107,3.5425350666046143,1.1529794931411743,0.0,0.0,0.0
rl,2,0,2,2,0.04,-5.005954265594482,-5.00544548034668,0.9968537092208862,-0.0864059254527092,-0.06024797260761261,-0.07293737679719925,0.12812362611293793,-5.574231147766113,-6.09933614730835,0.9043927192687988,0.0,0.0,0.0
rl,3,0,2,2,0.04,-4.996580123901367,4.996676921844482,0.991326630115509,0.016116252169013023,-0.05648823454976082,-0.11055857688188553,0.12519526481628418,-6.736624717712402,3.717988967895508,1.257026195526123,0.0,0.0,0.0
lqr,0,0,2,2,0.04,4.9641947746276855,-4.430061340332031,0.9412511587142944,-0.25548043847084045,4.067057132720947,-0.4192522466182709,4.096583366394043,4.915769577026367,-3.6591379642486572,0.8649056553840637,0.0,0.0,0.0
lqr,1,0,2,2,0.04,4.8199567794799805,4.380499362945557,1.063698410987854,-1.2847857475280762,-4.420732021331787,0.45455625653266907,4.626031398773193,4.576419353485107,3.5425350666046143,1.1529794931411743,0.0,0.0,0.0
lqr,2,0,2,2,0.04,-5.244078636169434,-5.4672770500183105,0.9580354690551758,-1.7417407035827637,-3.334465265274048,-0.29947298765182495,3.773858070373535,-5.574231147766113,-6.09933614730835,0.9043927192687988,0.0,0.0,0.0
lqr,3,0,2,2,0.04,-5.738158226013184,4.455074787139893,1.1079226732254028,-5.2674641609191895,-3.888547658920288,0.7701222896575928,6.592425346374512,-6.736624717712402,3.717988967895508,1.257026195526123,0.0,0.0,0.0
rl,0,0,3,3,0.06,4.999444484710693,-5.008553504943848,0.9776059985160828,-0.014898557215929031,-0.053318072110414505,-0.19147372245788574,0.19931626319885254,4.915769577026367,-3.6591379642486572,0.8649056553840637,0.0,0.0,0.0
rl,1,0,3,3,0.06,4.988595008850098,4.98491096496582,0.9735742211341858,-0.11664801090955734,-0.14520315825939178,-0.24727816879749298,0.3095758557319641,4.576419353485107,3.5425350666046143,1.1529794931411743,0.0,0.0,0.0
rl,2,0,3,3,0.06,-5.012205600738525,-5.007121562957764,0.9929143190383911,-0.11690680682659149,-0.004865711089223623,-0.060455575585365295,0.13170327246189117,-5.574231147766113,-6.09933614730835,0.9043927192687988,0.0,0.0,0.0
rl,3,0,3,3,0.06,-4.997403144836426,4.991342067718506,0.9837607741355896,-0.03500005602836609,-0.11210304498672485,-0.13719435036182404,0.1805945336818695,-6.736624717712402,3.717988967895508,1.257026195526123,0.0,0.0,0.0
lqr,0,0,3,3,0.06,4.951332092285156,-4.225290298461914,0.9201428890228271,-0.18781723082065582,2.989957332611084,-0.30820560455322266,3.011662483215332,4.915769577026367,-3.6591379642486572,0.8649056553840637,0.0,0.0,0.0
lqr,1,0,3,3,0.06,4.755270481109619,4.157919406890869,1.0865848064422607,-0.9445392489433289,-3.2499616146087646,0.33416807651519775,3.400892972946167,4.576419353485107,3.5425350666046143,1.1529794931411743,0.0,0.0,0.0
lqr,2,0,3,3,0.06,-5.331774711608887,-5.635164260864258,0.9429577589035034,-1.2804654836654663,-2.451376438140869,-0.22015291452407837,2.7744016647338867,-5.574231147766113,-6.09933614730835,0.9043927192687988,0.0,0.0,0.0
lqr,3,0,3,3,0.06,-6.003371238708496,4.259291172027588,1.146697998046875,-3.8724558353424072,-2.8587164878845215,0.5661807060241699,4.846518039703369,-6.736624717712402,3.717988967895508,1.257026195526123,0.0,0.0,0.0
rl,0,0,4,4,0.08,4.997567653656006,-5.012906074523926,0.966343879699707,-0.042954977601766586,-0.08631984889507294,-0.1850024163722992,0.2086195945739746,4.915769577026367,-3.6591379642486572,0.8649056553840637,0.0,0.0,0.0
rl,1,0,4,4,0.08,4.981123447418213,4.977189540863037,0.9591742753982544,-0.1301414668560028,-0.1168951615691185,-0.23480363190174103,0.29280373454093933,4.576419353485107,3.5425350666046143,1.1529794931411743,0.0,0.0,0.0
rl,2,0,4,4,0.08,-5.021162509918213,-5.006777763366699,0.9858312010765076,-0.17240120470523834,0.013303907588124275,-0.15917883813381195,0.23502567410469055,-5.574231147766113,-6.09933614730835,0.9043927192687988,0.0,0.0,0.0
rl,3,0,4,4,0.08,-5.001447677612305,4.985300064086914,0.9744840264320374,-0.0904761552810669,-0.09255421906709671,-0.16704870760440826,0.21132318675518036,-6.736624717712402,3.717988967895508,1.257026195526123,0.0,0.0,0.0
lqr,0,0,4,4,0.08,4.941885948181152,-4.074880123138428,0.9046385288238525,-0.13793103396892548,2.195712089538574,-0.22632820904254913,2.211651086807251,4.915769577026367,-3.6591379642486572,0.8649056553840637,0.0,0.0,0.0
lqr,1,0,4,4,0.08,4.707754135131836,3.99442982673645,1.1033952236175537,-0.6936343312263489,-2.386645793914795,0.2453974485397339,2.497483968734741,4.576419353485107,3.5425350666046143,1.1529794931411743,0.0,0.0,0.0
lqr,2,0,4,4,0.08,-5.396187782287598,-5.758481025695801,0.931882917881012,-0.9403203725814819,-1.8001999855041504,-0.16166825592517853,2.037414789199829,-5.574231147766113,-6.09933614730835,0.9043927192687988,0.0,0.0,0.0
lqr,3,0,4,4,0.08,-6.1981730461120605,4.115483283996582,1.1751805543899536,-2.84378981590271,-2.0993354320526123,0.41578543186187744,3.5591046810150146,-6.736624717712402,3.717988967895508,1.257026195526123,0.0,0.0,0.0
rl,0,0,5,5,0.1,4.995512008666992,-5.019087314605713,0.9535225629806519,-0.028039410710334778,-0.11498279124498367,-0.23417869210243225,0.2623869478702545,4.915769577026367,-3.6591379642486572,0.8649056553840637,0.0,0.0,0.0
rl,1,0,5,5,0.1,4.974369049072266,4.968227386474609,0.945522129535675,-0.0999976173043251,-0.17253020405769348,-0.2223442941904068,0.2986690104007721,4.576419353485107,3.5425350666046143,1.1529794931411743,0.0,0.0,0.0
rl,2,0,5,5,0.1,-5.033449172973633,-5.0049872398376465,0.9754576683044434,-0.22787456214427948,0.04163554683327675,-0.18268592655658722,0.2950160801410675,-5.574231147766113,-6.09933614730835,0.9043927192687988,0.0,0.0,0.0
rl,3,0,5,5,0.1,-5.007331371307373,4.9778008460998535,0.9610051512718201,-0.10341533273458481,-0.14818024635314941,-0.265787273645401,0.3213953673839569,-6.736624717712402,3.717988967895508,1.257026195526123,0.0,0.0,0.0
lqr,0,0,5,5,0.1,4.9349470138549805,-3.964427947998047,0.8932536840438843,-0.10128634423017502,1.61237633228302,-0.16619737446308136,1.6240806579589844,4.915769577026367,-3.6591379642486572,0.8649056553840637,0.0,0.0,0.0
lqr,1,0,5,5,0.1,4.672860622406006,3.8743722438812256,1.1157398223876953,-0.5093578696250916,-1.7525867223739624,0.18020135164260864,1.8339787721633911,4.576419353485107,3.5425350666046143,1.1529794931411743,0.0,0.0,0.0
lqr,2,0,5,5,0.1,-5.443490982055664,-5.849037170410156,0.923750638961792,-0.6905060410499573,-1.3219410181045532,-0.11871681362390518,1.4961351156234741,-5.574231147766113,-6.09933614730835,0.9043927192687988,0.0,0.0,0.0
lqr,3,0,5,5,0.1,-6.3412251472473145,4.009879112243652,1.1960960626602173,-2.088282823562622,-1.5416057109832764,0.30532345175743103,2.6135599613189697,-6.736624717712402,3.717988967895508,1.257026195526123,0.0,0.0,0.0
rl,0,0,6,6,0.12,4.994515419006348,-5.026779651641846,0.9387362003326416,-0.008394114673137665,-0.13764195144176483,-0.25519707798957825,0.2900712192058563,4.915769577026367,-3.6591379642486572,0.8649056553840637,0.0,0.0,0.0
rl,1,0,6,6,0.12,4.970316410064697,4.9598212242126465,0.9310646653175354,-0.04429933801293373,-0.11694835126399994,-0.25425323843955994,0.28334441781044006,4.576419353485107,3.5425350666046143,1.1529794931411743,0.0,0.0,0.0
rl,2,0,6,6,0.12,-5.045171737670898,-5.0044355392456055,0.9610401391983032,-0.17216676473617554,-0.01400130894035101,-0.28144121170043945,0.3302220106124878,-5.574231147766113,-6.09933614730835,0.9043927192687988,0.0,0.0,0.0
rl,3,0,6,6,0.12,-5.012976169586182,4.966983795166016,0.9438564777374268,-0.08739069849252701,-0.20319047570228577,-0.3001164495944977,0.3728181719779968,-6.736624717712402,3.717988967895508,1.257026195526123,0.0,0.0,0.0
lqr,0,0,6,6,0.12,4.92985200881958,-3.883319854736328,0.8848933577537537,-0.07437842339277267,1.1840109825134277,-0.12204283475875854,1.1926058530807495,4.915769577026367,-3.6591379642486572,0.8649056553840637,0.0,0.0,0.0
lqr,1,0,6,6,0.12,4.647237777709961,3.7862114906311035,1.1248046159744263,-0.3740287721157074,-1.2869722843170166,0.13232532143592834,1.3467386960983276,4.576419353485107,3.5425350666046143,1.1529794931411743,0.0,0.0,0.0
lqr,2,0,6,6,0.12,-5.4782257080078125,-5.915534973144531,0.9177787899971008,-0.5070513486862183,-0.9707379341125488,-0.08717736601829529,1.098650574684143,-5.574231147766113,-6.09933614730835,0.9043927192687988,0.0,0.0,0.0
lqr,3,0,6,6,0.12,-6.446272373199463,3.9323315620422363,1.2114548683166504,-1.5334882736206055,-1.1320414543151855,0.2242068350315094,1.919211506843567,-6.736624717712402,3.717988967895508,1.257026195526123,0.0,0.0,0.0
rl,0,0,7,7,0.14,4.992422103881836,-5.034748554229736,0.9230936169624329,-0.053762540221214294,-0.12935666739940643,-0.26464542746543884,0.2994340658187866,4.915769577026367,-3.6591379642486572,0.8649056553840637,0.0,0.0,0.0
rl,1,0,7,7,0.14,4.967838287353516,4.954746723175049,0.9123690128326416,-0.03914869204163551,-0.06138811632990837,-0.3525509834289551,0.3599907159805298,4.576419353485107,3.5425350666046143,1.1529794931411743,0.0,0.0,0.0
rl,2,0,7,7,0.14,-5.053554534912109,-5.003331184387207,0.9429877996444702,-0.11648695170879364,0.04158177599310875,-0.314750999212265,0.3381810784339905,-5.574231147766113,-6.09933614730835,0.9043927192687988,0.0,0.0,0.0
rl,3,0,7,7,0.14,-5.020163059234619,4.954891681671143,0.9250897169113159,-0.14288640022277832,-0.20034916698932648,-0.3218131363391876,0.4051172733306885,-6.736624717712402,3.717988967895508,1.257026195526123,0.0,0.0,0.0
lqr,0,0,7,7,0.14,4.926109790802002,-3.8237597942352295,0.8787544369697571,-0.0546136274933815,0.8694491386413574,-0.08961978554725647,0.8757603764533997,4.915769577026367,-3.6591379642486572,0.8649056553840637,0.0,0.0,0.0
lqr,1,0,7,7,0.14,4.628422737121582,3.721472978591919,1.1314610242843628,-0.27465683221817017,-0.9450576305389404,0.09716953337192535,0.9889450073242188,4.576419353485107,3.5425350666046143,1.1529794931411743,0.0,0.0,0.0
lqr,2,0,7,7,0.14,-5.503732681274414,-5.964365482330322,0.9133936166763306,-0.37233686447143555,-0.7128419876098633,-0.06401631981134415,0.8067692518234253,-5.574231147766113,-6.09933614730835,0.9043927192687988,0.0,0.0,0.0
lqr,3,0,7,7,0.14,-6.523411273956299,3.8753857612609863,1.2227331399917603,-1.1260831356048584,-0.8312821388244629,0.16464047133922577,1.4093259572982788,-6.736624717712402,3.717988967895508,1.257026195526123,0.0,0.0,0.0
rl,0,0,8,8,0.16,4.9892120361328125,-5.04384708404541,0.9037590622901917,-0.0533188134431839,-0.16756027936935425,-0.363386332988739,0.40369415283203125,4.915769577026367,-3.6591379642486572,0.8649056553840637,0.0,0.0,0.0
rl,1,0,8,8,0.16,4.963545322418213,4.949116230010986,0.8896264433860779,-0.09465835243463516,-0.11703578382730484,-0.39796072244644165,0.4254765510559082,4.576419353485107,3.5425350666046143,1.1529794931411743,0.0,0.0,0.0
rl,2,0,8,8,0.16,-5.058596134185791,-4.999185562133789,0.9236429929733276,-0.06080475077033043,0.08873359113931656,-0.32788604497909546,0.34507986903190613,-5.574231147766113,-6.09933614730835,0.9043927192687988,0.0,0.0,0.0
rl,3,0,8,8,0.16,-5.028884410858154,4.942303657531738,0.9044209122657776,-0.1470824033021927,-0.2165507823228836,-0.3606717884540558,0.4456586241722107,-6.736624717712402,3.717988967895508,1.257026195526123,0.0,0.0,0.0
lqr,0,0,8,8,0.16,4.923361778259277,-3.7800235748291016,0.8742462396621704,-0.04009976610541344,0.6384578347206116,-0.06581093370914459,0.643092155456543,4.915769577026367,-3.6591379642486572,0.8649056553840637,0.0,0.0,0.0
lqr,1,0,8,8,0.16,4.614607810974121,3.673933267593384,1.1363489627838135,-0.20168839395046234,-0.6939777135848999,0.07135383784770966,0.7262056469917297,4.576419353485107,3.5425350666046143,1.1529794931411743,0.0,0.0,0.0
lqr,2,0,8,8,0.16,-5.522462368011475,-6.000224590301514,0.9101737141609192,-0.2734183967113495,-0.523455023765564,-0.047010280191898346,0.5924295783042908,-5.574231147766113,-6.09933614730835,0.9043927192687988,0.0,0.0,0.0
lqr,3,0,8,8,0.16,-6.580056667327881,3.833569049835205,1.2310148477554321,-0.8269092440605164,-0.6104303598403931,0.12090004235506058,1.0349013805389404,-6.736624717712402,3.717988967895508,1.257026195526123,0.0,0.0,0.0
rl,0,0,9,9,0.18,4.986275672912598,-5.052297592163086,0.879709005355835,-0.0457899309694767,-0.12182585895061493,-0.4275799095630646,0.4469483494758606,4.915769577026367,-3.6591379642486572,0.8649056553840637,0.0,0.0,0.0
rl,1,0,9,9,0.18,4.958261013031006,4.94014835357666,0.8649930953979492,-0.08333217352628708,-0.1726532280445099,-0.4195539951324463,0.4612796902656555,4.576419353485107,3.5425350666046143,1.1529794931411743,0.0,0.0,0.0
rl,2,0,9,9,0.18,-5.061576843261719,-4.9950737953186035,0.9026097059249878,-0.04171805456280708,0.05407987907528877,-0.3667466342449188,0.3730524480342865,-5.574231147766113,-6.09933614730835,0.9043927192687988,0.0,0.0,0.0
rl,3,0,9,9,0.18,-5.037759304046631,4.931256294250488,0.8793249726295471,-0.1484677493572235,-0.16097146272659302,-0.45940497517585754,0.5089277029037476,-6.736624717712402,3.717988967895508,1.257026195526123,0.0,0.0,0.0
lqr,0,0,9,9,0.18,4.92134428024292,-3.7479076385498047,0.8709357380867004,-0.029443448409438133,0.4688345491886139,-0.04832671582698822,0.4722374677658081,4.915769577026367,-3.6591379642486572,0.8649056553840637,0.0,0.0,0.0
lqr,1,0,9,9,0.18,4.604461669921875,3.6390233039855957,1.139938473701477,-0.14810754358768463,-0.5096032619476318,0.0523967482149601,0.5332698822021484,4.576419353485107,3.5425350666046143,1.1529794931411743,0.0,0.0,0.0
lqr,2,0,9,9,0.18,-5.536215305328369,-6.02655553817749,0.9078088402748108,-0.2007780820131302,-0.38438862562179565,-0.034521084278821945,0.43503811955451965,-5.574231147766113,-6.09933614730835,0.9043927192687988,0.0,0.0,0.0
lqr,3,0,9,9,0.18,-6.621653079986572,3.802863836288452,1.2370965480804443,-0.6072207689285278,-0.44825419783592224,0.08878039568662643,0.7599545121192932,-6.736624717712402,3.717988967895508,1.257026195526123,0.0,0.0,0.0
rl,0,0,10,10,0.2,4.9815850257873535,-5.057660102844238,0.8540732264518738,-0.10127956420183182,-0.06627199798822403,-0.42702677845954895,0.4438484013080597,4.915769577026367,-3.6591379642486572,0.8649056553840637,0.0,0.0,0.0
rl,1,0,10,10,0.2,4.953047752380371,4.928401470184326,0.8383101224899292,-0.08935558795928955,-0.21229159832000732,-0.4626806974411011,0.5168419480323792,4.576419353485107,3.5425350666046143,1.1529794931411743,0.0,0.0,0.0
rl,2,0,10,10,0.2,-5.062131881713867,-4.991288185119629,0.8780986070632935,0.013961848802864552,0.0695435032248497,-0.4383573532104492,0.44405898451805115,-5.574231147766113,-6.09933614730835,0.9043927192687988,0.0,0.0,0.0
rl,3,0,10,10,0.2,-5.048609733581543,4.919649600982666,0.8493369817733765,-0.20397396385669708,-0.21661202609539032,-0.5286496877670288,0.6066272854804993,-6.736624717712402,3.717988967895508,1.257026195526123,0.0,0.0,0.0
lqr,0,0,10,10,0.2,4.919862747192383,-3.7243239879608154,0.8685048222541809,-0.021620703861117363,0.3442794680595398,-0.03548833727836609,0.34677836298942566,4.915769577026367,-3.6591379642486572,0.8649056553840637,0.0,0.0,0.0
lqr,1,0,10,10,0.2,4.597011089324951,3.6133882999420166,1.1425740718841553,-0.10875417292118073,-0.37421151995658875,0.03847590088844299,0.3915892243385315,4.576419353485107,3.5425350666046143,1.1529794931411743,0.0,0.0,0.0
lqr,2,0,10,10,0.2,-5.5463151931762695,-6.045891761779785,0.9060723185539246,-0.14743681252002716,-0.2822705805301666,-0.025350119918584824,0.31946349143981934,-5.574231147766113,-6.09933614730835,0.9043927192687988,0.0,0.0,0.0
lqr,3,0,10,10,0.2,-6.65219783782959,3.7803142070770264,1.2415626049041748,-0.4458967447280884,-0.3291638195514679,0.06519247591495514,0.558052659034729,-6.736624717712402,3.717988967895508,1.257026195526123,0.0,0.0,0.0
rl,0,0,11,11,0.22,4.976997375488281,-5.0610761642456055,0.8250829577445984,-0.058694735169410706,-0.05028877407312393,-0.523280680179596,0.5289581418037415,4.915769577026367,-3.6591379642486572,0.8649056553840637,0.0,0.0,0.0
rl,1,0,11,11,0.22,4.948696136474609,4.917292594909668,0.8087218403816223,-0.060477182269096375,-0.16579782962799072,-0.514896035194397,0.5443016886711121,4.576419353485107,3.5425350666046143,1.1529794931411743,0.0,0.0,0.0
rl,2,0,11,11,0.22,-5.063239097595215,-4.985757350921631,0.8500589728355408,-0.04155651107430458,0.10837285220623016,-0.4880123436450958,0.5016250610351562,-5.574231147766113,-6.09933614730835,0.9043927192687988,0.0,0.0,0.0
rl,3,0,11,11,0.22,-5.062320709228516,4.908224582672119,0.8155181407928467,-0.24598318338394165,-0.17172512412071228,-0.5886401534080505,0.6606772541999817,-6.736624717712402,3.717988967895508,1.257026195526123,0.0,0.0,0.0
lqr,0,0,11,11,0.22,4.9187750816345215,-3.7070059776306152,0.8667197227478027,-0.015874391421675682,0.25281253457069397,-0.026059655472636223,0.2546473741531372,4.915769577026367,-3.6591379642486572,0.8649056553840637,0.0,0.0,0.0
lqr,1,0,11,11,0.22,4.591540813446045,3.5945632457733154,1.1445093154907227,-0.07986250519752502,-0.2747891843318939,0.028254888951778412,0.28755077719688416,4.576419353485107,3.5425350666046143,1.1529794931411743,0.0,0.0,0.0
lqr,2,0,11,11,0.22,-5.553733825683594,-6.060092449188232,0.9047971367835999,-0.10826078802347183,-0.20726872980594635,-0.018615569919347763,0.2345789074897766,-5.574231147766113,-6.09933614730835,0.9043927192687988,0.0,0.0,0.0
lqr,3,0,11,11,0.22,-6.674628257751465,3.7637555599212646,1.2448416948318481,-0.3274313807487488,-0.24170801043510437,0.047873109579086304,0.4097876250743866,-6.736624717712402,3.717988967895508,1.257026195526123,0.0,0.0,0.0
rl,0,0,12,12,0.24,4.975423336029053,-5.063760757446289,0.7915477156639099,-0.003014499321579933,-0.04074656963348389,-0.5843769311904907,0.5858035087585449,4.915769577026367,-3.6591379642486572,0.8649056553840637,0.0,0.0,0.0
rl,1,0,12,12,0.24,4.943123817443848,4.909289836883545,0.7757958173751831,-0.11598528176546097,-0.1102367714047432,-0.5729467272758484,0.594871997833252,4.576419353485107,3.5425350666046143,1.1529794931411743,0.0,0.0,0.0
rl,2,0,12,12,0.24,-5.067349910736084,-4.977309226989746,0.8173935413360596,-0.08773493766784668,0.16393256187438965,-0.5847137570381165,0.6135646104812622,-5.574231147766113,-6.09933614730835,0.9043927192687988,0.0,0.0,0.0
rl,3,0,12,12,0.24,-5.076145172119141,4.897646427154541,0.7771747708320618,-0.21924206614494324,-0.17958876490592957,-0.675075113773346,0.7321513295173645,-6.736624717712402,3.717988967895508,1.257026195526123,0.0,0.0,0.0
lqr,0,0,12,12,0.24,4.917975902557373,-3.694288969039917,0.8654085993766785,-0.011656778864562511,0.1856488585472107,-0.019136149436235428,0.18699617683887482,4.915769577026367,-3.6591379642486572,0.8649056553840637,0.0,0.0,0.0
lqr,1,0,12,12,0.24,4.587523460388184,3.580740451812744,1.1459307670593262,-0.05864671245217323,-0.20178137719631195,0.020748304203152657,0.21115314960479736,4.576419353485107,3.5425350666046143,1.1529794931411743,0.0,0.0,0.0
lqr,2,0,12,12,0.24,-5.559179782867432,-6.070518970489502,0.9038609862327576,-0.07948888093233109,-0.1521977186203003,-0.013670453801751137,0.17224839329719543,-5.574231147766113,-6.09933614730835,0.9043927192687988,0.0,0.0,0.0
lqr,3,0,12,12,0.24,-6.691099166870117,3.751596450805664,1.2472498416900635,-0.24044567346572876,-0.17749059200286865,0.03515448793768883,0.3009200394153595,-6.736624717712402,3.717988967895508,1.257026195526123,0.0,0.0,0.0
rl,0,0,13,13,0.26,4.974706172943115,-5.068153381347656,0.7553158402442932,-0.018356427550315857,-0.09638097137212753,-0.6177783012390137,0.6255208253860474,4.915769577026367,-3.6591379642486572,0.8649056553840637,0.0,0.0,0.0
rl,1,0,13,13,0.26,4.934221267700195,4.902799129486084,0.7395372986793518,-0.17146924138069153,-0.10671218484640121,-0.6267036199569702,0.6584425568580627,4.576419353485107,3.5425350666046143,1.1529794931411743,0.0,0.0,0.0
rl,2,0,13,13,0.26,-5.071950435638428,-4.968037128448486,0.780147910118103,-0.06875327229499817,0.14784860610961914,-0.6465101838111877,0.6667545437812805,-5.574231147766113,-6.09933614730835,0.9043927192687988,0.0,0.0,0.0
rl,3,0,13,13,0.26,-5.090771675109863,4.885932445526123,0.7335471510887146,-0.261258602142334,-0.2064308524131775,-0.7643083333969116,0.8336887955665588,-6.736624717712402,3.717988967895508,1.257026195526123,0.0,0.0,0.0
lqr,0,0,13,13,0.26,4.917387962341309,-3.6849493980407715,0.8644458651542664,-0.008552182465791702,0.1363227516412735,-0.014051197096705437,0.13731157779693604,4.915769577026367,-3.6591379642486572,0.8649056553840637,0.0,0.0,0.0
lqr,1,0,13,13,0.26,4.584574222564697,3.570589303970337,1.1469742059707642,-0.04306887462735176,-0.14817054569721222,0.015236401930451393,0.1550534963607788,4.576419353485107,3.5425350666046143,1.1529794931411743,0.0,0.0,0.0
lqr,2,0,13,13,0.26,-5.563178062438965,-6.0781755447387695,0.90317302942276,-0.0583745576441288,-0.11176185309886932,-0.010038363747298717,0.12648743391036987,-5.574231147766113,-6.09933614730835,0.9043927192687988,0.0,0.0,0.0
lqr,3,0,13,13,0.26,-6.703193187713623,3.7426676750183105,1.2490183115005493,-0.17657102644443512,-0.13033312559127808,0.025814097374677658,0.2209760546684265,-6.736624717712402,3.717988967895508,1.257026195526123,0.0,0.0,0.0
rl,0,0,14,14,0.28,4.9733195304870605,-5.0758819580078125,0.717491865158081,-0.026495805010199547,-0.15199512243270874,-0.6394249796867371,0.6577757000923157,4.915769577026367,-3.6591379642486572,0.8649056553840637,0.0,0.0,0.0
rl,1,0,14,14,0.28,4.924431324005127,4.895383358001709,0.7023715376853943,-0.15717308223247528,-0.13567917048931122,-0.6142406463623047,0.6483855247497559,4.576419353485107,3.5425350666046143,1.1529794931411743,0.0,0.0,0.0
rl,2,0,14,14,0.28,-5.077724933624268,-4.9572224617004395,0.741794228553772,-0.11581113934516907,0.20340938866138458,-0.6340224146842957,0.6758491396903992,-5.574231147766113,-6.09933614730835,0.9043927192687988,0.0,0.0,0.0
rl,3,0,14,14,0.28,-5.1079277992248535,4.875492572784424,0.6881253123283386,-0.30349454283714294,-0.15085779130458832,-0.7518227696418762,0.8246845006942749,-6.736624717712402,3.717988967895508,1.257026195526123,0.0,0.0,0.0
lqr,0,0,14,14,0.28,4.916956901550293,-3.6780922412872314,0.8637388348579407,-0.006273952312767506,0.1001078188419342,-0.010317817330360413,0.10083350539207458,4.915769577026367,-3.6591379642486572,0.8649056553840637,0.0,0.0,0.0
lqr,1,0,14,14,0.28,4.582407474517822,3.563135862350464,1.1477406024932861,-0.031626541167497635,-0.10880285501480103,0.011189350858330727,0.11385736614465714,4.576419353485107,3.5425350666046143,1.1529794931411743,0.0,0.0,0.0
lqr,2,0,14,14,0.28,-5.566114902496338,-6.08379602432251,0.9026681780815125,-0.042867355048656464,-0.08207141607999802,-0.00737066799774766,0.09288516640663147,-5.574231147766113,-6.09933614730835,0.9043927192687988,0.0,0.0,0.0
lqr,3,0,14,14,0.28,-6.712074279785156,3.7361114025115967,1.250317096710205,-0.12966324388980865,-0.09570696949958801,0.018955616280436516,0.1622704416513443,-6.736624717712402,3.717988967895508,1.257026195526123,0.0,0.0,0.0
rl,0,0,15,15,0.3,4.970006465911865,-5.086948394775391,0.6783501505851746,-0.07565999031066895,-0.20760411024093628,-0.6615972518920898,0.6975204944610596,4.915769577026367,-3.6591379642486572,0.8649056553840637,0.0,0.0,0.0
rl,1,0,15,15,0.3,4.914687156677246,4.8871307373046875,0.6620611548423767,-0.1660996377468109,-0.13891378045082092,-0.7129766941070557,0.7451321482658386,4.576419353485107,3.5425350666046143,1.1529794931411743,0.0,0.0,0.0
rl,2,0,15,15,0.3,-5.086247444152832,-4.944082736968994,0.7025516033172607,-0.16074684262275696,0.23009924590587616,-0.6683396697044373,0.7248883247375488,-5.574231147766113,-6.09933614730835,0.9043927192687988,0.0,0.0,0.0
rl,3,0,15,15,0.3,-5.124191761016846,4.865334987640381,0.6414446234703064,-0.2477724552154541,-0.18250355124473572,-0.796718180179596,0.8540834784507751,-6.736624717712402,3.717988967895508,1.257026195526123,0.0,0.0,0.0
lqr,0,0,15,15,0.3,4.916641712188721,-3.6730568408966064,0.8632199168205261,-0.00460681039839983,0.07351082563400269,-0.0075765131041407585,0.07404368370771408,4.915769577026367,-3.6591379642486572,0.8649056553840637,0.0,0.0,0.0
lqr,1,0,15,15,0.3,4.580817222595215,3.5576629638671875,1.1483036279678345,-0.02322535589337349,-0.07989539951086044,0.008216246031224728,0.08360741287469864,4.576419353485107,3.5425350666046143,1.1529794931411743,0.0,0.0,0.0
lqr,2,0,15,15,0.3,-5.568270206451416,-6.087926387786865,0.9022974967956543,-0.03147958964109421,-0.060264840722084045,-0.005413505248725414,0.06820645928382874,-5.574231147766113,-6.09933614730835,0.9043927192687988,0.0,0.0,0.0
lqr,3,0,15,15,0.3,-6.718596935272217,3.731297016143799,1.2512702941894531,-0.09522055834531784,-0.07027806341648102,0.013919329270720482,0.11916252970695496,-6.736624717712402,3.717988967895508,1.257026195526123,0.0,0.0,0.0
rl,0,0,16,16,0.32,4.964476585388184,-5.1009979248046875,0.639090895652771,-0.10391390323638916,-0.25311511754989624,-0.6491211652755737,0.704431414604187,4.915769577026367,-3.6591379642486572,0.8649056553840637,0.0,0.0,0.0
rl,1,0,16,16,0.32,4.905028820037842,4.879169940948486,0.6197189092636108,-0.1572604477405548,-0.12824171781539917,-0.7005074620246887,0.729306161403656,4.576419353485107,3.5425350666046143,1.1529794931411743,0.0,0.0,0.0
rl,2,0,16,16,0.32,-5.094764232635498,-4.92833137512207,0.6614552140235901,-0.12844955921173096,0.2856501042842865,-0.6967955231666565,0.7639497518539429,-5.574231147766113,-6.09933614730835,0.9043927192687988,0.0,0.0,0.0
rl,3,0,16,16,0.32,-5.1381025314331055,4.8533549308776855,0.5901856422424316,-0.2203790545463562,-0.21194280683994293,-0.8954609036445618,0.9462224245071411,-6.736624717712402,3.717988967895508,1.257026195526123,0.0,0.0,0.0
lqr,0,0,16,16,0.32,4.916409969329834,-3.669358730316162,0.862838864326477,-0.003382768016308546,0.053980469703674316,-0.005563454236835241,0.05437174066901207,4.915769577026367,-3.6591379642486572,0.8649056553840637,0.0,0.0,0.0
lqr,1,0,16,16,0.32,4.579649925231934,3.5536437034606934,1.1487164497375488,-0.017060978338122368,-0.058669235557317734,0.006034157704561949,0.061396799981594086,4.576419353485107,3.5425350666046143,1.1529794931411743,0.0,0.0,0.0
lqr,2,0,16,16,0.32,-5.569850444793701,-6.090957164764404,0.9020251631736755,-0.0231303870677948,-0.04425276070833206,-0.003975033760070801,0.05009113997220993,-5.574231147766113,-6.09933614730835,0.9043927192687988,0.0,0.0,0.0
lqr,3,0,16,16,0.32,-6.723387241363525,3.7277615070343018,1.2519702911376953,-0.06992214173078537,-0.05161038786172867,0.010222495533525944,0.08750564604997635,-6.736624717712402,3.717988967895508,1.257026195526123,0.0,0.0,0.0
rl,0,0,17,17,0.34,4.959652900695801,-5.118130207061768,0.6005798578262329,-0.06355179101228714,-0.3087248206138611,-0.6366631388664246,0.710415244102478,4.915769577026367,-3.6591379642486572,0.8649056553840637,0.0,0.0,0.0
rl,1,0,17,17,0.34,4.895164966583252,4.871409893035889,0.5742326974868774,-0.16947925090789795,-0.13011778891086578,-0.7992424368858337,0.82731032371521,4.576419353485107,3.5425350666046143,1.1529794931411743,0.0,0.0,0.0
rl,2,0,17,17,0.34,-5.104416847229004,-4.909572601318359,0.6166686415672302,-0.18395638465881348,0.3319474458694458,-0.7819012999534607,0.8691368103027344,-5.574231147766113,-6.09933614730835,0.9043927192687988,0.0,0.0,0.0
rl,3,0,17,17,0.34,-5.153268814086914,4.8386921882629395,0.5337650179862976,-0.27589845657348633,-0.267558753490448,-0.972402811050415,1.045597791671753,-6.736624717712402,3.717988967895508,1.257026195526123,0.0,0.0,0.0
lqr,0,0,17,17,0.34,4.9162397384643555,-3.6666433811187744,0.8625587821006775,-0.0024820612743496895,0.03963946923613548,-0.004085003398358822,0.03992662578821182,4.915769577026367,-3.6591379642486572,0.8649056553840637,0.0,0.0,0.0
lqr,1,0,17,17,0.34,4.578793525695801,3.550692558288574,1.149019718170166,-0.012537209317088127,-0.043082740157842636,0.0044331783428788185,0.04508832469582558,4.576419353485107,3.5425350666046143,1.1529794931411743,0.0,0.0,0.0
lqr,2,0,17,17,0.34,-5.571013450622559,-6.09318208694458,0.9018252491950989,-0.016987431794404984,-0.03249906376004219,-0.0029197027906775475,0.03678704425692558,-5.574231147766113,-6.09933614730835,0.9043927192687988,0.0,0.0,0.0
lqr,3,0,17,17,0.34,-6.726903438568115,3.725165367126465,1.2524844408035278,-0.0513455793261528,-0.03789876773953438,0.0075068604201078415,0.06425759196281433,-6.736624717712402,3.717988967895508,1.257026195526123,0.0,0.0,0.0
rl,0,0,18,18,0.36,4.954568386077881,-5.135448932647705,0.5628166794776917,-0.09978365898132324,-0.2743508517742157,-0.62418133020401,0.6890772581100464,4.915769577026367,-3.6591379642486572,0.8649056553840637,0.0,0.0,0.0
rl,1,0,18,18,0.36,4.883148670196533,4.865211009979248,0.5228275060653687,-0.22219884395599365,-0.08416464924812317,-0.8978250026702881,0.9287334084510803,4.576419353485107,3.5425350666046143,1.1529794931411743,0.0,0.0,0.0
rl,2,0,18,18,0.36,-5.114844799041748,-4.887709617614746,0.5701910853385925,-0.16650334000587463,0.38748621940612793,-0.7694299817085266,0.8774345517158508,-5.574231147766113,-6.09933614730835,0.9043927192687988,0.0,0.0,0.0
rl,3,0,18,18,0.36,-5.169660568237305,4.823202133178711,0.4758572280406952,-0.27122995257377625,-0.2514859139919281,-0.9599332809448242,1.028728723526001,-6.736624717712402,3.717988967895508,1.257026195526123,0.0,0.0,0.0
lqr,0,0,18,18,0.36,4.91611385345459,-3.6646504402160645,0.8623533248901367,-0.0018190707778558135,0.029111241921782494,-0.0029993290081620216,0.02932182513177395,4.915769577026367,-3.6591379642486572,0.8649056553840637,0.0,0.0,0.0
lqr,1,0,18,18,0.36,4.578163146972656,3.5485243797302246,1.149242639541626,-0.009208956733345985,-0.031633686274290085,0.0032556878868490458,0.033107317984104156,4.576419353485107,3.5425350666046143,1.1529794931411743,0.0,0.0,0.0
lqr,2,0,18,18,0.36,-5.571868896484375,-6.094818592071533,0.9016785621643066,-0.012476599775254726,-0.02386253885924816,-0.0021446000318974257,0.027012694627046585,-5.574231147766113,-6.09933614730835,0.9043927192687988,0.0,0.0,0.0
lqr,3,0,18,18,0.36,-6.72948694229126,3.7232584953308105,1.2528619766235352,-0.037706609815359116,-0.027831746265292168,0.005513500422239304,0.04718891158699989,-6.736624717712402,3.717988967895508,1.257026195526123,0.0,0.0,0.0
rl,0,0,19,19,0.38,4.950178146362305,-5.151010513305664,0.5243673324584961,-0.05412621423602104,-0.24868963658809662,-0.6527077555656433,0.700573742389679,4.915769577026367,-3.6591379642486572,0.8649056553840637,0.0,0.0,0.0
rl,1,0,19,19,0.38,4.87176513671875,4.861687183380127,0.4656662344932556,-0.16649825870990753,-0.04054723680019379,-0.9918757677078247,1.0065699815750122,4.576419353485107,3.5425350666046143,1.1529794931411743,0.0,0.0,0.0
rl,2,0,19,19,0.38,-5.124810218811035,-4.862514972686768,0.5224406123161316,-0.16575181484222412,0.44302839040756226,-0.8147029280662537,0.9420661926269531,-5.574231147766113,-6.09933614730835,0.9043927192687988,0.0,0.0,0.0
rl,3,0,19,19,0.38,-5.183985233306885,4.810057640075684,0.4150906503200531,-0.2155323177576065,-0.19591312110424042,-1.0505203008651733,1.0901509523391724,-6.736624717712402,3.717988967895508,1.257026195526123,0.0,0.0,0.0
lqr,0,0,19,19,0.38,4.916022777557373,-3.6631860733032227,0.8622025847434998,-0.0013343089958652854,0.021380335092544556,-0.002202987903729081,0.021534908562898636,4.915769577026367,-3.6591379642486572,0.8649056553840637,0.0,0.0,0.0
lqr,1,0,19,19,0.38,4.577700138092041,3.546933174133301,1.1494063138961792,-0.0067654624581336975,-0.02322779782116413,0.0023918324150145054,0.024310963228344917,4.576419353485107,3.5425350666046143,1.1529794931411743,0.0,0.0,0.0
lqr,2,0,19,19,0.38,-5.572494983673096,-6.096019268035889,0.9015709161758423,-0.009164874441921711,-0.017521202564239502,-0.0015755919739603996,0.019836077466607094,-5.574231147766113,-6.09933614730835,0.9043927192687988,0.0,0.0,0.0
lqr,3,0,19,19,0.38,-6.731383800506592,3.721858024597168,1.2531392574310303,-0.027685290202498436,-0.020435158163309097,0.004048680420964956,0.03464769572019577,-6.736624717712402,3.717988967895508,1.257026195526123,0.0,0.0,0.0
rl,0,0,20,20,0.4,4.948877811431885,-5.167881488800049,0.4837844669818878,0.0015641615027561784,-0.30432745814323425,-0.6932967901229858,0.7571513056755066,4.915769577026367,-3.6591379642486572,0.8649056553840637,0.0,0.0,0.0
rl,1,0,20,20,0.4,4.863588809967041,4.860372066497803,0.40657860040664673,-0.11461398750543594,-0.008615238592028618,-0.9797391891479492,0.9864580631256104,4.576419353485107,3.5425350666046143,1.1529794931411743,0.0,0.0,0.0
rl,2,0,20,20,0.4,-5.135448932647705,-4.833988189697266,0.470746248960495,-0.18550188839435577,0.4985749125480652,-0.8950439095497131,1.0411970615386963,-5.574231147766113,-6.09933614730835,0.9043927192687988,0.0,0.0,0.0
rl,3,0,20,20,0.4,-5.196846008300781,4.797573566436768,0.3524959683418274,-0.2134857177734375,-0.21678368747234344,-1.0380501747131348,1.0817205905914307,-6.736624717712402,3.717988967895508,1.257026195526123,0.0,0.0,0.0
lqr,0,0,20,20,0.4,4.915956974029541,-3.6621110439300537,0.862091600894928,-0.0009893259266391397,0.01570049859583378,-0.0016173890326172113,0.015814561396837234,4.915769577026367,-3.6591379642486572,0.8649056553840637,0.0,0.0,0.0
lqr,1,0,20,20,0.4,4.577359676361084,3.5457658767700195,1.1495264768600464,-0.004968373570591211,-0.017057916149497032,0.0017572413198649883,0.01785343512892723,4.576419353485107,3.5425350666046143,1.1529794931411743,0.0,0.0,0.0
lqr,2,0,20,20,0.4,-5.572956085205078,-6.09689998626709,0.9014912843704224,-0.006734104361385107,-0.01286828238517046,-0.0011568506015464664,0.014569802209734917,-5.574231147766113,-6.09933614730835,0.9043927192687988,0.0,0.0,0.0
lqr,3,0,20,20,0.4,-6.7327775955200195,3.720829486846924,1.253342628479004,-0.020330067723989487,-0.015004741959273815,0.002975048962980509,0.02544218674302101,-6.736624717712402,3.717988967895508,1.257026195526123,0.0,0.0,0.0
rl,0,0,21,21,0.42,4.950089931488037,-5.1841959953308105,0.4426230788230896,0.03353547677397728,-0.24874989688396454,-0.6808266639709473,0.7256211638450623,4.915769577026367,-3.6591379642486572,0.8649056553840637,0.0,0.0,0.0
rl,1,0,21,21,0.42,4.856842041015625,4.861800193786621,0.3465961217880249,-0.11084365844726562,0.04693496972322464,-1.0139683485031128,1.0210881233215332,4.576419353485107,3.5425350666046143,1.1529794931411743,0.0,0.0,0.0
rl,2,0,21,21,0.42,-5.148523330688477,-4.804166793823242,0.41455578804016113,-0.24099847674369812,0.4959253668785095,-0.9661188721656799,1.1123883724212646,-5.574231147766113,-6.09933614730835,0.9043927192687988,0.0,0.0,0.0
rl,3,0,21,21,0.42,-5.20897102355957,4.784415245056152,0.2874767780303955,-0.1938948929309845,-0.2210945039987564,-1.1162275075912476,1.154314398765564,-6.736624717712402,3.717988967895508,1.257026195526123,0.0,0.0,0.0
lqr,0,0,21,21,0.42,4.915907382965088,-3.6613211631774902,0.8620103597640991,-0.0007272465736605227,0.011529614217579365,-0.001187623362056911,0.011613411828875542,4.915769577026367,-3.6591379642486572,0.8649056553840637,0.0,0.0,0.0
lqr,1,0,21,21,0.42,4.577109336853027,3.5449063777923584,1.1496148109436035,-0.0036428889725357294,-0.012525458820164204,0.0012911419617012143,0.013108196668326855,4.576419353485107,3.5425350666046143,1.1529794931411743,0.0,0.0,0.0
lqr,2,0,21,21,0.42,-5.573293685913086,-6.09754753112793,0.9014331698417664,-0.004949081223458052,-0.009445774368941784,-0.0008491518092341721,0.010697528719902039,-5.574231147766113,-6.09933614730835,0.9043927192687988,0.0,0.0,0.0
lqr,3,0,21,21,0.42,-6.733799457550049,3.7200746536254883,1.2534922361373901,-0.014926502481102943,-0.011018781922757626,0.0021850664634257555,0.01868123561143875,-6.736624717712402,3.717988967895508,1.257026195526123,0.0,0.0,0.0
rl,0,0,22,22,0.44,4.953484058380127,-5.199848651885986,0.3983173668384552,0.07303480058908463,-0.2696104943752289,-0.7795728445053101,0.8281049132347107,4.915769577026367,-3.6591379642486572,0.8649056553840637,0.0,0.0,0.0
rl,1,0,22,22,0.44,4.852138996124268,4.865997791290283,0.28619420528411865,-0.055135440081357956,0.0863894373178482,-1.0015052556991577,1.0067352056503296,4.576419353485107,3.5425350666046143,1.1529794931411743,0.0,0.0,0.0
rl,2,0,22,22,0.44,-5.16103458404541,-4.772465705871582,0.35512617230415344,-0.18528006970882416,0.5514843463897705,-1.0079030990600586,1.1637578010559082,-5.574231147766113,-6.09933614730835,0.9043927192687988,0.0,0.0,0.0
rl,3,0,22,22,0.44,-5.21865701675415,4.772335052490234,0.21704711019992828,-0.13821497559547424,-0.18726973235607147,-1.214971661567688,1.2370648384094238,-6.736624717712402,3.717988967895508,1.257026195526123,0.0,0.0,0.0
lqr,0,0,22,22,0.44,4.915870666503906,-3.660741090774536,0.8619503378868103,-0.0005316926399245858,0.00846827868372202,-0.0008718821918591857,0.008529632352292538,4.915769577026367,-3.6591379642486572,0.8649056553840637,0.0,0.0,0.0
lqr,1,0,22,22,0.44,4.576926231384277,3.544276475906372,1.1496797800064087,-0.0026760732289403677,-0.009196451865136623,0.0009478049469180405,0.009624677710235119,4.576419353485107,3.5425350666046143,1.1529794931411743,0.0,0.0,0.0
lqr,2,0,22,22,0.44,-5.57354211807251,-6.098024368286133,0.9013903737068176,-0.003639562288299203,-0.006930772215127945,-0.0006231411243788898,0.007853045128285885,-5.574231147766113,-6.09933614730835,0.9043927192687988,0.0,0.0,0.0
lqr,3,0,22,22,0.44,-6.7345499992370605,3.719520330429077,1.2536019086837769,-0.010964150540530682,-0.008093326352536678,0.0016046982491388917,0.013721865601837635,-6.736624717712402,3.717988967895508,1.257026195526123,0.0,0.0,0.0
rl,0,0,23,23,0.46,4.959813594818115,-5.214077472686768,0.3484745919704437,0.12870925664901733,-0.2140359878540039,-0.8672426342964172,0.9024894833564758,4.915769577026367,-3.6591379642486572,0.8649056553840637,0.0,0.0,0.0
rl,1,0,23,23,0.46,4.847653388977051,4.872219562530518,0.22429592907428741,-0.08877669274806976,0.11605404317378998,-1.0531580448150635,1.0632457733154297,4.576419353485107,3.5425350666046143,1.1529794931411743,0.0,0.0,0.0
rl,2,0,23,23,0.46,-5.174081325531006,-4.740946292877197,0.2935349643230438,-0.24035969376564026,0.506630003452301,-1.0398138761520386,1.1813803911209106,-5.574231147766113,-6.09933614730835,0.9043927192687988,0.0,0.0,0.0
rl,3,0,23,23,0.46,-5.227878093719482,4.762082576751709,0.14311763644218445,-0.16466747224330902,-0.15917903184890747,-1.244431734085083,1.265331506729126,-6.736624717712402,3.717988967895508,1.257026195526123,0.0,0.0,0.0
lqr,0,0,23,23,0.46,4.9158430099487305,-3.66031551361084,0.8619065880775452,-0.0003898954892065376,0.006220262497663498,-0.000639817793853581,0.006265225820243359,4.915769577026367,-3.6591379642486572,0.8649056553840637,0.0,0.0,0.0
lqr,1,0,23,23,0.46,4.576791286468506,3.543813705444336,1.1497273445129395,-0.0019652652554214,-0.0067531391978263855,0.0006966157234273851,0.007067703176289797,4.576419353485107,3.5425350666046143,1.1529794931411743,0.0,0.0,0.0
lqr,2,0,23,23,0.46,-5.573725700378418,-6.0983734130859375,0.9013590812683105,-0.002669983310624957,-0.005088051315397024,-0.00045712219434790313,0.005764203146100044,-5.574231147766113,-6.09933614730835,0.9043927192687988,0.0,0.0,0.0
lqr,3,0,23,23,0.46,-6.735100269317627,3.719113349914551,1.2536828517913818,-0.00805127527564764,-0.005945033393800259,0.0011786726536229253,0.01007748581469059,-6.736624717712402,3.717988967895508,1.257026195526123,0.0,0.0,0.0
rl,0,0,24,24,0.48,4.9655914306640625,-5.226715087890625,0.2939581871032715,0.07318386435508728,-0.20821154117584229,-0.9381471276283264,0.9637572169303894,4.915769577026367,-3.6591379642486572,0.8649056553840637,0.0,0.0,0.0
rl,1,0,24,24,0.48,4.840383052825928,4.879546165466309,0.16154329478740692,-0.14424531161785126,0.12643077969551086,-1.0406723022460938,1.0582014322280884,4.576419353485107,3.5425350666046143,1.1529794931411743,0.0,0.0,0.0
rl,2,0,24,24,0.48,-5.1891398429870605,-4.709970951080322,0.2315826267004013,-0.25848206877708435,0.5231326222419739,-1.0273387432098389,1.181484580039978,-5.574231147766113,-6.09933614730835,0.9043927192687988,0.0,0.0,0.0
rl,3,1,0,24,0.0,-4.999776840209961,4.999768257141113,0.9995131492614746,0.014934881590306759,-0.015478803776204586,-0.032461024820804596,0.03894049674272537,-5.052920341491699,3.6029152870178223,0.863979160785675,0.0,0.0,0.0
lqr,0,0,24,24,0.48,4.915823459625244,-3.6600022315979004,0.8618742823600769,-0.0002849131706170738,0.004564444534480572,-0.00046947889495640993,0.004597362130880356,4.915769577026367,-3.6591379642486572,0.8649056553840637,0.0,0.0,0.0
lqr,1,0,24,24,0.48,4.576693058013916,3.5434746742248535,1.1497626304626465,-0.0014456131029874086,-0.004960863851010799,0.0005106204189360142,0.0051923696883022785,4.576419353485107,3.5425350666046143,1.1529794931411743,0.0,0.0,0.0
lqr,2,0,24,24,0.48,-5.573861122131348,-6.098628044128418,0.9013358950614929,-0.001956182299181819,-0.0037397132255136967,-0.000335405784426257,0.004233745392411947,-5.574231147766113,-6.09933614730835,0.9043927192687988,0.0,0.0,0.0
lqr,3,1,0,24,0.0,-5.003037452697754,4.919823169708252,0.9920151233673096,-0.18178491294384003,-4.798285484313965,-0.47786539793014526,4.8254475593566895,-5.052920341491699,3.6029152870178223,0.863979160785675,0.0,0.0,0.0
rl,0,0,25,25,0.5,4.968608856201172,-5.239255428314209,0.23542582988739014,0.03399522602558136,-0.20962738990783691,-1.0022449493408203,1.0244970321655273,4.915769577026367,-3.6591379642486572,0.8649056553840637,0.0,0.0,0.0
rl,1,0,25,25,0.5,4.833677768707275,4.886751651763916,0.09594094753265381,-0.0885281041264534,0.11554870754480362,-1.1310186386108398,1.1403472423553467,4.576419353485107,3.5425350666046143,1.1529794931411743,0.0,0.0,0.0
rl,2,0,25,25,0.5,-5.206592082977295,-4.676638126373291,0.16816870868206024,-0.3139578104019165,0.5786916017532349,-1.0780038833618164,1.2631491422653198,-5.574231147766113,-6.09933614730835,0.9043927192687988,0.0,0.0,0.0
rl,3,1,1,25,0.02,-4.999303340911865,4.996893405914307,0.9943990111351013,0.00281654205173254,-0.0710773766040802,-0.12292520701885223,0.1420229971408844,-5.052920341491699,3.6029152870178223,0.863979160785675,0.0,0.0,0.0
lqr,0,0,25,25,0.5,4.915809154510498,-3.6597726345062256,0.8618505597114563,-0.00020999659318476915,0.0033511808142066,-0.00034454837441444397,0.0033753851894289255,4.915769577026367,-3.6591379642486572,0.8649056553840637,0.0,0.0,0.0
lqr,1,0,25,25,0.5,4.5766191482543945,3.543224811553955,1.1497882604599,-0.0010610310127958655,-0.003641348099336028,0.00037470704410225153,0.0038112476468086243,4.576419353485107,3.5425350666046143,1.1529794931411743,0.0,0.0,0.0
lqr,2,0,25,25,0.5,-5.573960781097412,-6.09881591796875,0.9013189673423767,-0.0014283800264820457,-0.002749420702457428,-0.00024616741575300694,0.003108083503320813,-5.574231147766113,-6.09933614730835,0.9043927192687988,0.0,0.0,0.0
lqr,3,1,1,25,0.02,-5.015562534332275,4.589168071746826,0.9590840935707092,-0.19525691866874695,-5.154765605926514,-0.5133866667747498,5.183946132659912,-5.052920341491699,3.6029152870178223,0.863979160785675,0.0,0.0,0.0
rl,0,0,26,26,0.52,4.9708428382873535,-5.253781318664551,0.17426545917987823,0.03957151249051094,-0.26525700092315674,-1.031549096107483,1.0658427476882935,4.915769577026367,-3.6591379642486572,0.8649056553840637,0.0,0.0,0.0
rl,1,1,0,26,0.0,4.9996490478515625,5.000164031982422,1.0000534057617188,-0.02339218184351921,0.010903183370828629,0.0035718942526727915,0.02605440467596054,5.704885482788086,6.059487342834473,0.534652054309845,0.0,0.0,0.0
rl,2,0,26,26,0.52,-5.225874900817871,-4.642920970916748,0.10003254562616348,-0.32667234539985657,0.5499894022941589,-1.1767430305480957,1.3393757343292236,-5.574231147766113,-6.09933614730835,0.9043927192687988,0.0,0.0,0.0
rl,3,1,2,26,0.04,-5.0010786056518555,4.991268157958984,0.9867838025093079,-0.05269308388233185,-0.10998696088790894,-0.1297752410173416,0.17808790504932404,-5.052920341491699,3.6029152870178223,0.863979160785675,0.0,0.0,0.0
lqr,0,0,26,26,0.52,4.915799617767334,-3.6596038341522217,0.8618335723876953,-0.00015752474428154528,0.0024591891560703516,-0.00025389017537236214,0.0024772738106548786,4.915769577026367,-3.6591379642486572,0.8649056553840637,0.0,0.0,0.0
lqr,1,1,0,26,0.0,5.0404534339904785,5.0608015060424805,0.9731175303459167,2.4210145473480225,3.6387627124786377,-1.6088467836380005,4.657283782958984,5.704885482788086,6.059487342834473,0.534652054309845,0.0,0.0,0.0
lqr,2,0,26,26,0.52,-5.574032306671143,-6.098953723907471,0.9013066291809082,-0.0010509099811315536,-0.002018967643380165,-0.00018063653260469437,0.002283258829265833,-5.574231147766113,-6.09933614730835,0.9043927192687988,0.0,0.0,0.0
lqr,3,1,2,26,0.04,-5.025467395782471,4.327630996704102,0.9330363869667053,-0.1449296772480011,-3.826129198074341,-0.3810626268386841,3.8477888107299805,-5.052920341491699,3.6029152870178223,0.863979160785675,0.0,0.0,0.0
rl,0,0,27,27,0.54,4.9745869636535645,-5.270624160766602,0.1128087267279625,0.07875806093215942,-0.29179152846336365,-1.019088625907898,1.0629613399505615,4.915769577026367,-3.6591379642486572,0.8649056553840637,0.0,0.0,0.0
rl,1,1,1,27,0.02,4.997659206390381,4.999874591827393,0.9986217021942139,-0.040079399943351746,-0.016087466850876808,-0.043457675725221634,0.061267729848623276,5.704885482788086,6.059487342834473,0.534652054309845,0.0,0.0,0.0
rl,2,1,0,27,0.0,-4.999888896942139,-4.999696254730225,0.9995070695877075,0.007404887583106756,0.02026946283876896,-0.03286724165081978,0.03931843116879463,-3.2029869556427,-4.306119441986084,0.871523380279541,0.0,0.0,0.0
rl,3,1,3,27,0.06,-5.003328800201416,4.983278751373291,0.9761193990707397,-0.02659626118838787,-0.14966849982738495,-0.21200034022331238,0.260868102312088,-5.052920341491699,3.6029152870178223,0.863979160785675,0.0,0.0,0.0
lqr,0,0,27,27,0.54,4.915791034698486,-3.659480094909668,0.8618208169937134,-0.00011600054858718067,0.0018066978082060814,-0.0001873128639999777,0.001820082194171846,4.915769577026367,-3.6591379642486572,0.8649056553840637,0.0,0.0,0.0
lqr,1,1,1,27,0.02,5.207281112670898,5.311556816101074,0.8622423410415649,2.60074520111084,3.909156322479248,-1.7285301685333252,5.0033183097839355,5.704885482788086,6.059487342834473,0.534652054309845,0.0,0.0,0.0
lqr,2,1,0,27,0.0,-4.896871089935303,-4.960180282592773,0.9924457669258118,6.171964168548584,2.3830862045288086,-0.452054500579834,6.631485462188721,-3.2029869556427,-4.306119441986084,0.871523380279541,0.0,0.0,0.0
lqr,3,1,3,27,0.06,-5.032759666442871,4.135107517242432,0.9138620495796204,-0.10647156834602356,-2.8106894493103027,-0.27992889285087585,2.8266007900238037,-5.052920341491699,3.6029152870178223,0.863979160785675,0.0,0.0,0.0
rl,0,1,0,28,0.0,4.99990177154541,-4.999703407287598,1.000058889389038,-0.006555869709700346,0.019781600683927536,0.0039362553507089615,0.02120814099907875,6.156947135925293,-5.4914374351501465,0.9926030039787292,0.0,0.0,0.0
rl,1,1,2,28,0.04,4.996029376983643,4.996963024139404,0.993675708770752,-0.017936473712325096,-0.07170039415359497,-0.1102701723575592,0.132748544216156,5.704885482788086,6.059487342834473,0.534652054309845,0.0,0.0,0.0
rl,2,1,1,28,0.02,-4.998487949371338,-4.9994354248046875,0.997395932674408,0.034748855978250504,-0.007037606555968523,-0.036844417452812195,0.05113239586353302,-3.2029869556427,-4.306119441986084,0.871523380279541,0.0,0.0,0.0
rl,3,1,4,28,0.08,-5.006124973297119,4.972352027893066,0.9599435329437256,-0.0608195886015892,-0.20527584850788116,-0.31072965264320374,0.3773461580276489,-5.052920341491699,3.6029152870178223,0.863979160785675,0.0,0.0,0.0
lqr,0,1,0,28,0.0,5.066396713256836,-5.028202533721924,0.9993941783905029,3.9735922813415527,-1.6878387928009033,-0.03621981665492058,4.317354202270508,6.156947135925293,-5.4914374351501465,0.9926030039787292,0.0,0.0,0.0
lqr,1,1,2,28,0.04,5.339235782623291,5.509894371032715,0.7745425701141357,1.930420160293579,2.9015719890594482,-1.2829928398132324,3.713719367980957,5.704885482788086,6.059487342834473,0.534652054309845,0.0,0.0,0.0
lqr,2,1,1,28,0.02,-4.471561908721924,-4.795956134796143,0.9613015651702881,6.630308628082275,2.5601956844329834,-0.48550090193748474,7.123994827270508,-3.2029869556427,-4.306119441986084,0.871523380279541,0.0,0.0,0.0
lqr,3,1,4,28,0.08,-5.038115978240967,3.993718385696411,0.8997805118560791,-0.07818228006362915,-2.064006805419922,-0.20556341111660004,2.075690984725952,-5.052920341491699,3.6029152870178223,0.863979160785675,0.0,0.0,0.0
rl,0,1,1,29,0.02,4.998021125793457,-5.000149726867676,0.9982965588569641,-0.04896944388747215,-0.026833973824977875,-0.05316019803285599,0.0770978257060051,6.156947135925293,-5.4914374351501465,0.9926030039787292,0.0,0.0,0.0
rl,1,1,3,29,0.06,4.9930100440979,4.990716457366943,0.9845085144042969,-0.07345155626535416,-0.12730680406093597,-0.18314816057682037,0.2348305732011795,5.704885482788086,6.059487342834473,0.534652054309845,0.0,0.0,0.0
rl,2,1,2,29,0.04,-4.998347282409668,-5.001117706298828,0.9935441017150879,-0.020772842690348625,-0.043000150471925735,-0.08373092114925385,0.09639186412096024,-3.2029869556427,-4.306119441986084,0.871523380279541,0.0,0.0,0.0
rl,3,1,5,29,0.1,-5.011719226837158,4.959036350250244,0.9384939074516296,-0.11632203310728073,-0.23379917442798615,-0.39089593291282654,0.4700984060764313,-5.052920341491699,3.6029152870178223,0.863979160785675,0.0,0.0,0.0
lqr,0,1,1,29,0.02,5.340215682983398,-5.1445159912109375,0.9969065189361572,4.268710136413574,-1.8132356405258179,-0.03875434026122093,4.638017654418945,6.156947135925293,-5.4914374351501465,0.9926030039787292,0.0,0.0,0.0
lqr,1,1,3,29,0.06,5.436373233795166,5.655894756317139,0.7099849581718445,1.4181052446365356,2.1315090656280518,-0.9424806237220764,2.7281172275543213,5.704885482788086,6.059487342834473,0.534652054309845,0.0,0.0,0.0
lqr,2,1,2,29,0.04,-4.135160446166992,-4.666059970855713,0.9366678595542908,4.9213714599609375,1.9003045558929443,-0.3603898882865906,5.287810325622559,-3.2029869556427,-4.306119441986084,0.871523380279541,0.0,0.0,0.0
lqr,3,1,5,29,0.1,-5.042048931121826,3.8898918628692627,0.8894402384757996,-0.05741310864686966,-1.5156577825546265,-0.15095116198062897,1.524237871170044,-5.052920341491699,3.6029152870178223,0.863979160785675,0.0,0.0,0.0
rl,0,1,2,30,0.04,4.996741771697998,-5.001626014709473,0.9938361644744873,-0.0015254177851602435,-0.023044690489768982,-0.08945862203836441,0.0923917144536972,6.156947135925293,-5.4914374351501465,0.9926030039787292,0.0,0.0,0.0
rl,1,1,4,30,0.08,4.988798141479492,4.985023021697998,0.9725637435913086,-0.06780386716127396,-0.07171449810266495,-0.21046239137649536,0.23245376348495483,5.704885482788086,6.059487342834473,0.534652054309845,0.0,0.0,0.0
rl,2,1,3,30,0.06,-5.001535892486572,-5.002350330352783,0.9882691502571106,-0.07624275237321854,-0.004506374709308147,-0.09090409427881241,0.11873002350330353,-3.2029869556427,-4.306119441986084,0.871523380279541,0.0,0.0,0.0
rl,3,1,6,30,0.12,-5.0186567306518555,4.94474458694458,0.9122196435928345,-0.1150975376367569,-0.24133671820163727,-0.471481055021286,0.5420196056365967,-5.052920341491699,3.6029152870178223,0.863979160785675,0.0,0.0,0.0
lqr,0,1,2,30,0.04,5.556796550750732,-5.236513614654541,0.994939386844635,3.1684694290161133,-1.3458694219589233,-0.02878953143954277,3.442584991455078,6.156947135925293,-5.4914374351501465,0.9926030039787292,0.0,0.0,0.0
lqr,1,1,4,30,0.08,5.507709503173828,5.763118743896484,0.6625744104385376,1.041373610496521,1.5652587413787842,-0.6920967698097229,2.0033700466156006,5.704885482788086,6.059487342834473,0.534652054309845,0.0,0.0,0.0
lqr,2,1,3,30,0.06,-3.887523889541626,-4.57043981552124,0.9185331463813782,3.6152684688568115,1.3959672451019287,-0.26475340127944946,3.8844542503356934,-3.2029869556427,-4.306119441986084,0.871523380279541,0.0,0.0,0.0
lqr,3,1,6,30,0.12,-5.044938087463379,3.8136496543884277,0.8818467855453491,-0.042159438133239746,-1.112989068031311,-0.11084802448749542,1.1192896366119385,-5.052920341491699,3.6029152870178223,0.863979160785675,0.0,0.0,0.0
rl,0,1,3,31,0.06,4.99622917175293,-5.001063823699951,0.9863618612289429,-0.013509336858987808,0.0325302816927433,-0.1496543288230896,0.15374374389648438,6.156947135925293,-5.4914374351501465,0.9926030039787292,0.0,0.0,0.0
rl,1,1,5,31,0.1,4.9866790771484375,4.979571342468262,0.9588622450828552,-0.012102365493774414,-0.10449068993330002,-0.24113836884498596,0.2630826532840729,5.704885482788086,6.059487342834473,0.534652054309845,0.0,0.0,0.0
rl,2,1,4,31,0.08,-5.005360126495361,-5.002781391143799,0.9812696576118469,-0.05479418858885765,-0.009095748886466026,-0.13505545258522034,0.1460312008857727,-3.2029869556427,-4.306119441986084,0.871523380279541,0.0,0.0,0.0
rl,3,1,7,31,0.14,-5.023676872253418,4.9314985275268555,0.8839077949523926,-0.061182402074337006,-0.20605628192424774,-0.47214382886886597,0.5187699794769287,-5.052920341491699,3.6029152870178223,0.863979160785675,0.0,0.0,0.0
lqr,0,1,3,31,0.06,5.7162275314331055,-5.304234504699707,0.9934902191162109,2.327587604522705,-0.9886847138404846,-0.021161843091249466,2.528954267501831,6.156947135925293,-5.4914374351501465,0.9926030039787292,0.0,0.0,0.0
lqr,1,1,5,31,0.1,5.560093402862549,5.841856002807617,0.627759575843811,0.7647116184234619,1.1494145393371582,-0.5082244277000427,1.4711321592330933,5.704885482788086,6.059487342834473,0.534652054309845,0.0,0.0,0.0
lqr,2,1,4,31,0.08,-3.7056612968444824,-4.500217437744141,0.9052149057388306,2.6548407077789307,1.0251145362854004,-0.19442148506641388,2.8525145053863525,-3.2029869556427,-4.306119441986084,0.871523380279541,0.0,0.0,0.0
lqr,3,1,7,31,0.14,-5.047057628631592,3.757662296295166,0.8762707710266113,-0.03095857985317707,-0.8172956109046936,-0.08139779418706894,0.8219221830368042,-5.052920341491699,3.6029152870178223,0.863979160785675,0.0,0.0,0.0
rl,0,1,4,32,0.08,4.995495319366455,-5.000374794006348,0.9739266037940979,-0.011240511201322079,-0.003589385887607932,-0.24839483201503754,0.24867494404315948,6.156947135925293,-5.4914374351501465,0.9926030039787292,0.0,0.0,0.0
rl,1,1,6,32,0.12,4.987643241882324,4.973610877990723,0.941245436668396,0.03620622679591179,-0.09566585719585419,-0.3311018943786621,0.3465419113636017,5.704885482788086,6.059487342834473,0.534652054309845,0.0,0.0,0.0
rl,2,1,5,32,0.1,-5.010591983795166,-5.002549171447754,0.9723880887031555,-0.11027974635362625,0.013104557991027832,-0.157285675406456,0.19254125654697418,-3.2029869556427,-4.306119441986084,0.871523380279541,0.0,0.0,0.0
rl,3,1,8,32,0.16,-5.026771545410156,4.921081066131592,0.8541151881217957,-0.04469956085085869,-0.1504947692155838,-0.5139756202697754,0.5374175906181335,-5.052920341491699,3.6029152870178223,0.863979160785675,0.0,0.0,0.0
lqr,0,1,4,32,0.08,5.833316326141357,-5.353970527648926,0.9924254417419434,1.709237813949585,-0.7260227203369141,-0.015543258748948574,1.8571064472198486,6.156947135925293,-5.4914374351501465,0.9926030039787292,0.0,0.0,0.0
lqr,1,1,6,32,0.12,5.598560333251953,5.89967679977417,0.6021942496299744,0.5615525841712952,0.8440393209457397,-0.37320172786712646,1.0802885293960571,5.704885482788086,6.059487342834473,0.534652054309845,0.0,0.0,0.0
lqr,2,1,5,32,0.1,-3.572113513946533,-4.448651313781738,0.8954348564147949,1.949527621269226,0.7527743577957153,-0.1427694857120514,2.094686269760132,-3.2029869556427,-4.306119441986084,0.871523380279541,0.0,0.0,0.0
lqr,3,1,8,32,0.16,-5.048614978790283,3.7165496349334717,0.8721761107444763,-0.022738678380846977,-0.6001587510108948,-0.059772200882434845,0.6035563349723816,-5.052920341491699,3.6029152870178223,0.863979160785675,0.0,0.0,0.0
rl,0,1,5,33,0.1,4.996514320373535,-5.001713752746582,0.9569410681724548,0.037137459963560104,-0.03567873314023018,-0.3078797459602356,0.31215715408325195,6.156947135925293,-5.4914374351501465,0.9926030039787292,0.0,0.0,0.0
rl,1,1,7,33,0.14,4.990658283233643,4.965925693511963,0.9210729598999023,0.060350432991981506,-0.1512930989265442,-0.33985400199890137,0.3768720328807831,5.704885482788086,6.059487342834473,0.534652054309845,0.0,0.0,0.0
rl,2,1,6,33,0.12,-5.018123149871826,-5.001093864440918,0.9594953060150146,-0.13637936115264893,0.03225662559270859,-0.25601688027381897,0.2918637692928314,-3.2029869556427,-4.306119441986084,0.871523380279541,0.0,0.0,0.0
rl,3,1,9,33,0.18,-5.031181335449219,4.91399621963501,0.8223111629486084,-0.09400398284196854,-0.09494619816541672,-0.5415580868721008,0.55779629945755,-5.052920341491699,3.6029152870178223,0.863979160785675,0.0,0.0,0.0
lqr,0,1,5,33,0.1,5.919297218322754,-5.390494346618652,0.9916434288024902,1.2551409006118774,-0.5331327319145203,-0.01141406036913395,1.3637226819992065,6.156947135925293,-5.4914374351501465,0.9926030039787292,0.0,0.0,0.0
lqr,1,1,7,33,0.14,5.62680721282959,5.942134857177734,0.5834208726882935,0.412365585565567,0.6197963356971741,-0.2740512192249298,0.7932823896408081,5.704885482788086,6.059487342834473,0.534652054309845,0.0,0.0,0.0
lqr,2,1,6,33,0.12,-3.474047899246216,-4.4107842445373535,0.8882529139518738,1.4315917491912842,0.5527834296226501,-0.10483906418085098,1.5381858348846436,-3.2029869556427,-4.306119441986084,0.871523380279541,0.0,0.0,0.0
lqr,3,1,9,33,0.18,-5.049758434295654,3.686359405517578,0.8691694736480713,-0.01669764518737793,-0.44071048498153687,-0.04389221593737602,0.44320544600486755,-5.052920341491699,3.6029152870178223,0.863979160785675,0.0,0.0,0.0
rl,0,1,6,34,0.12,4.997881889343262,-5.004083633422852,0.9350126385688782,0.012603728100657463,-0.04227975383400917,-0.4066106379032135,0.408997118473053,6.156947135925293,-5.4914374351501465,0.9926030039787292,0.0,0.0,0.0
rl,1,1,8,34,0.16,4.99412202835083,4.9563164710998535,0.8991639614105225,0.055962350219488144,-0.16649512946605682,-0.3832126557826996,0.4215499460697174,5.704885482788086,6.059487342834473,0.534652054309845,0.0,0.0,0.0
rl,2,1,7,34,0.14,-5.025527477264404,-4.998941898345947,0.9437788128852844,-0.11407047510147095,0.03843952342867851,-0.26618069410324097,0.29213324189186096,-3.2029869556427,-4.306119441986084,0.871523380279541,0.0,0.0,0.0
rl,3,1,10,34,0.2,-5.038766384124756,4.909763813018799,0.79009610414505,-0.14946702122688293,-0.053108226507902145,-0.533598005771637,0.5566756129264832,-5.052920341491699,3.6029152870178223,0.863979160785675,0.0,0.0,0.0
lqr,0,1,6,34,0.12,5.982436180114746,-5.417313098907471,0.9910692572593689,0.9216731786727905,-0.39148515462875366,-0.008380950428545475,1.001405119895935,6.156947135925293,-5.4914374351501465,0.9926030039787292,0.0,0.0,0.0
lqr,1,1,8,34,0.16,5.647551536560059,5.973311424255371,0.5696352124214172,0.3028101623058319,0.45513492822647095,-0.201242595911026,0.5825293064117432,5.704885482788086,6.059487342834473,0.534652054309845,0.0,0.0,0.0
lqr,2,1,7,34,0.14,-3.402034044265747,-4.382976531982422,0.8829790353775024,1.051257848739624,0.4059213101863861,-0.07698480039834976,1.129531741142273,-3.2029869556427,-4.306119441986084,0.871523380279541,0.0,0.0,0.0
lqr,3,1,10,34,0.2,-5.050598621368408,3.6641902923583984,0.866961658000946,-0.012261147610843182,-0.32362475991249084,-0.03223183751106262,0.3254569172859192,-5.052920341491699,3.6029152870178223,0.863979160785675,0.0,0.0,0.0
rl,0,1,7,35,0.14,4.999051570892334,-5.0066118240356445,0.9074271321296692,0.024428807199001312,-0.04204728826880455,-0.4977196455001831,0.5000895857810974,6.156947135925293,-5.4914374351501465,0.9926030039787292,0.0,0.0,0.0
rl,1,1,9,35,0.18,4.998794078826904,4.945584297180176,0.8734557628631592,0.09350237250328064,-0.18771255016326904,-0.46079879999160767,0.5062748193740845,5.704885482788086,6.059487342834473,0.534652054309845,0.0,0.0,0.0
rl,2,1,8,35,0.16,-5.034307479858398,-4.996957778930664,0.9274104237556458,-0.1693398505449295,0.029227035120129585,-0.277532160282135,0.32642656564712524,-3.2029869556427,-4.306119441986084,0.871523380279541,0.0,0.0,0.0
rl,3,1,11,35,0.22,-5.04967737197876,4.908520698547363,0.7567651867866516,-0.20492731034755707,0.0024389566387981176,-0.5711658000946045,0.606820821762085,-5.052920341491699,3.6029152870178223,0.863979160785675,0.0,0.0,0.0
lqr,0,1,7,35,0.14,6.028799533843994,-5.437005043029785,0.9906473755836487,0.676807701587677,-0.2874854803085327,-0.006153303664177656,0.7353600859642029,6.156947135925293,-5.4914374351501465,0.9926030039787292,0.0,0.0,0.0
lqr,1,1,9,35,0.18,5.662783145904541,5.996206283569336,0.5595120787620544,0.22236180305480957,0.3342195153236389,-0.1477770358324051,0.4277680516242981,5.704885482788086,6.059487342834473,0.534652054309845,0.0,0.0,0.0
lqr,2,1,8,35,0.16,-3.3491532802581787,-4.362557411193848,0.8791064620018005,0.7719678282737732,0.298075407743454,-0.056531064212322235,0.8294450044631958,-3.2029869556427,-4.306119441986084,0.871523380279541,0.0,0.0,0.0
lqr,3,1,11,35,0.22,-5.051216125488281,3.647911310195923,0.8653402328491211,-0.009000820107758045,-0.23764543235301971,-0.023668143898248672,0.2389906793832779,-5.052920341491699,3.6029152870178223,0.863979160785675,0.0,0.0,0.0
rl,0,1,8,36,0.16,4.999411582946777,-5.011082172393799,0.87542325258255,-0.007137306034564972,-0.09766970574855804,-0.5588813424110413,0.5673964023590088,6.156947135925293,-5.4914374351501465,0.9926030039787292,0.0,0.0,0.0
rl,1,1,10,36,0.2,5.002460479736328,4.9361467361450195,0.8459606766700745,0.038007255643606186,-0.1355823427438736,-0.4564194977283478,0.47764620184898376,5.704885482788086,6.059487342834473,0.534652054309845,0.0,0.0,0.0
rl,2,1,9,36,0.18,-5.0425190925598145,-4.994908809661865,0.9083049893379211,-0.11362233757972717,0.03767295181751251,-0.3476370573043823,0.3676694333553314,-3.2029869556427,-4.306119441986084,0.871523380279541,0.0,0.0,0.0
rl,3,1,12,36,0.24,-5.062166213989258,4.908871650695801,0.7210426330566406,-0.21039128303527832,0.008280254900455475,-0.6126678586006165,0.6478387117385864,-5.052920341491699,3.6029152870178223,0.863979160785675,0.0,0.0,0.0
lqr,0,1,8,36,0.16,6.0628437995910645,-5.451467037200928,0.9903375506401062,0.49700307846069336,-0.21110226213932037,-0.004516538232564926,0.539996862411499,6.156947135925293,-5.4914374351501465,0.9926030039787292,0.0,0.0,0.0
lqr,1,1,10,36,0.2,5.6739678382873535,6.013020038604736,0.5520784258842468,0.16328853368759155,0.24541960656642914,-0.10851671546697617,0.31411752104759216,5.704885482788086,6.059487342834473,0.534652054309845,0.0,0.0,0.0
lqr,2,1,9,36,0.18,-3.3103203773498535,-4.34756326675415,0.8762630224227905,0.5668728351593018,0.21888747811317444,-0.041512344032526016,0.6090811491012573,-3.2029869556427,-4.306119441986084,0.871523380279541,0.0,0.0,0.0
lqr,3,1,12,36,0.24,-5.051668167114258,3.6359572410583496,0.8641495704650879,-0.006609098985791206,-0.17451195418834686,-0.017379766330122948,0.17549973726272583,-5.052920341491699,3.6029152870178223,0.863979160785675,0.0,0.0,0.0
rl,0,1,9,37,0.18,4.99781608581543,-5.0149970054626465,0.8408052325248718,-0.040442947298288345,-0.042082011699676514,-0.5898858904838562,0.592766284942627,6.156947135925293,-5.4914374351501465,0.9926030039787292,0.0,0.0,0.0
rl,1,1,11,37,0.22,5.0030717849731445,4.929956912994385,0.8152387738227844,-0.009624707512557507,-0.08002084493637085,-0.5517447590827942,0.5576004385948181,5.704885482788086,6.059487342834473,0.534652054309845,0.0,0.0,0.0
rl,2,1,10,37,0.2,-5.051162242889404,-4.9919819831848145,0.8850011229515076,-0.16573336720466614,0.05671996250748634,-0.4175090193748474,0.45276758074760437,-3.2029869556427,-4.306119441986084,0.871523380279541,0.0,0.0,0.0
rl,3,1,13,37,0.26,-5.074585437774658,4.907962799072266,0.6839593052864075,-0.20456354320049286,-0.0319010466337204,-0.6218993067741394,0.6554560661315918,-5.052920341491699,3.6029152870178223,0.863979160785675,0.0,0.0,0.0
lqr,0,1,9,37,0.18,6.087843894958496,-5.462084770202637,0.990110456943512,0.36496567726135254,-0.15502381324768066,-0.0033163742627948523,0.39653918147087097,6.156947135925293,-5.4914374351501465,0.9926030039787292,0.0,0.0,0.0
lqr,1,1,11,37,0.22,5.6821818351745605,6.025364398956299,0.546619713306427,0.119910828769207,0.1802152544260025,-0.07968603074550629,0.23066428303718567,5.704885482788086,6.059487342834473,0.534652054309845,0.0,0.0,0.0
lqr,2,1,10,37,0.2,-3.281804323196411,-4.336552143096924,0.8741745948791504,0.4162677824497223,0.16073258221149445,-0.030482904985547066,0.4472617208957672,-3.2029869556427,-4.306119441986084,0.871523380279541,0.0,0.0,0.0
lqr,3,1,13,37,0.26,-5.051999568939209,3.6271779537200928,0.8632755875587463,-0.004863300826400518,-0.12814532220363617,-0.012763220816850662,0.1288711577653885,-5.052920341491699,3.6029152870178223,0.863979160785675,0.0,0.0,0.0
rl,0,1,10,38,0.2,4.996589660644531,-5.019469738006592,0.8030546307563782,-0.006094905082136393,-0.09771883487701416,-0.657241702079773,0.6644943952560425,6.156947135925293,-5.4914374351501465,0.9926030039787292,0.0,0.0,0.0
rl,1,1,12,38,0.24,5.0044426918029785,4.923208236694336,0.7799786925315857,0.04608763009309769,-0.13566520810127258,-0.6133317351341248,0.6298452019691467,5.704885482788086,6.059487342834473,0.534652054309845,0.0,0.0,0.0
rl,2,1,11,38,0.22,-5.062849044799805,-4.98967170715332,0.8577760457992554,-0.2154584676027298,0.025444649159908295,-0.479633092880249,0.5264196991920471,-3.2029869556427,-4.306119441986084,0.871523380279541,0.0,0.0,0.0
rl,3,1,14,38,0.28,-5.088802337646484,4.904102325439453,0.6470819115638733,-0.2600374221801758,-0.08752069622278214,-0.6094157099723816,0.6683313846588135,-5.052920341491699,3.6029152870178223,0.863979160785675,0.0,0.0,0.0
lqr,0,1,10,38,0.2,6.106201648712158,-5.469881057739258,0.98994380235672,0.26800668239593506,-0.11384554952383041,-0.0024354986380785704,0.2911946475505829,6.156947135925293,-5.4914374351501465,0.9926030039787292,0.0,0.0,0.0
lqr,1,1,12,38,0.24,5.688215255737305,6.034430503845215,0.5426111817359924,0.08804505318403244,0.1323392242193222,-0.05851555988192558,0.16938026249408722,5.704885482788086,6.059487342834473,0.534652054309845,0.0,0.0,0.0
lqr,2,1,11,38,0.22,-3.260864496231079,-4.328466892242432,0.8726413249969482,0.30567434430122375,0.11803125590085983,-0.02238425239920616,0.3284345269203186,-3.2029869556427,-4.306119441986084,0.871523380279541,0.0,0.0,0.0
lqr,3,1,14,38,0.28,-5.052242755889893,3.620731830596924,0.8626334071159363,-0.0035712847020477057,-0.09409935027360916,-0.009372006170451641,0.09463232755661011,-5.052920341491699,3.6029152870178223,0.863979160785675,0.0,0.0,0.0
rl,0,1,11,39,0.22,4.9968953132629395,-5.023386478424072,0.7640566825866699,0.01313868910074234,-0.04213838279247284,-0.6447703242301941,0.6462793946266174,6.156947135925293,-5.4914374351501465,0.9926030039787292,0.0,0.0,0.0
rl,1,1,13,39,0.26,5.008238792419434,4.915751934051514,0.7402468323707581,0.0755666121840477,-0.11613883823156357,-0.6970982551574707,0.7107352018356323,5.704885482788086,6.059487342834473,0.534652054309845,0.0,0.0,0.0
rl,2,1,12,39,0.24,-5.07493782043457,-4.987339019775391,0.8293092846870422,-0.19142626225948334,0.04845235496759415,-0.4707352817058563,0.5104736685752869,-3.2029869556427,-4.306119441986084,0.871523380279541,0.0,0.0,0.0
rl,3,1,15,39,0.3,-5.103416919708252,4.89961576461792,0.6105119585990906,-0.23175063729286194,-0.06569342315196991,-0.6095564365386963,0.6554258465766907,-5.052920341491699,3.6029152870178223,0.863979160785675,0.0,0.0,0.0
lqr,0,1,11,39,0.22,6.119681358337402,-5.4756059646606445,0.989821195602417,0.1968134641647339,-0.08361049741506577,-0.001788256224244833,0.2138444483280182,6.156947135925293,-5.4914374351501465,0.9926030039787292,0.0,0.0,0.0
lqr,1,1,13,39,0.26,5.692641258239746,6.041087627410889,0.5396674871444702,0.06466373801231384,0.0971783772110939,-0.042968664318323135,0.1243838518857956,5.704885482788086,6.059487342834473,0.534652054309845,0.0,0.0,0.0
lqr,2,1,12,39,0.24,-3.245488405227661,-4.32252836227417,0.8715152740478516,0.22446508705615997,0.08667194843292236,-0.016437383368611336,0.24117791652679443,-3.2029869556427,-4.306119441986084,0.871523380279541,0.0,0.0,0.0
lqr,3,1,15,39,0.3,-5.052423000335693,3.6159982681274414,0.8621621131896973,-0.002623666310682893,-0.06909940391778946,-0.006882723420858383,0.06949087977409363,-5.052920341491699,3.6029152870178223,0.863979160785675,0.0,0.0,0.0
rl,0,1,12,40,0.24,4.998399257659912,-5.024816513061523,0.7241222262382507,0.033658936619758606,-0.010727401822805405,-0.68043452501297,0.6813509464263916,6.156947135925293,-5.4914374351501465,0.9926030039787292,0.0,0.0,0.0
rl,1,1,14,40,0.28,5.014721870422363,4.906948566436768,0.6988569498062134,0.13126106560230255,-0.16857977211475372,-0.6846389174461365,0.7172022461891174,5.704885482788086,6.059487342834473,0.534652054309845,0.0,0.0,0.0
rl,2,1,13,40,0.26,-5.0871477127075195,-4.984560966491699,0.7991535663604736,-0.21213184297084808,0.044774409383535385,-0.5253473520278931,0.5683260560035706,-3.2029869556427,-4.306119441986084,0.871523380279541,0.0,0.0,0.0
rl,3,1,16,40,0.32,-5.116561412811279,4.895284652709961,0.5704827308654785,-0.20996423065662384,-0.07680908590555191,-0.7082995772361755,0.742746889591217,-5.052920341491699,3.6029152870178223,0.863979160785675,0.0,0.0,0.0
lqr,0,1,12,40,0.24,6.12958288192749,-5.4798126220703125,0.9897311925888062,0.14452558755874634,-0.061400432139635086,-0.0013124254764989018,0.1570330560207367,6.156947135925293,-5.4914374351501465,0.9926030039787292,0.0,0.0,0.0
lqr,1,1,14,40,0.28,5.695894241333008,6.045975685119629,0.5375059247016907,0.04748642444610596,0.07136332988739014,-0.03155243396759033,0.09134134650230408,5.704885482788086,6.059487342834473,0.534652054309845,0.0,0.0,0.0
lqr,2,1,13,40,0.26,-3.234196186065674,-4.318167686462402,0.8706883788108826,0.16482800245285034,0.06363976001739502,-0.01206966768950224,0.17709875106811523,-3.2029869556427,-4.306119441986084,0.871523380279541,0.0,0.0,0.0
lqr,3,1,16,40,0.32,-5.052556037902832,3.6125218868255615,0.8618158102035522,-0.0019298912957310677,-0.05073757842183113,-0.005053906701505184,0.05102517455816269,-5.052920341491699,3.6029152870178223,0.863979160785675,0.0,0.0,0.0
rl,0,1,13,41,0.26,4.998476505279541,-5.023515701293945,0.6811112761497498,-0.02184656262397766,0.04483082517981529,-0.7428486347198486,0.7445207834243774,6.156947135925293,-5.4914374351501465,0.9926030039787292,0.0,0.0,0.0
rl,1,1,15,41,0.3,5.024545669555664,4.898087978363037,0.6562085151672363,0.18694792687892914,-0.1327102780342102,-0.7294977903366089,0.7646754384040833,5.704885482788086,6.059487342834473,0.534652054309845,0.0,0.0,0.0
rl,2,1,14,41,0.28,-5.1018195152282715,-4.981751441955566,0.7651583552360535,-0.26761725544929504,0.048296838998794556,-0.5960397720336914,0.655144989490509,-3.2029869556427,-4.306119441986084,0.871523380279541,0.0,0.0,0.0
rl,3,1,17,41,0.34,-5.127211093902588,4.892455577850342,0.5276708006858826,-0.15426930785179138,-0.025989513844251633,-0.7172772884368896,0.7341398000717163,-5.052920341491699,3.6029152870178223,0.863979160785675,0.0,0.0,0.0
lqr,0,1,13,41,0.26,6.13685417175293,-5.4829020500183105,0.9896652102470398,0.10612351447343826,-0.04507933184504509,-0.0009640763746574521,0.11530514061450958,6.156947135925293,-5.4914374351501465,0.9926030039787292,0.0,0.0,0.0
lqr,1,1,15,41,0.3,5.698283672332764,6.049564838409424,0.5359187126159668,0.03487129509449005,0.05240350589156151,-0.023169567808508873,0.06707431375980377,5.704885482788086,6.059487342834473,0.534652054309845,0.0,0.0,0.0
lqr,2,1,14,41,0.28,-3.225904703140259,-4.314968109130859,0.8700814843177795,0.12103679031133652,0.0467374213039875,-0.008863520808517933,0.1300494223833084,-3.2029869556427,-4.306119441986084,0.871523380279541,0.0,0.0,0.0
lqr,3,1,17,41,0.34,-5.052652359008789,3.609968900680542,0.8615614175796509,-0.0014133532531559467,-0.03725624084472656,-0.0037108822725713253,0.03746725991368294,-5.052920341491699,3.6029152870178223,0.863979160785675,0.0,0.0,0.0
rl,0,1,14,42,0.28,4.999114990234375,-5.022772789001465,0.6353358030319214,0.03386816754937172,-0.010817300528287888,-0.7772679924964905,0.7780807018280029,6.156947135925293,-5.4914374351501465,0.9926030039787292,0.0,0.0,0.0
rl,1,1,16,42,0.32,5.033976078033447,4.892070293426514,0.6089832186698914,0.13593396544456482,-0.07713862508535385,-0.8282175064086914,0.8428360819816589,5.704885482788086,6.059487342834473,0.534652054309845,0.0,0.0,0.0
rl,2,1,15,42,0.3,-5.118405342102051,-4.976979732513428,0.7269163131713867,-0.28270089626312256,0.10182643681764603,-0.6668782234191895,0.731447160243988,-3.2029869556427,-4.306119441986084,0.871523380279541,0.0,0.0,0.0
rl,3,1,18,42,0.36,-5.137294769287109,4.892841339111328,0.4829918146133423,-0.1778763383626938,0.02956569381058216,-0.7641929388046265,0.7851783633232117,-5.052920341491699,3.6029152870178223,0.863979160785675,0.0,0.0,0.0
lqr,0,1,14,42,0.28,6.142191410064697,-5.485169887542725,0.9896168112754822,0.07792679965496063,-0.033106837421655655,-0.0007082079537212849,0.08467083424329758,6.156947135925293,-5.4914374351501465,0.9926030039787292,0.0,0.0,0.0
lqr,1,1,16,42,0.32,5.70003604888916,6.052200794219971,0.534753143787384,0.025606786832213402,0.038485653698444366,-0.017013397067785263,0.04925757646560669,5.704885482788086,6.059487342834473,0.534652054309845,0.0,0.0,0.0
lqr,2,1,15,42,0.3,-3.2198166847229004,-4.312615871429443,0.8696357607841492,0.08888398110866547,0.03432033956050873,-0.006509792059659958,0.09550195932388306,-3.2029869556427,-4.306119441986084,0.871523380279541,0.0,0.0,0.0
lqr,3,1,18,42,0.36,-5.0527238845825195,3.6080946922302246,0.8613749146461487,-0.001036366680637002,-0.027357006445527077,-0.0027250046841800213,0.027511917054653168,-5.052920341491699,3.6029152870178223,0.863979160785675,0.0,0.0,0.0
rl,0,1,15,43,0.3,5.00309419631958,-5.024840354919434,0.5852437019348145,0.08954303711652756,-0.05136304348707199,-0.8760147094726562,0.8820759057998657,6.156947135925293,-5.4914374351501465,0.9926030039787292,0.0,0.0,0.0
rl,1,1,17,43,0.34,5.041402816772461,4.885976314544678,0.5576074719429016,0.11511242389678955,-0.11901294440031052,-0.8762935400009155,0.8917989730834961,5.704885482788086,6.059487342834473,0.534652054309845,0.0,0.0,0.0
rl,2,1,16,43,0.32,-5.133419036865234,-4.969673156738281,0.6873399019241333,-0.22697778046131134,0.13604052364826202,-0.6544183492660522,0.7058960795402527,-3.2029869556427,-4.306119441986084,0.871523380279541,0.0,0.0,0.0
rl,3,1,19,43,0.38,-5.149163246154785,4.894331455230713,0.4346300959587097,-0.21199096739292145,0.021447783336043358,-0.8359094262123108,0.8626382946968079,-5.052920341491699,3.6029152870178223,0.863979160785675,0.0,0.0,0.0
lqr,0,1,15,43,0.3,6.146111488342285,-5.486833572387695,0.9895812273025513,0.057229164987802505,-0.02430812641978264,-0.000520174449775368,0.062179844826459885,6.156947135925293,-5.4914374351501465,0.9926030039787292,0.0,0.0,0.0
lqr,1,1,17,43,0.34,5.701326847076416,6.054137229919434,0.5338973999023438,0.01879824325442314,0.028255227953195572,-0.012493723072111607,0.03616386279463768,5.704885482788086,6.059487342834473,0.534652054309845,0.0,0.0,0.0
lqr,2,1,16,43,0.32,-3.215345621109009,-4.31088924407959,0.8693080544471741,0.06527145951986313,0.02520117536187172,-0.004780178889632225,0.07013068348169327,-3.2029869556427,-4.306119441986084,0.871523380279541,0.0,0.0,0.0
lqr,3,1,19,43,0.38,-5.052774906158447,3.6067187786102295,0.861237645149231,-0.0007656727684661746,-0.02008914388716221,-0.002000720240175724,0.020203040912747383,-5.052920341491699,3.6029152870178223,0.863979160785675,0.0,0.0,0.0
rl,0,1,16,44,0.32,5.006689071655273,-5.025976181030273,0.5314062237739563,0.03883162513375282,0.0042236498557031155,-0.9124855399131775,0.9133211970329285,6.156947135925293,-5.4914374351501465,0.9926030039787292,0.0,0.0,0.0
rl,1,1,18,44,0.36,5.050259113311768,4.879996299743652,0.5041570067405701,0.17082542181015015,-0.08586465567350388,-0.9012381434440613,0.9212948679924011,5.704885482788086,6.059487342834473,0.534652054309845,0.0,0.0,0.0
rl,2,1,17,44,0.34,-5.148981094360352,-4.963459491729736,0.6474524736404419,-0.28246667981147766,0.08040595799684525,-0.6721855401992798,0.7335433959960938,-3.2029869556427,-4.306119441986084,0.871523380279541,0.0,0.0,0.0
rl,3,1,20,44,0.4,-5.160558700561523,4.896450996398926,0.3810195028781891,-0.17413315176963806,0.04526888579130173,-0.9346544146537781,0.9518142938613892,-5.052920341491699,3.6029152870178223,0.863979160785675,0.0,0.0,0.0
lqr,0,1,16,44,0.32,6.148988723754883,-5.488057613372803,0.9895548224449158,0.04202702268958092,-0.01784973219037056,-0.0003814413503278047,0.04566211998462677,6.156947135925293,-5.4914374351501465,0.9926030039787292,0.0,0.0,0.0
lqr,1,1,18,44,0.36,5.702271938323975,6.055559158325195,0.5332688093185425,0.013800155371427536,0.020751643925905228,-0.009174351580440998,0.026556426659226418,5.704885482788086,6.059487342834473,0.534652054309845,0.0,0.0,0.0
lqr,2,1,17,44,0.34,-3.2120609283447266,-4.309622287750244,0.8690677881240845,0.04792840778827667,0.018504494801163673,-0.003510409267619252,0.05149632692337036,-3.2029869556427,-4.306119441986084,0.871523380279541,0.0,0.0,0.0
lqr,3,1,20,44,0.4,-5.0528130531311035,3.605707883834839,0.861136794090271,-0.0005645464989356697,-0.014750666916370392,-0.001467940048314631,0.014834275469183922,-5.052920341491699,3.6029152870178223,0.863979160785675,0.0,0.0,0.0
rl,0,1,17,45,0.34,5.008009910583496,-5.0258588790893555,0.4765702784061432,0.010059082880616188,0.00034769612830132246,-0.9149593710899353,0.9150147438049316,6.156947135925293,-5.4914374351501465,0.9926030039787292,0.0,0.0,0.0
rl,1,1,19,45,0.38,5.060830116271973,4.876789569854736,0.4505193531513214,0.18009443581104279,-0.030304379761219025,-0.8887637853622437,0.9073331356048584,5.704885482788086,6.059487342834473,0.534652054309845,0.0,0.0,0.0
rl,2,1,18,45,0.36,-5.165396213531494,-4.956689357757568,0.6050839424133301,-0.26718154549598694,0.13599911332130432,-0.7304023504257202,0.7895374298095703,-3.2029869556427,-4.306119441986084,0.871523380279541,0.0,0.0,0.0
rl,3,1,21,45,0.42,-5.17071533203125,4.901111602783203,0.323837012052536,-0.165731742978096,0.1008312776684761,-0.9661760330200195,0.9854593276977539,-5.052920341491699,3.6029152870178223,0.863979160785675,0.0,0.0,0.0
lqr,0,1,17,45,0.34,6.151102066040039,-5.488955020904541,0.9895357489585876,0.030868837609887123,-0.013109198771417141,-0.00028009695233777165,0.03353825956583023,6.156947135925293,-5.4914374351501465,0.9926030039787292,0.0,0.0,0.0
lqr,1,1,19,45,0.38,5.702966213226318,6.056601524353027,0.5328074097633362,0.010133461095392704,0.015237261541187763,-0.0067366245202720165,0.019499827176332474,5.704885482788086,6.059487342834473,0.534652054309845,0.0,0.0,0.0
lqr,2,1,18,45,0.36,-3.2096502780914307,-4.308692455291748,0.8688914775848389,0.035195015370845795,0.013595600612461567,-0.002579081105068326,0.037817735224962234,-3.2029869556427,-4.306119441986084,0.871523380279541,0.0,0.0,0.0
lqr,3,1,21,45,0.42,-5.05284309387207,3.6049652099609375,0.8610629439353943,-0.0004116790369153023,-0.010830515064299107,-0.001077793538570404,0.010891793295741081,-5.052920341491699,3.6029152870178223,0.863979160785675,0.0,0.0,0.0
rl,0,1,18,46,0.36,5.010560989379883,-5.0250139236450195,0.4221087694168091,0.06578811258077621,0.023882975801825523,-0.9025018811225891,0.9052116274833679,6.156947135925293,-5.4914374351501465,0.9926030039787292,0.0,0.0,0.0
rl,1,1,20,46,0.4,5.0735859870910645,4.87691593170166,0.3963391184806824,0.23580169677734375,0.02524634078145027,-0.9131768941879272,0.9434680342674255,5.704885482788086,6.059487342834473,0.534652054309845,0.0,0.0,0.0
rl,2,1,19,46,0.38,-5.180089950561523,-4.948341369628906,0.5584136843681335,-0.2289939969778061,0.14136448502540588,-0.8117261528968811,0.8551734089851379,-3.2029869556427,-4.306119441986084,0.871523380279541,0.0,0.0,0.0
rl,3,1,22,46,0.44,-5.1787109375,4.907854080200195,0.2648698389530182,-0.11003239452838898,0.12061077356338501,-0.9946521520614624,1.0079618692398071,-5.052920341491699,3.6029152870178223,0.863979160785675,0.0,0.0,0.0
lqr,0,1,18,46,0.36,6.152656078338623,-5.489614009857178,0.9895216822624207,0.02266412228345871,-0.009625263512134552,-0.00020542374113574624,0.024624181911349297,6.156947135925293,-5.4914374351501465,0.9926030039787292,0.0,0.0,0.0
lqr,1,1,20,46,0.4,5.703476428985596,6.057368755340576,0.5324685573577881,0.007438591681420803,0.011190720833837986,-0.0049474420957267284,0.014319289475679398,5.704885482788086,6.059487342834473,0.534652054309845,0.0,0.0,0.0
lqr,2,1,19,46,0.38,-3.2078797817230225,-4.308008193969727,0.8687615990638733,0.02584635280072689,0.009978718124330044,-0.00189343118108809,0.027770375832915306,-3.2029869556427,-4.306119441986084,0.871523380279541,0.0,0.0,0.0
lqr,3,1,22,46,0.44,-5.052865505218506,3.6044204235076904,0.8610087037086487,-0.0002960454730782658,-0.007950510829687119,-0.0007910896092653275,0.00799525436013937,-5.052920341491699,3.6029152870178223,0.863979160785675,0.0,0.0,0.0
rl,0,1,19,47,0.38,5.01645565032959,-5.023521900177002,0.36760249733924866,0.1214853823184967,0.025606928393244743,-0.9126778244972229,0.9210837483406067,6.156947135925293,-5.4914374351501465,0.9926030039787292,0.0,0.0,0.0
rl,1,1,21,47,0.42,5.088503360748291,4.877956390380859,0.3419848680496216,0.2578493356704712,0.011667423881590366,-0.9007112383842468,0.9369648098945618,5.704885482788086,6.059487342834473,0.534652054309845,0.0,0.0,0.0
rl,2,1,20,47,0.4,-5.194056510925293,-4.941804885864258,0.5071960091590881,-0.2354932725429535,0.08574576675891876,-0.8835597038269043,0.9184155464172363,-3.2029869556427,-4.306119441986084,0.871523380279541,0.0,0.0,0.0
rl,3,1,23,47,0.46,-5.187257766723633,4.915712833404541,0.2029722034931183,-0.16554264724254608,0.13836650550365448,-1.0580322742462158,1.0798064470291138,-5.052920341491699,3.6029152870178223,0.863979160785675,0.0,0.0,0.0
lqr,0,1,19,47,0.38,6.153794288635254,-5.49009895324707,0.9895113706588745,0.016646036878228188,-0.007071718107908964,-0.00015132811677176505,0.01808653213083744,6.156947135925293,-5.4914374351501465,0.9926030039787292,0.0,0.0,0.0
lqr,1,1,21,47,0.42,5.703851222991943,6.057931423187256,0.532219648361206,0.005462909583002329,0.008217621594667435,-0.0036328386049717665,0.010515236295759678,5.704885482788086,6.059487342834473,0.534652054309845,0.0,0.0,0.0
lqr,2,1,20,47,0.4,-3.2065796852111816,-4.3075056076049805,0.8686664700508118,0.018979210406541824,0.0073257568292319775,-0.0013905600644648075,0.020391440019011497,-3.2029869556427,-4.306119441986084,0.871523380279541,0.0,0.0,0.0
lqr,3,1,23,47,0.46,-5.0528788566589355,3.604020118713379,0.8609691262245178,-0.0002165388286812231,-0.005834943149238825,-0.000581658910959959,0.005867859814316034,-5.052920341491699,3.6029152870178223,0.863979160785675,0.0,0.0,0.0
rl,0,1,20,48,0.4,5.024155616760254,-5.021973609924316,0.3126164972782135,0.13325650990009308,0.0259694866836071,-0.9191166162490845,0.929089367389679,6.156947135925293,-5.4914374351501465,0.9926030039787292,0.0,0.0,0.0
rl,1,1,22,48,0.44,5.104990005493164,4.880601406097412,0.28837859630584717,0.28692731261253357,0.06723333150148392,-0.888242244720459,0.9358535408973694,5.704885482788086,6.059487342834473,0.534652054309845,0.0,0.0,0.0
rl,2,1,21,48,0.42,-5.206514358520508,-4.934727191925049,0.4533783495426178,-0.18766993284225464,0.14095449447631836,-0.9065360426902771,0.936427116394043,-3.2029869556427,-4.306119441986084,0.871523380279541,0.0,0.0,0.0
rl,3,1,24,48,0.48,-5.196673393249512,4.923537731170654,0.13877864181995392,-0.15072019398212433,0.12472034990787506,-1.0783660411834717,1.0959676504135132,-5.052920341491699,3.6029152870178223,0.863979160785675,0.0,0.0,0.0
lqr,0,1,20,48,0.4,6.154631614685059,-5.49045467376709,0.9895039796829224,0.01222959067672491,-0.005191763862967491,-0.0001116305502364412,0.013286449946463108,6.156947135925293,-5.4914374351501465,0.9926030039787292,0.0,0.0,0.0
lqr,1,1,22,48,0.44,5.70412540435791,6.058343410491943,0.5320366024971008,0.004009739030152559,0.006039369385689497,-0.0026669069193303585,0.0077242725528776646,5.704885482788086,6.059487342834473,0.534652054309845,0.0,0.0,0.0
lqr,2,1,21,48,0.42,-3.2056238651275635,-4.307137489318848,0.8685964941978455,0.013935879804193974,0.005379378329962492,-0.001021230360493064,0.01497295405715704,-3.2029869556427,-4.306119441986084,0.871523380279541,0.0,0.0,0.0
lqr,3,1,24,48,0.48,-5.052889823913574,3.6037259101867676,0.8609396815299988,-0.00016034844156820327,-0.004281208850443363,-0.00042635839781723917,0.004305373411625624,-5.052920341491699,3.6029152870178223,0.863979160785675,0.0,0.0,0.0
rl,0,1,21,49,0.42,5.034099578857422,-5.021793842315674,0.2579056918621063,0.18896259367465973,-0.013409827835857868,-0.9066594243049622,0.9262386560440063,6.156947135925293,-5.4914374351501465,0.9926030039787292,0.0,0.0,0.0
rl,1,1,23,49,0.46,5.121209144592285,4.884145736694336,0.23335933685302734,0.25849273800849915,0.05321627855300903,-0.937515139579773,0.9739533066749573,5.704885482788086,6.059487342834473,0.534652054309845,0.0,0.0,0.0
rl,2,1,22,49,0.44,-5.2163896560668945,-4.926458358764648,0.3994224965572357,-0.1480802446603775,0.1355375051498413,-0.8940730690956116,0.9163322448730469,-3.2029869556427,-4.306119441986084,0.871523380279541,0.0,0.0,0.0
rl,3,2,0,49,0.0,-4.999908447265625,5.000223636627197,1.0000032186508179,0.006091494113206863,0.014924331568181515,0.000211265854886733,0.016120998188853264,-5.319042682647705,4.338464736938477,0.771704912185669,0.0,0.0,0.0
lqr,0,1,21,49,0.42,6.155246257781982,-5.490716457366943,0.9894984364509583,0.008982363156974316,-0.0038062322419136763,-8.250817336374894e-05,0.009755873121321201,6.156947135925293,-5.4914374351501465,0.9926030039787292,0.0,0.0,0.0
lqr,1,1,23,49,0.46,5.70432710647583,6.058647155761719,0.5319022536277771,0.0029439337085932493,0.0044397092424333096,-0.001957068219780922,0.0056751989759504795,5.704885482788086,6.059487342834473,0.534652054309845,0.0,0.0,0.0
lqr,2,1,22,49,0.44,-3.204923391342163,-4.3068671226501465,0.8685451149940491,0.010233192704617977,0.00395137770101428,-0.0007501901709474623,0.010995198972523212,-3.2029869556427,-4.306119441986084,0.871523380279541,0.0,0.0,0.0
lqr,3,2,0,49,0.0,-5.018309593200684,4.9620361328125,0.9867212772369385,-1.0957435369491577,-2.2720324993133545,-0.794714629650116,2.6446847915649414,-5.319042682647705,4.338464736938477,0.771704912185669,0.0,0.0,0.0
rl,0,1,22,50,0.44,5.046154975891113,-5.022225379943848,0.20005027949810028,0.2094532549381256,-0.0027427657041698694,-1.0053988695144653,1.0269883871078491,6.156947135925293,-5.4914374351501465,0.9926030039787292,0.0,0.0,0.0
rl,1,1,24,50,0.48,5.135870456695557,4.886153221130371,0.177544966340065,0.23433242738246918,0.01927860826253891,-0.9250405430793762,0.9544544816017151,5.704885482788086,6.059487342834473,0.534652054309845,0.0,0.0,0.0
rl,2,1,23,50,0.46,-5.224973201751709,-4.916380405426025,0.3430297374725342,-0.1394042670726776,0.19112113118171692,-0.9725950956344604,1.000950574874878,-3.2029869556427,-4.306119441986084,0.871523380279541,0.0,0.0,0.0
rl,3,2,1,50,0.02,-5.001489162445068,5.001731872558594,1.000012993812561,-0.049475349485874176,0.03240982070565224,0.00013517579645849764,0.059145793318748474,-5.319042682647705,4.338464736938477,0.771704912185669,0.0,0.0,0.0
lqr,0,1,22,50,0.44,6.155697822570801,-5.490906715393066,0.989494264125824,0.006595324259251356,-0.0028004003688693047,-6.046349517419003e-05,0.007165486458688974,6.156947135925293,-5.4914374351501465,0.9926030039787292,0.0,0.0,0.0
lqr,1,1,24,50,0.48,5.704473972320557,6.058869361877441,0.5318038463592529,0.0021699971985071898,0.0032630986534059048,-0.001436601858586073,0.004173790570348501,5.704885482788086,6.059487342834473,0.534652054309845,0.0,0.0,0.0
lqr,2,1,23,50,0.46,-3.204409122467041,-4.306668758392334,0.8685073852539062,0.007517082616686821,0.0028992663137614727,-0.0005508378962986171,0.008075623773038387,-3.2029869556427,-4.306119441986084,0.871523380279541,0.0,0.0,0.0
lqr,3,2,1,50,0.02,-5.0938191413879395,4.805467128753662,0.931950032711029,-1.17716383934021,-2.4408411979675293,-0.8538774847984314,2.841219186782837,-5.319042682647705,4.338464736938477,0.771704912185669,0.0,0.0,0.0
rl,0,1,23,51,0.46,5.057591438293457,-5.024087429046631,0.14016306400299072,0.17716491222381592,-0.051272206008434296,-0.9929215908050537,1.0099056959152222,6.156947135925293,-5.4914374351501465,0.9926030039787292,0.0,0.0,0.0
rl,1,1,25,51,0.5,5.15092658996582,4.888932704925537,0.12072136998176575,0.26279428601264954,0.06562953442335129,-0.9627875089645386,1.0001639127731323,5.704885482788086,6.059487342834473,0.534652054309845,0.0,0.0,0.0
rl,2,1,24,51,0.48,-5.2352800369262695,-4.902968406677246,0.2846980392932892,-0.19489121437072754,0.2466871589422226,-0.9719021320343018,1.021484613418579,-3.2029869556427,-4.306119441986084,0.871523380279541,0.0,0.0,0.0
rl,3,2,2,51,0.04,-5.004884719848633,5.001729965209961,0.9992811679840088,-0.06164785847067833,-0.023217247799038887,-0.02100398950278759,0.06914236396551132,-5.319042682647705,4.338464736938477,0.771704912185669,0.0,0.0,0.0
lqr,0,1,23,51,0.46,6.15602970123291,-5.491048336029053,0.9894914031028748,0.00484600942581892,-0.0020528521854430437,-4.5204687921795994e-05,0.005263084080070257,6.156947135925293,-5.4914374351501465,0.9926030039787292,0.0,0.0,0.0
lqr,1,1,25,51,0.5,5.7045817375183105,6.059032440185547,0.5317314863204956,0.001597634982317686,0.0024032953660935163,-0.001054771593771875,0.0030725898686796427,5.704885482788086,6.059487342834473,0.534652054309845,0.0,0.0,0.0
lqr,2,1,24,51,0.48,-3.204030752182007,-4.306524276733398,0.8684797883033752,0.005518673453480005,0.002133576665073633,-0.0004044586094096303,0.005930555984377861,-3.2029869556427,-4.306119441986084,0.871523380279541,0.0,0.0,0.0
lqr,3,2,2,51,0.04,-5.153543949127197,4.681626796722412,0.8886275291442871,-0.8737480640411377,-1.8117167949676514,-0.6337788105010986,2.1088929176330566,-5.319042682647705,4.338464736938477,0.771704912185669,0.0,0.0,0.0
rl,0,1,24,52,0.48,5.066985130310059,-5.026740550994873,0.0802229717373848,0.1418861448764801,-0.03916292265057564,-1.0033406019210815,1.0140798091888428,6.156947135925293,-5.4914374351501465,0.9926030039787292,0.0,0.0,0.0
rl,1,2,0,52,0.0,5.000131130218506,5.000089168548584,1.0000653266906738,0.0088046258315444,0.005925583187490702,0.004378513433039188,0.01148065086454153,5.082545280456543,3.304762125015259,0.7534325122833252,0.0,0.0,0.0
rl,2,1,25,52,0.5,-5.246673107147217,-4.887877464294434,0.22668933868408203,-0.1862393021583557,0.2549240291118622,-0.9631749987602234,1.0135962963104248,-3.2029869556427,-4.306119441986084,0.871523380279541,0.0,0.0,0.0
rl,3,2,3,52,0.06,-5.009955406188965,5.001888751983643,0.9945650696754456,-0.1008220762014389,0.021113913506269455,-0.1197298914194107,0.157943457365036,-5.319042682647705,4.338464736938477,0.771704912185669,0.0,0.0,0.0
lqr,0,1,24,52,0.48,6.156273365020752,-5.491152763366699,0.9894888997077942,0.0035575770307332277,-0.001501615857705474,-3.245224797865376e-05,0.0038616391830146313,6.156947135925293,-5.4914374351501465,0.9926030039787292,0.0,0.0,0.0
lqr,1,2,0,52,0.0,5.004735946655273,4.902712821960449,0.9856717586517334,0.28343477845191956,-5.822322845458984,-0.8574973940849304,5.891950607299805,5.082545280456543,3.304762125015259,0.7534325122833252,0.0,0.0,0.0
lqr,2,1,25,52,0.5,-3.2037532329559326,-4.306416988372803,0.8684594631195068,0.004053030628710985,0.0015658505726605654,-0.0002972171932924539,0.0043551442213356495,-3.2029869556427,-4.306119441986084,0.871523380279541,0.0,0.0,0.0
lqr,3,2,3,52,0.06,-5.197510242462158,4.590464115142822,0.8567371368408203,-0.6418572068214417,-1.3308963775634766,-0.46556833386421204,1.5491997003555298,-5.319042682647705,4.338464736938477,0.771704912185669,0.0,0.0,0.0
rl,0,2,0,53,0.0,4.999918460845947,-4.999706268310547,0.9995706081390381,-0.0053846705704927444,0.019630983471870422,-0.02861161157488823,0.035114020109176636,6.508790493011475,-4.440313816070557,1.0223524570465088,0.0,0.0,0.0
rl,1,2,1,53,0.02,4.99871301651001,5.001821041107178,0.9968726634979248,-0.04677567631006241,0.04526062682271004,-0.09434244781732559,0.11461668461561203,5.082545280456543,3.304762125015259,0.7534325122833252,0.0,0.0,0.0
rl,2,1,26,53,0.52,-5.255898475646973,-4.873485088348389,0.16752851009368896,-0.13052670657634735,0.22911867499351501,-1.0023319721221924,1.0364371538162231,-3.2029869556427,-4.306119441986084,0.871523380279541,0.0,0.0,0.0
rl,3,2,4,53,0.08,-5.015820026397705,5.0012102127075195,0.9839254021644592,-0.09549719840288162,-0.034515850245952606,-0.21847176551818848,0.24091693758964539,-5.319042682647705,4.338464736938477,0.771704912185669,0.0,0.0,0.0
lqr,0,2,0,53,0.0,5.086587429046631,-4.967881679534912,1.0011011362075806,5.181985855102539,1.922187328338623,0.06594405323266983,5.527398109436035,6.508790493011475,-4.440313816070557,1.0223524570465088,0.0,0.0,0.0
lqr,1,2,1,53,0.02,5.0242695808410645,4.501490116119385,0.9265769124031067,0.30456066131591797,-6.254822254180908,-0.9212839603424072,6.329638481140137,5.082545280456543,3.304762125015259,0.7534325122833252,0.0,0.0,0.0
lqr,2,1,26,53,0.52,-3.203549385070801,-4.306338310241699,0.8684443235397339,0.002977746305987239,0.0011516613885760307,-0.0002179886505473405,0.003200127510353923,-3.2029869556427,-4.306119441986084,0.871523380279541,0.0,0.0,0.0
lqr,3,2,4,53,0.08,-5.229797840118408,4.523513317108154,0.833317220211029,-0.47133955359458923,-0.977325439453125,-0.3418823182582855,1.1376333236694336,-5.319042682647705,4.338464736938477,0.771704912185669,0.0,0.0,0.0
rl,0,2,1,54,0.02,4.997737884521484,-4.998482704162598,0.9943954348564148,-0.05776939541101456,0.021404655650258064,-0.12733511626720428,0.14145562052726746,6.508790493011475,-4.440313816070557,1.0223524570465088,0.0,0.0,0.0
rl,1,2,2,54,0.04,4.993963241577148,5.002708435058594,0.9887195229530334,-0.10228338837623596,-0.006985368672758341,-0.16555042564868927,0.19472450017929077,5.082545280456543,3.304762125015259,0.7534325122833252,0.0,0.0,0.0
rl,2,1,27,54,0.54,-5.262330055236816,-4.857793807983398,0.10703369230031967,-0.09050768613815308,0.28470712900161743,-1.0124726295471191,1.0556280612945557,-3.2029869556427,-4.306119441986084,0.871523380279541,0.0,0.0,0.0
rl,3,2,5,54,0.1,-5.020709037780762,4.9972920417785645,0.9712532758712769,-0.07141268998384476,-0.08727455139160156,-0.20600660145282745,0.23485173285007477,-5.319042682647705,4.338464736938477,0.771704912185669,0.0,0.0,0.0
lqr,0,2,1,54,0.02,5.443681240081787,-4.835417747497559,1.0056548118591309,5.566888809204102,2.065054416656494,0.07101394236087799,5.937991619110107,6.508790493011475,-4.440313816070557,1.0223524570465088,0.0,0.0,0.0
lqr,1,2,2,54,0.04,5.039721965789795,4.184142112731934,0.879833996295929,0.22608110308647156,-4.64265251159668,-0.6838201880455017,4.698185443878174,5.082545280456543,3.304762125015259,0.7534325122833252,0.0,0.0,0.0
lqr,2,1,27,54,0.54,-3.203399419784546,-4.306280136108398,0.86843341588974,0.002182748168706894,0.0008436308125965297,-0.00016048821271397173,0.0023456041235476732,-3.2029869556427,-4.306119441986084,0.871523380279541,0.0,0.0,0.0
lqr,3,2,5,54,0.1,-5.253508567810059,4.4743499755859375,0.8161194324493408,-0.34611570835113525,-0.7176740169525146,-0.2510530948638916,0.8353919982910156,-5.319042682647705,4.338464736938477,0.771704912185669,0.0,0.0,0.0
rl,0,2,2,55,0.04,4.993738174438477,-4.997718811035156,0.9860546588897705,-0.07276231795549393,0.006684949155896902,-0.1473352313041687,0.16445885598659515,6.508790493011475,-4.440313816070557,1.0223524570465088,0.0,0.0,0.0
rl,1,2,3,55,0.06,4.988576889038086,5.001354694366455,0.9757252335548401,-0.08083467930555344,-0.03363855555653572,-0.2530246675014496,0.2677448093891144,5.082545280456543,3.304762125015259,0.7534325122833252,0.0,0.0,0.0
rl,2,2,0,55,0.0,-5.000349998474121,-4.999704360961914,0.9997186660766602,-0.02334670163691044,0.01977408491075039,-0.018753884360194206,0.03588580712676048,-5.057204246520996,-4.141563415527344,1.444115161895752,0.0,0.0,0.0
rl,3,2,6,55,0.12,-5.024609565734863,4.991422653198242,0.9588382840156555,-0.06042995676398277,-0.10536215454339981,-0.2075643688440323,0.24049101769924164,-5.319042682647705,4.338464736938477,0.771704912185669,0.0,0.0,0.0
lqr,0,2,2,55,0.04,5.726128578186035,-4.730642795562744,1.0092569589614868,4.132040500640869,1.5327913761138916,0.05268438532948494,4.407491683959961,6.508790493011475,-4.440313816070557,1.0223524570465088,0.0,0.0,0.0
lqr,1,2,3,55,0.06,5.051097869873047,3.950528860092163,0.845425546169281,0.1660854071378708,-3.410512924194336,-0.5023306608200073,3.4513068199157715,5.082545280456543,3.304762125015259,0.7534325122833252,0.0,0.0,0.0
lqr,2,2,0,55,0.0,-5.0032830238342285,-4.950734615325928,1.0253056287765503,-0.1965039223432541,2.948301076889038,1.5144941806793213,3.320359230041504,-5.057204246520996,-4.141563415527344,1.444115161895752,0.0,0.0,0.0
lqr,3,2,6,55,0.12,-5.270918369293213,4.438249111175537,0.8034909963607788,-0.25416484475135803,-0.527011513710022,-0.184355691075325,0.6134557127952576,-5.319042682647705,4.338464736938477,0.771704912185669,0.0,0.0,0.0
rl,0,2,3,56,0.06,4.988717555999756,-4.999257564544678,0.9765818119049072,-0.0913587361574173,-0.04869810491800308,-0.16540025174617767,0.19512858986854553,6.508790493011475,-4.440313816070557,1.0223524570465088,0.0,0.0,0.0
rl,1,2,4,56,0.08,4.981783866882324,4.998921871185303,0.9588644504547119,-0.1363387107849121,-0.0455198734998703,-0.3009962737560272,0.3335551917552948,5.082545280456543,3.304762125015259,0.7534325122833252,0.0,0.0,0.0
rl,2,2,1,56,0.02,-5.00144624710083,-4.998815059661865,0.9990302324295044,-0.01464536227285862,0.011276030912995338,-0.006279208231717348,0.01952085830271244,-5.057204246520996,-4.141563415527344,1.444115161895752,0.0,0.0,0.0
rl,3,2,7,56,0.14,-5.028997898101807,4.987046718597412,0.9468209743499756,-0.08216960728168488,-0.04978278651833534,-0.1950848400592804,0.21745865046977997,-5.319042682647705,4.338464736938477,0.771704912185669,0.0,0.0,0.0
lqr,0,2,3,56,0.06,5.934046745300293,-4.653515338897705,1.0119075775146484,3.035421371459961,1.1259965896606445,0.038688261061906815,3.2377688884735107,6.508790493011475,-4.440313816070557,1.0223524570465088,0.0,0.0,0.0
lqr,1,2,4,56,0.08,5.059453010559082,3.7789664268493652,0.820156455039978,0.1219649463891983,-2.5044798851013184,-0.3688792288303375,2.5344362258911133,5.082545280456543,3.304762125015259,0.7534325122833252,0.0,0.0,0.0
lqr,2,2,1,56,0.02,-5.01682186126709,-4.747565269470215,1.1296794414520264,-0.21105195581912994,3.1673197746276855,1.6271641254425049,3.5670886039733887,-5.057204246520996,-4.141563415527344,1.444115161895752,0.0,0.0,0.0
lqr,3,2,7,56,0.14,-5.283703804016113,4.411739826202393,0.7942172884941101,-0.18664079904556274,-0.386995792388916,-0.13537771999835968,0.45047491788864136,-5.319042682647705,4.338464736938477,0.771704912185669,0.0,0.0,0.0
rl,0,2,4,57,0.08,4.983149528503418,-5.003238677978516,0.9636132121086121,-0.09375259280204773,-0.07892293483018875,-0.25239303708076477,0.28057196736335754,6.508790493011475,-4.440313816070557,1.0223524570465088,0.0,0.0,0.0
rl,1,2,5,57,0.1,4.975162029266357,4.99424409866333,0.9393500089645386,-0.09180057048797607,-0.10113049298524857,-0.3425613343715668,0.3687858283519745,5.082545280456543,3.304762125015259,0.7534325122833252,0.0,0.0,0.0
rl,2,2,2,57,0.04,-5.004037857055664,-4.997621536254883,0.9977866411209106,-0.06349540501832962,0.026047825813293457,-0.031038381159305573,0.07532288134098053,-5.057204246520996,-4.141563415527344,1.444115161895752,0.0,0.0,0.0
rl,3,2,8,57,0.16,-5.0351128578186035,4.982898712158203,0.9316600561141968,-0.11600971966981888,-0.08300305902957916,-0.2938171923160553,0.3266133964061737,-5.319042682647705,4.338464736938477,0.771704912185669,0.0,0.0,0.0
lqr,0,2,4,57,0.08,6.086741924285889,-4.596872329711914,1.0138537883758545,2.229034423828125,0.8268624544143677,0.028405433520674706,2.3776254653930664,6.508790493011475,-4.440313816070557,1.0223524570465088,0.0,0.0,0.0
lqr,1,2,5,57,0.1,5.065587520599365,3.652982711791992,0.8016005158424377,0.0895630493760109,-1.8391112089157104,-0.27087727189064026,1.8611087799072266,5.082545280456543,3.304762125015259,0.7534325122833252,0.0,0.0,0.0
lqr,2,2,2,57,0.04,-5.027530670166016,-4.58686637878418,1.2122361660003662,-0.15665499866008759,2.3509507179260254,1.2077479362487793,2.647671699523926,-5.057204246520996,-4.141563415527344,1.444115161895752,0.0,0.0,0.0
lqr,3,2,8,57,0.16,-5.293092727661133,4.39227294921875,0.787407398223877,-0.13705354928970337,-0.28418654203414917,-0.09941156953573227,0.33079952001571655,-5.319042682647705,4.338464736938477,0.771704912185669,0.0,0.0,0.0
rl,0,2,5,58,0.1,4.975579261779785,-5.006764888763428,0.945953369140625,-0.14923138916492462,-0.04439566656947136,-0.32428082823753357,0.35972076654434204,6.508790493011475,-4.440313816070557,1.0223524570465088,0.0,0.0,0.0
rl,1,2,6,58,0.12,4.971602916717529,4.986230373382568,0.9192326068878174,-0.0361018031835556,-0.15672893822193146,-0.3301001787185669,0.3671967089176178,5.082545280456543,3.304762125015259,0.7534325122833252,0.0,0.0,0.0
rl,2,2,3,58,0.06,-5.009791374206543,-4.998004913330078,0.9954750537872314,-0.11897297948598862,-0.029560403898358345,-0.04387498274445534,0.13020522892475128,-5.057204246520996,-4.141563415527344,1.444115161895752,0.0,0.0,0.0
rl,3,2,9,58,0.18,-5.043778896331787,4.978785514831543,0.9112502336502075,-0.1646699458360672,-0.05822976306080818,-0.37325894832611084,0.4121032953262329,-5.319042682647705,4.338464736938477,0.771704912185669,0.0,0.0,0.0
lqr,0,2,5,58,0.1,6.198869228363037,-4.555278778076172,1.015282392501831,1.6368485689163208,0.607189953327179,0.020858705043792725,1.7459633350372314,6.508790493011475,-4.440313816070557,1.0223524570465088,0.0,0.0,0.0
lqr,1,2,6,58,0.12,5.07009220123291,3.560468912124634,0.7879747152328491,0.06577473133802414,-1.3505035638809204,-0.1989123523235321,1.3666573762893677,5.082545280456543,3.304762125015259,0.7534325122833252,0.0,0.0,0.0
lqr,2,2,3,58,0.06,-5.03541374206543,-4.468569278717041,1.2730077505111694,-0.11508240550756454,1.7270193099975586,0.8872055411338806,1.9449867010116577,-5.057204246520996,-4.141563415527344,1.444115161895752,0.0,0.0,0.0
lqr,3,2,9,58,0.18,-5.299987316131592,4.3779778480529785,0.7824068665504456,-0.10064022988080978,-0.2086862027645111,-0.07300081104040146,0.2429146021604538,-5.319042682647705,4.338464736938477,0.771704912185669,0.0,0.0,0.0
rl,0,2,6,59,0.12,4.9651970863342285,-5.0104241371154785,0.9242815971374512,-0.19002103805541992,-0.07283646613359451,-0.3875538110733032,0.43773403763771057,6.508790493011475,-4.440313816070557,1.0223524570465088,0.0,0.0,0.0
rl,1,2,7,59,0.14,4.96903657913208,4.974878787994385,0.8962568640708923,-0.04753517732024193,-0.21232563257217407,-0.42066293954849243,0.4736022353172302,5.082545280456543,3.304762125015259,0.7534325122833252,0.0,0.0,0.0
rl,2,2,4,59,0.08,-5.016516208648682,-4.998541831970215,0.9911002516746521,-0.1071094200015068,0.0057810647413134575,-0.09365533292293549,0.1423979252576828,-5.057204246520996,-4.141563415527344,1.444115161895752,0.0,0.0,0.0
rl,3,2,10,59,0.2,-5.05560302734375,4.973344802856445,0.8856931328773499,-0.22016382217407227,-0.1138574555516243,-0.4635794162750244,0.5256819128990173,-5.319042682647705,4.338464736938477,0.771704912185669,0.0,0.0,0.0
lqr,0,2,6,59,0.12,6.281206130981445,-4.524735450744629,1.0163315534591675,1.2019813060760498,0.44587257504463196,0.015317283570766449,1.2821060419082642,6.508790493011475,-4.440313816070557,1.0223524570465088,0.0,0.0,0.0
lqr,1,2,7,59,0.14,5.073400497436523,3.4925343990325928,0.7779691219329834,0.048305146396160126,-0.9917076230049133,-0.14606799185276031,1.003570318222046,5.082545280456543,3.304762125015259,0.7534325122833252,0.0,0.0,0.0
lqr,2,2,4,59,0.08,-5.041203498840332,-4.381691932678223,1.317637324333191,-0.08451144397258759,1.2682172060012817,0.6515077948570251,1.4282784461975098,-5.057204246520996,-4.141563415527344,1.444115161895752,0.0,0.0,0.0
lqr,3,2,10,59,0.2,-5.305048942565918,4.367481231689453,0.7787346243858337,-0.0739060640335083,-0.15324921905994415,-0.05360667034983635,0.1783847063779831,-5.319042682647705,4.338464736938477,0.771704912185669,0.0,0.0,0.0
rl,0,2,7,60,0.14,4.953128814697266,-5.012848377227783,0.8997737169265747,-0.20903438329696655,-0.017247522249817848,-0.42340007424354553,0.47250446677207947,6.508790493011475,-4.440313816070557,1.0223524570465088,0.0,0.0,0.0
rl,1,2,8,60,0.16,4.965736389160156,4.9601922035217285,0.8711966276168823,-0.06029732525348663,-0.26791810989379883,-0.4155327081680298,0.4980796277523041,5.082545280456543,3.304762125015259,0.7534325122833252,0.0,0.0,0.0
rl,2,2,5,60,0.1,-5.023712635040283,-4.996249198913574,0.983354926109314,-0.12904176115989685,0.06136540696024895,-0.15438337624073029,0.21036092936992645,-5.057204246520996,-4.141563415527344,1.444115161895752,0.0,0.0,0.0
rl,3,2,11,60,0.22,-5.0669355392456055,4.96593713760376,0.8571103811264038,-0.1664961725473404,-0.1303371638059616,-0.4855257272720337,0.5295696258544922,-5.319042682647705,4.338464736938477,0.771704912185669,0.0,0.0,0.0
lqr,0,2,7,60,0.14,6.341671466827393,-4.502307415008545,1.017101764678955,0.8826391100883484,0.3274177312850952,0.011249862611293793,0.94147789478302,6.508790493011475,-4.440313816070557,1.0223524570465088,0.0,0.0,0.0
lqr,1,2,8,60,0.16,5.07582950592041,3.44264817237854,0.7706210613250732,0.03547840565443039,-0.728236734867096,-0.10726086795330048,0.7369480133056641,5.082545280456543,3.304762125015259,0.7534325122833252,0.0,0.0,0.0
lqr,2,2,5,60,0.1,-5.045454502105713,-4.317895889282227,1.3504103422164917,-0.0620630644261837,0.9312840700149536,0.47841984033584595,1.0488219261169434,-5.057204246520996,-4.141563415527344,1.444115161895752,0.0,0.0,0.0
lqr,3,2,11,60,0.22,-5.308765888214111,4.359771251678467,0.7760379910469055,-0.05427737161517143,-0.11253322660923004,-0.03936446085572243,0.13099358975887299,-5.319042682647705,4.338464736938477,0.771704912185669,0.0,0.0,0.0
rl,0,2,8,61,0.16,4.941702842712402,-5.015830993652344,0.8740400671958923,-0.17711082100868225,-0.07288099825382233,-0.43282246589660645,0.47330242395401,6.508790493011475,-4.440313816070557,1.0223524570465088,0.0,0.0,0.0
rl,1,2,9,61,0.18,4.9633049964904785,4.94602108001709,0.8467010855674744,-0.026346350088715553,-0.21353375911712646,-0.4030689299106598,0.4568975269794464,5.082545280456543,3.304762125015259,0.7534325122833252,0.0,0.0,0.0
rl,2,2,6,61,0.12,-5.031102180480957,-4.991508483886719,0.9735147953033447,-0.11889611929655075,0.09165757894515991,-0.1708737164735794,0.2274537831544876,-5.057204246520996,-4.141563415527344,1.444115161895752,0.0,0.0,0.0
rl,3,2,12,61,0.24,-5.077590465545654,4.956303596496582,0.8266116976737976,-0.18547189235687256,-0.1821485012769699,-0.5245833396911621,0.5854618549346924,-5.319042682647705,4.338464736938477,0.771704912185669,0.0,0.0,0.0
lqr,0,2,8,61,0.16,6.386069297790527,-4.485837459564209,1.0176676511764526,0.6481505632400513,0.24043571949005127,0.008261160925030708,0.6913586258888245,6.508790493011475,-4.440313816070557,1.0223524570465088,0.0,0.0,0.0
lqr,1,2,9,61,0.18,5.077614784240723,3.406015396118164,0.7652254700660706,0.026053206995129585,-0.534763514995575,-0.07876354455947876,0.5411603450775146,5.082545280456543,3.304762125015259,0.7534325122833252,0.0,0.0,0.0
lqr,2,2,6,61,0.12,-5.048576831817627,-4.2710490226745605,1.3744765520095825,-0.045578159391880035,0.6838659048080444,0.3513156473636627,0.7701770663261414,-5.057204246520996,-4.141563415527344,1.444115161895752,0.0,0.0,0.0
lqr,3,2,12,61,0.24,-5.311495304107666,4.3541107177734375,0.7740576863288879,-0.03985640034079552,-0.08263140916824341,-0.028906218707561493,0.09618759155273438,-5.319042682647705,4.338464736938477,0.771704912185669,0.0,0.0,0.0
rl,0,2,9,62,0.18,4.932024955749512,-5.021086692810059,0.8485071659088135,-0.1499653160572052,-0.09808437526226044,-0.4203583598136902,0.45695874094963074,6.508790493011475,-4.440313816070557,1.0223524570465088,0.0,0.0,0.0
rl,1,2,10,62,0.2,4.959780216217041,4.932981491088867,0.8229535222053528,-0.08182621002197266,-0.22006137669086456,-0.3905845582485199,0.45571795105934143,5.082545280456543,3.304762125015259,0.7534325122833252,0.0,0.0,0.0
rl,2,2,7,62,0.14,-5.039793491363525,-4.986996650695801,0.9625622630119324,-0.16331149637699127,0.06339973211288452,-0.1908762902021408,0.2590828537940979,-5.057204246520996,-4.141563415527344,1.444115161895752,0.0,0.0,0.0
rl,3,2,13,62,0.26,-5.089190483093262,4.943429470062256,0.795573353767395,-0.19882820546627045,-0.23775523900985718,-0.51211017370224,0.598595917224884,-5.319042682647705,4.338464736938477,0.771704912185669,0.0,0.0,0.0
lqr,0,2,9,62,0.18,6.418673515319824,-4.473743438720703,1.0180833339691162,0.4759569764137268,0.17656062543392181,0.006066868081688881,0.5076864361763,6.508790493011475,-4.440313816070557,1.0223524570465088,0.0,0.0,0.0
lqr,1,2,10,62,0.2,5.078925132751465,3.3791143894195557,0.761263370513916,0.019133271649479866,-0.3926934599876404,-0.05783809348940849,0.39739084243774414,5.082545280456543,3.304762125015259,0.7534325122833252,0.0,0.0,0.0
lqr,2,2,7,62,0.14,-5.050869941711426,-4.236648082733154,1.3921483755111694,-0.03346772864460945,0.502183735370636,0.25798073410987854,0.5655640363693237,-5.057204246520996,-4.141563415527344,1.444115161895752,0.0,0.0,0.0
lqr,3,2,13,62,0.26,-5.31350040435791,4.349954605102539,0.7726036906242371,-0.029269928112626076,-0.06068205088376999,-0.021226324141025543,0.07063707709312439,-5.319042682647705,4.338464736938477,0.771704912185669,0.0,0.0,0.0
rl,0,2,10,63,0.2,4.921416282653809,-5.0250244140625,0.8237226009368896,-0.19587725400924683,-0.04249773547053337,-0.4078715443611145,0.45445919036865234,6.508790493011475,-4.440313816070557,1.0223524570465088,0.0,0.0,0.0
rl,1,2,11,63,0.22,4.954558372497559,4.917830944061279,0.7990151047706604,-0.09075041115283966,-0.2756803333759308,-0.4049625098705292,0.49822676181793213,5.082545280456543,3.304762125015259,0.7534325122833252,0.0,0.0,0.0
rl,2,2,8,63,0.16,-5.04948616027832,-4.98372745513916,0.9508137702941895,-0.16024821996688843,0.04807300120592117,-0.1993270218372345,0.2602340579032898,-5.057204246520996,-4.141563415527344,1.444115161895752,0.0,0.0,0.0
rl,3,2,14,63,0.28,-5.100815773010254,4.931112766265869,0.7645283937454224,-0.1901092827320099,-0.1821620762348175,-0.5212054252624512,0.5839346051216125,-5.319042682647705,4.338464736938477,0.771704912185669,0.0,0.0,0.0
lqr,0,2,10,63,0.2,6.442615985870361,-4.464863300323486,1.0183887481689453,0.3495045006275177,0.12965595722198486,0.004453920293599367,0.3728054463863373,6.508790493011475,-4.440313816070557,1.0223524570465088,0.0,0.0,0.0
lqr,1,2,11,63,0.22,5.079887866973877,3.359360933303833,0.7583540081977844,0.014052243903279305,-0.28836485743522644,-0.04247216880321503,0.291814386844635,5.082545280456543,3.304762125015259,0.7534325122833252,0.0,0.0,0.0
lqr,2,2,8,63,0.16,-5.052554130554199,-4.211386680603027,1.4051262140274048,-0.024577617645263672,0.36876773834228516,0.18944062292575836,0.4153088629245758,-5.057204246520996,-4.141563415527344,1.444115161895752,0.0,0.0,0.0
lqr,3,2,14,63,0.28,-5.3149733543396,4.346902370452881,0.7715359330177307,-0.02149309031665325,-0.044561684131622314,-0.015586994588375092,0.05187148600816727,-5.319042682647705,4.338464736938477,0.771704912185669,0.0,0.0,0.0
rl,0,2,11,64,0.22,4.911458969116211,-5.025865077972412,0.798603355884552,-0.14450709521770477,0.0063165356405079365,-0.42635101079940796,0.4502192735671997,6.508790493011475,-4.440313816070557,1.0223524570465088,0.0,0.0,0.0
rl,1,2,12,64,0.24,4.949416160583496,4.899343490600586,0.7730489373207092,-0.08210013061761856,-0.33128055930137634,-0.4526347219944,0.5668910145759583,5.082545280456543,3.304762125015259,0.7534325122833252,0.0,0.0,0.0
rl,2,2,9,64,0.18,-5.059886455535889,-4.982789993286133,0.9365646839141846,-0.18263733386993408,-0.007526027504354715,-0.2647385001182556,0.321713387966156,-5.057204246520996,-4.141563415527344,1.444115161895752,0.0,0.0,0.0
rl,3,2,15,64,0.3,-5.112627983093262,4.919193267822266,0.7325785160064697,-0.2016342729330063,-0.2104504555463791,-0.5405691862106323,0.6141341924667358,-5.319042682647705,4.338464736938477,0.771704912185669,0.0,0.0,0.0
lqr,0,2,11,64,0.22,6.460196495056152,-4.458339691162109,1.0186127424240112,0.2566450536251068,0.09520557522773743,0.0032712980173528194,0.27375441789627075,6.508790493011475,-4.440313816070557,1.0223524570465088,0.0,0.0,0.0
lqr,1,2,12,64,0.24,5.080594539642334,3.344855546951294,0.7562176585197449,0.010312995873391628,-0.21175801753997803,-0.031189145520329475,0.21429087221622467,5.082545280456543,3.304762125015259,0.7534325122833252,0.0,0.0,0.0
lqr,2,2,9,64,0.18,-5.0537896156311035,-4.192835807800293,1.4146556854248047,-0.018047312274575233,0.27079668641090393,0.13910984992980957,0.3049722909927368,-5.057204246520996,-4.141563415527344,1.444115161895752,0.0,0.0,0.0
lqr,3,2,15,64,0.3,-5.316053867340088,4.344658851623535,0.7707517743110657,-0.0157817043364048,-0.03271510452032089,-0.01144529040902853,0.038083262741565704,-5.319042682647705,4.338464736938477,0.771704912185669,0.0,0.0,0.0
rl,0,2,12,65,0.24,4.900845527648926,-5.023540496826172,0.770084023475647,-0.20000511407852173,0.06187999248504639,-0.5102949738502502,0.5515723824501038,6.508790493011475,-4.440313816070557,1.0223524570465088,0.0,0.0,0.0
rl,1,2,13,65,0.26,4.942545413970947,4.879331111907959,0.742734432220459,-0.13760443031787872,-0.3351423740386963,-0.5428085327148438,0.6526074409484863,5.082545280456543,3.304762125015259,0.7534325122833252,0.0,0.0,0.0
rl,2,2,10,65,0.2,-5.072789669036865,-4.984304904937744,0.9176711440086365,-0.2381448894739151,-0.03791200742125511,-0.3507101833820343,0.42561477422714233,-5.057204246520996,-4.141563415527344,1.444115161895752,0.0,0.0,0.0
rl,3,2,16,65,0.32,-5.123016834259033,4.906850337982178,0.700580358505249,-0.15276730060577393,-0.2023676335811615,-0.5281102061271667,0.5858249664306641,-5.319042682647705,4.338464736938477,0.771704912185669,0.0,0.0,0.0
lqr,0,2,12,65,0.24,6.473105430603027,-4.453549861907959,1.0187768936157227,0.18846838176250458,0.06990581005811691,0.0024039000272750854,0.2010296732187271,6.508790493011475,-4.440313816070557,1.0223524570465088,0.0,0.0,0.0
lqr,1,2,13,65,0.26,5.081114292144775,3.3342032432556152,0.7546485662460327,0.007570470683276653,-0.15550212562084198,-0.02290261536836624,0.15736185014247894,5.082545280456543,3.304762125015259,0.7534325122833252,0.0,0.0,0.0
lqr,2,2,10,65,0.2,-5.0546979904174805,-4.179214000701904,1.4216535091400146,-0.013250326737761497,0.19885732233524323,0.10215169936418533,0.22395262122154236,-5.057204246520996,-4.141563415527344,1.444115161895752,0.0,0.0,0.0
lqr,3,2,16,65,0.32,-5.316847801208496,4.343013286590576,0.7701758146286011,-0.011588073335587978,-0.024022990837693214,-0.008404135704040527,0.02796456776559353,-5.319042682647705,4.338464736938477,0.771704912185669,0.0,0.0,0.0
rl,0,2,13,66,0.26,4.88809061050415,-5.017882823944092,0.737605631351471,-0.22155065834522247,0.1174381896853447,-0.5634520649909973,0.6167289614677429,6.508790493011475,-4.440313816070557,1.0223524570465088,0.0,0.0,0.0
rl,1,2,14,66,0.28,4.932345390319824,4.85964298248291,0.7076008915901184,-0.1930919736623764,-0.32316139340400696,-0.6160872578620911,0.7219981551170349,5.082545280456543,3.304762125015259,0.7534325122833252,0.0,0.0,0.0
rl,2,2,11,66,0.22,-5.088322162628174,-4.98732328414917,0.8952574133872986,-0.2736363410949707,-0.059142887592315674,-0.3898884952068329,0.4799872636795044,-5.057204246520996,-4.141563415527344,1.444115161895752,0.0,0.0,0.0
rl,3,2,17,66,0.34,-5.1303582191467285,4.896186828613281,0.6683474183082581,-0.10061710327863693,-0.16013383865356445,-0.5437248945236206,0.5756765007972717,-5.319042682647705,4.338464736938477,0.771704912185669,0.0,0.0,0.0
lqr,0,2,13,66,0.26,6.482585430145264,-4.450034141540527,1.0188978910446167,0.1384008377790451,0.05133514478802681,0.001765855704434216,0.14762522280216217,6.508790493011475,-4.440313816070557,1.0223524570465088,0.0,0.0,0.0
lqr,1,2,14,66,0.28,5.081493854522705,3.3263816833496094,0.7534964680671692,0.005555310286581516,-0.11419246345758438,-0.01681755669414997,0.11555781960487366,5.082545280456543,3.304762125015259,0.7534325122833252,0.0,0.0,0.0
lqr,2,2,11,66,0.22,-5.055365085601807,-4.169211387634277,1.4267916679382324,-0.009723762981593609,0.14603085815906525,0.07501397281885147,0.16445867717266083,-5.057204246520996,-4.141563415527344,1.444115161895752,0.0,0.0,0.0
lqr,3,2,17,66,0.34,-5.317431926727295,4.3418049812316895,0.7697532176971436,-0.008512468077242374,-0.017640462145209312,-0.00617180997505784,0.020536290481686592,-5.319042682647705,4.338464736938477,0.771704912185669,0.0,0.0,0.0
rl,0,2,14,67,0.28,4.8748297691345215,-5.0101118087768555,0.702934205532074,-0.22062113881111145,0.13814055919647217,-0.5881454348564148,0.6431730389595032,6.508790493011475,-4.440313816070557,1.0223524570465088,0.0,0.0,0.0
rl,1,2,15,67,0.3,4.922708034515381,4.841009140014648,0.6671794652938843,-0.137388214468956,-0.30155977606773376,-0.7148374319076538,0.7879126667976379,5.082545280456543,3.304762125015259,0.7534325122833252,0.0,0.0,0.0
rl,2,2,12,67,0.24,-5.104441165924072,-4.990780353546143,0.8689559698104858,-0.2650373578071594,-0.05649286136031151,-0.4729771018028259,0.5451087951660156,-5.057204246520996,-4.141563415527344,1.444115161895752,0.0,0.0,0.0
rl,3,2,18,67,0.36,-5.136641979217529,4.884631633758545,0.6343651413917542,-0.10761010646820068,-0.21577270328998566,-0.5825521349906921,0.6304798126220703,-5.319042682647705,4.338464736938477,0.771704912185669,0.0,0.0,0.0
lqr,0,2,14,67,0.28,6.489548683166504,-4.447452545166016,1.0189868211746216,0.10162786394357681,0.03770057111978531,0.001295552123337984,0.10840310901403427,6.508790493011475,-4.440313816070557,1.0223524570465088,0.0,0.0,0.0
lqr,1,2,15,67,0.3,5.081773281097412,3.320638656616211,0.7526504397392273,0.004076626617461443,-0.08386092633008957,-0.012349441647529602,0.0848633199930191,5.082545280456543,3.304762125015259,0.7534325122833252,0.0,0.0,0.0
lqr,2,2,12,67,0.24,-5.055854797363281,-4.161865234375,1.4305648803710938,-0.007135075982660055,0.10723721981048584,0.05508577823638916,0.12076909095048904,-5.057204246520996,-4.141563415527344,1.444115161895752,0.0,0.0,0.0
lqr,3,2,18,67,0.36,-5.317859649658203,4.340917587280273,0.7694427371025085,-0.006247482728213072,-0.01295466162264347,-0.004532351158559322,0.015079672448337078,-5.319042682647705,4.338464736938477,0.771704912185669,0.0,0.0,0.0
rl,0,2,15,68,0.3,4.86350154876709,-5.0023298263549805,0.6641894578933716,-0.1660531759262085,0.12367158383131027,-0.6868969798088074,0.7174230217933655,6.508790493011475,-4.440313816070557,1.0223524570465088,0.0,0.0,0.0
rl,1,2,16,68,0.32,4.914000988006592,4.822210311889648,0.6223418712615967,-0.1505921632051468,-0.3217553198337555,-0.7704740166664124,0.8484306931495667,5.082545280456543,3.304762125015259,0.7534325122833252,0.0,0.0,0.0
rl,2,2,13,68,0.26,-5.122220039367676,-4.993841171264648,0.8410140872001648,-0.3186131417751312,-0.04705410823225975,-0.4604942500591278,0.5619460940361023,-5.057204246520996,-4.141563415527344,1.444115161895752,0.0,0.0,0.0
rl,3,2,19,68,0.38,-5.143518924713135,4.871200084686279,0.598141610622406,-0.11959026753902435,-0.22964845597743988,-0.6188483238220215,0.6708304286003113,-5.319042682647705,4.338464736938477,0.771704912185669,0.0,0.0,0.0
lqr,0,2,15,68,0.3,6.494661808013916,-4.445557117462158,1.0190519094467163,0.07462479919195175,0.02769143506884575,0.0009521829197183251,0.07960265874862671,6.508790493011475,-4.440313816070557,1.0223524570465088,0.0,0.0,0.0
lqr,1,2,16,68,0.32,5.081976890563965,3.316420078277588,0.7520291805267334,0.0029999399557709694,-0.061584215611219406,-0.009068104438483715,0.06232050806283951,5.082545280456543,3.304762125015259,0.7534325122833252,0.0,0.0,0.0
lqr,2,2,13,68,0.26,-5.05621337890625,-4.156469345092773,1.433335781097412,-0.005236653611063957,0.07874338328838348,0.04045085236430168,0.08868040889501572,-5.057204246520996,-4.141563415527344,1.444115161895752,0.0,0.0,0.0
lqr,3,2,19,68,0.38,-5.318173408508301,4.340265274047852,0.7692148089408875,-0.004592141602188349,-0.009511180222034454,-0.003328109858557582,0.011073690839111805,-5.319042682647705,4.338464736938477,0.771704912185669,0.0,0.0,0.0
rl,0,2,16,69,0.32,4.852446556091309,-4.995708465576172,0.6195200085639954,-0.19719243049621582,0.10086452960968018,-0.7856256365776062,0.816251277923584,6.508790493011475,-4.440313816070557,1.0223524570465088,0.0,0.0,0.0
rl,1,2,17,69,0.34,4.906414985656738,4.8048505783081055,0.5765497088432312,-0.10914590954780579,-0.26617154479026794,-0.7580094933509827,0.8107641339302063,5.082545280456543,3.304762125015259,0.7534325122833252,0.0,0.0,0.0
rl,2,2,14,69,0.28,-5.140787124633789,-4.996298313140869,0.8121305704116821,-0.30288344621658325,-0.0366065613925457,-0.49631962180137634,0.5825904011726379,-5.057204246520996,-4.141563415527344,1.444115161895752,0.0,0.0,0.0
rl,3,2,20,69,0.4,-5.14986515045166,4.857614994049072,0.557669460773468,-0.09587547928094864,-0.22410063445568085,-0.714314877986908,0.7547575235366821,-5.319042682647705,4.338464736938477,0.771704912185669,0.0,0.0,0.0
lqr,0,2,16,69,0.32,6.498415470123291,-4.444165229797363,1.0190997123718262,0.05479593947529793,0.02033996395766735,0.0006991809932515025,0.058453384786844254,6.508790493011475,-4.440313816070557,1.0223524570465088,0.0,0.0,0.0
lqr,1,2,17,69,0.34,5.082127094268799,3.3133225440979004,0.7515730261802673,0.0022013220004737377,-0.045221954584121704,-0.006658372934907675,0.04576248303055763,5.082545280456543,3.304762125015259,0.7534325122833252,0.0,0.0,0.0
lqr,2,2,14,69,0.28,-5.056475639343262,-4.1525092124938965,1.4353705644607544,-0.0038429126143455505,0.05782304331660271,0.02970416285097599,0.06511996686458588,-5.057204246520996,-4.141563415527344,1.444115161895752,0.0,0.0,0.0
lqr,3,2,20,69,0.4,-5.318404674530029,4.339788436889648,0.7690474987030029,-0.0033723763190209866,-0.006988189183175564,-0.0024440817069262266,0.008135185576975346,-5.319042682647705,4.338464736938477,0.771704912185669,0.0,0.0,0.0
rl,0,2,17,70,0.34,4.840822696685791,-4.991602420806885,0.5723255276679993,-0.19115975499153137,0.045254189521074295,-0.7872458100318909,0.8113852143287659,6.508790493011475,-4.440313816070557,1.0223524570465088,0.0,0.0,0.0
rl,1,2,18,70,0.36,4.897921085357666,4.788144111633301,0.5302973389625549,-0.16464009881019592,-0.28719186782836914,-0.7800562977790833,0.8473920822143555,5.082545280456543,3.304762125015259,0.7534325122833252,0.0,0.0,0.0
rl,2,2,15,70,0.3,-5.157013416290283,-4.997531890869141,0.780292809009552,-0.2471974939107895,-0.009071496315300465,-0.5551369190216064,0.6077547669410706,-5.057204246520996,-4.141563415527344,1.444115161895752,0.0,0.0,0.0
rl,3,2,21,70,0.42,-5.153669357299805,4.844282150268555,0.5136785507202148,-0.040180690586566925,-0.22088773548603058,-0.7466639280319214,0.7796877026557922,-5.319042682647705,4.338464736938477,0.771704912185669,0.0,0.0,0.0
lqr,0,2,17,70,0.34,6.501171588897705,-4.443141460418701,1.0191349983215332,0.04023812338709831,0.014935876242816448,0.0005135122337378561,0.04292377829551697,6.508790493011475,-4.440313816070557,1.0223524570465088,0.0,0.0,0.0
lqr,1,2,18,70,0.36,5.082236289978027,3.311047315597534,0.7512379288673401,0.001621601521037519,-0.03320612385869026,-0.004889578092843294,0.03360333666205406,5.082545280456543,3.304762125015259,0.7534325122833252,0.0,0.0,0.0
lqr,2,2,15,70,0.3,-5.056667804718018,-4.149599552154541,1.4368647336959839,-0.0028249246533960104,0.04245837777853012,0.02181371860206127,0.04781769961118698,-5.057204246520996,-4.141563415527344,1.444115161895752,0.0,0.0,0.0
lqr,3,2,21,70,0.42,-5.318574905395508,4.339437007904053,0.7689244151115417,-0.002474412089213729,-0.005133127793669701,-0.0017948478925973177,0.0059743779711425304,-5.319042682647705,4.338464736938477,0.771704912185669,0.0,0.0,0.0
rl,0,2,18,71,0.36,4.828766345977783,-4.988326549530029,0.5231751799583435,-0.20787882804870605,0.061296530067920685,-0.8419792056083679,0.8694249987602234,6.508790493011475,-4.440313816070557,1.0223524570465088,0.0,0.0,0.0
rl,1,2,19,71,0.38,4.888670921325684,4.772645950317383,0.4806601405143738,-0.14665791392326355,-0.23769129812717438,-0.8610212206840515,0.9051868319511414,5.082545280456543,3.304762125015259,0.7534325122833252,0.0,0.0,0.0
rl,2,2,16,71,0.32,-5.170243263244629,-4.996149063110352,0.7457373738288879,-0.20140181481838226,0.045983534306287766,-0.5907766222953796,0.6258547902107239,-5.057204246520996,-4.141563415527344,1.444115161895752,0.0,0.0,0.0
rl,3,2,22,71,0.44,-5.155611515045166,4.832974910736084,0.4677918255329132,-0.026731055229902267,-0.16531527042388916,-0.777717649936676,0.79554283618927,-5.319042682647705,4.338464736938477,0.771704912185669,0.0,0.0,0.0
lqr,0,2,18,71,0.36,6.503198623657227,-4.442390441894531,1.0191608667373657,0.02954307198524475,0.010969285853207111,0.0003770538023672998,0.03151603415608406,6.508790493011475,-4.440313816070557,1.0223524570465088,0.0,0.0,0.0
lqr,1,2,19,71,0.38,5.082318305969238,3.3093764781951904,0.750991940498352,0.0011880021775141358,-0.02437811717391014,-0.0035895092878490686,0.0246695876121521,5.082545280456543,3.304762125015259,0.7534325122833252,0.0,0.0,0.0
lqr,2,2,16,71,0.32,-5.0568084716796875,-4.147463798522949,1.4379621744155884,-0.0020735368598252535,0.031174028292298317,0.01601800136268139,0.03510976955294609,-5.057204246520996,-4.141563415527344,1.444115161895752,0.0,0.0,0.0
lqr,3,2,22,71,0.44,-5.318700313568115,4.339179515838623,0.7688341736793518,-0.0018184786895290017,-0.0037742317654192448,-0.001317795249633491,0.0043918415904045105,-5.319042682647705,4.338464736938477,0.771704912185669,0.0,0.0,0.0
rl,0,2,19,72,0.38,4.815863609313965,-4.9837541580200195,0.4730929136276245,-0.2201009839773178,0.08682408183813095,-0.8295042514801025,0.8625892400741577,6.508790493011475,-4.440313816070557,1.0223524570465088,0.0,0.0,0.0
rl,1,2,20,72,0.4,4.879639625549316,4.760330677032471,0.42671066522598267,-0.1532316505908966,-0.1821202039718628,-0.9263935685157776,0.9564793705940247,5.082545280456543,3.304762125015259,0.7534325122833252,0.0,0.0,0.0
rl,2,2,17,72,0.34,-5.181233882904053,-4.991445064544678,0.7092089653015137,-0.17010557651519775,0.1015520989894867,-0.6216927170753479,0.6524956822395325,-5.057204246520996,-4.141563415527344,1.444115161895752,0.0,0.0,0.0
rl,3,2,23,72,0.46,-5.156576156616211,4.824248313903809,0.41935715079307556,-0.008417176082730293,-0.13124991953372955,-0.8283342123031616,0.8387103080749512,-5.319042682647705,4.338464736938477,0.771704912185669,0.0,0.0,0.0
lqr,0,2,19,72,0.38,6.504683971405029,-4.441837787628174,1.0191798210144043,0.02168896049261093,0.00805080309510231,0.0002765404060482979,0.02313661389052868,6.508790493011475,-4.440313816070557,1.0223524570465088,0.0,0.0,0.0
lqr,1,2,20,72,0.4,5.082380771636963,3.308150053024292,0.7508113384246826,0.0008627224597148597,-0.017898142337799072,-0.002636173740029335,0.01811179704964161,5.082545280456543,3.304762125015259,0.7534325122833252,0.0,0.0,0.0
lqr,2,2,17,72,0.34,-5.056911945343018,-4.145895481109619,1.4387680292129517,-0.0015261840308085084,0.022886691614985466,0.011761870235204697,0.025777345523238182,-5.057204246520996,-4.141563415527344,1.444115161895752,0.0,0.0,0.0
lqr,3,2,23,72,0.46,-5.318791389465332,4.338988780975342,0.7687678337097168,-0.0013282111613079906,-0.002771724248304963,-0.0009672362357378006,0.0032221339643001556,-5.319042682647705,4.338464736938477,0.771704912185669,0.0,0.0,0.0
rl,0,2,20,73,0.4,4.803340435028076,-4.97967529296875,0.4221733808517456,-0.20053188502788544,0.05447913333773613,-0.8623391389846802,0.8870229721069336,6.508790493011475,-4.440313816070557,1.0223524570465088,0.0,0.0,0.0
rl,1,2,21,73,0.42,4.871830463409424,4.750133037567139,0.37156328558921814,-0.11364670842885971,-0.16130951046943665,-0.9139308333396912,0.9349897503852844,5.082545280456543,3.304762125015259,0.7534325122833252,0.0,0.0,0.0
rl,2,2,18,73,0.36,-5.192325115203857,-4.985940933227539,0.6697334051132202,-0.19532723724842072,0.08469964563846588,-0.6838120222091675,0.7161882519721985,-5.057204246520996,-4.141563415527344,1.444115161895752,0.0,0.0,0.0
rl,3,2,24,73,0.48,-5.158623695373535,4.815537452697754,0.3670773506164551,-0.05246937647461891,-0.15513691306114197,-0.9020370244979858,0.9167830944061279,-5.319042682647705,4.338464736938477,0.771704912185669,0.0,0.0,0.0
lqr,0,2,20,73,0.4,6.505774974822998,-4.441432476043701,1.0191929340362549,0.015929659828543663,0.005908806808292866,0.0002056417870335281,0.016991479322314262,6.508790493011475,-4.440313816070557,1.0223524570465088,0.0,0.0,0.0
lqr,1,2,21,73,0.42,5.082423686981201,3.3072502613067627,0.7506788969039917,0.0006301518296822906,-0.013141140341758728,-0.001935576437972486,0.013297861441969872,5.082545280456543,3.304762125015259,0.7534325122833252,0.0,0.0,0.0
lqr,2,2,18,73,0.36,-5.056987762451172,-4.144745349884033,1.4393596649169922,-0.0011260969331488013,0.01680588722229004,0.00863630697131157,0.018928594887256622,-5.057204246520996,-4.141563415527344,1.444115161895752,0.0,0.0,0.0
lqr,3,2,24,73,0.48,-5.318858623504639,4.3388495445251465,0.7687191367149353,-0.0009736798820085824,-0.002032655291259289,-0.0007104827091097832,0.0023631600197404623,-5.319042682647705,4.338464736938477,0.771704912185669,0.0,0.0,0.0
rl,0,2,21,74,0.42,4.7921462059021,-4.977087020874023,0.3708694577217102,-0.17652735114097595,0.0350039005279541,-0.8498751521110535,0.868720293045044,6.508790493011475,-4.440313816070557,1.0223524570465088,0.0,0.0,0.0
rl,1,2,22,74,0.44,4.863332748413086,4.740888595581055,0.3150137960910797,-0.1615656614303589,-0.1489461064338684,-0.9628910422325134,0.9876474738121033,5.082545280456543,3.304762125015259,0.7534325122833252,0.0,0.0,0.0
rl,2,2,19,74,0.38,-5.205989360809326,-4.981621742248535,0.6253039240837097,-0.25084567070007324,0.0628989040851593,-0.780968427658081,0.8226733803749084,-5.057204246520996,-4.141563415527344,1.444115161895752,0.0,0.0,0.0
rl,3,2,25,74,0.5,-5.163715362548828,4.808175563812256,0.30967581272125244,-0.10796104371547699,-0.09955567121505737,-0.9957234263420105,1.0064949989318848,-5.319042682647705,4.338464736938477,0.771704912185669,0.0,0.0,0.0
lqr,0,2,21,74,0.42,6.506577968597412,-4.441134452819824,1.019203543663025,0.011691225692629814,0.0043352143839001656,0.00015160518523771316,0.012470036745071411,6.508790493011475,-4.440313816070557,1.0223524570465088,0.0,0.0,0.0
lqr,1,2,22,74,0.44,5.082455158233643,3.3065896034240723,0.7505815029144287,0.0004640831029973924,-0.009649237617850304,-0.0014217825373634696,0.009764457121491432,5.082545280456543,3.304762125015259,0.7534325122833252,0.0,0.0,0.0
lqr,2,2,19,74,0.38,-5.0570454597473145,-4.143899917602539,1.4397944211959839,-0.0008208447834476829,0.012337861582636833,0.006340067368000746,0.0138957928866148,-5.057204246520996,-4.141563415527344,1.444115161895752,0.0,0.0,0.0
lqr,3,2,25,74,0.5,-5.31890869140625,4.338747501373291,0.7686834335327148,-0.0007118353969417512,-0.001496080425567925,-0.0005220152670517564,0.0017370855202898383,-5.319042682647705,4.338464736938477,0.771704912185669,0.0,0.0,0.0
rl,0,2,22,75,0.44,4.779611110687256,-4.974918842315674,0.31702637672424316,-0.23201599717140198,0.036943890154361725,-0.9313130378723145,0.9604895710945129,6.508790493011475,-4.440313816070557,1.0223524570465088,0.0,0.0,0.0
rl,1,2,23,75,0.46,4.855556964874268,4.730469226837158,0.2576764225959778,-0.10671943426132202,-0.19127044081687927,-0.950435996055603,0.975347101688385,5.082545280456543,3.304762125015259,0.7534325122833252,0.0,0.0,0.0
rl,2,2,20,75,0.4,-5.221988201141357,-4.976355075836182,0.5754672884941101,-0.2778051197528839,0.10551750659942627,-0.8660670518875122,0.915631890296936,-5.057204246520996,-4.141563415527344,1.444115161895752,0.0,0.0,0.0
rl,3,2,26,75,0.52,-5.1689605712890625,4.804147243499756,0.2503686547279358,-0.0726361870765686,-0.044002171605825424,-0.9832583069801331,0.9869189858436584,-5.319042682647705,4.338464736938477,0.771704912185669,0.0,0.0,0.0
lqr,0,2,22,75,0.44,6.507165431976318,-4.440915107727051,1.0192111730575562,0.008583960123360157,0.003180545289069414,0.00011119755799882114,0.00915492232888937,6.508790493011475,-4.440313816070557,1.0223524570465088,0.0,0.0,0.0
lqr,1,2,23,75,0.46,5.082479000091553,3.3061037063598633,0.750510036945343,0.0003417480329517275,-0.007079639472067356,-0.001044251024723053,0.00716439401730895,5.082545280456543,3.304762125015259,0.7534325122833252,0.0,0.0,0.0
lqr,2,2,20,75,0.4,-5.057086944580078,-4.143280982971191,1.4401135444641113,-0.0006061477470211685,0.009062672965228558,0.004653983283787966,0.010205832310020924,-5.057204246520996,-4.141563415527344,1.444115161895752,0.0,0.0,0.0
lqr,3,2,26,75,0.52,-5.318945407867432,4.338672161102295,0.7686571478843689,-0.0005191718810237944,-0.00109778658952564,-0.00038307381328195333,0.001273350091651082,-5.319042682647705,4.338464736938477,0.771704912185669,0.0,0.0,0.0
rl,0,2,23,76,0.46,4.7637858390808105,-4.974648475646973,0.25778958201408386,-0.2864062786102295,-0.018672579899430275,-1.0272489786148071,1.0665916204452515,6.508790493011475,-4.440313816070557,1.0223524570465088,0.0,0.0,0.0
rl,1,2,24,76,0.48,4.850940704345703,4.717047214508057,0.1987590789794922,-0.05568096786737442,-0.24687381088733673,-1.0044716596603394,1.0358622074127197,5.082545280456543,3.304762125015259,0.7534325122833252,0.0,0.0,0.0
rl,2,2,21,76,0.42,-5.236708641052246,-4.969301223754883,0.5217909216880798,-0.22211146354675293,0.12615562975406647,-0.9149938225746155,0.9499801993370056,-5.057204246520996,-4.141563415527344,1.444115161895752,0.0,0.0,0.0
rl,3,2,27,76,0.54,-5.171877384185791,4.803239345550537,0.19145852327346802,-0.03141750395298004,0.0054564448073506355,-0.9808180928230286,0.9813362956047058,-5.319042682647705,4.338464736938477,0.771704912185669,0.0,0.0,0.0
lqr,0,2,23,76,0.46,6.50759744644165,-4.4407548904418945,1.019216775894165,0.006303688511252403,0.0023309027310460806,8.126962347887456e-05,0.006721324287354946,6.508790493011475,-4.440313816070557,1.0223524570465088,0.0,0.0,0.0
lqr,1,2,24,76,0.48,5.082495212554932,3.3057477474212646,0.7504575848579407,0.00025341392029076815,-0.005196459125727415,-0.0007676874520257115,0.005258968565613031,5.082545280456543,3.304762125015259,0.7534325122833252,0.0,0.0,0.0
lqr,2,2,21,76,0.42,-5.057116985321045,-4.142823696136475,1.440347671508789,-0.00044374552089720964,0.0066490438766777515,0.0034177200868725777,0.007489159237593412,-5.057204246520996,-4.141563415527344,1.444115161895752,0.0,0.0,0.0
lqr,3,2,27,76,0.54,-5.318970680236816,4.338617324829102,0.7686375379562378,-0.0003811958304140717,-0.0008067634771578014,-0.00028007914079353213,0.0009352122433483601,-5.319042682647705,4.338464736938477,0.771704912185669,0.0,0.0,0.0
rl,0,2,24,77,0.48,4.746906757354736,-4.974915981292725,0.19548483192920685,-0.27762898802757263,0.005696388892829418,-1.0463840961456299,1.0826033353805542,6.508790493011475,-4.440313816070557,1.0223524570465088,0.0,0.0,0.0
rl,1,2,25,77,0.5,4.847029685974121,4.7041802406311035,0.13764014840126038,-0.07194153219461441,-0.19127002358436584,-1.0287736654281616,1.0488733053207397,5.082545280456543,3.304762125015259,0.7534325122833252,0.0,0.0,0.0
rl,2,2,22,77,0.44,-5.248088836669922,-4.959787368774414,0.46697965264320374,-0.16643276810646057,0.18173086643218994,-0.9124689698219299,0.9451590776443481,-5.057204246520996,-4.141563415527344,1.444115161895752,0.0,0.0,0.0
rl,3,2,28,77,0.56,-5.171817302703857,4.80374002456665,0.13279050588607788,0.024292880669236183,0.010434831492602825,-0.975648045539856,0.9760062098503113,-5.319042682647705,4.338464736938477,0.771704912185669,0.0,0.0,0.0
lqr,0,2,24,77,0.48,6.507915019989014,-4.440637588500977,1.0192205905914307,0.0046243974938988686,0.0017115619266405702,6.079199374653399e-05,0.004931347910314798,6.508790493011475,-4.440313816070557,1.0223524570465088,0.0,0.0,0.0
lqr,1,2,25,77,0.5,5.0825090408325195,3.3054866790771484,0.7504191398620605,0.00018893856031354517,-0.0038153608329594135,-0.0005644600605592132,0.003861514152958989,5.082545280456543,3.304762125015259,0.7534325122833252,0.0,0.0,0.0
lqr,2,2,22,77,0.44,-5.057138919830322,-4.142488956451416,1.4405192136764526,-0.00033196492586284876,0.004875627811998129,0.002511629369109869,0.00549456337466836,-5.057204246520996,-4.141563415527344,1.444115161895752,0.0,0.0,0.0
lqr,3,2,28,77,0.56,-5.3189897537231445,4.338576316833496,0.768623411655426,-0.00028011685935780406,-0.0005917804082855582,-0.00020487709844019264,0.0006860350840725005,-5.319042682647705,4.338464736938477,0.771704912185669,0.0,0.0,0.0
rl,0,2,25,78,0.5,4.728306770324707,-4.97399377822876,0.13261549174785614,-0.3330836296081543,0.022225888445973396,-1.0488438606262207,1.1006871461868286,6.508790493011475,-4.440313816070557,1.0223524570465088,0.0,0.0,0.0
rl,1,3,0,78,0.0,5.000161647796631,5.000164031982422,0.9996471405029297,0.010731622576713562,0.010956387966871262,-0.023511556908488274,0.02807139977812767,4.70914363861084,6.467986106872559,1.0113580226898193,0.0,0.0,0.0
rl,2,2,23,78,0.46,-5.258328437805176,-4.947375297546387,0.4118163287639618,-0.17362895607948303,0.2248251885175705,-0.9243258833885193,0.9669910669326782,-5.057204246520996,-4.141563415527344,1.444115161895752,0.0,0.0,0.0
rl,3,3,0,78,0.0,-4.9998016357421875,5.000022888183594,0.9999573230743408,0.01315227523446083,0.001530407345853746,-0.002849640091881156,0.013544184155762196,-5.059282302856445,4.262551784515381,0.7754665613174438,0.0,0.0,0.0
lqr,0,2,25,78,0.5,6.508148193359375,-4.440550804138184,1.0192235708236694,0.003396142739802599,0.001253912108950317,4.541428279480897e-05,0.00362051697447896,6.508790493011475,-4.440313816070557,1.0223524570465088,0.0,0.0,0.0
lqr,1,3,0,78,0.0,4.983307361602783,5.084245204925537,1.0004737377166748,-0.9989630579948425,5.041831016540527,0.02834024839103222,5.139921188354492,4.70914363861084,6.467986106872559,1.0113580226898193,0.0,0.0,0.0
lqr,2,2,23,78,0.46,-5.057157039642334,-4.142243385314941,1.440645694732666,-0.00024578601005487144,0.0035773166455328465,0.0018438278930261731,0.004032034892588854,-5.057204246520996,-4.141563415527344,1.444115161895752,0.0,0.0,0.0
lqr,3,3,0,78,0.0,-5.003401756286621,4.957678318023682,0.9869365096092224,-0.2035607397556305,-2.5327601432800293,-0.7818212509155273,2.658487319946289,-5.059282302856445,4.262551784515381,0.7754665613174438,0.0,0.0,0.0
rl,0,3,0,79,0.0,4.9999213218688965,-5.000059604644775,0.9995062351226807,-0.005296261981129646,-0.0039822193793952465,-0.03293018043041229,0.033590253442525864,4.707446575164795,-4.206691265106201,0.5276497602462769,0.0,0.0,0.0
rl,1,3,1,79,0.02,4.998859405517578,5.0008625984191895,0.9960106611251831,-0.044853173196315765,0.012122717685997486,-0.08709567040205002,0.09871384501457214,4.70914363861084,6.467986106872559,1.0113580226898193,0.0,0.0,0.0
rl,2,2,24,79,0.48,-5.268218994140625,-4.935107707977295,0.3551827669143677,-0.15855877101421356,0.18990400433540344,-0.9578672647476196,0.9892998337745667,-5.057204246520996,-4.141563415527344,1.444115161895752,0.0,0.0,0.0
rl,3,3,1,79,0.02,-5.000958442687988,4.998167991638184,0.9963310360908508,-0.04242875799536705,-0.05407280847430229,-0.10157180577516556,0.12264134734869003,-5.059282302856445,4.262551784515381,0.7754665613174438,0.0,0.0,0.0
lqr,0,3,0,79,0.0,4.983211517333984,-4.954473972320557,0.9727175831794739,-1.0047279596328735,2.72459077835083,-1.632818341255188,3.3315114974975586,4.707446575164795,-4.206691265106201,0.5276497602462769,0.0,0.0,0.0
lqr,1,3,1,79,0.02,4.9144697189331055,5.431682586669922,1.0024231672286987,-1.073140263557434,5.416369438171387,0.030373085290193558,5.521739959716797,4.70914363861084,6.467986106872559,1.0113580226898193,0.0,0.0,0.0
lqr,2,2,24,79,0.48,-5.057168960571289,-4.142063617706299,1.4407382011413574,-0.00018483487656340003,0.0026248316280543804,0.0013542968081310391,0.002959395991638303,-5.057204246520996,-4.141563415527344,1.444115161895752,0.0,0.0,0.0
lqr,3,3,1,79,0.02,-5.0174336433410645,4.783142566680908,0.9330559968948364,-0.21874184906482697,-2.7209248542785645,-0.8399859666824341,2.8560211658477783,-5.059282302856445,4.262551784515381,0.7754665613174438,0.0,0.0,0.0
rl,0,3,1,80,0.02,5.00154972076416,-5.00103235244751,0.9940747618675232,0.050308406352996826,-0.024962175637483597,-0.13166353106498718,0.14314094185829163,4.707446575164795,-4.206691265106201,0.5276497602462769,0.0,0.0,0.0
rl,1,3,2,80,0.04,4.997125625610352,5.001400947570801,0.9873288869857788,-0.017422357574105263,0.006675662472844124,-0.18583819270133972,0.186772421002388,4.70914363861084,6.467986106872559,1.0113580226898193,0.0,0.0,0.0
rl,2,2,25,80,0.5,-5.275784492492676,-4.922304630279541,0.2942548394203186,-0.1028880774974823,0.23014938831329346,-1.0566112995147705,1.086269736289978,-5.057204246520996,-4.141563415527344,1.444115161895752,0.0,0.0,0.0
rl,3,3,2,80,0.04,-5.0041375160217285,4.993843078613281,0.9867810010910034,-0.0604681521654129,-0.08497685939073563,-0.2003042995929718,0.22583019733428955,-5.059282302856445,4.262551784515381,0.7754665613174438,0.0,0.0,0.0
lqr,0,3,1,80,0.02,4.913971424102783,-4.766717433929443,0.8601837158203125,-1.0794438123703003,2.9270448684692383,-1.754404067993164,3.579207181930542,4.707446575164795,-4.206691265106201,0.5276497602462769,0.0,0.0,0.0
lqr,1,3,2,80,0.04,4.860021591186523,5.7064924240112305,1.0039637088775635,-0.7965477705001831,4.020296573638916,0.022552359849214554,4.098509788513184,4.70914363861084,6.467986106872559,1.0113580226898193,0.0,0.0,0.0
lqr,2,2,25,80,0.5,-5.057178497314453,-4.141932010650635,1.440806269645691,-0.000139864714583382,0.0019313950324431062,0.0009962054900825024,0.0021776764187961817,-5.057204246520996,-4.141563415527344,1.444115161895752,0.0,0.0,0.0
lqr,3,3,2,80,0.04,-5.0285325050354,4.645092010498047,0.8904382586479187,-0.1623534858226776,-2.019611358642578,-0.6234739422798157,2.1198840141296387,-5.059282302856445,4.262551784515381,0.7754665613174438,0.0,0.0,0.0
rl,0,3,2,81,0.04,5.004877090454102,-5.000584125518799,0.9827191829681396,0.059185054153203964,0.030628681182861328,-0.2303946614265442,0.2398388683795929,4.707446575164795,-4.206691265106201,0.5276497602462769,0.0,0.0,0.0
rl,1,3,3,81,0.06,4.997764587402344,5.000856876373291,0.9760885834693909,0.030695956200361252,-0.020331135019659996,-0.18840856850147247,0.19197236001491547,4.70914363861084,6.467986106872559,1.0113580226898193,0.0,0.0,0.0
rl,2,2,26,81,0.52,-5.2807297706604,-4.907085418701172,0.22740229964256287,-0.06778065115213394,0.27045848965644836,-1.155349612236023,1.1885178089141846,-5.057204246520996,-4.141563415527344,1.444115161895752,0.0,0.0,0.0
rl,3,3,3,81,0.06,-5.009524822235107,4.9869771003723145,0.9740483164787292,-0.11073975265026093,-0.13541337847709656,-0.2207096368074417,0.28162530064582825,-5.059282302856445,4.262551784515381,0.7754665613174438,0.0,0.0,0.0
lqr,0,3,2,81,0.04,4.859204292297363,-4.618208408355713,0.7711719870567322,-0.8012130260467529,2.172600746154785,-1.3021795749664307,2.65665340423584,4.707446575164795,-4.206691265106201,0.5276497602462769,0.0,0.0,0.0
lqr,1,3,3,81,0.06,4.819940090179443,5.908787250518799,1.005098819732666,-0.585145890712738,2.953326940536499,0.016574813053011894,3.010782480239868,4.70914363861084,6.467986106872559,1.0113580226898193,0.0,0.0,0.0
lqr,2,2,26,81,0.52,-5.057186126708984,-4.141833782196045,1.4408560991287231,-0.00010425004438729957,0.0014155196258798242,0.000732646556571126,0.0015972898108884692,-5.057204246520996,-4.141563415527344,1.444115161895752,0.0,0.0,0.0
lqr,3,3,3,81,0.06,-5.0367021560668945,4.5434675216674805,0.859066367149353,-0.11925962567329407,-1.4836162328720093,-0.45800191164016724,1.5572750568389893,-5.059282302856445,4.262551784515381,0.7754665613174438,0.0,0.0,0.0
rl,0,3,3,82,0.06,5.007384777069092,-4.998672962188721,0.9654397368431091,0.02940262295305729,0.03266369178891182,-0.32912418246269226,0.33204540610313416,4.707446575164795,-4.206691265106201,0.5276497602462769,0.0,0.0,0.0
rl,1,3,4,82,0.08,4.998089790344238,4.9994001388549805,0.9652206897735596,-0.01257737074047327,-0.02709655463695526,-0.17592744529247284,0.1784457266330719,4.70914363861084,6.467986106872559,1.0113580226898193,0.0,0.0,0.0
rl,2,2,27,82,0.54,-5.284432888031006,-4.888912677764893,0.15543663501739502,-0.05735716223716736,0.3260328769683838,-1.2309119701385498,1.2746496200561523,-5.057204246520996,-4.141563415527344,1.444115161895752,0.0,0.0,0.0
rl,3,3,4,82,0.08,-5.015940189361572,4.97690486907959,0.9612419009208679,-0.1041804775595665,-0.1910150647163391,-0.20824217796325684,0.3011729121208191,-5.059282302856445,4.262551784515381,0.7754665613174438,0.0,0.0,0.0
lqr,0,3,3,82,0.06,4.818889141082764,-4.508886814117432,0.7056493163108826,-0.5885703563690186,1.5960001945495605,-0.9565666317939758,1.9515767097473145,4.707446575164795,-4.206691265106201,0.5276497602462769,0.0,0.0,0.0
lqr,1,3,4,82,0.08,4.7905049324035645,6.057351589202881,1.0059325695037842,-0.42969897389411926,2.168747901916504,0.012174942530691624,2.210940361022949,4.70914363861084,6.467986106872559,1.0113580226898193,0.0,0.0,0.0
lqr,2,2,27,82,0.54,-5.057193279266357,-4.141761779785156,1.4408924579620361,-6.993540591793135e-05,0.0010391378309577703,0.0005401311791501939,0.0011732177808880806,-5.057204246520996,-4.141563415527344,1.444115161895752,0.0,0.0,0.0
lqr,3,3,4,82,0.08,-5.042702674865723,4.46883487701416,0.8360270857810974,-0.08756984025239944,-1.0894780158996582,-0.3363278806209564,1.1435678005218506,-5.059282302856445,4.262551784515381,0.7754665613174438,0.0,0.0,0.0
rl,0,3,4,83,0.08,5.008850574493408,-4.996262550354004,0.9446091055870056,0.020917968824505806,0.04554155468940735,-0.3600708544254303,0.36354175209999084,4.707446575164795,-4.206691265106201,0.5276497602462769,0.0,0.0,0.0
rl,1,3,5,83,0.1,4.9990339279174805,4.9958271980285645,0.9518749117851257,0.03593802452087402,-0.08270303159952164,-0.2556558847427368,0.2710927128791809,4.70914363861084,6.467986106872559,1.0113580226898193,0.0,0.0,0.0
rl,2,2,28,83,0.56,-5.285925388336182,-4.867403507232666,0.08201823383569717,-0.001673170947469771,0.3815920650959015,-1.2184456586837769,1.276802659034729,-5.057204246520996,-4.141563415527344,1.444115161895752,0.0,0.0,0.0
rl,3,3,5,83,0.1,-5.023626327514648,4.967390537261963,0.9483901262283325,-0.14511950314044952,-0.13541875779628754,-0.21845561265945435,0.29516226053237915,-5.059282302856445,4.262551784515381,0.7754665613174438,0.0,0.0,0.0
lqr,0,3,4,83,0.08,4.789282321929932,-4.4286017417907715,0.6575305461883545,-0.4322114586830139,1.1720060110092163,-0.7024387717247009,1.433117151260376,4.707446575164795,-4.206691265106201,0.5276497602462769,0.0,0.0,0.0
lqr,1,3,5,83,0.1,4.768890857696533,6.166447639465332,1.0065451860427856,-0.3155435621738434,1.592566967010498,0.00894038937985897,1.6235507726669312,4.70914363861084,6.467986106872559,1.0113580226898193,0.0,0.0,0.0
lqr,2,2,28,83,0.56,-5.057196617126465,-4.141709327697754,1.4409193992614746,-5.335167588782497e-05,0.0007634249632246792,0.000398414209485054,0.0008627849747426808,-5.057204246520996,-4.141563415527344,1.444115161895752,0.0,0.0,0.0
lqr,3,3,5,83,0.1,-5.0471062660217285,4.4140305519104,0.8191086053848267,-0.06430387496948242,-0.8000326156616211,-0.24697411060333252,0.8397520184516907,-5.059282302856445,4.262551784515381,0.7754665613174438,0.0,0.0,0.0
