controller,env_id,episode_id,episode_step,global_step,t,x,y,z,vx,vy,vz,speed,goal_x,goal_y,goal_z,fx_body,fy_body,fz_body,body_force_norm,tx_body,ty_body,tz_body,body_torque_norm
rl,0,0,0,0,0.0,1.25,-1.25,1.0,0.0,0.0,0.0,0.0,2.9613189697265625,-1.7352508306503296,1.021186113357544,0.0,0.0,0.0,0.0,0.0,0.0,0.0,0.0
rl,1,0,0,0,0.0,1.25,1.25,1.0,0.0,0.0,0.0,0.0,1.854996681213379,0.523216724395752,0.787452757358551,0.0,0.0,0.0,0.0,0.0,0.0,0.0,0.0
rl,2,0,0,0,0.0,-1.25,-1.25,1.0,0.0,0.0,0.0,0.0,-2.646925449371338,-1.9928385019302368,1.034428596496582,0.0,0.0,0.0,0.0,0.0,0.0,0.0,0.0
rl,3,0,0,0,0.0,-1.25,1.25,1.0,0.0,0.0,0.0,0.0,-1.7422666549682617,1.6730701923370361,0.8128437399864197,0.0,0.0,0.0,0.0,0.0,0.0,0.0,0.0
lqr,0,0,0,0,0.0,1.25,-1.25,1.0,0.0,0.0,0.0,0.0,2.9613189697265625,-1.7352508306503296,1.021186113357544,0.0,0.0,0.0,0.0,0.0,0.0,0.0,0.0
lqr,1,0,0,0,0.0,1.25,1.25,1.0,0.0,0.0,0.0,0.0,1.854996681213379,0.523216724395752,0.787452757358551,0.0,0.0,0.0,0.0,0.0,0.0,0.0,0.0
lqr,2,0,0,0,0.0,-1.25,-1.25,1.0,0.0,0.0,0.0,0.0,-2.646925449371338,-1.9928385019302368,1.034428596496582,0.0,0.0,0.0,0.0,0.0,0.0,0.0,0.0
lqr,3,0,0,0,0.0,-1.25,1.25,1.0,0.0,0.0,0.0,0.0,-1.7422666549682617,1.6730701923370361,0.8128437399864197,0.0,0.0,0.0,0.0,0.0,0.0,0.0,0.0
rl,0,0,1,1,0.02,1.2503676414489746,-1.2505558729171753,0.9999001026153564,0.01837761141359806,-0.027802344411611557,-0.00499462615698576,0.03369945287704468,2.9613189697265625,-1.7352508306503296,1.021186113357544,0.9916874170303345,-1.4999990463256836,15.608983993530273,15.71221923828125,-8.867754331731703e-06,-0.0010776601266115904,-4.771047679241747e-05,0.001078752102330327
rl,1,0,1,1,0.02,1.2497024536132812,1.2494440078735352,0.9991520643234253,-0.014885226264595985,-0.02780289761722088,-0.0423942394554615,0.05283788964152336,1.854996681213379,0.523216724395752,0.787452757358551,-0.8029532432556152,-1.5000081062316895,13.591028213500977,13.69710922241211,3.9080412534531206e-05,-0.0013864190550521016,-6.625886453548446e-05,0.0013885514345020056
rl,2,0,1,1,0.02,-1.2505561113357544,-1.2495248317718506,0.99901282787323,-0.027811432257294655,0.0237550251185894,-0.04936254769563675,0.06143645569682121,-2.646925449371338,-1.9928385019302368,1.034428596496582,-1.5002937316894531,1.2815451622009277,13.21495532989502,13.36144733428955,-0.0006342337001115084,-0.0015428365441039205,3.397573527763598e-05,0.0016684577567502856
rl,3,0,1,1,0.02,-1.2500935792922974,1.2494440078735352,0.99901282787323,-0.004687355365604162,-0.02780289761722088,-0.04936477169394493,0.056849390268325806,-1.7422666549682617,1.6730701923370361,0.8128437399864197,-0.2527700662612915,-1.5000123977661133,13.21499252319336,13.302253723144531,4.8415513447253034e-05,-0.00120603630784899,-6.0570815548999235e-05,0.00120852654799819
lqr,0,0,1,1,0.02,1.4155617952346802,-1.2969452142715454,1.0017433166503906,6.735241413116455,-1.909804105758667,0.07103148847818375,7.001133918762207,2.9613189697265625,-1.7352508306503296,1.021186113357544,138.96131896972656,-39.40395736694336,16.180278778076172,145.3434600830078,0.059154246002435684,0.22546638548374176,-0.0005676321452483535,0.23309791088104248
lqr,1,0,1,1,0.02,1.3085309267044067,1.1796867847442627,0.9791350960731506,2.3810877799987793,-2.86041522026062,-0.8488021492958069,3.817331552505493,1.854996681213379,0.523216724395752,0.787452757358551,49.05060577392578,-58.97224044799805,-1.9554258584976196,76.73011779785156,0.09145089238882065,0.0876850038766861,-0.011483728885650635,0.12721556425094604
lqr,2,0,1,1,0.02,-1.3851468563079834,-1.3218671083450317,1.003031611442566,-5.497897624969482,-2.9236278533935547,0.12327534705400467,6.22813606262207,-2.646925449371338,-1.9928385019302368,1.034428596496582,-113.48808288574219,-60.227291107177734,17.467613220214844,129.6610565185547,0.09007733315229416,-0.1901814192533493,-0.022677941247820854,0.2116534560918808
lqr,3,0,1,1,0.02,-1.2976237535476685,1.290929913520813,0.9815948009490967,-1.9374104738235474,1.6650820970535278,-0.7488155364990234,2.6621010303497314,-1.7422666549682617,1.6730701923370361,0.8128437399864197,-39.94375228881836,34.314022064208984,0.2893306016921997,52.6596565246582,-0.050557367503643036,-0.0601876936852932,0.005916544236242771,0.07882646471261978
rl,0,0,2,2,0.04,1.250449538230896,-1.2513521909713745,0.9987629652023315,-0.005084177944809198,-0.025918621569871902,-0.054358918219804764,0.06043604761362076,2.9613189697265625,-1.7352508306503296,1.021186113357544,-1.2679576873779297,0.10163458436727524,13.214787483215332,13.275867462158203,-0.00036406671279110014,-0.003910364117473364,-0.00013383421173784882,0.00392955495044589
rl,1,0,2,2,0.04,1.2489914894104004,1.2483593225479126,0.997757613658905,-0.02810363844037056,-0.04033578187227249,-0.0485248863697052,0.06907571107149124,1.854996681213379,0.523216724395752,0.787452757358551,-0.7168049812316895,-0.6762720942497253,15.547489166259766,15.578690528869629,-0.0001179601313197054,-0.004659249912947416,-0.00020664669864345342,0.004665321670472622
rl,2,0,2,2,0.04,-1.2515190839767456,-1.2492561340332031,0.996544599533081,-0.03423979878425598,0.0015595359727740288,-0.09872937202453613,0.10450974106788635,-2.646925449371338,-1.9928385019302368,1.034428596496582,-0.35019734501838684,-1.1960417032241821,13.215024948120117,13.273659706115723,-0.0014939645770937204,-0.004711447283625603,3.892047607223503e-05,0.004942791070789099
rl,3,0,2,2,0.04,-1.2501691579818726,1.2480539083480835,0.9971201419830322,-0.0014352615689858794,-0.05560510978102684,-0.06994393467903137,0.08936522156000137,-1.7422666549682617,1.6730701923370361,0.8128437399864197,0.17256295680999756,-1.5001068115234375,14.768198013305664,14.845193862915039,0.0001246927713509649,-0.003945719916373491,-0.0002144154132110998,0.003953508101403713
lqr,0,0,2,2,0.04,1.6241786479949951,-1.356099247932434,1.0039469003677368,6.835969924926758,-1.938382625579834,0.07224398106336594,7.105844974517822,2.9613189697265625,-1.7352508306503296,1.021186113357544,-27.061309814453125,7.681585788726807,16.164825439453125,32.444149017333984,0.04558579996228218,0.16697603464126587,-0.0006002477603033185,0.17308789491653442
lqr,1,0,2,2,0.04,1.3822821378707886,1.091088891029358,0.9528443813323975,2.4166879653930664,-2.9031882286071777,-0.8614884614944458,3.8744089603424072,1.854996681213379,0.523216724395752,0.787452757358551,-9.517046928405762,11.47991943359375,19.494762420654297,24.54401206970215,0.07100462913513184,0.06303951144218445,-0.010981415398418903,0.09558362513780594
lqr,2,0,2,2,0.04,-1.5554379224777222,-1.4124226570129395,1.006847620010376,-5.580101490020752,-2.967329263687134,0.1250208169221878,6.3212504386901855,-2.646925449371338,-1.9928385019302368,1.034428596496582,22.108932495117188,11.71182918548584,15.848011016845703,29.616403579711914,0.07037542760372162,-0.1463519036769867,-0.021606463938951492,0.16382434964179993
lqr,3,0,2,2,0.04,-1.357633352279663,1.3425041437149048,0.9583986401557922,-1.9664019346237183,1.6899889707565308,-0.7601169943809509,2.701957941055298,-1.7422666549682617,1.6730701923370361,0.8128437399864197,7.7768988609313965,-6.678160190582275,18.99607276916504,21.58538246154785,-0.04064076393842697,-0.04840489849448204,0.0056340559385716915,0.06345430761575699
rl,0,0,3,3,0.06,1.2500444650650024,-1.2526859045028687,0.9972569346427917,-0.017709920182824135,-0.05372368544340134,-0.0481218658387661,0.07426701486110687,2.9613189697265625,-1.7352508306503296,1.021186113357544,-0.6894832849502563,-1.4991134405136108,16.214744567871094,16.298486709594727,-0.0008316966705024242,-0.006313566584140062,-0.00018539100710768253,0.006370809394866228
rl,1,0,3,3,0.06,1.2475924491882324,1.2465931177139282,0.9953147172927856,-0.05589912086725235,-0.06814008206129074,-0.09789048880338669,0.1317206621170044,1.854996681213379,0.523216724395752,0.787452757358551,-1.5077797174453735,-1.4996827840805054,13.21414852142334,13.384176254272461,-0.00037921947659924626,-0.006793364882469177,-0.00029493882902897894,0.00681033032014966
rl,2,0,3,3,0.06,-1.2523040771484375,-1.2497656345367432,0.9925952553749084,-0.022134965285658836,-0.026245910674333572,-0.14809830486774445,0.15202602744102478,-2.646925449371338,-1.9928385019302368,1.034428596496582,0.645366907119751,-1.4979653358459473,13.21558666229248,13.3158597946167,-0.0009001553407870233,-0.0057393647730350494,-0.00011281931074336171,0.005810621194541454
rl,3,0,3,3,0.06,-1.2503540515899658,1.2463382482528687,0.9944339394569397,-0.008524484932422638,-0.057987868785858154,-0.09934210777282715,0.11534345895051956,-1.7422666549682617,1.6730701923370361,0.8128437399864197,-0.3896388113498688,-0.12876571714878082,14.292168617248535,14.29805850982666,-0.000215888416278176,-0.0056611318141222,-0.0002780524955596775,0.005672066006809473
lqr,0,0,3,3,0.06,1.8134979009628296,-1.4097821712493896,1.0059478282928467,6.026235580444336,-1.7087727785110474,0.06369015574455261,6.26414155960083,2.9613189697265625,-1.7352508306503296,1.021186113357544,-46.17605209350586,13.104384422302246,16.666452407836914,50.81066131591797,0.020569264888763428,0.0697733461856842,-0.00042911252239719033,0.07274337112903595
lqr,1,0,3,3,0.06,1.4492110013961792,1.0106865167617798,0.9289857745170593,2.1304280757904053,-2.559292793273926,-0.7594459056854248,3.4154739379882812,1.854996681213379,0.523216724395752,0.787452757358551,-16.22455406188965,19.575815200805664,22.12152099609375,33.701786041259766,0.03286581113934517,0.023756522685289383,-0.007239524275064468,0.04119398817420006
lqr,2,0,3,3,0.06,-1.7099767923355103,-1.4946013689041138,1.0103098154067993,-4.919124603271484,-2.6158287525177,0.11020197719335556,5.572475910186768,-2.646925449371338,-1.9928385019302368,1.034428596496582,37.7447509765625,19.93795394897461,16.095157623291016,45.620635986328125,0.03295203670859337,-0.06938182562589645,-0.014219552278518677,0.07811446487903595
lqr,3,0,3,3,0.06,-1.4120922088623047,1.3893078565597534,0.9373471736907959,-1.7334784269332886,1.489802598953247,-0.6700880527496338,2.381906270980835,-1.7422666549682617,1.6730701923370361,0.8128437399864197,13.25695514678955,-11.377896308898926,21.23046875,27.494293212890625,-0.02074737660586834,-0.025757238268852234,0.003703525522723794,0.03328070044517517
rl,0,0,4,4,0.08,1.249125361442566,-1.2545660734176636,0.9951027631759644,-0.03710537776350975,-0.06714233756065369,-0.08364064991474152,0.11349299550056458,2.9613189697265625,-1.7352508306503296,1.021186113357544,-1.0598312616348267,-0.7225717306137085,13.9612398147583,14.020041465759277,-0.0007023773505352437,-0.007769995369017124,-0.0003018071292899549,0.007807512767612934
rl,1,0,4,4,0.08,1.2458332777023315,1.2442938089370728,0.9918976426124573,-0.05998872593045235,-0.0808887928724289,-0.12190847098827362,0.1581243872642517,1.854996681213379,0.523216724395752,0.787452757358551,-0.23638448119163513,-0.687315046787262,14.582507133483887,14.60060977935791,-0.00032690356601960957,-0.007813154719769955,-0.00039217271842062473,0.007829817943274975
rl,2,0,4,4,0.08,-1.2527395486831665,-1.2505183219909668,0.9874961972236633,-0.010697134770452976,-0.024518977850675583,-0.18091009557247162,0.18287721276283264,-2.646925449371338,-1.9928385019302368,1.034428596496582,0.6041257381439209,0.09584515541791916,14.108800888061523,14.122054100036621,-0.0008240879978984594,-0.005967908073216677,-0.00017145631136372685,0.006026976276189089
rl,3,0,4,4,0.08,-1.250551462173462,1.2442991733551025,0.9915784597396851,-0.005613739602267742,-0.0729568675160408,-0.09310654550790787,0.11841894686222076,-1.7422666549682617,1.6730701923370361,0.8128437399864197,0.14272351562976837,-0.8070303201675415,16.215152740478516,16.235851287841797,-0.0008568743360228837,-0.006853502243757248,-0.0002611528034321964,0.006911796517670155
lqr,0,0,4,4,0.08,1.9774011373519897,-1.4562575817108154,1.0076797008514404,5.190725326538086,-1.4718527793884277,0.054837509989738464,5.395645618438721,2.9613189697265625,-1.7352508306503296,1.021186113357544,-43.146183013916016,12.243768692016602,16.68737030029297,47.85364532470703,0.0035700262524187565,0.006658198311924934,-0.0002577022823970765,0.007559305988252163
lqr,1,0,4,4,0.08,1.5071550607681274,0.9410784840583801,0.9083303809165955,1.8350566625595093,-2.204454183578491,-0.6541553139686584,2.9419331550598145,1.854996681213379,0.523216724395752,0.787452757358551,-15.155611991882324,18.287416458129883,21.73988914489746,32.198524475097656,0.006930852774530649,-0.0016897110035642982,-0.004027082119137049,0.008192022331058979
lqr,2,0,4,4,0.08,-1.8437682390213013,-1.5657470226287842,1.0133073329925537,-4.23710823059082,-2.2531473636627197,0.09493479877710342,4.799871921539307,-2.646925449371338,-1.9928385019302368,1.034428596496582,35.26542663574219,18.60501480102539,16.16865348815918,43.02583312988281,0.007345010992139578,-0.019383449107408524,-0.007909923791885376,0.02218635194003582
lqr,3,0,4,4,0.08,-1.4592400789260864,1.4298276901245117,0.9191220998764038,-1.4931364059448242,1.2832448482513428,-0.5771709680557251,2.0516579151153564,-1.7422666549682617,1.6730701923370361,0.8128437399864197,12.376919746398926,-10.621552467346191,20.902963638305664,26.51300621032715,-0.007175774313509464,-0.011004894971847534,0.0020563399884849787,0.013297668658196926
rl,0,0,5,5,0.1,1.2485017776489258,-1.2566030025482178,0.9927184581756592,-0.012614214792847633,-0.06828295439481735,-0.07740772515535355,0.1039886325597763,2.9613189697265625,-1.7352508306503296,1.021186113357544,1.2980091571807861,-0.05926062539219856,16.216815948486328,16.268787384033203,-0.0010714789386838675,-0.008007723838090897,-0.00029362173518165946,0.008084424771368504
rl,1,0,5,5,0.1,1.244589924812317,1.2420568466186523,0.9879647493362427,-0.03217008709907532,-0.07139809429645538,-0.13569121062755585,0.15666750073432922,1.854996681213379,0.523216724395752,0.787452757358551,1.4776114225387573,0.5129953622817993,15.137248992919922,15.21784496307373,-0.0009972112020477653,-0.007609704043716192,-0.00032131504849530756,0.007681488990783691
rl,2,0,5,5,0.1,-1.2525044679641724,-1.2515778541564941,0.9818688631057739,0.01711651310324669,-0.0407271608710289,-0.19091404974460602,0.19595879316329956,-2.646925449371338,-1.9928385019302368,1.034428596496582,1.4810051918029785,-0.8703173995018005,15.341010093688965,15.436884880065918,-0.0012751654721796513,-0.006118150427937508,-0.00013254430086817592,0.006251030135899782
rl,3,0,5,5,0.1,-1.2507537603378296,1.2417048215866089,0.9879767298698425,-0.0072988299652934074,-0.09324181824922562,-0.13353347778320312,0.16302913427352905,-1.7422666549682617,1.6730701923370361,0.8128437399864197,-0.10890961438417435,-1.0931103229522705,13.697392463684082,13.741372108459473,-0.0009087926591746509,-0.007425402291119099,-0.00029980429098941386,0.007486814167350531
lqr,0,0,5,5,0.1,2.1181201934814453,-1.4961585998535156,1.0091662406921387,4.4523420333862305,-1.262476921081543,0.04701759293675423,4.628110408782959,2.9613189697265625,-1.7352508306503296,1.021186113357544,-37.51078796386719,10.643373489379883,16.54103660583496,42.35500717163086,-0.006204099394381046,-0.02777448669075966,-0.00012407483882270753,0.02845923975110054
lqr,1,0,5,5,0.1,1.5569027662277222,0.8813166618347168,0.8905966877937317,1.574021339416504,-1.8908690214157104,-0.5611043572425842,2.5234434604644775,1.854996681213379,0.523216724395752,0.787452757358551,-13.1810941696167,15.897342681884766,20.966947555541992,29.429229736328125,-0.008002225309610367,-0.015600665472447872,-0.0016801235033199191,0.01761360839009285
lqr,2,0,5,5,0.1,-1.958634614944458,-1.6268291473388672,1.0158814191818237,-3.6343777179718018,-1.932633399963379,0.08144178241491318,4.117086887359619,-2.646925449371338,-1.9928385019302368,1.034428596496582,30.644725799560547,16.162050247192383,16.126487731933594,38.214847564697266,-0.007474755402654409,0.007823498919606209,-0.0033033646177500486,0.01131332479417324
lqr,3,0,5,5,0.1,-1.4997183084487915,1.464616298675537,0.903475284576416,-1.2807331085205078,1.1007003784179688,-0.49505531787872314,1.759800672531128,-1.7422666549682617,1.6730701923370361,0.8128437399864197,10.748674392700195,-9.227066040039062,20.254493713378906,24.716739654541016,0.000621792278252542,-0.0030235229060053825,0.0008560051210224628,0.003203288884833455
rl,0,0,6,6,0.12,1.2478609085083008,-1.258215308189392,0.9898779988288879,-0.02574516087770462,-0.046468816697597504,-0.10332368314266205,0.1161806657910347,2.9613189697265625,-1.7352508306503296,1.021186113357544,-0.7354390621185303,1.1803741455078125,14.4786376953125,14.54527759552002,-0.001927642268128693,-0.007802664767950773,-0.00016845243226271123,0.008039015345275402
rl,1,0,6,6,0.12,1.243068814277649,1.2402012348175049,0.9837105870246887,-0.05996237322688103,-0.05708078294992447,-0.14485828578472137,0.1668461114168167,1.854996681213379,0.523216724395752,0.787452757358551,-1.5293678045272827,0.7753376960754395,15.380773544311523,15.476056098937988,-0.0020005630794912577,-0.007628616876900196,-0.00016960928041953593,0.007888397201895714
rl,2,0,6,6,0.12,-1.2521618604660034,-1.2531496286392212,0.9761081337928772,0.008568881079554558,-0.058234792202711105,-0.19258521497249603,0.2013797014951706,-2.646925449371338,-1.9928385019302368,1.034428596496582,-0.48689910769462585,-0.9391413331031799,15.787906646728516,15.823307037353516,-0.0011888387380167842,-0.0065531739965081215,-0.00017743899661581963,0.006662500090897083
rl,3,0,6,6,0.12,-1.2504829168319702,1.2385790348052979,0.9837427735328674,0.01719912700355053,-0.1096886619925499,-0.14492647349834442,0.18256805837154388,-1.7422666549682617,1.6730701923370361,0.8128437399864197,1.2950713634490967,-0.8853636980056763,15.26634407043457,15.346736907958984,-0.0008041027467697859,-0.007259977515786886,-0.0003322297416161746,0.007311923895031214
lqr,0,0,6,6,0.12,2.2387495040893555,-1.5303633213043213,1.0104397535324097,3.816035747528076,-1.08204984664917,0.040286120027303696,3.966684341430664,2.9613189697265625,-1.7352508306503296,1.021186113357544,-32.217655181884766,9.140454292297363,16.366291046142578,37.27439498901367,-0.011272734962403774,-0.04438157379627228,-2.8490463591879234e-05,0.04579082131385803
lqr,1,0,6,6,0.12,1.59954833984375,0.8300866484642029,0.875394344329834,1.349071979522705,-1.6206364631652832,-0.48091644048690796,2.1628079414367676,1.854996681213379,0.523216724395752,0.787452757358551,-11.33133316040039,13.653407096862793,20.226707458496094,26.90602684020996,-0.0157685074955225,-0.0223527904599905,-4.988930231775157e-05,0.02735499106347561
lqr,2,0,6,6,0.12,-2.0571022033691406,-1.6791906356811523,1.0180879831314087,-3.114973545074463,-1.6564311981201172,0.06981074064970016,3.528696298599243,-2.646925449371338,-1.9928385019302368,1.034428596496582,26.2990665435791,13.875052452087402,16.0527400970459,33.7912483215332,-0.015222873538732529,0.020886901766061783,-0.00010166465654037893,0.02584586851298809
lqr,3,0,6,6,0.12,-1.5344178676605225,1.4944381713867188,0.890062689781189,-1.0976958274841309,0.9433919787406921,-0.4242967367172241,1.5082944631576538,-1.7422666549682617,1.6730701923370361,0.8128437399864197,9.218164443969727,-7.91815185546875,19.63714027404785,23.093050003051758,0.004652495961636305,0.0007531912415288389,2.3256154236150905e-05,0.004713125992566347
rl,0,0,7,7,0.14,1.2470659017562866,-1.2599130868911743,0.9864809513092041,-0.026868872344493866,-0.061659619212150574,-0.11818999797105789,0.13598793745040894,2.9613189697265625,-1.7352508306503296,1.021186113357544,-0.09611514210700989,-0.8135508894920349,15.07666015625,15.098899841308594,-0.002421956043690443,-0.008231882005929947,-9.27161454455927e-05,0.008581278845667839
rl,1,0,7,7,0.14,1.2414824962615967,1.2385133504867554,0.9794896245002747,-0.04932750388979912,-0.05585325136780739,-0.1386244148015976,0.15738333761692047,1.854996681213379,0.523216724395752,0.787452757358551,0.5338101387023926,0.07158701866865158,16.21630859375,16.225250244140625,-0.0025780238211154938,-0.008551353588700294,-9.678569040261209e-05,0.00893203355371952
rl,2,0,7,7,0.14,-1.2517857551574707,-1.2554529905319214,0.9702558517456055,0.014528727158904076,-0.08604021370410919,-0.1963144689798355,0.2148333638906479,-2.646925449371338,-1.9928385019302368,1.034428596496582,0.28918302059173584,-1.493787407875061,15.678627967834473,15.752283096313477,-0.0009877268457785249,-0.007539213635027409,-0.00026784397778101265,0.007608356419950724
rl,3,0,7,7,0.14,-1.2497618198394775,1.235573649406433,0.9795195460319519,0.027460621669888496,-0.09545119851827621,-0.13869111239910126,0.1705879271030426,-1.7422666549682617,1.6730701923370361,0.8128437399864197,0.5192561149597168,0.7711029052734375,16.215970993041992,16.242595672607422,-0.0013204162241891026,-0.007049005478620529,-0.0002598577702883631,0.007176315411925316
lqr,0,0,7,7,0.14,2.3421270847320557,-1.5596762895584106,1.011530876159668,3.270193338394165,-0.9272748231887817,0.03451758250594139,3.3992931842803955,2.9613189697265625,-1.7352508306503296,1.021186113357544,-27.618087768554688,7.834385871887207,16.20964813232422,32.96800231933594,-0.013505534268915653,-0.05075465515255928,3.659414505818859e-05,0.052520815283060074
lqr,1,0,7,7,0.14,1.6360951662063599,0.7861829996109009,0.862366259098053,1.1561039686203003,-1.3888235092163086,-0.4121270477771759,1.8534443378448486,1.854996681213379,0.523216724395752,0.787452757358551,-9.725984573364258,11.703568458557129,19.579843521118164,24.797954559326172,-0.019211826846003532,-0.02499501034617424,0.001040245988406241,0.03154246136546135
lqr,2,0,7,7,0.14,-2.1414875984191895,-1.7240642309188843,1.0199792385101318,-2.6694116592407227,-1.4194968938827515,0.059830304235219955,3.023956060409546,-2.646925449371338,-1.9928385019302368,1.034428596496582,22.518661499023438,11.891702651977539,15.981203079223633,30.06495475769043,-0.018684932962059975,0.025841858237981796,0.002042891923338175,0.03195468336343765
lqr,3,0,7,7,0.14,-1.5641545057296753,1.519994854927063,0.8785684108734131,-0.9406810402870178,0.8084499835968018,-0.3636011481285095,1.2925471067428589,-1.7422666549682617,1.6730701923370361,0.8128437399864197,7.886144161224365,-6.780611991882324,19.097644805908203,21.745988845825195,0.006411926820874214,0.002124865772202611,-0.0005331808933988214,0.006775849964469671
rl,0,0,8,8,0.16,1.2459955215454102,-1.2615587711334229,0.9825618863105774,-0.0400787778198719,-0.051459211856126785,-0.13686303794384003,0.1516108512878418,2.9613189697265625,-1.7352508306503296,1.021186113357544,-0.7547898888587952,0.5580180287361145,14.868721961975098,14.898321151733398,-0.0022414226550608873,-0.00843407679349184,-0.00011755049490602687,0.00872762594372034
rl,1,0,8,8,0.16,1.2394465208053589,1.236562728881836,0.9746653437614441,-0.07711724936962128,-0.06961433589458466,-0.1719038486480713,0.20085854828357697,1.854996681213379,0.523216724395752,0.787452757358551,-1.5407600402832031,-0.7354367971420288,14.078893661499023,14.182032585144043,-0.0024173434358090162,-0.008641591295599937,-0.00010390915849711746,0.008973930962383747
rl,2,0,8,8,0.16,-1.251215934753418,-1.2583121061325073,0.9641969203948975,0.021230412647128105,-0.09991884976625443,-0.2047780305147171,0.22884176671504974,-2.646925449371338,-1.9928385019302368,1.034428596496582,0.3231002390384674,-0.7419562339782715,15.423147201538086,15.444363594055176,-0.0008052461198531091,-0.0077071175910532475,-0.0003329580358695239,0.007756219711154699
rl,3,0,8,8,0.16,-1.2490733861923218,1.2329630851745605,0.9749442338943481,0.02069498971104622,-0.08280957490205765,-0.15941384434700012,0.18082721531391144,-1.7422666549682617,1.6730701923370361,0.8128437399864197,-0.4026252031326294,0.6867470145225525,14.759292602539062,14.780745506286621,-0.0023122939746826887,-0.007539656944572926,-0.0001137673098128289,0.007887083105742931
lqr,0,0,8,8,0.16,2.430715560913086,-1.5847960710525513,1.0124657154083252,2.802349805831909,-0.7946152687072754,0.029576636850833893,2.9129798412323,2.9613189697265625,-1.7352508306503296,1.021186113357544,-23.67212677001953,6.714457988739014,16.083782196044922,29.396284103393555,-0.014096568338572979,-0.05151902884244919,7.870666740927845e-05,0.053412824869155884
lqr,1,0,8,8,0.16,1.667413592338562,0.7485602498054504,0.8512019515037537,0.9907086491584778,-1.1901342868804932,-0.3531673550605774,1.5882854461669922,1.854996681213379,0.523216724395752,0.787452757358551,-8.350123405456543,10.030726432800293,19.02604866027832,23.072290420532227,-0.020148543640971184,-0.025382589548826218,0.0017341997008770704,0.03245376795530319
lqr,2,0,8,8,0.16,-2.213801383972168,-1.7625179290771484,1.0215998888015747,-2.2875185012817383,-1.216418981552124,0.05127408355474472,2.5913403034210205,-2.646925449371338,-1.9928385019302368,1.034428596496582,19.272972106933594,10.191974639892578,15.923503875732422,26.99781036376953,-0.019650418311357498,0.0263547133654356,0.003411285113543272,0.033050667494535446
lqr,3,0,8,8,0.16,-1.5896377563476562,1.5418950319290161,0.868718683719635,-0.8061032295227051,0.6927914619445801,-0.3115803897380829,1.1076302528381348,-1.7422666549682617,1.6730701923370361,0.8128437399864197,6.741743564605713,-5.804503440856934,18.633928298950195,20.64864730834961,0.006856466177850962,0.0021854143124073744,-0.000887093658093363,0.007250800263136625
rl,0,0,9,9,0.18,1.244795322418213,-1.263313889503479,0.9780364036560059,-0.03997344151139259,-0.06202147528529167,-0.15784414112567902,0.17423923313617706,2.9613189697265625,-1.7352508306503296,1.021186113357544,-0.04356828331947327,-0.56003338098526,14.746933937072754,14.757628440856934,-0.0024208317045122385,-0.008616766892373562,-8.765562233747914e-05,0.008950797840952873
rl,1,0,9,9,0.18,1.2376489639282227,1.233918309211731,0.9696328043937683,-0.05130213499069214,-0.09742213040590286,-0.16567230224609375,0.19892282783985138,1.854996681213379,0.523216724395752,0.787452757358551,1.3363491296768188,-1.4907399415969849,16.220508575439453,16.34359359741211,-0.0017593511147424579,-0.00873204879462719,-0.0002056446101050824,0.00890989787876606
rl,2,0,9,9,0.18,-1.250415563583374,-1.261310338973999,0.9579187631607056,0.029422175139188766,-0.09996020048856735,-0.2115270346403122,0.23579947650432587,-2.646925449371338,-1.9928385019302368,1.034428596496582,0.39623934030532837,0.005513420328497887,15.515700340270996,15.520760536193848,-0.0011839837534353137,-0.007740324828773737,-0.0002995661925524473,0.007836082018911839
rl,3,0,9,9,0.18,-1.2479981184005737,1.2305619716644287,0.9701006412506104,0.043402377516031265,-0.07865949720144272,-0.16246436536312103,0.1856495440006256,-1.7422666549682617,1.6730701923370361,0.8128437399864197,1.1778810024261475,0.2312251478433609,15.71755599975586,15.763325691223145,-0.002729749074205756,-0.007683602161705494,-2.5667832233011723e-05,0.008154136128723621
lqr,0,0,9,9,0.18,2.5066299438476562,-1.6063215732574463,1.013266921043396,2.4014217853546143,-0.6809309720993042,0.025342969223856926,2.4962244033813477,2.9613189697265625,-1.7352508306503296,1.021186113357544,-20.293922424316406,5.755622863769531,15.988530158996582,26.468917846679688,-0.013779018074274063,-0.04938289150595665,0.00010404672502772883,0.05126930773258209
lqr,1,0,9,9,0.18,1.6942514181137085,0.7163198590278625,0.8416347503662109,0.8489686846733093,-1.0198642015457153,-0.3026403486728668,1.3610517978668213,1.854996681213379,0.523216724395752,0.787452757358551,-7.172517776489258,8.59807300567627,18.555099487304688,21.671722412109375,-0.0196938905864954,-0.024601023644208908,0.002141841221600771,0.03158555179834366
lqr,2,0,9,9,0.18,-2.275768756866455,-1.7954702377319336,1.0229891538619995,-1.9602466821670532,-1.0423882007598877,0.043939318507909775,2.2206015586853027,-2.646925449371338,-1.9928385019302368,1.034428596496582,16.491662979125977,8.737524032592773,15.881545066833496,24.50597381591797,-0.019223013892769814,0.024569425731897354,0.004217721521854401,0.03147967904806137
lqr,3,0,9,9,0.18,-1.611474633216858,1.560662865638733,0.8602781295776367,-0.6907737851142883,0.5936751365661621,-0.2670019567012787,0.9491620659828186,-1.7422666549682617,1.6730701923370361,0.8128437399864197,5.760098457336426,-4.968105316162109,18.237092971801758,19.75986671447754,0.006573113612830639,0.00157349172513932,-0.0010946961119771004,0.006846901495009661
rl,0,0,10,10,0.2,1.243561029434204,-1.2652292251586914,0.9732598066329956,-0.04172777757048607,-0.06474732607603073,-0.15991339087486267,0.1774984896183014,2.9613189697265625,-1.7352508306503296,1.021186113357544,-0.1548757702112198,-0.13466618955135345,15.76659107208252,15.767926216125488,-0.0021840245462954044,-0.008499580435454845,-0.00011519553663674742,0.008776451461017132
rl,1,0,10,10,0.2,1.2362631559371948,1.2304394245147705,0.9642980098724365,-0.043631549924612045,-0.12522801756858826,-0.1838906705379486,0.22671909630298615,1.854996681213379,0.523216724395752,0.787452757358551,0.3551110625267029,-1.49027681350708,14.898183822631836,14.97674560546875,-0.001097549800761044,-0.007943319156765938,-0.0002933327341452241,0.00802414957433939
rl,2,0,10,10,0.2,-1.2495031356811523,-1.2643451690673828,0.9507792592048645,0.030936019495129585,-0.10176393389701843,-0.2512069046497345,0.2727963328361511,-2.646925449371338,-1.9928385019302368,1.034428596496582,0.03486369550228119,-0.08907526731491089,13.737990379333496,13.738323211669922,-0.0016647052252665162,-0.007683994714170694,-0.0002266382216475904,0.00786551833152771
rl,3,0,10,10,0.2,-1.2467889785766602,1.2286747694015503,0.9653509855270386,0.03875185549259186,-0.05503354221582413,-0.15625283122062683,0.1701333224773407,-1.7422666549682617,1.6730701923370361,0.8128437399864197,-0.3063974976539612,1.285053014755249,16.211898803710938,16.265634536743164,-0.0031012122053653,-0.007631922606378794,6.544310599565506e-05,0.00823820661753416
lqr,0,0,10,10,0.2,2.571683406829834,-1.624767541885376,1.013953447341919,2.0578501224517822,-0.5835103392601013,0.021716687828302383,2.1390891075134277,2.9613189697265625,-1.7352508306503296,1.021186113357544,-17.402074813842773,4.935097694396973,15.920064926147461,24.09638786315918,-0.012994411401450634,-0.045897696167230606,0.00011740281479433179,0.04770185798406601
lqr,1,0,10,10,0.2,1.7172495126724243,0.6886922121047974,0.8334363698959351,0.7275074124336243,-0.8739513754844666,-0.25934135913848877,1.1663259267807007,1.854996681213379,0.523216724395752,0.787452757358551,-6.164337158203125,7.37133264541626,18.155292510986328,20.541427612304688,-0.018520265817642212,-0.02327190712094307,0.002345662796869874,0.02983427606523037
lqr,2,0,10,10,0.2,-2.328871011734009,-1.8237078189849854,1.0241793394088745,-1.6797940731048584,-0.8932540416717529,0.03765355795621872,1.9029000997543335,-2.646925449371338,-1.9928385019302368,1.034428596496582,14.109016418457031,7.492359638214111,15.853411674499512,22.5062313079834,-0.01807081326842308,0.021714217960834503,0.004623354412615299,0.028625808656215668
lqr,3,0,10,10,0.2,-1.6301872730255127,1.5767453908920288,0.8530452251434326,-0.5919439196586609,0.5087367296218872,-0.22880125045776367,0.813363790512085,-1.7422666549682617,1.6730701923370361,0.8128437399864197,4.91805362701416,-4.251558303833008,17.89771842956543,19.041831970214844,0.00591545132920146,0.0006537881563417614,-0.0011981825809925795,0.006070885341614485
rl,0,0,11,11,0.22,1.2426342964172363,-1.2675083875656128,0.9680173993110657,-0.025464992970228195,-0.08159307390451431,-0.18216241896152496,0.2012188881635666,2.9613189697265625,-1.7352508306503296,1.021186113357544,0.8139908313751221,-0.8955036997795105,14.682714462280273,14.732501983642578,-0.0020471909083426,-0.008276790380477905,-0.00012774528295267373,0.008527166210114956
rl,1,0,11,11,0.22,1.2346222400665283,1.2265944480895996,0.9584594368934631,-0.060220155864953995,-0.12963007390499115,-0.1999838799238205,0.24581287801265717,1.854996681213379,0.523216724395752,0.787452757358551,-0.9608651399612427,-0.22673729062080383,15.00634765625,15.038787841796875,-0.0009550598915666342,-0.008107475005090237,-0.0003445008478593081,0.008170799352228642
rl,2,0,11,11,0.22,-1.249101996421814,-1.2677414417266846,0.9433027505874634,0.004589735064655542,-0.1189357191324234,-0.2482275813817978,0.2752884030342102,-2.646925449371338,-1.9928385019302368,1.034428596496582,-1.4832502603530884,-0.9149510860443115,16.0343074798584,16.128738403320312,-0.0016970912693068385,-0.00816291756927967,-0.00023146184685174376,0.008340678177773952
rl,3,0,11,11,0.22,-1.2461825609207153,1.2264676094055176,0.959676206111908,0.010961317457258701,-0.08284571021795273,-0.20561985671520233,0.2219529002904892,-1.7422666549682617,1.6730701923370361,0.8128437399864197,-1.5510634183883667,-1.4890655279159546,13.210338592529297,13.384175300598145,-0.0030377276707440615,-0.00842050276696682,6.247416604310274e-05,0.008951902389526367
lqr,0,0,11,11,0.22,2.627429485321045,-1.64057457447052,1.014541745185852,1.7634299993515015,-0.5000272989273071,0.01860934868454933,1.8330464363098145,2.9613189697265625,-1.7352508306503296,1.021186113357544,-14.926373481750488,4.2328596115112305,15.872403144836426,22.195650100708008,-0.012003944255411625,-0.04193218797445297,0.00012238881026860327,0.04361671954393387
lqr,1,0,11,11,0.22,1.7369576692581177,0.6650173664093018,0.8264108896255493,0.6234210729598999,-0.7489145994186401,-0.2222372144460678,0.9994580149650574,1.854996681213379,0.523216724395752,0.787452757358551,-5.301771640777588,6.320773124694824,17.815988540649414,19.633399963378906,-0.017025915905833244,-0.021743524819612503,0.0024071247316896915,0.02772105485200882
lqr,2,0,11,11,0.22,-2.374375820159912,-1.8479057550430298,1.025199294090271,-1.4394644498825073,-0.7654569149017334,0.03226694464683533,1.6306512355804443,-2.646925449371338,-1.9928385019302368,1.034428596496582,12.0671968460083,6.426055908203125,15.836018562316895,20.921064376831055,-0.016590608283877373,0.01847771555185318,0.0047485241666436195,0.025282854214310646
lqr,3,0,11,11,0.22,-1.6462228298187256,1.590527057647705,0.8468470573425293,-0.507253885269165,0.4359503984451294,-0.19606570899486542,0.6969943046569824,-1.7422666549682617,1.6730701923370361,0.8128437399864197,4.19562292098999,-3.6370997428894043,17.607643127441406,18.462417602539062,0.005092623643577099,-0.0003701296227518469,-0.001228982931934297,0.005251877009868622
rl,0,0,12,12,0.24,1.241728663444519,-1.270399570465088,0.9622307419776917,-0.032531555742025375,-0.10375858843326569,-0.19825339317321777,0.22611624002456665,2.9613189697265625,-1.7352508306503296,1.021186113357544,-0.45276322960853577,-1.180651068687439,15.009628295898438,15.062797546386719,-0.0015381668927147985,-0.00792219489812851,-0.00019717414397746325,0.008072546683251858
rl,1,0,12,12,0.24,1.2327356338500977,1.2228926420211792,0.9525113701820374,-0.06421421468257904,-0.12028836458921432,-0.19740022718906403,0.23991583287715912,1.854996681213379,0.523216724395752,0.787452757358551,-0.2938016355037689,0.5166501402854919,16.016328811645508,16.027353286743164,-0.0016090318094938993,-0.00872181449085474,-0.0002836806233972311,0.008873527869582176
rl,2,0,12,12,0.24,-1.2485454082489014,-1.2718658447265625,0.9350898265838623,0.02553325891494751,-0.1467420756816864,-0.2865327298641205,0.32293370366096497,-2.646925449371338,-1.9928385019302368,1.034428596496582,1.0691533088684082,-1.4893736839294434,13.81797981262207,13.939078330993652,-0.0012697065249085426,-0.0085788918659091,-0.00031855449196882546,0.008678192272782326
rl,3,0,12,12,0.24,-1.2458221912384033,1.2237303256988525,0.9535608887672424,0.012546155601739883,-0.0954345166683197,-0.20295628905296326,0.22462503612041473,-1.7422666549682617,1.6730701923370361,0.8128437399864197,0.014362528920173645,-0.6637731790542603,16.023195266723633,16.036945343017578,-0.0019819599110633135,-0.008820729330182076,-0.0001125574781326577,0.00904135499149561
lqr,0,0,12,12,0.24,2.6751999855041504,-1.6541203260421753,1.0150457620620728,1.5111335515975952,-0.4284873604774475,0.015946950763463974,1.5707896947860718,2.9613189697265625,-1.7352508306503296,1.021186113357544,-12.806719779968262,3.6318085193634033,15.8408842086792,20.69144058227539,-0.010958143509924412,-0.03795585408806801,0.00012168296234449372,0.03950623422861099
lqr,1,0,12,12,0.24,1.7538458108901978,0.644729733467102,0.820390522480011,0.5342268943786621,-0.6417670845985413,-0.1904410719871521,0.8564643263816833,1.854996681213379,0.523216724395752,0.787452757358551,-4.563143253326416,5.4210309982299805,17.52808380126953,18.906179428100586,-0.015441153198480606,-0.020204540342092514,0.002371723297983408,0.02553972788155079
lqr,2,0,12,12,0.24,-2.41336989402771,-1.8686412572860718,1.0260734558105469,-1.2335182428359985,-0.655942440032959,0.027650535106658936,1.397351861000061,-2.646925449371338,-1.9928385019302368,1.034428596496582,10.317302703857422,5.512584686279297,15.826665878295898,19.68041229248047,-0.015012795105576515,0.015233535319566727,0.0046824743039906025,0.02189452387392521
lqr,3,0,12,12,0.24,-1.6599637269973755,1.6023368835449219,0.8415358662605286,-0.4346802532672882,0.3735772371292114,-0.16801415383815765,0.5972735285758972,-1.7422666549682617,1.6730701923370361,0.8128437399864197,3.575484037399292,-3.1103835105895996,17.35954475402832,17.994787216186523,0.0042252433486282825,-0.0013885018415749073,-0.0012103409972041845,0.004609288647770882
rl,0,0,13,13,0.26,1.2413089275360107,-1.2736893892288208,0.9556081295013428,-0.004712866619229317,-0.11261703819036484,-0.23200352489948273,0.25793495774269104,2.9613189697265625,-1.7352508306503296,1.021186113357544,1.4272167682647705,-0.46295809745788574,14.065885543823242,14.145685195922852,-0.0012758898083120584,-0.007752792909741402,-0.0002480139664839953,0.007860992103815079
rl,1,0,13,13,0.26,1.2302533388137817,1.219332218170166,0.9459388852119446,-0.09200312942266464,-0.11788039654493332,-0.22992560267448425,0.2742738723754883,1.854996681213379,0.523216724395752,0.787452757358551,-1.5756992101669312,0.14316879212856293,14.115241050720215,14.203639030456543,-0.002221096074208617,-0.009100220166146755,-0.00019885861547663808,0.009369461797177792
rl,2,0,13,13,0.26,-1.2478522062301636,-1.2765467166900635,0.9263709187507629,0.021900437772274017,-0.16065987944602966,-0.2926763594150543,0.3345903158187866,-2.646925449371338,-1.9928385019302368,1.034428596496582,-0.2709660828113556,-0.7378652095794678,15.546601295471191,15.566460609436035,-0.0009021199657581747,-0.007851600646972656,-0.0003629503771662712,0.00791158527135849
rl,3,0,13,13,0.26,-1.244889736175537,1.2203110456466675,0.9468592405319214,0.040366608649492264,-0.12324174493551254,-0.23360079526901245,0.2671840488910675,-1.7422666549682617,1.6730701923370361,0.8128437399864197,1.4305440187454224,-1.4852288961410522,14.23411750793457,14.38271427154541,-0.0015556231373921037,-0.008215893991291523,-0.0001765118504408747,0.008363733068108559
lqr,0,0,13,13,0.26,2.7161359786987305,-1.6657278537750244,1.0154778957366943,1.2949316501617432,-0.3671826124191284,0.013665660284459591,1.346052646636963,2.9613189697265625,-1.7352508306503296,1.021186113357544,-10.991907119750977,3.1170897483825684,15.821231842041016,19.515369415283203,-0.009940345771610737,-0.034208089113235474,0.00011723802890628576,0.035623274743556976
lqr,1,0,13,13,0.26,1.768317699432373,0.6273446679115295,0.8152318000793457,0.457793653011322,-0.5499489307403564,-0.163193941116333,0.7339285612106323,1.854996681213379,0.523216724395752,0.787452757358551,-3.931267738342285,4.650525093078613,17.28356170654297,18.324949264526367,-0.01389386784285307,-0.018751127645373344,0.0022728503681719303,0.0234480332583189
lqr,2,0,13,13,0.26,-2.4467854499816895,-1.8864104747772217,1.0268224477767944,-1.0570366382598877,-0.5620961785316467,0.023694075644016266,1.1974304914474487,-2.646925449371338,-1.9928385019302368,1.034428596496582,8.817154884338379,4.729857921600342,15.823044776916504,18.72117805480957,-0.01346573792397976,0.012172725982964039,0.0044908104464411736,0.01869943179190159
lqr,3,0,13,13,0.26,-1.671738862991333,1.6124566793441772,0.8369845151901245,-0.37249112129211426,0.32012835144996643,-0.14397689700126648,0.5118213891983032,-1.7422666549682617,1.6730701923370361,0.8128437399864197,3.04301118850708,-2.6586382389068604,17.147300720214844,17.616985321044922,0.0033802108373492956,-0.0023458676878362894,-0.0011593264061957598,0.004274688195437193
rl,0,0,14,14,0.28,1.2410897016525269,-1.2776236534118652,0.9487729072570801,-0.00860336609184742,-0.14042307436466217,-0.22576774656772614,0.26601454615592957,2.9613189697265625,-1.7352508306503296,1.021186113357544,-0.301233172416687,-1.4814099073410034,16.215280532836914,16.28559684753418,-0.0011798507766798139,-0.007318969815969467,-0.00025774657842703164,0.007417937740683556
rl,1,0,14,14,0.28,1.2269375324249268,1.2155747413635254,0.9386737942695618,-0.11978984624147415,-0.12894724309444427,-0.24828389286994934,0.3043384552001953,1.854996681213379,0.523216724395752,0.787452757358551,-1.5880800485610962,-0.5810766220092773,14.879483222961426,14.975268363952637,-0.0021988325752317905,-0.009690017439424992,-0.0002123306185239926,0.00993863120675087
rl,2,0,14,14,0.28,-1.247750997543335,-1.281922698020935,0.9177154302597046,-0.005888556130230427,-0.18846531212329865,-0.28643858432769775,0.3429298996925354,-2.646925449371338,-1.9928385019302368,1.034428596496582,-1.5852824449539185,-1.485368013381958,16.208232879638672,16.353172302246094,-0.0008988585905171931,-0.00870194099843502,-0.0004117870412301272,0.00875792745500803
rl,3,0,14,14,0.28,-1.244234561920166,1.2163190841674805,0.9389492869377136,0.01257345825433731,-0.13797301054000854,-0.27870115637779236,0.31123781204223633,-1.7422666549682617,1.6730701923370361,0.8128437399864197,-1.5714423656463623,-0.7794981002807617,13.43786334991455,13.551871299743652,-0.0010330765508115292,-0.007707991171628237,-0.00026111319311894476,0.007781295105814934
lqr,0,0,14,14,0.28,2.7512149810791016,-1.675674557685852,1.015848159790039,1.109662413597107,-0.31464871764183044,0.011710361577570438,1.1534693241119385,2.9613189697265625,-1.7352508306503296,1.021186113357544,-9.438093185424805,2.6765377521514893,15.81005573272705,18.60643196105957,-0.008993392810225487,-0.030796896666288376,0.0001104662733268924,0.032083362340927124
lqr,1,0,14,14,0.28,1.780719518661499,0.6124468445777893,0.810810923576355,0.3922955095767975,-0.47126686573028564,-0.13984592258930206,0.628923773765564,1.854996681213379,0.523216724395752,0.787452757358551,-3.3904120922088623,3.990462303161621,17.075958251953125,17.860767364501953,-0.012450538575649261,-0.017427323386073112,0.0021347918082028627,0.021524053066968918
lqr,2,0,14,14,0.28,-2.4754199981689453,-1.9016371965408325,1.027464509010315,-0.9058032631874084,-0.48167678713798523,0.020303793251514435,1.0261112451553345,-2.646925449371338,-1.9928385019302368,1.034428596496582,7.530924320220947,4.058870792388916,15.823201179504395,17.987855911254883,-0.012016773223876953,0.009382416494190693,0.004221360199153423,0.01581937074661255
lqr,3,0,14,14,0.28,-1.6818293333053589,1.621128797531128,0.8330841660499573,-0.31919848918914795,0.27432775497436523,-0.12337786704301834,0.43859490752220154,-1.7422666549682617,1.6730701923370361,0.8128437399864197,2.5856823921203613,-2.2711780071258545,16.96579360961914,17.311330795288086,0.002592195989564061,-0.003217474790289998,-0.0010883554350584745,0.004272720776498318
rl,0,0,15,15,0.3,1.2409864664077759,-1.28188955783844,0.9418646693229675,-0.0008453999180346727,-0.14308136701583862,-0.23252645134925842,0.27302294969558716,2.9613189697265625,-1.7352508306503296,1.021186113357544,0.3240927457809448,-0.12480366975069046,15.516366004943848,15.520252227783203,-0.001099140616133809,-0.007935233414173126,-0.0003116291482001543,0.008017053827643394
rl,1,0,15,15,0.3,1.2227880954742432,1.2111501693725586,0.9312195777893066,-0.14757411181926727,-0.15675529837608337,-0.24856562912464142,0.32883918285369873,1.854996681213379,0.523216724395752,0.787452757358551,-1.6033589839935303,-1.4814386367797852,15.854933738708496,16.0045108795166,-0.0017145515885204077,-0.010232648812234402,-0.0003093754639849067,0.010379908606410027
rl,2,0,15,15,0.3,-1.24761164188385,-1.2879606485366821,0.9081347584724426,0.009930077940225601,-0.20765122771263123,-0.33580976724624634,0.39495041966438293,-2.646925449371338,-1.9928385019302368,1.034428596496582,0.7756475210189819,-1.0229324102401733,13.220670700073242,13.282852172851562,-0.0006504958728328347,-0.00898763071745634,-0.00048535733367316425,0.009024202823638916
rl,3,0,15,15,0.3,-1.244267225265503,1.2118558883666992,0.93048095703125,-0.007913253270089626,-0.1541731208562851,-0.28406277298927307,0.32330113649368286,-1.7422666549682617,1.6730701923370361,0.8128437399864197,-1.1965303421020508,-0.8554753065109253,15.583560943603516,15.652823448181152,-0.0010134027106687427,-0.008743766695261002,-0.00033245873055420816,0.008808573707938194
lqr,0,0,15,15,0.3,2.7812752723693848,-1.684198260307312,1.0161656141281128,0.9509003758430481,-0.2696313261985779,0.010034688748419285,0.9884397983551025,2.9613189697265625,-1.7352508306503296,1.021186113357544,-8.107738494873047,2.299513339996338,15.804903030395508,17.911396026611328,-0.008136248216032982,-0.027757272124290466,0.00010238511458737776,0.02892533876001835
lqr,1,0,15,15,0.3,1.7913464307785034,0.599680483341217,0.8070226311683655,0.33616796135902405,-0.4038417637348175,-0.11983804404735565,0.5389417409896851,1.854996681213379,0.523216724395752,0.787452757358551,-2.92767596244812,3.4251246452331543,16.899425506591797,17.48980712890625,-0.011140906251966953,-0.01624762825667858,0.001974963117390871,0.019799133762717247
lqr,2,0,15,15,0.3,-2.49995756149292,-1.914685606956482,1.0280145406723022,-0.7762079238891602,-0.41276299953460693,0.01739785447716713,0.8793035745620728,-2.646925449371338,-1.9928385019302368,1.034428596496582,6.4277873039245605,3.484017848968506,15.825724601745605,17.432968139648438,-0.010696553625166416,0.006891601253300905,0.0039084614254534245,0.013311142101883888
lqr,3,0,15,15,0.3,-1.690476417541504,1.628560185432434,0.829741895198822,-0.2735300064086914,0.23507942259311676,-0.10572604835033417,0.37584438920021057,-1.7422666549682617,1.6730701923370361,0.8128437399864197,2.1927342414855957,-1.938611388206482,16.81034278869629,17.063232421875,0.0018766741268336773,-0.003995663020759821,-0.0010063407244160771,0.004527687095105648
rl,0,0,16,16,0.32,1.2414661645889282,-1.2859439849853516,0.934444010257721,0.024406984448432922,-0.13117456436157227,-0.25476953387260437,0.28759342432022095,2.9613189697265625,-1.7352508306503296,1.021186113357544,1.2665125131607056,0.6611147522926331,14.686284065246582,14.755611419677734,-0.001760937855578959,-0.0075811948627233505,-0.00020489004964474589,0.007785717491060495
rl,1,0,16,16,0.32,1.2181118726730347,1.2058913707733154,0.923887312412262,-0.16001956164836884,-0.18456119298934937,-0.24233058094978333,0.34408313035964966,1.854996681213379,0.523216724395752,0.787452757358551,-0.7881173491477966,-1.479981541633606,16.211633682250977,16.298114776611328,-0.0010902297217398882,-0.010504249483346939,-0.0004401381011120975,0.010569842532277107
rl,2,0,16,16,0.32,-1.2472645044326782,-1.294736385345459,0.8972043991088867,0.012411333620548248,-0.2349405139684677,-0.3786095380783081,0.4457535743713379,-2.646925449371338,-1.9928385019302368,1.034428596496582,0.047681283205747604,-1.4591851234436035,13.571416854858398,13.649720191955566,-0.0004700299759861082,-0.007877170108258724,-0.0004888157709501684,0.00790630653500557
rl,3,0,16,16,0.32,-1.2450488805770874,1.2068997621536255,0.9219041466712952,-0.0351162925362587,-0.17072299122810364,-0.2868030071258545,0.33561205863952637,-1.7422666549682617,1.6730701923370361,0.8128437399864197,-1.5684223175048828,-0.8731213808059692,15.722088813781738,15.824234008789062,-0.0010551480809226632,-0.009591440670192242,-0.00039038091199472547,0.009657197631895542
lqr,0,0,16,16,0.32,2.807034730911255,-1.6915026903152466,1.0164374113082886,0.8148514628410339,-0.2310548722743988,0.008598809130489826,0.847020149230957,2.9613189697265625,-1.7352508306503296,1.021186113357544,-6.969051361083984,1.976735234260559,15.803881645202637,17.38498878479004,-0.007374252192676067,-0.025085246190428734,9.37094446271658e-05,0.02614685334265232
lqr,1,0,16,16,0.32,1.8004533052444458,0.5887405872344971,0.8037764430046082,0.2880706489086151,-0.34606310725212097,-0.1026933565735817,0.4618336260318756,1.854996681213379,0.523216724395752,0.787452757358551,-2.5323691368103027,2.9410862922668457,16.749202728271484,17.192983627319336,-0.009973869659006596,-0.015211128629744053,0.0018056927947327495,0.01827886886894703
lqr,2,0,16,16,0.32,-2.520983934402466,-1.9258674383163452,1.0284860134124756,-0.6651551723480225,-0.3537074029445648,0.01490793190896511,0.75350022315979,-2.646925449371338,-1.9928385019302368,1.034428596496582,5.48138427734375,2.991302490234375,15.829694747924805,17.016836166381836,-0.009514911100268364,0.004697875119745731,0.0035764651838690042,0.01119797583669424
lqr,3,0,16,16,0.32,-1.6978858709335327,1.6349283456802368,0.8268778920173645,-0.23439563810825348,0.2014462947845459,-0.09059955179691315,0.32207173109054565,-1.7422666549682617,1.6730701923370361,0.8128437399864197,1.8549000024795532,-1.6532951593399048,16.677316665649414,16.861404418945312,0.001237893127836287,-0.004681824706494808,-0.0009195391903631389,0.004929240792989731
rl,0,0,17,17,0.34,1.242017149925232,-1.2904353141784668,0.9260868430137634,0.015356910414993763,-0.15898306667804718,-0.2904717028141022,0.3314894437789917,2.9613189697265625,-1.7352508306503296,1.021186113357544,-0.5852847695350647,-1.4802756309509277,13.950702667236328,14.041220664978027,-0.0019153238972648978,-0.007265313062816858,-0.00015048374189063907,0.007515043951570988
rl,1,0,17,17,0.34,1.213083028793335,1.200189232826233,0.9156299233436584,-0.17142146825790405,-0.1928221434354782,-0.29169905185699463,0.3894278407096863,1.854996681213379,0.523216724395752,0.787452757358551,-0.718024730682373,-0.42862072587013245,13.210419654846191,13.236860275268555,-0.0009103453485295177,-0.01006708387285471,-0.00048423439147882164,0.010119752958416939
rl,2,0,17,17,0.34,-1.2466315031051636,-1.301796317100525,0.8853372931480408,0.02544928714632988,-0.235536128282547,-0.40405431389808655,0.46838533878326416,-2.646925449371338,-1.9928385019302368,1.034428596496582,0.6052678823471069,-0.018088161945343018,14.510226249694824,14.522855758666992,-0.0005677460576407611,-0.007551805581897497,-0.0004748838837258518,0.007587991654872894
rl,3,0,17,17,0.34,-1.2455461025238037,1.201693058013916,0.9128947854042053,-0.007292671594768763,-0.17497391998767853,-0.30706527829170227,0.35349419713020325,-1.7422666549682617,1.6730701923370361,0.8128437399864197,1.3978744745254517,-0.21037407219409943,14.795863151550293,14.863239288330078,-0.0012164295185357332,-0.009389035403728485,-0.0003872018132824451,0.009475422091782093
lqr,0,0,17,17,0.34,2.829108238220215,-1.6977615356445312,1.0166703462600708,0.6982693076133728,-0.19799742102622986,0.007368193939328194,0.7258355617523193,2.9613189697265625,-1.7352508306503296,1.021186113357544,-5.994261741638184,1.700555443763733,15.80549430847168,16.98931121826172,-0.006704998202621937,-0.022757144644856453,8.493761561112478e-05,0.023724498227238655
lqr,1,0,17,17,0.34,1.8082568645477295,0.5793658494949341,0.8009945750236511,0.24685561656951904,-0.2965509593486786,-0.08800128102302551,0.3957580029964447,1.854996681213379,0.523216724395752,0.787452757358551,-2.194199323654175,2.5264904499053955,16.621387481689453,16.954885482788086,-0.008946436457335949,-0.014308972284197807,0.0016354885883629322,0.016954651102423668
lqr,2,0,17,17,0.34,-2.5390026569366455,-1.9354491233825684,1.0288900136947632,-0.5699912905693054,-0.3031008243560791,0.012774469330906868,0.6456960439682007,-2.646925449371338,-1.9928385019302368,1.034428596496582,4.6695027351379395,2.5688881874084473,15.834298133850098,16.707136154174805,-0.00846953596919775,0.002782978815957904,0.003242182545363903,0.00948629342019558
lqr,3,0,17,17,0.34,-1.704235553741455,1.6403855085372925,0.8244235515594482,-0.20086073875427246,0.17262449860572815,-0.07763704657554626,0.27599233388900757,-1.7422666549682617,1.6730701923370361,0.8128437399864197,1.5643446445465088,-1.4083915948867798,16.56330108642578,16.696517944335938,0.0006741322576999664,-0.0052822064608335495,-0.0008323088986799121,0.005389702972024679
rl,0,0,18,18,0.36,1.2430119514465332,-1.2957613468170166,0.9172152876853943,0.04208238050341606,-0.18678879737854004,-0.2983470559120178,0.354502409696579,2.9613189697265625,-1.7352508306503296,1.021186113357544,1.3275995254516602,-1.4773286581039429,15.466177940368652,15.593194007873535,-0.0011180158471688628,-0.007429673336446285,-0.000275910715572536,0.007518386468291283
rl,1,0,18,18,0.36,1.208240270614624,1.1940397024154663,0.9058915376663208,-0.1564367711544037,-0.21106931567192078,-0.34107011556625366,0.43052470684051514,1.854996681213379,0.523216724395752,0.787452757358551,0.6979940533638,-0.9669003486633301,13.222521781921387,13.276187896728516,-0.0009858589619398117,-0.008970481343567371,-0.0004484090022742748,0.009035625495016575
rl,2,0,18,18,0.36,-1.2463233470916748,-1.3090829849243164,0.8730653524398804,0.0026837314944714308,-0.24656830728054047,-0.4115763306617737,0.47978976368904114,-2.646925449371338,-1.9928385019302368,1.034428596496582,-1.339656949043274,-0.5786000490188599,15.464046478271484,15.532745361328125,-0.0011548033216968179,-0.007855162024497986,-0.0003928672813344747,0.007949307560920715
rl,3,0,18,18,0.36,-1.2454568147659302,1.1958956718444824,0.9030335545539856,0.008115439675748348,-0.20238736271858215,-0.3395354151725769,0.39536160230636597,-1.7422666549682617,1.6730701923370361,0.8128437399864197,0.7259957790374756,-1.4595412015914917,14.134588241577148,14.228279113769531,-0.0012297105276957154,-0.007920784875750542,-0.00033643870847299695,0.00802273117005825
lqr,0,0,18,18,0.36,2.8480236530303955,-1.7031251192092896,1.0168700218200684,0.5983661413192749,-0.16966979205608368,0.006313895806670189,0.6219885349273682,2.9613189697265625,-1.7352508306503296,1.021186113357544,-5.1604743003845215,1.4643352031707764,15.80884838104248,16.69414520263672,-0.00612214719876647,-0.02074073627591133,7.639430259587243e-05,0.02162555605173111
lqr,1,0,18,18,0.36,1.814943790435791,0.5713323950767517,0.7986105680465698,0.2115384042263031,-0.2541224956512451,-0.07541042566299438,0.33913636207580566,1.854996681213379,0.523216724395752,0.787452757358551,-1.9054919481277466,2.171491861343384,16.51255989074707,16.76338005065918,-0.0080494936555624,-0.013528660871088505,0.0014700625324621797,0.015810757875442505
lqr,2,0,18,18,0.36,-2.554443120956421,-1.943659782409668,1.029236078262329,-0.48844224214553833,-0.25973519682884216,0.010945772752165794,0.5533154606819153,-2.646925449371338,-1.9928385019302368,1.034428596496582,3.972830295562744,2.2071642875671387,15.83901596069336,16.4781494140625,-0.007552086375653744,0.0011216516140848398,0.002916936296969652,0.00817316584289074
lqr,3,0,18,18,0.36,-1.7096768617630005,1.6450620889663696,0.8223204612731934,-0.172122985124588,0.14792539179325104,-0.0665290430188179,0.2365044504404068,-1.7422666549682617,1.6730701923370361,0.8128437399864197,1.314326524734497,-1.198143720626831,16.465635299682617,16.561405181884766,0.00018046666809823364,-0.005804850719869137,-0.0007475608144886792,0.005855570547282696
rl,0,0,19,19,0.38,1.2443944215774536,-1.3016908168792725,0.9083895087242126,0.048079997301101685,-0.203090637922287,-0.29211199283599854,0.35900822281837463,2.9613189697265625,-1.7352508306503296,1.021186113357544,0.1972786784172058,-0.8546330332756042,16.218339920043945,16.242040634155273,-0.0008661916945129633,-0.007248306181281805,-0.00032389062107540667,0.007307060994207859
rl,1,0,19,19,0.38,1.2040791511535645,1.1872279644012451,0.8957840800285339,-0.12982632219791412,-0.23505207896232605,-0.33483755588531494,0.4292092025279999,1.854996681213379,0.523216724395752,0.787452757358551,1.2927172183990479,-1.27173912525177,16.22869110107422,16.329692840576172,-0.0008020560489967465,-0.007802271284162998,-0.0004376306023914367,0.00785558670759201
rl,2,0,19,19,0.38,-1.2456865310668945,-1.3165063858032227,0.8604930639266968,0.030504269525408745,-0.24787454307079315,-0.4228157699108124,0.49106565117836,-2.646925449371338,-1.9928385019302368,1.034428596496582,1.3831158876419067,-0.05370317026972771,15.283434867858887,15.345985412597656,-0.0014382287627086043,-0.0082989651709795,-0.0003578819159884006,0.008430267684161663
rl,3,0,19,19,0.38,-1.2457693815231323,1.1895288228988647,0.8919996619224548,-0.019677480682730675,-0.21715529263019562,-0.3819209635257721,0.4397808909416199,-1.7422666549682617,1.6730701923370361,0.8128437399864197,-1.6063483953475952,-0.7769467830657959,13.58059310913086,13.697318077087402,-0.0008427448919974267,-0.007865672931075096,-0.00039644952630624175,0.00792061910033226
lqr,0,0,19,19,0.38,2.8642334938049316,-1.7077213525772095,1.0170412063598633,0.5127574801445007,-0.1453963816165924,0.005410617683082819,0.5330005288124084,2.9613189697265625,-1.7352508306503296,1.021186113357544,-4.44718599319458,1.2620946168899536,15.813161849975586,16.475025177001953,-0.0056177121587097645,-0.019001534208655357,6.828701589256525e-05,0.019814683124423027
lqr,1,0,19,19,0.38,1.8206743001937866,0.5644484162330627,0.7965676784515381,0.1812732070684433,-0.2177644670009613,-0.06462069600820541,0.29061517119407654,1.854996681213379,0.523216724395752,0.787452757358551,-1.6592204570770264,1.867601752281189,16.419742584228516,16.60869789123535,-0.0072711617685854435,-0.012856917455792427,0.001313064363785088,0.014828831888735294
lqr,2,0,19,19,0.38,-2.5676751136779785,-1.9506959915161133,1.0295326709747314,-0.4185597598552704,-0.2225746512413025,0.009379647672176361,0.4741515815258026,-2.646925449371338,-1.9928385019302368,1.034428596496582,3.374798536300659,1.8974069356918335,15.843728065490723,16.309907913208008,-0.006751319393515587,-0.00031361234141513705,0.0026079933159053326,0.007244328502565622
lqr,3,0,19,19,0.38,-1.7143393754959106,1.6490695476531982,0.8205182552337646,-0.14749771356582642,0.12676064670085907,-0.057011332362890244,0.20266753435134888,-1.7422666549682617,1.6730701923370361,0.8128437399864197,1.0984480381011963,-1.0175199508666992,16.38189125061035,16.450176239013672,-0.00024957762798294425,-0.006258451379835606,-0.000667150248773396,0.006298856344074011
rl,0,0,20,20,0.4,1.2462959289550781,-1.3081403970718384,0.8997507691383362,0.07105386257171631,-0.22092515230178833,-0.2858786880970001,0.36821621656417847,2.9613189697265625,-1.7352508306503296,1.021186113357544,1.1060280799865723,-0.9366212487220764,16.2260799407959,16.290679931640625,-0.0009846361353993416,-0.007521471474319696,-0.0003319840761832893,0.007592908106744289
rl,1,0,20,20,0.4,1.1997437477111816,1.180646538734436,0.8857004046440125,-0.1518489122390747,-0.2115519642829895,-0.33675992488861084,0.4256989359855652,1.854996681213379,0.523216724395752,0.787452757358551,-1.333060383796692,1.2908949851989746,15.761282920837402,15.870144844055176,-0.0013030105037614703,-0.007967472076416016,-0.00036782663664780557,0.008081692270934582
rl,2,0,20,20,0.4,-1.2453275918960571,-1.3237930536270142,0.8469526171684265,0.002712257206439972,-0.2404124140739441,-0.46561166644096375,0.52402263879776,-2.646925449371338,-1.9928385019302368,1.034428596496582,-1.6096453666687012,0.41973355412483215,13.556365013122559,13.658044815063477,-0.0018959144363179803,-0.007952683605253696,-0.00025443948106840253,0.00817951187491417
rl,3,0,20,20,0.4,-1.245999813079834,1.1828014850616455,0.8806666731834412,-0.001669255900196731,-0.2278042435646057,-0.37568771839141846,0.4393618404865265,-1.7422666549682617,1.6730701923370361,0.8128437399864197,0.8358693718910217,-0.5507301092147827,16.223331451416016,16.254182815551758,-0.000989381456747651,-0.008380584418773651,-0.0004046828835271299,0.008448481559753418
lqr,0,0,20,20,0.4,2.8781239986419678,-1.7116599082946777,1.0171875953674316,0.4393956661224365,-0.12459438294172287,0.004636537749320269,0.45674261450767517,2.9613189697265625,-1.7352508306503296,1.021186113357544,-3.836918592453003,1.089324951171875,15.818129539489746,16.31324005126953,-0.005183099769055843,-0.017505712807178497,6.074002885725349e-05,0.018257003277540207
lqr,1,0,20,20,0.4,1.825585126876831,0.5585492849349976,0.7948171496391296,0.15533804893493652,-0.1866084486246109,-0.055375050753355026,0.24903617799282074,1.854996681213379,0.523216724395752,0.787452757358551,-1.4491835832595825,1.6075608730316162,16.340538024902344,16.483251571655273,-0.006598700303584337,-0.012280638329684734,0.0011666682548820972,0.013989926315844059
lqr,2,0,20,20,0.4,-2.5790135860443115,-1.9567251205444336,1.0297868251800537,-0.3586755096912384,-0.1907304972410202,0.008036925457417965,0.4063137173652649,-2.646925449371338,-1.9928385019302368,1.034428596496582,2.8609721660614014,1.6319018602371216,15.848060607910156,16.18670082092285,-0.006055059842765331,-0.0015498645370826125,0.002319691702723503,0.006666843313723803
lqr,3,0,20,20,0.4,-1.7183352708816528,1.652503490447998,0.818973958492279,-0.12639397382736206,0.10862302035093307,-0.04885505139827728,0.17366984486579895,-1.7422666549682617,1.6730701923370361,0.8128437399864197,0.9127727150917053,-0.8624124526977539,16.310108184814453,16.35837745666504,-0.0006228231359273195,-0.0066514085046947,-0.0005921857664361596,0.006706700194627047
rl,0,0,21,21,0.42,1.248342752456665,-1.3146255016326904,0.8908085227012634,0.06682538986206055,-0.21378649771213531,-0.304169625043869,0.37774258852005005,2.9613189697265625,-1.7352508306503296,1.021186113357544,-0.3566267490386963,0.4098079800605774,14.888507843017578,14.898415565490723,-0.0013194694183766842,-0.007546985987573862,-0.0002898918173741549,0.007666944060474634
rl,1,0,21,21,0.42,1.1946324110031128,1.1737438440322876,0.8746102452278137,-0.17963816225528717,-0.2393607497215271,-0.38612672686576843,0.4885256290435791,1.854996681213379,0.523216724395752,0.787452757358551,-1.6284949779510498,-1.4788885116577148,13.202163696289062,13.384178161621094,-0.0019229198805987835,-0.009041434153914452,-0.00029180882847867906,0.009248259477317333
rl,2,0,21,21,0.42,-1.2453733682632446,-1.33156156539917,0.8321820497512817,-0.003645795863121748,-0.26822081208229065,-0.5057289004325867,0.5724660754203796,-2.646925449371338,-1.9928385019302368,1.034428596496582,-0.46200063824653625,-1.4815325736999512,13.71269702911377,13.800233840942383,-0.0018399476539343596,-0.008561288006603718,-0.00025932813878171146,0.008760611526668072
rl,3,0,21,21,0.42,-1.2462141513824463,1.1756858825683594,0.868526041507721,-0.009876569733023643,-0.24187882244586945,-0.41918689012527466,0.4840666949748993,-1.7422666549682617,1.6730701923370361,0.8128437399864197,-0.5622734427452087,-0.7381953597068787,13.528393745422363,13.560181617736816,-0.0011683874763548374,-0.008098638616502285,-0.00037023983895778656,0.00819085817784071
lqr,0,0,21,21,0.42,2.890026330947876,-1.7150352001190186,1.0173131227493286,0.37653034925460815,-0.10676867514848709,0.003974331077188253,0.3913955092430115,2.9613189697265625,-1.7352508306503296,1.021186113357544,-3.314925193786621,0.9415766596794128,15.8233003616333,16.19420051574707,-0.0048099420964717865,-0.016221627593040466,5.3813160775462165e-05,0.016919801011681557
lqr,1,0,21,21,0.42,1.8297929763793945,0.5534942150115967,0.7933172583580017,0.13311249017715454,-0.15991008281707764,-0.047452449798583984,0.21340548992156982,1.854996681213379,0.523216724395752,0.787452757358551,-1.270322322845459,1.3849811553955078,16.27299690246582,16.38115692138672,-0.0060196020640432835,-0.01178751140832901,0.001031992258504033,0.013275769539177418
lqr,2,0,21,21,0.42,-2.5887300968170166,-1.961892008781433,1.0300045013427734,-0.30735912919044495,-0.16344298422336578,0.00688652228564024,0.34818196296691895,-2.646925449371338,-1.9928385019302368,1.034428596496582,2.4198668003082275,1.4043692350387573,15.852139472961426,16.097152709960938,-0.005451137665659189,-0.0026124310679733753,0.0020542347338050604,0.006384322885423899
lqr,3,0,21,21,0.42,-1.7217590808868408,1.6554460525512695,0.8176500201225281,-0.10830987244844437,0.0930825024843216,-0.04186476022005081,0.14882217347621918,-1.7422666549682617,1.6730701923370361,0.8128437399864197,0.7523790597915649,-0.7289486527442932,16.248661041259766,16.28239631652832,-0.0009460555156692863,-0.006991572678089142,-0.0005232184776104987,0.007074663881212473
rl,0,0,22,22,0.44,1.2505639791488647,-1.3204829692840576,0.8815237879753113,0.07765782624483109,-0.18598435819149017,-0.31214576959609985,0.3715587556362152,2.9613189697265625,-1.7352508306503296,1.021186113357544,0.44429171085357666,1.5271015167236328,15.450236320495605,15.531878471374512,-0.002319545717909932,-0.007863512262701988,-0.00013808079529553652,0.008199645206332207
rl,1,0,22,22,0.44,1.1895514726638794,1.1660068035125732,0.8626301884651184,-0.1642155796289444,-0.26716649532318115,-0.4059440791606903,0.5129671096801758,1.854996681213379,0.523216724395752,0.787452757358551,0.6790949106216431,-1.4760620594024658,14.819669723510742,14.908472061157227,-0.0010700986022129655,-0.008936750702559948,-0.0004114601179026067,0.00900998990982771
rl,2,0,22,22,0.44,-1.2454006671905518,-1.3393700122833252,0.8165133595466614,0.00046932228724472225,-0.2562985420227051,-0.5305662155151367,0.5892280340194702,-2.646925449371338,-1.9928385019302368,1.034428596496582,0.0894000232219696,0.663855791091919,14.539027214050293,14.554450035095215,-0.0015582733321934938,-0.0083369892090559,-0.00028783042216673493,0.008486250415444374
rl,3,0,22,22,0.44,-1.246235966682434,1.1679015159606934,0.8549631237983704,0.0038538710214197636,-0.2682735025882721,-0.46855708956718445,0.539936363697052,-1.7422666549682617,1.6730701923370361,0.8128437399864197,0.6176144480705261,-1.4028689861297607,13.223533630371094,13.312074661254883,-0.0009176682797260582,-0.00783456675708294,-0.0003969825047533959,0.007898109965026379
lqr,0,0,22,22,0.44,2.9002268314361572,-1.7179276943206787,1.017420768737793,0.32265880703926086,-0.09149230271577835,0.0034059968311339617,0.33539700508117676,2.9613189697265625,-1.7352508306503296,1.021186113357544,-2.868826150894165,0.8152275085449219,15.828316688537598,16.106842041015625,-0.004490481223911047,-0.015120921656489372,4.7539204388158396e-05,0.015773680061101913
lqr,1,0,22,22,0.44,1.8333994150161743,0.5491622090339661,0.7920318841934204,0.1140674576163292,-0.13703125715255737,-0.04066401347517967,0.1828729510307312,1.854996681213379,0.523216724395752,0.787452757358551,-1.1182334423065186,1.1946203708648682,16.21530532836914,16.297658920288086,-0.005522178020328283,-0.011366416700184345,0.0009094068664126098,0.012669526040554047
lqr,2,0,22,22,0.44,-2.5970561504364014,-1.9663193225860596,1.0301910638809204,-0.2633826434612274,-0.14005917310714722,0.005901498720049858,0.2983652353286743,-2.646925449371338,-1.9928385019302368,1.034428596496582,2.040691375732422,1.2095258235931396,15.855752944946289,16.0322265625,-0.004928260575979948,-0.003524088067933917,0.0018124014604836702,0.006323902867734432
lqr,3,0,22,22,0.44,-1.7246930599212646,1.6579679250717163,0.8165158033370972,-0.09281422942876816,0.07976426929235458,-0.035873815417289734,0.12752941250801086,-1.7422666549682617,1.6730701923370361,0.8128437399864197,0.6136661171913147,-0.6144182682037354,16.195816040039062,16.219079971313477,-0.0012254599714651704,-0.007285938132554293,-0.0004604410787578672,0.007402611430734396
rl,0,0,23,23,0.46,1.2523378133773804,-1.3258004188537598,0.8721832633018494,0.049867115914821625,-0.17288358509540558,-0.31095054745674133,0.35925716161727905,2.9613189697265625,-1.7352508306503296,1.021186113357544,-1.6512702703475952,0.7383596897125244,15.926527976989746,16.02891731262207,-0.003235467243939638,-0.008368728682398796,2.1706386178266257e-05,0.008972421288490295
rl,1,0,23,23,0.46,1.1851812601089478,1.1585479974746704,0.850495457649231,-0.13639576733112335,-0.23936143517494202,-0.40376409888267517,0.488797664642334,1.854996681213379,0.523216724395752,0.787452757358551,1.3293874263763428,1.5265305042266846,16.008874893188477,16.13634490966797,-0.0013803457841277122,-0.007998917251825333,-0.0003371754428371787,0.008124143816530704
rl,2,0,23,23,0.46,-1.24582040309906,-1.3470951318740845,0.7998217940330505,-0.021209649741649628,-0.2580992579460144,-0.5692980289459229,0.6254320740699768,-2.646925449371338,-1.9928385019302368,1.034428596496582,-1.3021670579910278,-0.07527647167444229,13.777085304260254,13.838691711425781,-0.002120167948305607,-0.008388975635170937,-0.0001898815098684281,0.008654830045998096
rl,3,0,23,23,0.46,-1.2466679811477661,1.1604095697402954,0.840363621711731,-0.023523397743701935,-0.24046839773654938,-0.49570325016975403,0.5514527559280396,-1.7422666549682617,1.6730701923370361,0.8128437399864197,-1.6163973808288574,1.524341344833374,14.39630126953125,14.56673812866211,-0.0012193940347060561,-0.007808595895767212,-0.00035246534389443696,0.00791108887642622
lqr,0,0,23,23,0.46,2.908966064453125,-1.72040593624115,1.0175129175186157,0.27649784088134766,-0.07840210199356079,0.0029192338697612286,0.28741341829299927,2.9613189697265625,-1.7352508306503296,1.021186113357544,-2.487368583679199,0.7072834372520447,15.833185195922852,16.0429744720459,-0.004217582754790783,-0.014178468845784664,4.189743776805699e-05,0.014792523346841335
lqr,1,0,23,23,0.46,1.8364893198013306,0.5454501509666443,0.790930449962616,0.09774638712406158,-0.11742565035820007,-0.03484676405787468,0.15670812129974365,1.854996681213379,0.523216724395752,0.787452757358551,-0.9888033270835876,1.031753659248352,16.16609001159668,16.2291316986084,-0.0050957766361534595,-0.011007711291313171,0.0007987745339050889,0.012156262062489986
lqr,2,0,23,23,0.46,-2.6041908264160156,-1.970113754272461,1.0303510427474976,-0.2257024347782135,-0.1200205534696579,0.005056571681052446,0.2556796669960022,-2.646925449371338,-1.9928385019302368,1.034428596496582,1.7144180536270142,1.0428435802459717,15.858917236328125,15.985367774963379,-0.00447602104395628,-0.004305392969399691,0.0015939309960231185,0.0064118471927940845
lqr,3,0,23,23,0.46,-1.727207064628601,1.6601287126541138,0.8155441284179688,-0.07953554391860962,0.06835093349218369,-0.030741099268198013,0.1092829778790474,-1.7422666549682617,1.6730701923370361,0.8128437399864197,0.4937285780906677,-0.515777051448822,16.150487899780273,16.166263580322266,-0.0014666932402178645,-0.007540782913565636,-0.00040378951234743,0.0076927002519369125
rl,0,0,24,24,0.48,1.2540794610977173,-1.3304312229156494,0.8629794716835022,0.06215912476181984,-0.14508622884750366,-0.3047163486480713,0.34317025542259216,2.9613189697265625,-1.7352508306503296,1.021186113357544,0.49983546137809753,1.5345194339752197,16.217580795288086,16.297683715820312,-0.003681678557768464,-0.00912119448184967,0.00010225276491837576,0.00983673706650734
rl,1,0,24,24,0.48,1.1806511878967285,1.1510971784591675,0.8383158445358276,-0.1583034247159958,-0.25285375118255615,-0.4071010947227478,0.5047041773796082,1.854996681213379,0.523216724395752,0.787452757358551,-1.357764482498169,-0.6985403299331665,15.685579299926758,15.759723663330078,-0.002322735730558634,-0.008036185055971146,-0.00016783412138465792,0.008366812020540237
rl,2,0,24,24,0.48,-1.2470124959945679,-1.3553941249847412,0.7825691103935242,-0.048997197300195694,-0.28590771555900574,-0.577989935874939,0.6466964483261108,-2.646925449371338,-1.9928385019302368,1.034428596496582,-1.6558222770690918,-1.473870873451233,15.396077156066895,15.554845809936523,-0.0018159466562792659,-0.00917104072868824,-0.0002508194884285331,0.009352462366223335
rl,3,0,24,24,0.48,-1.2468172311782837,1.1534757614135742,0.8245270252227783,0.004296283237636089,-0.22645854949951172,-0.5439661741256714,0.5892377495765686,-1.7422666549682617,1.6730701923370361,0.8128437399864197,1.3653970956802368,0.7791846990585327,13.287973403930664,13.380645751953125,-0.002467359183356166,-0.008078509010374546,-0.0001505432155681774,0.008448244072496891
lqr,0,0,24,24,0.48,2.9164559841156006,-1.7225301265716553,1.0175920724868774,0.23694199323654175,-0.06718458980321884,0.002502151532098651,0.24629563093185425,2.9613189697265625,-1.7352508306503296,1.021186113357544,-2.1622610092163086,0.6152733564376831,15.837700843811035,15.996459007263184,-0.003984960727393627,-0.013372154906392097,3.6866767914034426e-05,0.013953343033790588
lqr,1,0,24,24,0.48,1.8391369581222534,0.5422691106796265,0.7899864315986633,0.08376196026802063,-0.10062527656555176,-0.029861275106668472,0.1342877745628357,1.854996681213379,0.523216724395752,0.787452757358551,-0.8790938854217529,0.8925626873970032,16.124114990234375,16.172710418701172,-0.0047308471985161304,-0.010702566243708134,0.0006996266893111169,0.011722427792847157
lqr,2,0,24,24,0.48,-2.610304594039917,-1.973365068435669,1.0304880142211914,-0.19341036677360535,-0.10284800827503204,0.004333196207880974,0.2190982848405838,-2.646925449371338,-1.9928385019302368,1.034428596496582,1.434084177017212,0.900065541267395,15.86172866821289,15.951838493347168,-0.004085265100002289,-0.004973947070538998,0.001397936837747693,0.006586635950952768
lqr,3,0,24,24,0.48,-1.729361653327942,1.6619805097579956,0.8147112727165222,-0.06815733015537262,0.058571312576532364,-0.02634270489215851,0.09364805370569229,-1.7422666549682617,1.6730701923370361,0.8128437399864197,0.38973507285118103,-0.4308297634124756,16.11166763305664,16.12213897705078,-0.0016749672358855605,-0.007761542685329914,-0.00035300469608046114,0.00794806145131588
rl,0,0,25,25,0.5,1.2553882598876953,-1.3350926637649536,0.8528505563735962,0.034369952976703644,-0.16052816808223724,-0.35408324003219604,0.3902890384197235,2.9613189697265625,-1.7352508306503296,1.021186113357544,-1.6396305561065674,-0.8009331226348877,13.200362205505371,13.32589340209961,-0.003651997307315469,-0.00893660169094801,0.00014961925626266748,0.009655170142650604
rl,1,0,25,25,0.5,1.1764042377471924,1.1435954570770264,0.8262274861335754,-0.1332012563943863,-0.24865566194057465,-0.40086862444877625,0.49017128348350525,1.854996681213379,0.523216724395752,0.787452757358551,1.1644631624221802,0.2576996684074402,16.229188919067383,16.272951126098633,-0.0021954835392534733,-0.008593556471168995,-0.00018313227337785065,0.008871464990079403
rl,2,0,25,25,0.5,-1.2484159469604492,-1.364123821258545,0.7653540372848511,-0.04566839337348938,-0.29352763295173645,-0.5717559456825256,0.644320547580719,-2.646925449371338,-1.9928385019302368,1.034428596496582,0.0056463852524757385,-0.3827868700027466,16.21666717529297,16.22118377685547,-0.001394991297274828,-0.009638507850468159,-0.00034470160608179867,0.009745031595230103
rl,3,0,25,25,0.5,-1.2467610836029053,1.1466660499572754,0.8078287243843079,0.0006586713716387749,-0.2272651195526123,-0.5629305839538574,0.6070755124092102,-1.7422666549682617,1.6730701923370361,0.8128437399864197,-0.354043573141098,-0.014327985234558582,14.852495193481445,14.856720924377441,-0.002707813633605838,-0.007319787051528692,-3.9199872844619676e-05,0.007804682943969965
lqr,0,0,25,25,0.5,2.922874689102173,-1.724349856376648,1.0176600217819214,0.2030424177646637,-0.057572029531002045,0.0021433397196233273,0.21105770766735077,2.9613189697265625,-1.7352508306503296,1.021186113357544,-1.884627103805542,0.5365859270095825,15.84184455871582,15.962574005126953,-0.003787138033658266,-0.012683209031820297,3.240713704144582e-05,0.01323658786714077
lqr,1,0,25,25,0.5,1.841405987739563,0.5395432114601135,0.7891774773597717,0.07177887111902237,-0.08622828125953674,-0.02558903582394123,0.11507529020309448,1.854996681213379,0.523216724395752,0.787452757358551,-0.7862586975097656,0.7736015319824219,16.088153839111328,16.12592315673828,-0.004419013392180204,-0.01044356357306242,0.0006112882401794195,0.011356468312442303
lqr,2,0,25,25,0.5,-2.615543842315674,-1.9761513471603394,1.0306051969528198,-0.165740966796875,-0.08813237398862839,0.0037132971920073032,0.18775294721126556,-2.646925449371338,-1.9928385019302368,1.034428596496582,1.1922999620437622,0.7781659960746765,15.864164352416992,15.927926063537598,-0.0037477172445505857,-0.005545611958950758,0.0012230871943756938,0.0068040527403354645
lqr,3,0,25,25,0.5,-1.7312077283859253,1.663567304611206,0.8139976859092712,-0.05840634927153587,0.050190269947052,-0.022573862224817276,0.08024926483631134,-1.7422666549682617,1.6730701923370361,0.8128437399864197,0.2993854582309723,-0.3577065169811249,16.078292846679688,16.085058212280273,-0.001854747999459505,-0.007953044958412647,-0.00030774305923841894,0.008172253146767616
rl,0,0,26,26,0.52,1.256975769996643,-1.3402153253555298,0.8420331478118896,0.06219176948070526,-0.1758691966533661,-0.3638378381729126,0.4088713228702545,2.9613189697265625,-1.7352508306503296,1.021186113357544,1.3293958902359009,-0.7886449098587036,15.370247840881348,15.447775840759277,-0.002586081624031067,-0.008747710846364498,1.0773179383249953e-05,0.009121972136199474
rl,1,0,26,26,0.52,1.1729644536972046,1.1355795860290527,0.8141118884086609,-0.10538330674171448,-0.27646446228027344,-0.40535253286361694,0.5018455386161804,1.854996681213379,0.523216724395752,0.787452757358551,1.3097548484802246,-1.4680384397506714,15.656949043273926,15.780071258544922,-0.002100460696965456,-0.00776373315602541,-0.00014419957005884498,0.008044146001338959
rl,2,0,26,26,0.52,-1.2494654655456543,-1.373485803604126,0.747683048248291,-0.029630647972226143,-0.32133418321609497,-0.597671389579773,0.6792235970497131,-2.646925449371338,-1.9928385019302368,1.034428596496582,0.7015076875686646,-1.4738402366638184,14.491991996765137,14.583626747131348,-0.0013181294780224562,-0.008939431048929691,-0.00034310881164856255,0.00904260016977787
rl,3,0,26,26,0.52,-1.2472970485687256,1.139807939529419,0.7905596494674683,-0.027132084593176842,-0.2292790710926056,-0.5819882750511169,0.6261113286018372,-1.7422666549682617,1.6730701923370361,0.8128437399864197,-1.6638200283050537,-0.07680599391460419,14.832951545715332,14.926173210144043,-0.0025702237617224455,-0.008239204064011574,-5.816822522319853e-05,0.008630986325442791
lqr,0,0,26,26,0.52,2.928375244140625,-1.7259098291397095,1.0177180767059326,0.17399363219738007,-0.04933447763323784,0.001836043200455606,0.1808619648218155,2.9613189697265625,-1.7352508306503296,1.021186113357544,-1.6477051973342896,0.46969956159591675,15.84570598602295,15.938065528869629,-0.0036192305851727724,-0.012094838544726372,2.847071118594613e-05,0.012624768540263176
lqr,1,0,26,26,0.52,1.8433502912521362,0.5372073650360107,0.7884842753410339,0.061509616672992706,-0.07389138638973236,-0.021927885711193085,0.09861136972904205,1.854996681213379,0.523216724395752,0.787452757358551,-0.707772433757782,0.6719574332237244,16.057479858398438,16.08711051940918,-0.00415287259966135,-0.010224167257547379,0.0005329548730514944,0.01104825735092163
lqr,2,0,26,26,0.52,-2.6200339794158936,-1.9785388708114624,1.0307055711746216,-0.1420271098613739,-0.07552245259284973,0.0031826794147491455,0.1608896255493164,-2.646925449371338,-1.9928385019302368,1.034428596496582,0.9842906594276428,0.6737406253814697,15.866209983825684,15.910983085632324,-0.0034563399385660887,-0.006033832207322121,0.0010678516700863838,0.007035177666693926
lqr,3,0,26,26,0.52,-1.7327901124954224,1.6649271249771118,0.8133862018585205,-0.05005013570189476,0.04300863668322563,-0.019344089552760124,0.06876738369464874,-1.7422666549682617,1.6730701923370361,0.8128437399864197,0.2210695594549179,-0.2946762442588806,16.04967498779297,16.05390167236328,-0.002009964780882001,-0.008119374513626099,-0.000267594848992303,0.008368739858269691
rl,0,0,27,27,0.54,1.2589359283447266,-1.3453502655029297,0.8312352895736694,0.06693510711193085,-0.16879744827747345,-0.357966810464859,0.4013890027999878,2.9613189697265625,-1.7352508306503296,1.021186113357544,0.06806518137454987,0.424935907125473,16.196142196655273,16.201858520507812,-0.0023473319597542286,-0.008023103699088097,-5.3871272029937245e-06,0.008359436877071857
rl,1,0,27,27,0.54,1.1698071956634521,1.1271709203720093,0.802075982093811,-0.10517394542694092,-0.28219953179359436,-0.3991168141365051,0.49999237060546875,1.854996681213379,0.523216724395752,0.787452757358551,-0.19285035133361816,-0.27403199672698975,16.214492797851562,16.217954635620117,-0.001601848634891212,-0.007591268513351679,-0.00020333258726168424,0.007761096581816673
rl,2,0,27,27,0.54,-1.250080943107605,-1.3834292888641357,0.729527473449707,-0.01595153473317623,-0.3364935517311096,-0.6089418530464172,0.6959112882614136,-2.646925449371338,-1.9928385019302368,1.034428596496582,0.5585730671882629,-0.789310872554779,15.279664039611816,15.310230255126953,-0.0009291853639297187,-0.008079849183559418,-0.00038117653457447886,0.008142029866576195
rl,3,0,27,27,0.54,-1.2475546598434448,1.1331647634506226,0.7732247710227966,0.0006895303376950324,-0.21751393377780914,-0.5757558941841125,0.6154735088348389,-1.7422666549682617,1.6730701923370361,0.8128437399864197,1.3127955198287964,0.6708373427391052,16.22978401184082,16.296606063842773,-0.002673700451850891,-0.008676871657371521,-4.256951797287911e-05,0.009079569950699806
lqr,0,0,27,27,0.54,2.933088779449463,-1.7272461652755737,1.0177679061889648,0.14909879863262177,-0.042277052998542786,0.0015734422486275434,0.1549847573041916,2.9613189697265625,-1.7352508306503296,1.021186113357544,-1.4459248781204224,0.4124346673488617,15.849225997924805,15.920388221740723,-0.0034770513884723186,-0.011592809110879898,2.501798007870093e-05,0.012103046290576458
lqr,1,0,27,27,0.54,1.8450164794921875,0.5352056622505188,0.7878903150558472,0.052709948271512985,-0.06331951171159744,-0.018790654838085175,0.0845031812787056,1.854996681213379,0.523216724395752,0.787452757358551,-0.6419458389282227,0.585320234298706,16.031219482421875,16.05474090576172,-0.003926082048565149,-0.010038812644779682,0.00046378589468076825,0.010789206251502037
lqr,2,0,27,27,0.54,-2.6238815784454346,-1.9805848598480225,1.0307916402816772,-0.12170551717281342,-0.0647163838148117,0.002728209597989917,0.13786908984184265,-2.646925449371338,-1.9928385019302368,1.034428596496582,0.8047963380813599,0.5843865871429443,15.86792278289795,15.899062156677246,-0.0032047827262431383,-0.006450278218835592,0.0009305644780397415,0.007262415252625942
lqr,3,0,27,27,0.54,-1.7341463565826416,1.6660923957824707,0.8128622174263,-0.04288869723677635,0.03685448691248894,-0.016576575115323067,0.05892772227525711,-1.7422666549682617,1.6730701923370361,0.8128437399864197,0.15239861607551575,-0.24019896984100342,16.02509880065918,16.027624130249023,-0.002144039608538151,-0.00826408714056015,-0.0002321252104593441,0.008540838956832886
rl,0,0,28,28,0.56,1.260387897491455,-1.3498581647872925,0.8197934031486511,0.03914462774991989,-0.14099740982055664,-0.3931085169315338,0.4194602072238922,2.9613189697265625,-1.7352508306503296,1.021186113357544,-1.6679229736328125,1.5399088859558105,13.959014892578125,14.142396926879883,-0.0029663576278835535,-0.008573330007493496,6.950788520043716e-05,0.009072271175682545
rl,1,0,28,28,0.56,1.1663517951965332,1.118148684501648,0.7902274131774902,-0.12017642706632614,-0.3100068271160126,-0.39288046956062317,0.5146859884262085,1.854996681213379,0.523216724395752,0.787452757358551,-1.0216774940490723,-1.4628362655639648,16.206445693969727,16.30437469482422,-0.0015305427368730307,-0.008476683869957924,-0.0002472822670824826,0.008617301471531391
rl,2,0,28,28,0.56,-1.2500033378601074,-1.394080400466919,0.7108566164970398,0.01186650525778532,-0.3642984926700592,-0.6290749311447144,0.7270416021347046,-2.646925449371338,-1.9928385019302368,1.034428596496582,1.3199059963226318,-1.4719501733779907,14.812457084655762,14.943817138671875,-0.0008320104097947478,-0.007521430030465126,-0.00038316406426019967,0.007577002514153719
rl,3,0,28,28,0.56,-1.2470341920852661,1.1268020868301392,0.7557468414306641,0.025677846744656563,-0.2093641757965088,-0.5860095024108887,0.6228160262107849,-1.7422666549682617,1.6730701923370361,0.8128437399864197,1.1632622480392456,0.4765186011791229,15.339468002319336,15.390891075134277,-0.003034240799024701,-0.0077484711073338985,7.00941018294543e-05,0.008321678265929222
lqr,0,0,28,28,0.56,2.9371278285980225,-1.7283915281295776,1.0178104639053345,0.1277644783258438,-0.03622765094041824,0.0013483483344316483,0.13280820846557617,2.9613189697265625,-1.7352508306503296,1.021186113357544,-1.274027705192566,0.36403006315231323,15.852417945861816,15.907696723937988,-0.0033569680526852608,-0.011164738796651363,2.2000123863108456e-05,0.011658520437777042
lqr,1,0,28,28,0.56,1.8464444875717163,0.5334904193878174,0.7873812913894653,0.04516899213194847,-0.05426020547747612,-0.016102224588394165,0.07241332530975342,1.854996681213379,0.523216724395752,0.787452757358551,-0.5863801836967468,0.5112414360046387,16.008766174316406,16.027658462524414,-0.0037331252824515104,-0.009882689453661442,0.00040292608900927007,0.010571950115263462
lqr,2,0,28,28,0.56,-2.6271791458129883,-1.9823379516601562,1.0308656692504883,-0.10429109632968903,-0.05545749515295029,0.0023377470206469297,0.11814241856336594,-2.646925449371338,-1.9928385019302368,1.034428596496582,0.6496180295944214,0.5080262422561646,15.869272232055664,15.89068603515625,-0.0029877114575356245,-0.006805202923715115,0.0008095456869341433,0.007476133294403553
lqr,3,0,28,28,0.56,-1.735308289527893,1.667090654373169,0.8124129176139832,-0.036750953644514084,0.0315808467566967,-0.014204698614776134,0.05049510672688484,-1.7422666549682617,1.6730701923370361,0.8128437399864197,0.0923742726445198,-0.1931043565273285,16.00400733947754,16.00543975830078,-0.002259966218844056,-0.008390380069613457,-0.00020089757163077593,0.008691736496984959
rl,0,0,29,29,0.58,1.2613147497177124,-1.353941559791565,0.8074935078620911,0.0267765074968338,-0.1336720883846283,-0.41843998432159424,0.44008776545524597,2.9613189697265625,-1.7352508306503296,1.021186113357544,-0.8504350781440735,0.43967634439468384,14.501020431518555,14.532588958740234,-0.00346166524104774,-0.009176448918879032,0.00013955032045487314,0.009808660484850407
rl,1,0,29,29,0.58,1.163122296333313,1.108381748199463,0.7780055403709412,-0.10137965530157089,-0.3333545923233032,-0.4146483540534973,0.5416054129600525,1.854996681213379,0.523216724395752,0.787452757358551,0.8136472105979919,-1.2256006002426147,14.719534873962402,14.792863845825195,-0.0010087720584124327,-0.008736120536923409,-0.00035328869125805795,0.008801263757050037
rl,2,0,29,29,0.58,-1.2490907907485962,-1.4051951169967651,0.6912353038787842,0.03968118876218796,-0.3735983073711395,-0.6665244102478027,0.7651176452636719,-2.646925449371338,-1.9928385019302368,1.034428596496582,1.326059103012085,-0.4750248193740845,13.876837730407715,13.948143005371094,-0.0006883824244141579,-0.00670695211738348,-0.00038014655001461506,0.006752894725650549
rl,3,0,29,29,0.58,-1.2462701797485352,1.12064528465271,0.7380204796791077,0.02535083517432213,-0.20316483080387115,-0.5933106541633606,0.6276432871818542,-1.7422666549682617,1.6730701923370361,0.8128437399864197,-0.2108718752861023,0.374917209148407,15.48229694366455,15.488271713256836,-0.0031145319808274508,-0.00753597030416131,0.00012239342322573066,0.008155129849910736
lqr,0,0,29,29,0.58,2.9405887126922607,-1.7293726205825806,1.017846941947937,0.10948596894741058,-0.031044375151395798,0.001155757112428546,0.11380802094936371,2.9613189697265625,-1.7352508306503296,1.021186113357544,-1.127713680267334,0.32275429368019104,15.855234146118164,15.898564338684082,-0.003255894873291254,-0.010799971409142017,1.9382689060876146e-05,0.011280097998678684
lqr,1,0,29,29,0.58,1.847668170928955,0.5320205092430115,0.7869452238082886,0.03870571404695511,-0.046497367322444916,-0.013798699714243412,0.06205273047089577,1.854996681213379,0.523216724395752,0.787452757358551,-0.5400810241699219,0.44819027185440063,15.989521026611328,16.00491714477539,-0.0035691431257873774,-0.009751591831445694,0.00034953304566442966,0.010390114970505238
lqr,2,0,29,29,0.58,-2.630004644393921,-1.9838403463363647,1.0309288501739502,-0.08936773985624313,-0.04752272740006447,0.0020039041992276907,0.10123743861913681,-2.646925449371338,-1.9928385019302368,1.034428596496582,0.5157632231712341,0.4429827332496643,15.870562553405762,15.885119438171387,-0.002800370566546917,-0.007107348646968603,0.0007031570421531796,0.00767143489792943
lqr,3,0,29,29,0.58,-1.7363038063049316,1.6679459810256958,0.812028169631958,-0.03149225190281868,0.02706305682659149,-0.012172088027000427,0.04327043518424034,-1.7422666549682617,1.6730701923370361,0.8128437399864197,0.039854325354099274,-0.1523904800415039,15.98584270477295,15.986618995666504,-0.002360320184379816,-0.008500853553414345,-0.00017347896937280893,0.008824155665934086
rl,0,0,30,30,0.6,1.2625460624694824,-1.3583582639694214,0.7947934865951538,0.04819009080529213,-0.15398380160331726,-0.4257905185222626,0.4553360044956207,2.9613189697265625,-1.7352508306503296,1.021186113357544,0.9511195421218872,-1.0457899570465088,15.499420166015625,15.563750267028809,-0.0029800429474562407,-0.008831067010760307,9.226729162037373e-05,0.009320778772234917
rl,1,0,30,30,0.6,1.1598998308181763,1.098082184791565,0.7654402256011963,-0.11043155193328857,-0.34830522537231445,-0.42093807458877563,0.5574051737785339,1.854996681213379,0.523216724395752,0.787452757358551,-0.7069491147994995,-0.7692350149154663,15.532696723937988,15.567792892456055,-0.0008599548600614071,-0.008319415152072906,-0.000381532619940117,0.008372440934181213
rl,2,0,30,30,0.6,-1.248262882232666,-1.4158470630645752,0.6706494688987732,0.021548867225646973,-0.34579381346702576,-0.6960299611091614,0.7774930000305176,-2.646925449371338,-1.9928385019302368,1.034428596496582,-1.162023901939392,1.529584288597107,14.269610404968262,14.398323059082031,-0.0014824499376118183,-0.006806543562561274,-0.00025515988818369806,0.006970781832933426
rl,3,0,30,30,0.6,-1.2457449436187744,1.1151063442230225,0.7196252942085266,0.013603512197732925,-0.17536628246307373,-0.6230989098548889,0.6474493145942688,-1.7422666549682617,1.6730701923370361,0.8128437399864197,-0.8180496692657471,1.5398168563842773,14.257713317871094,14.363935470581055,-0.003383623668923974,-0.008114690892398357,0.00016817930736579,0.008793486282229424
lqr,0,0,30,30,0.6,2.943554162979126,-1.7302138805389404,1.0178782939910889,0.09382364153862,-0.026602933183312416,0.000990666332654655,0.09752729535102844,2.9613189697265625,-1.7352508306503296,1.021186113357544,-1.003636121749878,0.28776058554649353,15.857731819152832,15.892065048217773,-0.0031710476614534855,-0.010489445179700851,1.7117565221269615e-05,0.010958298109471798
lqr,1,0,30,30,0.6,1.8487167358398438,0.5307608842849731,0.7865713834762573,0.03316785767674446,-0.039844583719968796,-0.011824500747025013,0.053174398839473724,1.854996681213379,0.523216724395752,0.787452757358551,-0.5016939640045166,0.3945680856704712,15.973112106323242,15.985858917236328,-0.0034301180858165026,-0.009641967713832855,0.000302825472317636,0.010238406248390675
lqr,2,0,30,30,0.6,-2.632425546646118,-1.9851278066635132,1.0309832096099854,-0.07657966762781143,-0.040723398327827454,0.0017173007363453507,0.0867513120174408,-2.646925449371338,-1.9928385019302368,1.034428596496582,0.39943408966064453,0.38734400272369385,15.871477127075195,15.881227493286133,-0.0026388096157461405,-0.007364001590758562,0.0006098597659729421,0.007846258580684662
lqr,3,0,30,30,0.6,-1.737156867980957,1.6686792373657227,0.8116984367370605,-0.026986759155988693,0.023190729320049286,-0.010430392809212208,0.03707948699593544,-1.7422666549682617,1.6730701923370361,0.8128437399864197,-0.006186529994010925,-0.11724621057510376,15.97024154663086,15.970672607421875,-0.002447189763188362,-0.008597682230174541,-0.00014947577437851578,0.008940426632761955
rl,0,0,31,31,0.62,1.2640297412872314,-1.3629909753799438,0.7811773419380188,0.05010072886943817,-0.1546640396118164,-0.46790963411331177,0.49534884095191956,2.9613189697265625,-1.7352508306503296,1.021186113357544,-0.0824897438287735,0.009222839958965778,13.606328964233398,13.606582641601562,-0.002317846519872546,-0.008077618665993214,1.4505756553262472e-05,0.008403602987527847
rl,1,0,31,31,0.62,1.1567339897155762,1.0878283977508545,0.752561628818512,-0.10306341201066971,-0.3385296165943146,-0.43345907330513,0.5595633387565613,1.854996681213379,0.523216724395752,0.787452757358551,0.1765022873878479,0.564415454864502,15.205893516540527,15.217388153076172,-0.0013119974173605442,-0.00862265657633543,-0.0003392549988348037,0.008728495799005032
rl,2,0,31,31,0.62,-1.2479344606399536,-1.42643404006958,0.6498932838439941,0.0056517161428928375,-0.35645386576652527,-0.6897931694984436,0.7764701843261719,-2.646925449371338,-1.9928385019302368,1.034428596496582,-1.0748661756515503,-0.5392378568649292,16.203310012817383,16.24787139892578,-0.0023590733762830496,-0.008189545944333076,-0.00014244728663470596,0.00852374266833067
rl,3,0,31,31,0.62,-1.245643138885498,1.1101895570755005,0.7004609704017639,-0.001695483922958374,-0.1581440418958664,-0.646671712398529,0.6657302379608154,-1.7422666549682617,1.6730701923370361,0.8128437399864197,-1.0214414596557617,0.9735351800918579,14.591440200805664,14.659510612487793,-0.0038542328402400017,-0.008627726696431637,0.0002507813915144652,0.009452813304960728
lqr,0,0,31,31,0.62,2.9460957050323486,-1.730934500694275,1.0179051160812378,0.08040151745080948,-0.02279636450111866,0.0008486029109917581,0.08357510715723038,2.9613189697265625,-1.7352508306503296,1.021186113357544,-0.8985199332237244,0.2580602765083313,15.859906196594238,15.887434005737305,-0.003100180998444557,-0.010225568898022175,1.5169754988164641e-05,0.010685205459594727
lqr,1,0,31,31,0.62,1.8496150970458984,0.5296815633773804,0.7862510681152344,0.028422772884368896,-0.03414388373494148,-0.010132864117622375,0.045566804707050323,1.854996681213379,0.523216724395752,0.787452757358551,-0.46973198652267456,0.3488518297672272,15.959016799926758,15.969738960266113,-0.0033124692272394896,-0.009550799615681171,0.0002620571758598089,0.01011231355369091
lqr,2,0,31,31,0.62,-2.6344997882843018,-1.9862309694290161,1.0310297012329102,-0.06562507152557373,-0.034896478056907654,0.0014717162121087313,0.07434096932411194,-2.646925449371338,-1.9928385019302368,1.034428596496582,0.298532634973526,0.339974582195282,15.872323989868164,15.87877082824707,-0.0024995531421154737,-0.007582041434943676,0.0005281851044856012,0.008000881411135197
lqr,3,0,31,31,0.62,-1.737887978553772,1.6693074703216553,0.8114157319068909,-0.02312592975795269,0.01987314783036709,-0.008937888778746128,0.03177477791905403,-1.7422666549682617,1.6730701923370361,0.8128437399864197,-0.047088198363780975,-0.08656671643257141,15.95687198638916,15.957176208496094,-0.0025225491262972355,-0.008682739920914173,-0.0001285020844079554,0.00904266256839037
rl,0,0,32,32,0.64,1.2651433944702148,-1.3680447340011597,0.7672648429870605,0.030666954815387726,-0.17538413405418396,-0.4616727828979492,0.494814932346344,2.9613189697265625,-1.7352508306503296,1.021186113357544,-1.2771353721618652,-1.060795783996582,16.202457427978516,16.287294387817383,-0.0020817129407078028,-0.00838420633226633,-4.392255505081266e-05,0.008638887666165829
rl,1,0,32,32,0.64,1.154198408126831,1.0782179832458496,0.7396826148033142,-0.07524287700653076,-0.3112427890300751,-0.4272257387638092,0.5339058041572571,1.854996681213379,0.523216724395752,0.787452757358551,1.257651925086975,1.5130603313446045,16.231840133666992,16.35064697265625,-0.002385578816756606,-0.008149598725140095,-0.0001472995209041983,0.008492858149111271
rl,2,0,32,32,0.64,-1.247357726097107,-1.4375931024551392,0.6291818618774414,0.026001352816820145,-0.3797245919704437,-0.6906797289848328,0.7886097431182861,-2.646925449371338,-1.9928385019302368,1.034428596496582,0.8770480155944824,-1.2194699048995972,15.847399711608887,15.918429374694824,-0.0019224120769649744,-0.008666196838021278,-0.00020677957218140364,0.008879267610609531
rl,3,0,32,32,0.64,-1.2451376914978027,1.105303406715393,0.6811023950576782,0.026125285774469376,-0.16523690521717072,-0.6446009278297424,0.6659550070762634,-1.7422666549682617,1.6730701923370361,0.8128437399864197,1.2773076295852661,-0.3311167061328888,16.010967254638672,16.065248489379883,-0.003627326339483261,-0.008565365336835384,0.0002438505325699225,0.009304968640208244
lqr,0,0,32,32,0.64,2.948273181915283,-1.7315521240234375,1.0179280042648315,0.06889922171831131,-0.019534070044755936,0.0007275819079950452,0.07161851972341537,2.9613189697265625,-1.7352508306503296,1.021186113357544,-0.8094881772994995,0.23306359350681305,15.86189079284668,15.88424301147461,-0.0030412417836487293,-0.010001547634601593,1.3491051504388452e-05,0.010453721508383751
lqr,1,0,32,32,0.64,1.850385308265686,0.5287564992904663,0.7859765291213989,0.02435585856437683,-0.029258809983730316,-0.008683056570589542,0.03904716670513153,1.854996681213379,0.523216724395752,0.787452757358551,-0.44359785318374634,0.3100196123123169,15.946983337402344,15.956164360046387,-0.0032130831386893988,-0.009475247003138065,0.00022654161148238927,0.010007773526012897
lqr,2,0,32,32,0.64,-2.636277675628662,-1.9871759414672852,1.0310696363449097,-0.05623487010598183,-0.029903678223490715,0.0012610548874363303,0.06370384991168976,-2.646925449371338,-1.9928385019302368,1.034428596496582,0.21130214631557465,0.2994631826877594,15.872907638549805,15.877138137817383,-0.002379594137892127,-0.007766640745103359,0.0004568084259517491,0.008135837502777576
lqr,3,0,32,32,0.64,-1.7385143041610718,1.6698458194732666,0.8111735582351685,-0.019817592576146126,0.017029868438839912,-0.007658913265913725,0.027228888124227524,-1.7422666549682617,1.6730701923370361,0.8128437399864197,-0.08346468210220337,-0.05994005501270294,15.945321083068848,15.94565200805664,-0.002588074654340744,-0.008758014999330044,-0.00011020882811862975,0.00913307722657919
rl,0,0,33,33,0.66,1.2658662796020508,-1.373862385749817,0.7533902525901794,0.020817948505282402,-0.20319120585918427,-0.46289747953414917,0.505958616733551,2.9613189697265625,-1.7352508306503296,1.021186113357544,-0.7630607485771179,-1.4431430101394653,15.808342933654785,15.892407417297363,-0.0014913507038727403,-0.009304152801632881,-0.0001972441386897117,0.009424982592463493
rl,1,0,33,33,0.66,1.1513851881027222,1.0688974857330322,0.7264449000358582,-0.1030341386795044,-0.31040677428245544,-0.44827407598495483,0.5549036860466003,1.854996681213379,0.523216724395752,0.787452757358551,-1.7274692058563232,0.08656252175569534,14.71770191192627,14.818986892700195,-0.0030904985032975674,-0.008210302330553532,3.0243627406889573e-06,0.008772699162364006
rl,2,0,33,33,0.66,-1.2466797828674316,-1.448523759841919,0.6075854301452637,0.020911766216158867,-0.35667312145233154,-0.7344722747802734,0.8167634606361389,-2.646925449371338,-1.9928385019302368,1.034428596496582,-0.4681958556175232,1.2761255502700806,13.507452011108398,13.575675964355469,-0.0019118039635941386,-0.008166536688804626,-0.00018526475469116122,0.008389377035200596
rl,3,0,33,33,0.66,-1.2449097633361816,1.099790096282959,0.6611239314079285,-0.001666584750637412,-0.19304776191711426,-0.676620364189148,0.7036229968070984,-1.7422666549682617,1.6730701923370361,0.8128437399864197,-1.7037999629974365,-1.451535701751709,14.132908821105957,14.309052467346191,-0.0026799102779477835,-0.008334494195878506,0.00011544229346327484,0.008755514398217201
lqr,0,0,33,33,0.66,2.9501402378082275,-1.732081413269043,1.017947793006897,0.059041548520326614,-0.01673925295472145,0.0006234433967620134,0.061371784657239914,2.9613189697265625,-1.7352508306503296,1.021186113357544,-0.7345183491706848,0.21196019649505615,15.86351203918457,15.881922721862793,-0.002992571098729968,-0.009811806492507458,1.2051469639118295e-05,0.010258030146360397
lqr,1,0,33,33,0.66,1.85104501247406,0.5279638767242432,0.7857412695884705,0.020870665088295937,-0.025072140619158745,-0.007440673187375069,0.03345983475446701,1.854996681213379,0.523216724395752,0.787452757358551,-0.42227017879486084,0.27709704637527466,15.936626434326172,15.94462776184082,-0.003129406366497278,-0.009413189254701138,0.0001956601336132735,0.009921673685312271
lqr,2,0,33,33,0.66,-2.6378014087677,-1.9879863262176514,1.0311037302017212,-0.04818957298994064,-0.025625567883253098,0.0010806909995153546,0.05459003895521164,-2.646925449371338,-1.9928385019302368,1.034428596496582,0.13544000685214996,0.2651037573814392,15.873462677001953,15.876254081726074,-0.002276285318657756,-0.007922555319964886,0.00039449564064852893,0.008252514526247978
lqr,3,0,33,33,0.66,-1.739051103591919,1.6703072786331177,0.8109661936759949,-0.016983099281787872,0.014592677354812622,-0.006563087459653616,0.023333366960287094,-1.7422666549682617,1.6730701923370361,0.8128437399864197,-0.11576277762651443,-0.036750055849552155,15.935376167297363,15.935839653015137,-0.0026451137382537127,-0.008824828080832958,-9.4284099759534e-05,0.009213203564286232
rl,0,0,34,34,0.68,1.2670254707336426,-1.3795617818832397,0.7392256259918213,0.04755093902349472,-0.18336714804172516,-0.47678714990615845,0.5130405426025391,2.9613189697265625,-1.7352508306503296,1.021186113357544,1.212760329246521,1.1246229410171509,15.145371437072754,15.235414505004883,-0.001567414845339954,-0.008955396711826324,-0.00021353567717596889,0.009094038046896458
rl,1,0,34,34,0.68,1.1486613750457764,1.0591073036193848,0.712507426738739,-0.08466511219739914,-0.3343086540699005,-0.47273367643356323,0.5851560235023499,1.854996681213379,0.523216724395752,0.787452757358551,0.7569619417190552,-1.2473793029785156,14.576691627502441,14.649535179138184,-0.0025288790930062532,-0.008692384697496891,-6.468930223491043e-05,0.009053008630871773
rl,2,0,34,34,0.68,-1.2455954551696777,-1.4594135284423828,0.5848901271820068,0.043771982192993164,-0.3661378026008606,-0.7675268054008484,0.8515105843544006,-2.646925449371338,-1.9928385019302368,1.034428596496582,1.0236055850982666,-0.4752523601055145,14.113260269165039,14.158309936523438,-0.0024416365195065737,-0.007800974417477846,-6.915828998899087e-05,0.008174446411430836
rl,3,0,34,34,0.68,-1.2444032430648804,1.0945549011230469,0.6398377418518066,0.026153506711125374,-0.16524527966976166,-0.7259913086891174,0.7450190186500549,-1.7422666549682617,1.6730701923370361,0.8128437399864197,1.303641438484192,1.546119213104248,13.23050308227539,13.384176254272461,-0.0022728785406798124,-0.008392815478146076,2.6806421374203637e-05,0.008695174008607864
lqr,0,0,34,34,0.68,2.95173978805542,-1.7325347661972046,1.0179647207260132,0.05059366300702095,-0.014344784431159496,0.000533838348928839,0.05259064957499504,2.9613189697265625,-1.7352508306503296,1.021186113357544,-0.6711857914924622,0.19412870705127716,15.864991188049316,15.880369186401367,-0.002952709561213851,-0.00965146068483591,1.082456856238423e-05,0.010093032382428646
lqr,1,0,34,34,0.68,1.8516103029251099,0.5272847414016724,0.7855395078659058,0.01788519322872162,-0.021485159173607826,-0.006375852506607771,0.028673047199845314,1.854996681213379,0.523216724395752,0.787452757358551,-0.40529847145080566,0.24919795989990234,15.927840232849121,15.934944152832031,-0.003059161826968193,-0.009362654760479927,0.00016884980141185224,0.00985120702534914
lqr,2,0,34,34,0.68,-2.6391067504882812,-1.9886806011199951,1.0311328172683716,-0.041293226182460785,-0.02195814438164234,0.0009259888320229948,0.046777646988630295,-2.646925449371338,-1.9928385019302368,1.034428596496582,0.069306880235672,0.23577763140201569,15.873815536499023,15.875717163085938,-0.0021875500679016113,-0.008053685538470745,0.0003401748836040497,0.008352421224117279
lqr,3,0,34,34,0.68,-1.7395107746124268,1.6707026958465576,0.8107883930206299,-0.014553455635905266,0.01250425074249506,-0.005623959004878998,0.01999470591545105,-1.7422666549682617,1.6730701923370361,0.8128437399864197,-0.14460700750350952,-0.016437571495771408,15.926886558532715,15.92755126953125,-0.0026948838494718075,-0.008884276263415813,-8.043467823881656e-05,0.009284354746341705
rl,0,0,35,35,0.7000000000000001,1.2678961753845215,-1.3856189250946045,0.725046694278717,0.019761085510253906,-0.21117618680000305,-0.47054967284202576,0.5161423087120056,2.9613189697265625,-1.7352508306503296,1.021186113357544,-1.7531318664550781,-1.4382296800613403,16.1951904296875,16.353168487548828,-0.0020591882057487965,-0.008654494769871235,-0.00013575459888670594,0.008897132240235806
rl,1,0,35,35,0.7000000000000001,1.1455656290054321,1.0487920045852661,0.6984502077102661,-0.11245496571063995,-0.34861788153648376,-0.46649566292762756,0.5931262373924255,1.854996681213379,0.523216724395752,0.787452757358551,-1.766704797744751,-0.7221575975418091,16.190401077270508,16.30251121520996,-0.0017866634298115969,-0.008643576875329018,-0.0001702862500678748,0.008827943354845047
rl,2,0,35,35,0.7000000000000001,-1.2440568208694458,-1.469844937324524,0.5617450475692749,0.05506426841020584,-0.33851924538612366,-0.7734852433204651,0.8461127281188965,-2.646925449371338,-1.9928385019302368,1.034428596496582,0.37261176109313965,1.5313622951507568,15.56053352355957,15.640144348144531,-0.002576840575784445,-0.007304075174033642,-4.750053903990192e-06,0.007745298091322184
rl,3,0,35,35,0.7000000000000001,-1.2432935237884521,1.0891205072402954,0.6178494691848755,0.04241101071238518,-0.18909795582294464,-0.7364107966423035,0.7614837884902954,-1.7422666549682617,1.6730701923370361,0.8128437399864197,0.6414853930473328,-1.2303918600082397,15.332763671875,15.395421981811523,-0.0026120252441614866,-0.007295840419828892,0.00011433911276981235,0.007750163786113262
lqr,0,0,35,35,0.7000000000000001,2.9531102180480957,-1.7329235076904297,1.0179791450500488,0.04335404932498932,-0.0122925890609622,0.00045750843128189445,0.04506540298461914,2.9613189697265625,-1.7352508306503296,1.021186113357544,-0.618039608001709,0.17929257452487946,15.86634349822998,15.879388809204102,-0.0029203533194959164,-0.009516038931906223,9.7832353276317e-06,0.009954072535037994
lqr,1,0,35,35,0.7000000000000001,1.8520945310592651,0.5267026424407959,0.785366952419281,0.015327123925089836,-0.018411023542284966,-0.005462986882776022,0.024570932611823082,1.854996681213379,0.523216724395752,0.787452757358551,-0.391975462436676,0.22573800384998322,15.920205116271973,15.926630020141602,-0.0030004673171788454,-0.00932212546467781,0.00014560662384610623,0.009794183075428009
lqr,2,0,35,35,0.7000000000000001,-2.640225887298584,-1.9892754554748535,1.0311578512191772,-0.03538556769490242,-0.01881607063114643,0.0007946001132950187,0.0400850884616375,-2.646925449371338,-1.9928385019302368,1.034428596496582,0.01117214560508728,0.210898295044899,15.874155044555664,15.87555980682373,-0.0021113737020641565,-0.00816382933408022,0.0002928344765678048,0.008437520824372768
lqr,3,0,35,35,0.7000000000000001,-1.7399051189422607,1.671041488647461,0.8106358647346497,-0.012472130358219147,0.010714600794017315,-0.0048194751143455505,0.017134293913841248,-1.7422666549682617,1.6730701923370361,0.8128437399864197,-0.17052248120307922,0.001296650618314743,15.919523239135742,15.92043685913086,-0.002738416660577059,-0.008937443606555462,-6.840162677690387e-05,0.009347807615995407
rl,0,0,36,36,0.72,1.2680034637451172,-1.3920989036560059,0.7110358476638794,-0.004523665644228458,-0.21840977668762207,-0.46526315808296204,0.5139971971511841,2.9613189697265625,-1.7352508306503296,1.021186113357544,-1.5721843242645264,-0.3270408809185028,16.141807556152344,16.221487045288086,-0.0015982943587005138,-0.0099209388718009,-0.0002692695998121053,0.01005246676504612
rl,1,0,36,36,0.72,1.1416361331939697,1.038623571395874,0.6841920018196106,-0.14024055004119873,-0.33411234617233276,-0.47965431213378906,0.6011378765106201,1.854996681213379,0.523216724395752,0.787452757358551,-1.7570233345031738,0.8307287693023682,15.138301849365234,15.26254940032959,-0.0019768369384109974,-0.00990139227360487,-0.00020259665325284004,0.01009883638471365
rl,2,0,36,36,0.72,-1.2426207065582275,-1.4794446229934692,0.5386649966239929,0.044277455657720566,-0.3107217252254486,-0.7672476172447205,0.8289616107940674,-2.646925449371338,-1.9928385019302368,1.034428596496582,-0.8355874419212341,1.5466313362121582,16.19955062866211,16.294652938842773,-0.003576310584321618,-0.007905524224042892,0.00016326615877915174,0.008678361773490906
rl,3,0,36,36,0.72,-1.2423301935195923,1.0840038061141968,0.5953397154808044,0.026963545009493828,-0.16129642724990845,-0.7572795748710632,0.7747360467910767,-1.7422666549682617,1.6730701923370361,0.8128437399864197,-1.0655685663223267,1.5562999248504639,14.7317476272583,14.851999282836914,-0.00240909680724144,-0.007677766494452953,6.217036570888013e-05,0.008047093637287617
lqr,0,0,36,36,0.72,2.95428466796875,-1.7332565784454346,1.017991542816162,0.03715038672089577,-0.010533269494771957,0.0003924000193364918,0.03861677274107933,2.9613189697265625,-1.7352508306503296,1.021186113357544,-0.5737717151641846,0.16703200340270996,15.867449760437012,15.878698348999023,-0.002894450444728136,-0.009402075782418251,8.910055839805864e-06,0.009837527759373188
lqr,1,0,36,36,0.72,1.8525094985961914,0.5262038707733154,0.7852190732955933,0.013134614564478397,-0.01577673852443695,-0.00468197837471962,0.02105574682354927,1.854996681213379,0.523216724395752,0.787452757358551,-0.38199663162231445,0.20596498250961304,15.913637161254883,15.919553756713867,-0.0029516813810914755,-0.009290131740272045,0.00012548365339171141,0.009748575277626514
lqr,2,0,36,36,0.72,-2.6411848068237305,-1.989784836769104,1.0311793088912964,-0.030319683253765106,-0.01612468622624874,0.0006812263745814562,0.0343475304543972,-2.646925449371338,-1.9928385019302368,1.034428596496582,-0.03965352475643158,0.18971554934978485,15.874340057373047,15.875523567199707,-0.0020461988169699907,-0.008256091736257076,0.00025160389486700296,0.008509599603712559
lqr,3,0,36,36,0.72,-1.7402430772781372,1.6713320016860962,0.8105052709579468,-0.010688253678381443,0.009181149303913116,-0.004129449371248484,0.014682800509035587,-1.7422666549682617,1.6730701923370361,0.8128437399864197,-0.19386538863182068,0.016916178166866302,15.913190841674805,15.91438102722168,-0.0027765848208218813,-0.008985158987343311,-5.7958521210821345e-05,0.009404566138982773
rl,0,0,37,37,0.74,1.2684236764907837,-1.3984850645065308,0.6972026824951172,0.02330118790268898,-0.21008683741092682,-0.45903152227401733,0.5053606033325195,2.9613189697265625,-1.7352508306503296,1.021186113357544,1.2284693717956543,0.5134318470954895,16.23592185974121,16.290424346923828,-0.0019866637885570526,-0.009814787656068802,-0.00022869787062518299,0.010016446001827717
rl,1,0,37,37,0.74,1.1379852294921875,1.0288912057876587,0.6692228317260742,-0.11241665482521057,-0.31956982612609863,-0.5086366534233093,0.6111248731613159,1.854996681213379,0.523216724395752,0.787452757358551,1.2487115859985352,0.8306771516799927,14.336604118347168,14.414836883544922,-0.0026779104955494404,-0.009589314460754395,-8.608917414676398e-05,0.009956584312021732
rl,2,0,37,37,0.74,-1.2408301830291748,-1.489322304725647,0.5157721638679504,0.06740030646324158,-0.3385351598262787,-0.7610159516334534,0.8356399536132812,-2.646925449371338,-1.9928385019302368,1.034428596496582,0.983826756477356,-1.4506797790527344,16.23754119873047,16.33187484741211,-0.00347870122641325,-0.008401288650929928,0.0001742651656968519,0.009094689041376114
rl,3,0,37,37,0.74,-1.241603136062622,1.0792429447174072,0.5723501443862915,0.02288355864584446,-0.15739291906356812,-0.7708435654640198,0.7870806455612183,-1.7422666549682617,1.6730701923370361,0.8128437399864197,-0.46646568179130554,0.27126574516296387,15.140215873718262,15.149828910827637,-0.003124392591416836,-0.008457660675048828,0.000143923083669506,0.009017459116876125
lqr,0,0,37,37,0.74,2.9552905559539795,-1.7335419654846191,1.0180020332336426,0.03183715045452118,-0.00902529712766409,0.00033649400575086474,0.0330934040248394,2.9613189697265625,-1.7352508306503296,1.021186113357544,-0.5368492007255554,0.1568676382303238,15.86844253540039,15.8782958984375,-0.0028741154819726944,-0.009306500665843487,8.186688319256064e-06,0.009740203619003296
lqr,1,0,37,37,0.74,1.852865219116211,0.5257765054702759,0.7850922346115112,0.01125673670321703,-0.013519453816115856,-0.004012663848698139,0.01804414577782154,1.854996681213379,0.523216724395752,0.787452757358551,-0.3744780421257019,0.1893807351589203,15.908073425292969,15.913607597351074,-0.002911376068368554,-0.009265532717108727,0.00010807925718836486,0.009712768718600273
lqr,2,0,37,37,0.74,-2.6420061588287354,-1.990221619606018,1.0311975479125977,-0.025980856269598007,-0.013818422332406044,0.0005843062535859644,0.029432890936732292,-2.646925449371338,-1.9928385019302368,1.034428596496582,-0.08464556187391281,0.17192575335502625,15.874468803405762,15.875625610351562,-0.001990606775507331,-0.008333105593919754,0.00021569842647295445,0.008570278994739056
lqr,3,0,37,37,0.74,-1.7405322790145874,1.6715803146362305,0.8103933334350586,-0.009159557521343231,0.007867963053286076,-0.0035385109949856997,0.012582662515342236,-1.7422666549682617,1.6730701923370361,0.8128437399864197,-0.21514250338077545,0.03081861138343811,15.907708168029785,15.90919303894043,-0.002810128265991807,-0.009028187021613121,-4.8900124966166914e-05,0.009455547668039799
rl,0,0,38,38,0.76,1.2687737941741943,-1.4043177366256714,0.683310329914093,0.005862541031092405,-0.18657441437244415,-0.4650903344154358,0.5011520981788635,2.9613189697265625,-1.7352508306503296,1.021186113357544,-1.2095816135406494,1.3331255912780762,15.527631759643555,15.631623268127441,-0.002761135809123516,-0.009096698835492134,-7.795170677127317e-05,0.009506833739578724
rl,1,0,38,38,0.76,1.135105848312378,1.019504189491272,0.6540883779525757,-0.08775832504034042,-0.3095647692680359,-0.5024035573005676,0.5966081023216248,1.854996681213379,0.523216724395752,0.787452757358551,1.0367616415023804,0.5950207710266113,16.234418869018555,16.27836799621582,-0.003054002532735467,-0.00815536454319954,4.983890903531574e-05,0.008708581328392029
rl,2,0,38,38,0.76,-1.2393641471862793,-1.499673843383789,0.49244603514671326,0.039609771221876144,-0.34832459688186646,-0.785797119140625,0.8604511022567749,-2.646925449371338,-1.9928385019302368,1.034428596496582,-1.7416504621505737,-0.48022010922431946,14.516119956970215,14.628113746643066,-0.0023603769950568676,-0.008451094850897789,1.377696025883779e-05,0.008774541318416595
rl,3,0,38,38,0.76,-1.240360140800476,1.0750770568847656,0.5485448241233826,0.05070348083972931,-0.12959390878677368,-0.8048446178436279,0.8167865872383118,-1.7422666549682617,1.6730701923370361,0.8128437399864197,1.2655367851257324,1.5581492185592651,14.060975074768066,14.203536033630371,-0.003323812037706375,-0.00813384260982275,0.00019476719899103045,0.00878891721367836
lqr,0,0,38,38,0.76,2.95615291595459,-1.7337863445281982,1.0180109739303589,0.0272842850536108,-0.007734209299087524,0.00028889570967294276,0.028360776603221893,2.9613189697265625,-1.7352508306503296,1.021186113357544,-0.5067235231399536,0.14836330711841583,15.869221687316895,15.878003120422363,-0.002858537482097745,-0.009226782247424126,7.590237146359868e-06,0.00965944118797779
lqr,1,0,38,38,0.76,1.8531696796417236,0.5254102349281311,0.7849835157394409,0.009647407568991184,-0.011585353873670101,-0.0034384792670607567,0.01546337641775608,1.854996681213379,0.523216724395752,0.787452757358551,-0.36936283111572266,0.17553114891052246,15.903282165527344,15.908538818359375,-0.0028783369343727827,-0.0092472517862916,9.304188279202208e-05,0.009685305878520012
lqr,2,0,38,38,0.76,-2.642709493637085,-1.990596055984497,1.0312131643295288,-0.02226436883211136,-0.011841614730656147,0.0005014371708966792,0.02522255852818489,-2.646925449371338,-1.9928385019302368,1.034428596496582,-0.12444654107093811,0.15688413381576538,15.874588966369629,15.87585163116455,-0.0019434277201071382,-0.008396998979151249,0.00018444009765516967,0.00862093549221754
lqr,3,0,38,38,0.76,-1.7407803535461426,1.6717935800552368,0.8102975487709045,-0.007849767804145813,0.006742799188941717,-0.0030318668577820063,0.010783154517412186,-1.7422666549682617,1.6730701923370361,0.8128437399864197,-0.23437350988388062,0.042836908251047134,15.902970314025879,15.904754638671875,-0.002839763881638646,-0.009067269042134285,-4.104066829313524e-05,0.00950164720416069
rl,0,0,39,39,0.78,1.2685266733169556,-1.4096416234970093,0.6694568395614624,-0.015281173400580883,-0.17289607226848602,-0.46013614535331726,0.49178436398506165,2.9613189697265625,-1.7352508306503296,1.021186113357544,-1.4289169311523438,0.808318555355072,16.11952781677246,16.202911376953125,-0.0034333523362874985,-0.009794838726520538,2.7905953174922615e-05,0.010379188694059849
rl,1,0,39,39,0.78,1.1319270133972168,1.01063871383667,0.6384051442146301,-0.11505299806594849,-0.2885006368160248,-0.5329532623291016,0.6168541312217712,1.854996681213379,0.523216724395752,0.787452757358551,-1.7358803749084473,1.1889188289642334,14.196216583251953,14.35128402709961,-0.0033586155623197556,-0.008275160565972328,0.00012836171663366258,0.008931688033044338
rl,2,0,39,39,0.78,-1.237619400024414,-1.509670615196228,0.4689895212650299,0.06743137538433075,-0.32568681240081787,-0.7799298763275146,0.8478853106498718,-2.646925449371338,-1.9928385019302368,1.034428596496582,1.2229183912277222,1.2751439809799194,16.214420318603516,16.310394287109375,-0.0024883293081074953,-0.008814678527414799,5.285451152303722e-06,0.009159168228507042
rl,3,0,39,39,0.78,-1.239100456237793,1.0717452764511108,0.5239257216453552,0.037646081298589706,-0.10179673880338669,-0.828529417514801,0.8356080055236816,-1.7422666549682617,1.6730701923370361,0.8128437399864197,-0.9549291729927063,1.564115047454834,14.57964038848877,14.694361686706543,-0.003954257816076279,-0.007650990039110184,0.000335665768943727,0.008618960157036781
lqr,0,0,39,39,0.78,2.9568920135498047,-1.7339961528778076,1.0180188417434692,0.023380761966109276,-0.006627325899899006,0.0002483557036612183,0.024303151294589043,2.9613189697265625,-1.7352508306503296,1.021186113357544,-0.48230504989624023,0.14170300960540771,15.869889259338379,15.877848625183105,-0.0028470430988818407,-0.009160771034657955,7.094256943673827e-06,0.009592988528311253
lqr,1,0,39,39,0.78,1.8534308671951294,0.5250963568687439,0.7848904728889465,0.00826861709356308,-0.009927344508469105,-0.002946444321423769,0.013251555152237415,1.854996681213379,0.523216724395752,0.787452757358551,-0.36618772149086,0.1640816628932953,15.8991117477417,15.9041748046875,-0.0028515395242720842,-0.009234403260052204,8.006472489796579e-05,0.009664982557296753
lqr,2,0,39,39,0.78,-2.64331316947937,-1.9909166097640991,1.0312267541885376,-0.01907849684357643,-0.010148040018975735,0.00043058875598944724,0.021613819524645805,-2.646925449371338,-1.9928385019302368,1.034428596496582,-0.15908674895763397,0.1440948247909546,15.87458324432373,15.876033782958984,-0.0019035947043448687,-0.008449691347777843,0.00015722002717666328,0.008662890642881393
lqr,3,0,39,39,0.78,-1.7409932613372803,1.6719765663146973,0.8102152347564697,-0.006726044695824385,0.00577723141759634,-0.0025976807810366154,0.009239265695214272,-1.7422666549682617,1.6730701923370361,0.8128437399864197,-0.25192129611968994,0.05360483005642891,15.898972511291504,15.9010591506958,-0.0028658814262598753,-0.009102871641516685,-3.4243181289639324e-05,0.009543412365019321
rl,0,0,40,40,0.8,1.2679651975631714,-1.415062665939331,0.6557257771492004,-0.020421024411916733,-0.18460358679294586,-0.45649752020835876,0.4928341209888458,2.9613189697265625,-1.7352508306503296,1.021186113357544,-0.5744189620018005,-0.5584198236465454,16.06978988647461,16.089746475219727,-0.003307323670014739,-0.010145134292542934,2.4277956981677562e-05,0.010670647956430912
rl,1,0,40,40,0.8,1.1279195547103882,1.0019450187683105,0.6224037408828735,-0.1428399682044983,-0.2904336154460907,-0.5335858464241028,0.624074399471283,1.854996681213379,0.523216724395752,0.787452757358551,-1.8015785217285156,-0.04255397617816925,15.81315803527832,15.915510177612305,-0.0034482714254409075,-0.009458860382437706,0.0001302069576922804,0.010068642906844616
rl,2,0,40,40,0.8,-1.2356845140457153,-1.5199975967407227,0.44540318846702576,0.0630333349108696,-0.353497713804245,-0.7893490195274353,0.8671826124191284,-2.646925449371338,-1.9928385019302368,1.034428596496582,-0.5094728469848633,-1.445701241493225,15.36902141571045,15.445272445678711,-0.0026788965333253145,-0.008321911096572876,5.674994827131741e-05,0.008742649108171463
rl,3,0,40,40,0.8,-1.2385269403457642,1.0684561729431152,0.49891215562820435,0.009856429882347584,-0.11355943977832794,-0.8364090323448181,0.8441404104232788,-1.7422666549682617,1.6730701923370361,0.8128437399864197,-1.772257685661316,-0.5624920129776001,15.42725944519043,15.538907051086426,-0.0038609846960753202,-0.008745122700929642,0.00031222079996950924,0.009564614854753017
lqr,0,0,40,40,0.8,2.957526206970215,-1.7341759204864502,1.0180257558822632,0.02003433182835579,-0.005678132642060518,0.00021235256281215698,0.020824521780014038,2.9613189697265625,-1.7352508306503296,1.021186113357544,-0.4618876576423645,0.13620121777057648,15.870428085327148,15.877732276916504,-0.0028390344232320786,-0.009106392972171307,6.694596777379047e-06,0.009538687765598297
lqr,1,0,40,40,0.8,1.8536549806594849,0.5248274803161621,0.7848106026649475,0.0070866793394088745,-0.00850706547498703,-0.002525079995393753,0.011356373317539692,1.854996681213379,0.523216724395752,0.787452757358551,-0.36480993032455444,0.15456533432006836,15.89555835723877,15.900495529174805,-0.0028300604317337275,-0.009226161986589432,6.887245399411768e-05,0.009650702588260174
lqr,2,0,40,40,0.8,-2.643829345703125,-1.9911915063858032,1.0312384366989136,-0.01635023020207882,-0.00869623851031065,0.00036876677768304944,0.018522704020142555,-2.646925449371338,-1.9928385019302368,1.034428596496582,-0.19058479368686676,0.13352882862091064,15.874512672424316,15.87621784210205,-0.0018701967783272266,-0.008492596447467804,0.00013351054803933948,0.008697106502950191
lqr,3,0,40,40,0.8,-1.7411752939224243,1.672133207321167,0.8101446032524109,-0.005764076020568609,0.00494941184297204,-0.002225114731118083,0.007916589267551899,-1.7422666549682617,1.6730701923370361,0.8128437399864197,-0.26839137077331543,0.06326518207788467,15.895430564880371,15.897822380065918,-0.0028890646062791348,-0.00913552101701498,-2.8358024792396463e-05,0.009581505320966244
rl,0,0,41,41,0.8200000000000001,1.267581582069397,-1.4211571216583252,0.6419512629508972,-0.008967380039393902,-0.21241368353366852,-0.46047744154930115,0.5071877837181091,2.9613189697265625,-1.7352508306503296,1.021186113357544,0.3188862204551697,-1.4267652034759521,15.67973804473877,15.747746467590332,-0.002431340515613556,-0.009677506051957607,-8.368617272935808e-05,0.00997860450297594
rl,1,0,41,41,0.8200000000000001,1.1241908073425293,0.9932990670204163,0.6063093543052673,-0.11501514166593552,-0.28708362579345703,-0.53792804479599,0.6204934120178223,1.854996681213379,0.523216724395752,0.787452757358551,1.1929084062576294,0.243036150932312,15.670083045959473,15.717302322387695,-0.0031122639775276184,-0.009585446678102016,8.492467168252915e-05,0.010078401304781437
rl,2,0,41,41,0.8200000000000001,-1.234136939048767,-1.5311589241027832,0.42184746265411377,0.045863132923841476,-0.38130539655685425,-0.7831127643585205,0.8722171783447266,-2.646925449371338,-1.9928385019302368,1.034428596496582,-1.2215195894241333,-1.4405758380889893,16.20087432861328,16.31060028076172,-0.0016417038859799504,-0.008960985578596592,-0.00013671796477865428,0.009111154824495316
rl,3,0,41,41,0.8200000000000001,-1.2384518384933472,1.065524697303772,0.47364434599876404,-0.001178539590910077,-0.08978985995054245,-0.8451811671257019,0.849938154220581,-1.7422666549682617,1.6730701923370361,0.8128437399864197,-0.8759194016456604,1.3568670749664307,15.385502815246582,15.470036506652832,-0.0034151505678892136,-0.009620602242648602,0.0002108602930093184,0.010210960172116756
lqr,0,0,41,41,0.8200000000000001,2.958068370819092,-1.7343298196792603,1.0180315971374512,0.01716647855937481,-0.0048650274984538555,0.00018146849470213056,0.017843468114733696,2.9613189697265625,-1.7352508306503296,1.021186113357544,-0.4455838203430176,0.13174672424793243,15.870983123779297,15.87778377532959,-0.0028339705895632505,-0.009061655960977077,6.379013484547613e-06,0.009494474157691002
lqr,1,0,41,41,0.8200000000000001,1.853846788406372,0.5245969891548157,0.7847422957420349,0.006072733551263809,-0.007290160283446312,-0.002164098434150219,0.009731795638799667,1.854996681213379,0.523216724395752,0.787452757358551,-0.3648699223995209,0.1468246579170227,15.89241886138916,15.897284507751465,-0.002813137834891677,-0.009221966378390789,5.922295531490818e-05,0.009641676209867
lqr,2,0,41,41,0.8200000000000001,-2.6442713737487793,-1.991426944732666,1.0312483310699463,-0.014014657586812973,-0.007453118450939655,0.0003166886162944138,0.015876393765211105,-2.646925449371338,-1.9928385019302368,1.034428596496582,-0.21850425004959106,0.12453583627939224,15.874550819396973,15.876543045043945,-0.0018424906302243471,-0.008527417667210102,0.00011284118954790756,0.008724926970899105
lqr,3,0,41,41,0.8200000000000001,-1.7413315773010254,1.6722675561904907,0.810084342956543,-0.0049392725341022015,0.004239855334162712,-0.0019059412879869342,0.006782728247344494,-1.7422666549682617,1.6730701923370361,0.8128437399864197,-0.2840333878993988,0.0720333606004715,15.89234447479248,15.89504623413086,-0.002909781178459525,-0.009165800176560879,-2.3258908186107874e-05,0.009616614319384098
rl,0,0,42,42,0.84,1.267179012298584,-1.4278391599655151,0.6274654269218445,-0.015642039477825165,-0.22791536152362823,-0.4940543472766876,0.5443158745765686,2.9613189697265625,-1.7352508306503296,1.021186113357544,-0.6358190774917603,-0.7686489224433899,14.061124801635742,14.096464157104492,-0.0016422142507508397,-0.009066484868526459,-0.00019625050481408834,0.009216101840138435
rl,1,0,42,42,0.84,1.1209970712661743,0.9841660857200623,0.5894570350646973,-0.10217835009098053,-0.3131064176559448,-0.5736455321311951,0.6614720225334167,1.854996681213379,0.523216724395752,0.787452757358551,0.4099600315093994,-1.345581293106079,13.968466758728027,14.039113998413086,-0.002589581534266472,-0.008345922455191612,5.780645733466372e-05,0.008738632313907146
rl,2,0,42,42,0.84,-1.2328987121582031,-1.5430809259414673,0.3979122042655945,0.03898536041378975,-0.405438095331192,-0.8052063584327698,0.9023619890213013,-2.646925449371338,-1.9928385019302368,1.034428596496582,-0.646685779094696,-1.247194766998291,14.681795120239258,14.748857498168945,-0.001056935521773994,-0.009486033581197262,-0.00028596591437235475,0.009549017064273357
rl,3,0,42,42,0.84,-1.2388019561767578,1.0633208751678467,0.4482531249523163,-0.01690659672021866,-0.06529989838600159,-0.8469695448875427,0.8496512770652771,-1.7422666549682617,1.6730701923370361,0.8128437399864197,-1.1448805332183838,1.4011458158493042,15.756461143493652,15.860013008117676,-0.0039652492851018906,-0.009818019345402718,0.0002847941650543362,0.010592347010970116
lqr,0,0,42,42,0.84,2.9585330486297607,-1.7344610691070557,1.0180364847183228,0.014712396077811718,-0.004169247578829527,0.0001547475258121267,0.015292520634829998,2.9613189697265625,-1.7352508306503296,1.021186113357544,-0.43245893716812134,0.12823157012462616,15.871374130249023,15.877782821655273,-0.0028314245864748955,-0.009025265462696552,6.1331420511123724e-06,0.009458986110985279
lqr,1,0,42,42,0.84,1.8540111780166626,0.5243995785713196,0.7846837043762207,0.0052038924768567085,-0.006247156765311956,-0.0018544344929978251,0.008339447900652885,1.854996681213379,0.523216724395752,0.787452757358551,-0.36614978313446045,0.1405436396598816,15.889801025390625,15.894640922546387,-0.00280013564042747,-0.009221134707331657,5.09163728565909e-05,0.009637046605348587
lqr,2,0,42,42,0.84,-2.64465069770813,-1.9916290044784546,1.031256914138794,-0.012012166902422905,-0.006387004628777504,0.0002716159215196967,0.013607341796159744,-2.646925449371338,-1.9928385019302368,1.034428596496582,-0.24331924319267273,0.11711347103118896,15.874424934387207,15.876721382141113,-0.001819801633246243,-0.008555209264159203,9.48187371250242e-05,0.008747129701077938
lqr,3,0,42,42,0.84,-1.7414649724960327,1.6723823547363281,0.8100326657295227,-0.0042326911352574825,0.0036325010005384684,-0.0016332134837284684,0.005811895243823528,-1.7422666549682617,1.6730701923370361,0.8128437399864197,-0.29886674880981445,0.08003342896699905,15.88962173461914,15.892633438110352,-0.0029284292832016945,-0.009194187819957733,-1.8836075469153002e-05,0.0096493074670434
rl,0,0,43,43,0.86,1.2663098573684692,-1.434828281402588,0.6123163104057312,-0.035627782344818115,-0.2355014979839325,-0.5104216933250427,0.5632588863372803,2.9613189697265625,-1.7352508306503296,1.021186113357544,-1.3797074556350708,-0.33571115136146545,14.972583770751953,15.039766311645508,-0.0015021141152828932,-0.009193367324769497,-0.00024557343567721546,0.009318511001765728
rl,1,0,43,43,0.86,1.1180603504180908,0.9750227928161621,0.572372317314148,-0.0957564115524292,-0.30061936378479004,-0.5674102902412415,0.6492270231246948,1.854996681213379,0.523216724395752,0.787452757358551,0.012071281671524048,0.7432945966720581,16.215641021728516,16.23267364501953,-0.0021035971585661173,-0.008043850772082806,-1.4292665582615882e-05,0.008314376696944237
rl,2,0,43,43,0.86,-1.231676459312439,-1.5548501014709473,0.37314265966415405,0.041628360748291016,-0.3857329189777374,-0.8358767032623291,0.9215273261070251,-2.646925449371338,-1.9928385019302368,1.034428596496582,-0.13079117238521576,1.1165488958358765,14.219844818115234,14.264212608337402,-0.0012887264601886272,-0.009130298160016537,-0.0002800597285386175,0.009225052781403065
rl,3,0,43,43,0.86,-1.239329218864441,1.0609655380249023,0.42257755994796753,-0.017894649878144264,-0.08512447029352188,-0.8602908849716187,0.8646772503852844,-1.7422666549682617,1.6730701923370361,0.8128437399864197,-0.34750694036483765,-0.9891258478164673,15.16148567199707,15.1976900100708,-0.0037319508846849203,-0.00983959436416626,0.00025589967845007777,0.010526658967137337
lqr,0,0,43,43,0.86,2.9589316844940186,-1.7345741987228394,1.018040657043457,0.012609058059751987,-0.003573830472305417,0.00013332841626834124,0.013106425292789936,2.9613189697265625,-1.7352508306503296,1.021186113357544,-0.4227207601070404,0.12574031949043274,15.871769905090332,15.877896308898926,-0.002831022022292018,-0.008996095508337021,5.942697953287279e-06,0.009431037120521069
lqr,1,0,43,43,0.86,1.8541523218154907,0.5242303013801575,0.7846333384513855,0.004460369236767292,-0.005353442393243313,-0.0015887707704678178,0.007146917749196291,1.854996681213379,0.523216724395752,0.787452757358551,-0.3684699833393097,0.13554280996322632,15.887505531311035,15.892355918884277,-0.002790461527183652,-0.00922318920493126,4.3768988689407706e-05,0.009636172093451023
lqr,2,0,43,43,0.86,-2.6449763774871826,-1.9918022155761719,1.0312644243240356,-0.010294741950929165,-0.005472314544022083,0.00023235651315189898,0.01166112907230854,-2.646925449371338,-1.9928385019302368,1.034428596496582,-0.26564255356788635,0.11098124086856842,15.874297142028809,15.876908302307129,-0.0018015961395576596,-0.008577012456953526,7.90954363765195e-05,0.008764538913965225
lqr,3,0,43,43,0.86,-1.7415796518325806,1.672480821609497,0.8099883198738098,-0.003628823906183243,0.0031135287135839462,-0.0013993574539199471,0.004982030019164085,-1.7422666549682617,1.6730701923370361,0.8128437399864197,-0.3126744031906128,0.08730541914701462,15.887296676635742,15.890612602233887,-0.0029453374445438385,-0.009221026673913002,-1.4998278857092373e-05,0.009680009447038174
rl,0,0,44,44,0.88,1.264969825744629,-1.4413373470306396,0.5965327024459839,-0.04917938634753227,-0.20769880712032318,-0.533962607383728,0.575042188167572,2.9613189697265625,-1.7352508306503296,1.021186113357544,-1.0323901176452637,1.5729475021362305,14.58255672454834,14.7034330368042,-0.002093110466375947,-0.009610054083168507,-0.00018979299056809396,0.009837187826633453
rl,1,0,44,44,0.88,1.11574387550354,0.9665601253509521,0.5549643039703369,-0.06793796271085739,-0.2728191018104553,-0.5867027640342712,0.6505889296531677,1.854996681213379,0.523216724395752,0.787452757358551,1.1878474950790405,1.5653268098831177,14.85930347442627,14.988667488098145,-0.0029407755937427282,-0.00794847123324871,0.00011451959289843217,0.008475816808640957
rl,2,0,44,44,0.88,-1.2308119535446167,-1.5662442445755005,0.34803929924964905,0.022407539188861847,-0.37684082984924316,-0.8372306823730469,0.918404221534729,-2.646925449371338,-1.9928385019302368,1.034428596496582,-1.349034070968628,0.5418654680252075,15.779900550842285,15.84672737121582,-0.0022959436755627394,-0.009090101346373558,-0.0001326047640759498,0.009376507252454758
rl,3,0,44,44,0.88,-1.2393097877502441,1.0588412284851074,0.39674112200737,0.009928029030561447,-0.06367110460996628,-0.8616694808006287,0.864075779914856,-1.7422666549682617,1.6730701923370361,0.8128437399864197,1.185941219329834,1.24356210231781,15.824505805969238,15.917533874511719,-0.003125452436506748,-0.009049681015312672,0.00018099874432664365,0.009575904347002506
lqr,0,0,44,44,0.88,2.95927357673645,-1.7346707582473755,1.0180442333221436,0.010804067365825176,-0.003062350442633033,0.00011412602179916576,0.011230266653001308,2.9613189697265625,-1.7352508306503296,1.021186113357544,-0.41560691595077515,0.1240043193101883,15.872035026550293,15.877959251403809,-0.0028325433377176523,-0.008973262272775173,5.812535619043047e-06,0.009409717284142971
lqr,1,0,44,44,0.88,1.8542732000350952,0.5240853428840637,0.7845903635025024,0.0038211385253816843,-0.00458722235634923,-0.001361591974273324,0.006123531609773636,1.854996681213379,0.523216724395752,0.787452757358551,-0.37180840969085693,0.1316424310207367,15.88541316986084,15.89030933380127,-0.002783656818792224,-0.009227801114320755,3.7621761293848976e-05,0.009638592600822449
lqr,2,0,44,44,0.88,-2.6452558040618896,-1.991950511932373,1.0312708616256714,-0.008820975199341774,-0.004688681103289127,0.00019836342835333198,0.009991630911827087,-2.646925449371338,-1.9928385019302368,1.034428596496582,-0.2859345078468323,0.10587918758392334,15.874176979064941,15.877105712890625,-0.0017873395700007677,-0.008593723177909851,6.535859574796632e-05,0.008777866140007973
lqr,3,0,44,44,0.88,-1.7416776418685913,1.672565221786499,0.8099502921104431,-0.0031099843326956034,0.0026677462738007307,-0.001198450569063425,0.004269092809408903,-1.7422666549682617,1.6730701923370361,0.8128437399864197,-0.32574254274368286,0.09383992850780487,15.885310173034668,15.88892650604248,-0.0029606102034449577,-0.009246297180652618,-1.1671665561152622e-05,0.009708725847303867
rl,0,0,45,45,0.9,1.263979196548462,-1.447818398475647,0.579961359500885,-0.024927256628870964,-0.2202291637659073,-0.561586856842041,0.6037400364875793,2.9613189697265625,-1.7352508306503296,1.021186113357544,1.0025837421417236,-0.6021317839622498,14.416068077087402,14.463428497314453,-0.0026965010911226273,-0.009074108675122261,-6.750313332304358e-05,0.009466526098549366
rl,1,0,45,45,0.9,1.1141116619110107,0.9578194618225098,0.5370663404464722,-0.04763934761285782,-0.3006308674812317,-0.6015376448631287,0.6741631627082825,1.854996681213379,0.523216724395752,0.787452757358551,0.769218921661377,-1.4305475950241089,15.105151176452637,15.19222640991211,-0.0030094331596046686,-0.0072963545098900795,0.00017488446610514075,0.00789455883204937
rl,2,0,45,45,0.9,-1.2300076484680176,-1.577109932899475,0.3223845064640045,0.02900702692568302,-0.35487496852874756,-0.8641229867935181,0.934604823589325,-2.646925449371338,-1.9928385019302368,1.034428596496582,0.06315968930721283,1.243390679359436,14.427040100097656,14.480658531188965,-0.002867128001525998,-0.009347409941256046,-4.0950610127765685e-05,0.009777328930795193
rl,3,0,45,45,0.9,-1.2395678758621216,1.0565699338912964,0.3703671395778656,-0.017862649634480476,-0.08172471821308136,-0.8878653049468994,0.8917975425720215,-1.7422666549682617,1.6730701923370361,0.8128437399864197,-1.794531226158142,-0.8917909860610962,14.436835289001465,14.575247764587402,-0.003164456458762288,-0.008682510815560818,0.00019761797739192843,0.009243312291800976
lqr,0,0,45,45,0.9,2.9595656394958496,-1.7347540855407715,1.0180473327636719,0.0092597221955657,-0.0026244339533150196,9.775764192454517e-05,0.009624949656426907,2.9613189697265625,-1.7352508306503296,1.021186113357544,-0.4103574752807617,0.12290515005588531,15.872197151184082,15.877976417541504,-0.002835687715560198,-0.008955752477049828,5.729003532906063e-06,0.009393969550728798
lqr,1,0,45,45,0.9,1.8543767929077148,0.5239610075950623,0.7845535278320312,0.0032741939648985863,-0.003931165207177401,-0.001167137874290347,0.00524753425270319,1.854996681213379,0.523216724395752,0.787452757358551,-0.3757970929145813,0.12865431606769562,15.883649826049805,15.888615608215332,-0.0027792630717158318,-0.009234492667019367,3.2335919968318194e-05,0.009643713012337685
lqr,2,0,45,45,0.9,-2.6454949378967285,-1.9920777082443237,1.0312762260437012,-0.0075574638321995735,-0.00401765713468194,0.00016992032760754228,0.008560706861317158,-2.646925449371338,-1.9928385019302368,1.034428596496582,-0.30464044213294983,0.1017528623342514,15.874088287353516,15.877337455749512,-0.0017765506636351347,-0.008606179617345333,5.333590888767503e-05,0.008787793107330799
lqr,3,0,45,45,0.9,-1.7417618036270142,1.6726374626159668,0.8099179863929749,-0.002666034270077944,0.0022857566364109516,-0.0010268002515658736,0.003658789675682783,-1.7422666549682617,1.6730701923370361,0.8128437399864197,-0.3382362723350525,0.09986362606287003,15.88349437713623,15.887409210205078,-0.0029744976200163364,-0.009270287118852139,-8.786127182247583e-06,0.009735806845128536
rl,0,0,46,46,0.92,1.2634696960449219,-1.454923391342163,0.5626981854438782,-0.01300851907581091,-0.24513688683509827,-0.5823672413825989,0.6319912075996399,2.9613189697265625,-1.7352508306503296,1.021186113357544,0.322491317987442,-1.265947937965393,14.774812698364258,14.832454681396484,-0.0019881941843777895,-0.008033896796405315,-0.00012145342770963907,0.008277147077023983
rl,1,0,46,46,0.92,1.1121397018432617,0.9492719769477844,0.5185641646385193,-0.07476186752319336,-0.2770530581474304,-0.6243390440940857,0.687129557132721,1.854996681213379,0.523216724395752,0.787452757358551,-1.7838833332061768,1.3427027463912964,14.606325149536133,14.775988578796387,-0.002474653534591198,-0.007790728472173214,8.154808892868459e-05,0.008174717426300049
rl,2,0,46,46,0.92,-1.229597806930542,-1.5873830318450928,0.2965855002403259,0.005991459358483553,-0.3362114429473877,-0.8578848838806152,0.9214339256286621,-2.646925449371338,-1.9928385019302368,1.034428596496582,-1.5790464878082275,1.0765010118484497,16.181241989135742,16.293704986572266,-0.0034521648194640875,-0.009253289550542831,8.308227552333847e-05,0.009876624681055546
rl,3,0,46,46,0.92,-1.2401763200759888,1.0544523000717163,0.34384027123451233,-0.021490052342414856,-0.06501798331737518,-0.8824118971824646,0.8850648999214172,-1.7422666549682617,1.6730701923370361,0.8128437399864197,-0.5346345901489258,0.9953306913375854,16.159648895263672,16.199098587036133,-0.002742139622569084,-0.009428062476217747,8.8050655904226e-05,0.009819136932492256
lqr,0,0,46,46,0.92,2.9598164558410645,-1.7348250150680542,1.018049716949463,0.007935396395623684,-0.002248873235657811,8.423125836998224e-05,0.008248335681855679,2.9613189697265625,-1.7352508306503296,1.021186113357544,-0.40732741355895996,0.12219691276550293,15.872392654418945,15.878087997436523,-0.002840257016941905,-0.008942837826907635,5.696503194485558e-06,0.00938303954899311
lqr,1,0,46,46,0.92,1.854465365409851,0.5238544940948486,0.7845219373703003,0.0028064027428627014,-0.0033684775698930025,-0.0010004319483414292,0.004497043788433075,1.854996681213379,0.523216724395752,0.787452757358551,-0.3804991841316223,0.1264721155166626,15.882126808166504,15.887187957763672,-0.0027769801672548056,-0.009242959320545197,2.7800311727332883e-05,0.00965114962309599
lqr,2,0,46,46,0.92,-2.645700216293335,-1.9921860694885254,1.0312806367874146,-0.006473907735198736,-0.0034427728969603777,0.00014534869114868343,0.007333845365792513,-2.646925449371338,-1.9928385019302368,1.034428596496582,-0.32155749201774597,0.09841883182525635,15.873952865600586,15.877513885498047,-0.0017689025262370706,-0.008615205995738506,4.27986124122981e-05,0.008795034140348434
lqr,3,0,46,46,0.92,-1.741834282875061,1.672699213027954,0.8098900318145752,-0.0022847207728773355,0.0019588840659707785,-0.0008800037321634591,0.0031355354003608227,-1.7422666549682617,1.6730701923370361,0.8128437399864197,-0.3500477075576782,0.10549499094486237,15.881974220275879,15.886181831359863,-0.0029871889855712652,-0.009293126873672009,-6.279737590375589e-06,0.009761431254446507
rl,0,0,47,47,0.9400000000000001,1.2629992961883545,-1.4617215394973755,0.5443218350410461,-0.017009451985359192,-0.21733355522155762,-0.6276340484619141,0.6644152998924255,2.9613189697265625,-1.7352508306503296,1.021186113357544,-0.5125216245651245,1.5721399784088135,13.419940948486328,13.521431922912598,-0.0019591308664530516,-0.007906680926680565,-0.0001222564314957708,0.008146701380610466
rl,1,0,47,47,0.9400000000000001,1.1098848581314087,0.9415164589881897,0.4993012547492981,-0.0753563866019249,-0.24925410747528076,-0.6509803533554077,0.7011288404464722,1.854996681213379,0.523216724395752,0.787452757358551,-0.35582882165908813,1.5714738368988037,14.429215431213379,14.518898010253906,-0.0033444352447986603,-0.008760929107666016,0.0001811626716516912,0.00937933661043644
rl,2,0,47,47,0.9400000000000001,-1.2288615703582764,-1.5972732305526733,0.2709735929965973,0.03381573408842087,-0.32640570402145386,-0.8516530990600586,0.912686824798584,-2.646925449371338,-1.9928385019302368,1.034428596496582,1.1535532474517822,0.60076904296875,16.2408390045166,16.292835235595703,-0.003688703989610076,-0.00946656335145235,0.000145704485476017,0.010160885751247406
rl,3,0,47,47,0.9400000000000001,-1.2405205965042114,1.0525696277618408,0.3173248767852783,-0.006465365178883076,-0.06161239370703697,-0.884562611579895,0.88672935962677,-1.7422666549682617,1.6730701923370361,0.8128437399864197,0.471235454082489,0.27825579047203064,15.7750244140625,15.784513473510742,-0.0031583576928824186,-0.009234409779310226,0.0001440329069737345,0.009760649874806404
lqr,0,0,47,47,0.9400000000000001,2.960031509399414,-1.7348856925964355,1.018052101135254,0.0068004014901816845,-0.001927830744534731,7.260074926307425e-05,0.007068752311170101,2.9613189697265625,-1.7352508306503296,1.021186113357544,-0.40578973293304443,0.1219753623008728,15.8724365234375,15.878091812133789,-0.0028459797613322735,-0.008933919481933117,5.693243110727053e-06,0.009376276284456253
lqr,1,0,47,47,0.9400000000000001,1.8545414209365845,0.5237632393836975,0.7844948768615723,0.002403923776000738,-0.0028866587672382593,-0.000857356411870569,0.0038531424943357706,1.854996681213379,0.523216724395752,0.787452757358551,-0.38586777448654175,0.12495468556880951,15.88078784942627,15.885966300964355,-0.002776453970000148,-0.009253066964447498,2.3902543034637347e-05,0.009660668671131134
lqr,2,0,47,47,0.9400000000000001,-2.6458752155303955,-1.9922795295715332,1.0312846899032593,-0.005546454805880785,-0.0029505854472517967,0.00012506486382335424,0.006283689755946398,-2.646925449371338,-1.9928385019302368,1.034428596496582,-0.337571382522583,0.09589656442403793,15.87376594543457,15.877644538879395,-0.0017640558071434498,-0.008621271699666977,3.3544689358677715e-05,0.0087999626994133
lqr,3,0,47,47,0.9400000000000001,-1.7418959140777588,1.6727523803710938,0.809866189956665,-0.0019575159531086683,0.0016791268717497587,-0.00075410126009956,0.0026870067231357098,-1.7422666549682617,1.6730701923370361,0.8128437399864197,-0.3616141676902771,0.11065954715013504,15.880548477172852,15.885050773620605,-0.0029988728929311037,-0.009314934723079205,-4.09418453273247e-06,0.009785767644643784
rl,0,0,48,48,0.96,1.2619351148605347,-1.4681274890899658,0.5256175398826599,-0.044712454080581665,-0.21162156760692596,-0.621395468711853,0.6579629182815552,2.9613189697265625,-1.7352508306503296,1.021186113357544,-1.860595464706421,0.3984135389328003,16.17519187927246,16.286724090576172,-0.0028543078806251287,-0.008617380633950233,3.560296136129182e-06,0.00907779298722744
rl,1,0,48,48,0.96,1.1076382398605347,0.9345951080322266,0.479896605014801,-0.07465313374996185,-0.22145786881446838,-0.6447443962097168,0.6857929825782776,1.854996681213379,0.523216724395752,0.787452757358551,-0.3338620066642761,1.5837758779525757,16.203632354736328,16.284271240234375,-0.004001295194029808,-0.008793863467872143,0.00030222482746466994,0.009666113182902336
rl,2,0,48,48,0.96,-1.2279679775238037,-1.6075727939605713,0.24554869532585144,0.027783619239926338,-0.35178786516189575,-0.8454182744026184,0.916110634803772,-2.646925449371338,-1.9928385019302368,1.034428596496582,-0.6817075610160828,-1.2933694124221802,16.21015167236328,16.275949478149414,-0.0031669444870203733,-0.00885095726698637,0.00012014152889605612,0.009401245042681694
rl,3,0,48,48,0.96,-1.2404054403305054,1.050764560699463,0.29011180996894836,0.009000735357403755,-0.059454843401908875,-0.9183717370033264,0.9203382730484009,-1.7422666549682617,1.6730701923370361,0.8128437399864197,0.524821937084198,0.20316775143146515,14.06850528717041,14.079756736755371,-0.0030358689837157726,-0.008450192399322987,0.00015315359632950276,0.00898029562085867
lqr,0,0,48,48,0.96,2.9602160453796387,-1.7349379062652588,1.0180540084838867,0.005826460663229227,-0.0016521553043276072,6.202590157045051e-05,0.0060564931482076645,2.9613189697265625,-1.7352508306503296,1.021186113357544,-0.4057406783103943,0.12231026589870453,15.872480392456055,15.87813663482666,-0.0028527274262160063,-0.008928382769227028,5.7202814787160605e-06,0.009373052045702934
lqr,1,0,48,48,0.96,1.8546065092086792,0.5236849188804626,0.7844717502593994,0.0020601777359843254,-0.0024733778554946184,-0.0007350128144025803,0.0033018437679857016,1.854996681213379,0.523216724395752,0.787452757358551,-0.3915861248970032,0.12407423555850983,15.879593849182129,15.884905815124512,-0.002777446759864688,-0.009264455176889896,2.0559678887366317e-05,0.009671853855252266
lqr,2,0,48,48,0.96,-2.646024703979492,-1.9923593997955322,1.0312881469726562,-0.004755872301757336,-0.0025288353208452463,0.00010683351865736768,0.005387461744248867,-2.646925449371338,-1.9928385019302368,1.034428596496582,-0.3523390293121338,0.09386714547872543,15.87354564666748,15.87773323059082,-0.0017617879202589393,-0.00862512830644846,2.5404349798918702e-05,0.008803259581327438
lqr,3,0,48,48,0.96,-1.7419483661651611,1.6727983951568604,0.8098458647727966,-0.0016794524854049087,0.0014371671713888645,-0.0006459017167799175,0.002302867593243718,-1.7422666549682617,1.6730701923370361,0.8128437399864197,-0.3727497458457947,0.11540171504020691,15.87934398651123,15.884138107299805,-0.0030095812398940325,-0.009336039423942566,-2.2077861103753094e-06,0.009809140115976334
rl,0,0,49,49,0.98,1.2611500024795532,-1.4740862846374512,0.5071003437042236,-0.016889603808522224,-0.19213920831680298,-0.6151630282402039,0.6446924209594727,2.9613189697265625,-1.7352508306503296,1.021186113357544,1.1253862380981445,1.1433348655700684,16.23908233642578,16.318134307861328,-0.0031975277233868837,-0.009237204678356647,5.137845073477365e-05,0.009775109589099884
rl,1,0,49,49,0.98,1.1052398681640625,0.9280059337615967,0.46067899465560913,-0.08258518576622009,-0.21873386204242706,-0.638508677482605,0.6799692511558533,1.854996681213379,0.523216724395752,0.787452757358551,-0.8087592720985413,0.2353922724723816,16.199453353881836,16.221338272094727,-0.004142716061323881,-0.009188764728605747,0.00034011973184533417,0.010085195302963257
rl,2,0,49,49,0.98,-1.2274224758148193,-1.6181950569152832,0.219440296292305,0.013394918292760849,-0.3552224934101105,-0.8827093243598938,0.9515976905822754,-2.646925449371338,-1.9928385019302368,1.034428596496582,-1.0875805616378784,-0.11832612752914429,13.84640121459961,13.889552116394043,-0.0022900239564478397,-0.009228305891156197,-2.7752914320444688e-05,0.009508239105343819
rl,3,0,49,49,0.98,-1.240526556968689,1.0490546226501465,0.26210084557533264,-0.010540978983044624,-0.05577387288212776,-0.9413607716560364,0.9430704712867737,-1.7422666549682617,1.6730701923370361,0.8128437399864197,-1.3829624652862549,0.2915121614933014,14.609251022338867,14.677457809448242,-0.0028976311441510916,-0.008288417011499405,0.0001396091392962262,0.008781435899436474
lqr,0,0,49,49,0.98,2.960373878479004,-1.7349826097488403,1.0180555582046509,0.004991562105715275,-0.0014167368644848466,5.413361941464245e-05,0.0051890043541789055,2.9613189697265625,-1.7352508306503296,1.021186113357544,-0.4065786898136139,0.1228519007563591,15.87259578704834,15.878277778625488,-0.002860340289771557,-0.00892582256346941,5.773587417934323e-06,0.009372933767735958
lqr,1,0,49,49,0.98,1.8546624183654785,0.5236178636550903,0.7844517827033997,0.001765574561432004,-0.0021190340630710125,-0.000630025053396821,0.0028292208444327116,1.854996681213379,0.523216724395752,0.787452757358551,-0.39783185720443726,0.12365803122520447,15.878544807434082,15.88400936126709,-0.0027797461953014135,-0.009276981465518475,1.7695096175884828e-05,0.009684507735073566
lqr,2,0,49,49,0.98,-2.646152973175049,-1.9924277067184448,1.031291127204895,-0.004078068770468235,-0.0021677231416106224,9.144138311967254e-05,0.004619310609996319,-2.646925449371338,-1.9928385019302368,1.034428596496582,-0.3659205138683319,0.09238947927951813,15.87342643737793,15.877912521362305,-0.001761774648912251,-0.008626929484307766,1.823129969125148e-05,0.008805003948509693
lqr,3,0,49,49,0.98,-1.74199378490448,1.6728373765945435,0.8098282814025879,-0.0014403776731342077,0.0012308730510994792,-0.0005537968245334923,0.0019739370327442884,-1.7422666549682617,1.6730701923370361,0.8128437399864197,-0.383361279964447,0.12004662305116653,15.878253936767578,15.88333511352539,-0.0030195291619747877,-0.009356368333101273,-5.60842863706057e-07,0.009831540286540985
rl,0,0,50,50,1.0,1.260146141052246,-1.479421615600586,0.48877018690109253,-0.04172864928841591,-0.17069487273693085,-0.608924388885498,0.6337719559669495,2.9613189697265625,-1.7352508306503296,1.021186113357544,-1.7229905128479004,1.253408432006836,16.17169952392578,16.31145668029785,-0.0037438892759382725,-0.009012933820486069,0.00017277488950639963,0.009761122986674309
rl,1,0,50,50,1.0,1.1022063493728638,0.9216929078102112,0.4414460062980652,-0.11037079244852066,-0.2062840461730957,-0.6423918008804321,0.6836680769920349,1.854996681213379,0.523216724395752,0.787452757358551,-1.8752855062484741,0.7609066963195801,15.624382019042969,15.754903793334961,-0.0037785526365041733,-0.00986613892018795,0.00027390039758756757,0.010568499565124512
rl,2,0,50,50,1.0,-1.2264643907546997,-1.6285557746887207,0.19285516440868378,0.041216280311346054,-0.3404248058795929,-0.8879036903381348,0.9518197178840637,-2.646925449371338,-1.9928385019302368,1.034428596496582,1.1425645351409912,0.8744986057281494,15.62466049194336,15.69076919555664,-0.0024388206657022238,-0.008841468952596188,-5.007023901271168e-06,0.009171664714813232
rl,3,0,50,50,1.0,-1.2413986921310425,1.047430157661438,0.23380690813064575,-0.03832921385765076,-0.053338199853897095,-0.9440143704414368,0.9462965726852417,-1.7422666549682617,1.6730701923370361,0.8128437399864197,-1.8607299327850342,0.23392632603645325,15.695510864257812,15.807153701782227,-0.002885409165173769,-0.009360120631754398,9.199188207276165e-05,0.00979519821703434
lqr,0,0,50,50,1.0,2.9605090618133545,-1.7350211143493652,1.0180572271347046,0.004277975298464298,-0.001213800278492272,4.628030728781596e-05,0.004447080660611391,2.9613189697265625,-1.7352508306503296,1.021186113357544,-0.4086940288543701,0.12387721240520477,15.872504234313965,15.87824821472168,-0.002868733135983348,-0.008925558999180794,5.8600749071047176e-06,0.009375248104333878
lqr,1,0,50,50,1.0,1.8547101020812988,0.5235605835914612,0.7844345569610596,0.001513139926828444,-0.0018157006707042456,-0.000539751083124429,0.002424395177513361,1.854996681213379,0.523216724395752,0.787452757358551,-0.4043123126029968,0.12366078048944473,15.877644538879395,15.883273124694824,-0.0027831122279167175,-0.009290521033108234,1.5236690160236321e-05,0.00969843938946724
lqr,2,0,50,50,1.0,-2.646263360977173,-1.9924863576889038,1.0312937498092651,-0.0034963630605489016,-0.0018581637414172292,7.759808067930862e-05,0.003960220608860254,-2.646925449371338,-1.9928385019302368,1.034428596496582,-0.3786165118217468,0.09128448367118835,15.873169898986816,15.877946853637695,-0.001763910404406488,-0.00862707570195198,1.1904686289199162e-05,0.008805563673377037
lqr,3,0,50,50,1.0,-1.7420330047607422,1.6728706359863281,0.8098132610321045,-0.0012342832051217556,0.0010541968513280153,-0.0004742870223708451,0.0016910749254748225,-1.7422666549682617,1.6730701923370361,0.8128437399864197,-0.39376652240753174,0.12439650297164917,15.877302169799805,15.882671356201172,-0.003028825856745243,-0.00937601551413536,8.832598723529372e-07,0.009853093884885311
rl,0,0,51,51,1.02,1.2588472366333008,-1.4844235181808472,0.4698784649372101,-0.044070929288864136,-0.16475512087345123,-0.6401212215423584,0.6624512672424316,2.9613189697265625,-1.7352508306503296,1.021186113357544,-0.4704185128211975,0.40800735354423523,14.185989379882812,14.199649810791016,-0.0038665884640067816,-0.009654113091528416,0.000200550421141088,0.010401568375527859
rl,1,0,51,51,1.02,1.0992770195007324,0.9153052568435669,0.42214062809944153,-0.09126762300729752,-0.21625179052352905,-0.644075870513916,0.6855131983757019,1.854996681213379,0.523216724395752,0.787452757358551,0.6405847668647766,-0.4453136920928955,15.811332702636719,15.830568313598633,-0.0034611765295267105,-0.009993313811719418,0.00021919349092058837,0.010578000918030739
rl,2,0,51,51,1.02,-1.2254936695098877,-1.6386213302612305,0.1655915081501007,0.02793203294277191,-0.33307406306266785,-0.9192296266555786,0.9781112670898438,-2.646925449371338,-1.9928385019302368,1.034428596496582,-1.048946499824524,0.46924808621406555,14.165507316589355,14.212039947509766,-0.0028799837455153465,-0.008333672769367695,8.713524584891275e-05,0.008817709982395172
rl,3,0,51,51,1.02,-1.2427254915237427,1.045273780822754,0.20561115443706512,-0.04718800261616707,-0.08114861696958542,-0.9377797245979309,0.9424662590026855,-1.7422666549682617,1.6730701923370361,0.8128437399864197,-0.8606641888618469,-1.3920656442642212,16.208858489990234,16.291275024414062,-0.002509283134713769,-0.01012392621487379,-1.0433180250402074e-05,0.01043026801198721
lqr,0,0,51,51,1.02,2.960624933242798,-1.7350542545318604,1.0180583000183105,0.0036652626004070044,-0.0010389863746240735,3.919834125554189e-05,0.003809879068285227,2.9613189697265625,-1.7352508306503296,1.021186113357544,-0.41155868768692017,0.12506616115570068,15.872454643249512,15.87828254699707,-0.002877824939787388,-0.008927563205361366,5.972511644358747e-06,0.009379941038787365
lqr,1,0,51,51,1.02,1.8547512292861938,0.5235115885734558,0.7844198942184448,0.0012966495705768466,-0.0015566834481433034,-0.00046205995022319257,0.002077994868159294,1.854996681213379,0.523216724395752,0.787452757358551,-0.4111955761909485,0.12400823831558228,15.876766204833984,15.882574081420898,-0.002787380712106824,-0.009304890409111977,1.3126578778610565e-05,0.009713426232337952
lqr,2,0,51,51,1.02,-2.6463584899902344,-1.9925371408462524,1.031295895576477,-0.002997589996084571,-0.00159141281619668,6.578126340173185e-05,0.0033944761380553246,-2.646925449371338,-1.9928385019302368,1.034428596496582,-0.3907175660133362,0.09077191352844238,15.872946739196777,15.87801456451416,-0.0017679412849247456,-0.00862588919699192,6.3119268816080876e-06,0.008805204182863235
lqr,3,0,51,51,1.02,-1.7420660257339478,1.6728992462158203,0.8098003268241882,-0.0010581883834674954,0.0009033098467625678,-0.00040634669130668044,0.0014494304778054357,-1.7422666549682617,1.6730701923370361,0.8128437399864197,-0.4039881229400635,0.12851780652999878,15.876418113708496,15.88207721710205,-0.0030375404749065638,-0.009395124390721321,2.1500168259080965e-06,0.009873956441879272
rl,0,0,52,52,1.04,1.2580814361572266,-1.489922285079956,0.45079946517944336,-0.01624862663447857,-0.19256743788719177,-0.6338901519775391,0.6626937389373779,2.9613189697265625,-1.7352508306503296,1.021186113357544,1.0983293056488037,-1.3975856304168701,16.25627899169922,16.35317039489746,-0.003109833924099803,-0.008922388777136803,0.0001322799507761374,0.009449739940464497
rl,1,0,52,52,1.04,1.097095251083374,0.9088554978370667,0.4029430150985718,-0.06344547122716904,-0.21437741816043854,-0.6378437280654907,0.6758902072906494,1.854996681213379,0.523216724395752,0.787452757358551,1.0920497179031372,0.19862774014472961,16.24667739868164,16.284549713134766,-0.0029335434082895517,-0.008872265927493572,0.00016877717280294746,0.0093461899086833
rl,2,0,52,52,1.04,-1.2252116203308105,-1.6489207744598389,0.13705873489379883,0.00014191768423188478,-0.3484349846839905,-0.9670228958129883,1.027881383895874,-2.646925449371338,-1.9928385019302368,1.034428596496582,-1.8180465698242188,-0.7579517960548401,13.264361381530762,13.409812927246094,-0.002601934364065528,-0.00894920714199543,3.268255386501551e-05,0.009319840930402279
rl,3,0,52,52,1.04,-1.243647575378418,1.042283296585083,0.17649030685424805,-0.022519482299685478,-0.1089557409286499,-0.9871522784233093,0.9934022426605225,-1.7422666549682617,1.6730701923370361,0.8128437399864197,1.0106258392333984,-1.4106379747390747,13.253052711486816,13.366175651550293,-0.0015432138461619616,-0.009425265714526176,-0.00016741579747758806,0.00955223385244608
lqr,0,0,52,52,1.04,2.960724115371704,-1.7350825071334839,1.0180591344833374,0.003141452558338642,-0.0008898093947209418,3.455783371464349e-05,0.003265222767367959,2.9613189697265625,-1.7352508306503296,1.021186113357544,-0.41524046659469604,0.12629716098308563,15.872453689575195,15.878386497497559,-0.0028874692507088184,-0.008931317366659641,6.107187800807878e-06,0.009386477060616016
lqr,1,0,52,52,1.04,1.8547868728637695,0.5234693884849548,0.7844074964523315,0.0011092644417658448,-0.00133449153508991,-0.0003956353466492146,0.0017798489425331354,1.854996681213379,0.523216724395752,0.787452757358551,-0.41856080293655396,0.12476436793804169,15.875984191894531,15.881991386413574,-0.0027924394235014915,-0.00931997038424015,1.131789122155169e-05,0.009729321114718914
lqr,2,0,52,52,1.04,-2.6464390754699707,-1.9925800561904907,1.0312975645065308,-0.002567279152572155,-0.0013633716152980924,5.635388879454695e-05,0.002907383721321821,-2.646925449371338,-1.9928385019302368,1.034428596496582,-0.4021911919116974,0.09031270444393158,15.872798919677734,15.87814998626709,-0.001773686264641583,-0.00862358883023262,1.3628007309307577e-06,0.008804104290902615
lqr,3,0,52,52,1.04,-1.7420943975448608,1.6729235649108887,0.80978924036026,-0.0009086410864256322,0.0007741309236735106,-0.0003479518636595458,0.0012433734955266118,-1.7422666549682617,1.6730701923370361,0.8128437399864197,-0.4139513075351715,0.13242967426776886,15.87564754486084,15.881595611572266,-0.0030457235407084227,-0.00941386166960001,3.259520326537313e-06,0.009894303046166897
rl,0,0,53,53,1.06,1.2570379972457886,-1.4955919981002808,0.43179309368133545,-0.04403764009475708,-0.18721337616443634,-0.6333724856376648,0.6619281768798828,2.9613189697265625,-1.7352508306503296,1.021186113357544,-1.9004875421524048,0.39246129989624023,15.861251831054688,15.979524612426758,-0.0024055512621998787,-0.008867618627846241,1.9259068722021766e-05,0.009188128635287285
rl,1,0,53,53,1.06,1.0957481861114502,0.9027020931243896,0.3838309943675995,-0.0356261171400547,-0.20047764480113983,-0.636677086353302,0.6684446334838867,1.854996681213379,0.523216724395752,0.787452757358551,1.0914671421051025,0.8484734296798706,15.969901084899902,16.029626846313477,-0.003052328946068883,-0.008067237213253975,0.00020917595247738063,0.008627907373011112
rl,2,0,53,53,1.06,-1.225301742553711,-1.6589796543121338,0.10790394991636276,-0.004567940253764391,-0.3287453353404999,-0.9742285013198853,1.028209924697876,-2.646925449371338,-1.9928385019302368,1.034428596496582,-0.6331784725189209,1.145797610282898,15.472991943359375,15.52827262878418,-0.002398258773609996,-0.009392181411385536,-2.5435736461076885e-05,0.009693573229014874
rl,3,0,53,53,1.06,-1.244372844696045,1.0386483669281006,0.146685391664505,-0.02500307559967041,-0.12727878987789154,-0.9966686367988586,1.00507390499115,-1.7422666549682617,1.6730701923370361,0.8128437399864197,-0.5127900838851929,-0.8835480213165283,15.363565444946289,15.397491455078125,-0.0010088820708915591,-0.00834204163402319,-0.00024982308968901634,0.008406540378928185
lqr,0,0,53,53,1.06,2.9608092308044434,-1.7351065874099731,1.0180600881576538,0.0026913934852927923,-0.0007616408402100205,3.0405168217839673e-05,0.002797252032905817,2.9613189697265625,-1.7352508306503296,1.021186113357544,-0.41966262459754944,0.1278984099626541,15.872355461120605,15.87841796875,-0.0028975342866033316,-0.008936724625527859,6.252043021959253e-06,0.009394721128046513
lqr,1,0,53,53,1.06,1.8548167943954468,0.5234330892562866,0.7843966484069824,0.0009496535058133304,-0.001143250847235322,-0.00033922342117875814,0.0015244464157149196,1.854996681213379,0.523216724395752,0.787452757358551,-0.4257690906524658,0.12580889463424683,15.875311851501465,15.881519317626953,-0.0027982008177787066,-0.009335665963590145,9.773700185178313e-06,0.009746008552610874
lqr,2,0,53,53,1.06,-2.6465094089508057,-1.992617130279541,1.0312989950180054,-0.0022000086028128862,-0.001169201685115695,4.8503174184588715e-05,0.0024918713606894016,-2.646925449371338,-1.9928385019302368,1.034428596496582,-0.4130016565322876,0.09020437300205231,15.872591972351074,15.878220558166504,-0.0017809413839131594,-0.00862074177712202,-3.0518992844008608e-06,0.008802780881524086
lqr,3,0,53,53,1.06,-1.7421189546585083,1.6729447841644287,0.8097800612449646,-0.0007789588416926563,0.0006628396804444492,-0.00029810419073328376,0.0010653635254129767,-1.7422666549682617,1.6730701923370361,0.8128437399864197,-0.4236363172531128,0.13611125946044922,15.87490463256836,15.881139755249023,-0.003053423250094056,-0.009432134218513966,4.236365839460632e-06,0.009914059191942215
rl,0,0,54,54,1.08,1.2557616233825684,-1.5012073516845703,0.41291654109954834,-0.04178192839026451,-0.18716131150722504,-0.6271381378173828,0.6558027863502502,2.9613189697265625,-1.7352508306503296,1.021186113357544,-0.2972298860549927,0.11055104434490204,16.21234703063965,16.2154483795166,-0.0026523349806666374,-0.009737081825733185,7.692898179811891e-06,0.010091863572597504
rl,1,0,54,54,1.08,1.0945838689804077,0.8965888619422913,0.3639182448387146,-0.04039416462182999,-0.2054242342710495,-0.6773015260696411,0.708920419216156,1.854996681213379,0.523216724395752,0.787452757358551,-0.6147832870483398,-0.17908376455307007,13.676790237426758,13.6917724609375,-0.003083297982811928,-0.007825236767530441,0.00022921407071407884,0.008413893170654774
rl,2,1,0,54,0.0,-1.2500340938568115,-1.2499024868011475,0.9998652935028076,-0.0034174195025116205,0.009739140048623085,-0.013458074070513248,0.016960229724645615,-1.3889763355255127,0.6645171642303467,1.2919814586639404,-0.5532160997390747,1.576211929321289,13.700278282165527,13.801743507385254,-0.003220078069716692,-0.009259720332920551,0.00010467864194652066,0.00980419758707285
rl,3,0,54,54,1.08,-1.244620680809021,1.035386085510254,0.11644171178340912,0.00013045527157373726,-0.09947419166564941,-1.0138490200042725,1.0187172889709473,-1.7422666549682617,1.6730701923370361,0.8128437399864197,0.9798774719238281,1.6030168533325195,14.970338821411133,15.08777141571045,-0.0015908884815871716,-0.008284257724881172,-0.00019361000158824027,0.008437851443886757
lqr,0,0,54,54,1.08,2.9608826637268066,-1.7351267337799072,1.0180608034133911,0.002304788213223219,-0.0006533967098221183,2.678437886061147e-05,0.002395765855908394,2.9613189697265625,-1.7352508306503296,1.021186113357544,-0.4246342182159424,0.12944456934928894,15.872238159179688,15.87844467163086,-0.0029079860541969538,-0.008943474851548672,6.408448825823143e-06,0.009404369629919529
lqr,1,0,54,54,1.08,1.8548424243927002,0.5234020948410034,0.784387469291687,0.00081461580703035,-0.0009793988429009914,-0.00029040288063697517,0.0013065813109278679,1.854996681213379,0.523216724395752,0.787452757358551,-0.433282732963562,0.12698525190353394,15.874711990356445,15.881131172180176,-0.0028045219369232655,-0.009351775981485844,8.459916898573283e-06,0.009763253852725029
lqr,2,1,0,54,0.0,-1.253202199935913,-1.2058833837509155,1.0066556930541992,-0.3202149569988251,4.411669731140137,0.6655859351158142,4.473071575164795,-1.3889763355255127,0.6645171642303467,1.2919814586639404,-51.82715606689453,713.963134765625,123.60093688964844,726.4342041015625,-0.0,-0.0,-0.0,0.0
lqr,3,0,54,54,1.08,-1.7421401739120483,1.6729621887207031,0.8097721934318542,-0.0006677313940599561,0.0005687426310032606,-0.0002562643203418702,0.0009137860033661127,-1.7422666549682617,1.6730701923370361,0.8128437399864197,-0.4332636594772339,0.1398421972990036,15.874224662780762,15.880752563476562,-0.003060736693441868,-0.009450052864849567,5.100612725073006e-06,0.009933359920978546
rl,0,0,55,55,1.1,1.2542232275009155,-1.506903886795044,0.3932461440563202,-0.0560278594493866,-0.19125322997570038,-0.6699447631835938,0.6989584565162659,2.9613189697265625,-1.7352508306503296,1.021186113357544,-1.1264842748641968,-0.12829485535621643,13.545219421386719,13.592586517333984,-0.0025749453343451023,-0.009554287418723106,-8.575165338697843e-06,0.00989519152790308
rl,1,0,55,55,1.1,1.0933548212051392,0.8898700475692749,0.3437238037586212,-0.04125693067908287,-0.23323412239551544,-0.6710666418075562,0.7116394639015198,1.854996681213379,0.523216724395752,0.787452757358551,-0.4784722924232483,-1.3939405679702759,16.217470169067383,16.284297943115234,-0.0023432832676917315,-0.008305768482387066,9.38811426749453e-05,0.008630502969026566
rl,2,1,1,55,0.02,-1.2496367692947388,-1.2494988441467285,0.9987525939941406,0.021586161106824875,0.015315813943743706,-0.048897743225097656,0.055601488798856735,-1.3889763355255127,0.6645171642303467,1.2919814586639404,1.3492100238800049,0.3008573651313782,13.96636962890625,14.034613609313965,-0.0005811608862131834,-0.0007337686256505549,6.855183892184868e-05,0.0009385434095747769
rl,3,1,0,55,0.0,-1.2499330043792725,1.249914288520813,1.000023365020752,0.0067041246220469475,-0.008564342744648457,0.0023447200655937195,0.011126138269901276,-2.3564696311950684,3.1112520694732666,1.2392442226409912,1.085075855255127,-1.3860325813293457,16.258159637451172,16.353172302246094,-0.002266546944156289,-0.007602310739457607,-5.950744161964394e-05,0.007933215238153934
lqr,0,0,55,55,1.1,2.9609451293945312,-1.7351442575454712,1.0180612802505493,0.0019743528682738543,-0.0005612079985439777,2.3571530618937686e-05,0.002052700612694025,2.9613189697265625,-1.7352508306503296,1.021186113357544,-0.42990410327911377,0.13138049840927124,15.8721284866333,15.878493309020996,-0.0029187165200710297,-0.008951356634497643,6.56818701827433e-06,0.009415186941623688
lqr,1,0,55,55,1.1,1.854864239692688,0.5233754515647888,0.784379780292511,0.0006982762715779245,-0.000838772626593709,-0.0002494032960385084,0.0011195228435099125,1.854996681213379,0.523216724395752,0.787452757358551,-0.44115012884140015,0.12843342125415802,15.874041557312012,15.88068962097168,-0.002811298007145524,-0.009368323720991611,7.335144800890703e-06,0.009781050495803356
lqr,2,1,1,55,0.02,-1.2691457271575928,-0.9862378835678101,1.039794921875,-0.5701177716255188,7.854128360748291,1.1850296258926392,7.963458061218262,-1.3889763355255127,0.6645171642303467,1.2919814586639404,-3.905546188354492,51.963897705078125,22.989459991455078,56.95625686645508,-0.24201372265815735,-0.033409204334020615,0.04113443195819855,0.24774757027626038
lqr,3,1,0,55,0.0,-1.275496006011963,1.2928889989852905,1.0054421424865723,-2.549605131149292,4.288914680480957,0.5442164540290833,5.019108295440674,-2.3564696311950684,3.1112520694732666,1.2392442226409912,-412.62548828125,694.0994873046875,103.93412780761719,814.1475219726562,-0.0,-0.0,-0.0,0.0
rl,0,0,56,56,1.12,1.2527836561203003,-1.5129815340042114,0.3731605112552643,-0.04396246373653412,-0.20826305449008942,-0.6693118810653687,0.7023422122001648,2.9613189697265625,-1.7352508306503296,1.021186113357544,0.22176328301429749,-0.8074253797531128,15.930529594421387,15.952519416809082,-0.0022101139184087515,-0.009280265308916569,-6.613669393118471e-05,0.009540037252008915
rl,1,0,56,56,1.12,1.0919933319091797,0.8834291696548462,0.32327336072921753,-0.04743659496307373,-0.2054317593574524,-0.6869880557060242,0.7186132669448853,1.854996681213379,0.523216724395752,0.787452757358551,-0.7397419214248657,1.5999683141708374,14.994669914245605,15.097921371459961,-0.0021873577497899532,-0.008858083747327328,1.8453274606144987e-05,0.009124171920120716
rl,2,1,2,56,0.04,-1.2484333515167236,-1.2488830089569092,0.9969374537467957,0.04938921704888344,0.023128340020775795,-0.06630771607160568,0.08585411310195923,-1.3889763355255127,0.6645171642303467,1.2919814586639404,1.4981319904327393,0.4226014316082001,14.939360618591309,15.020236015319824,-0.001452097319997847,-0.0027334336191415787,0.0001316681009484455,0.0030979965813457966
rl,3,1,1,56,0.02,-1.2494959831237793,1.2491010427474976,0.9994449615478516,0.01848628744482994,-0.03636632859706879,-0.030109401792287827,0.050703343003988266,-2.3564696311950684,3.1112520694732666,1.2392442226409912,0.6358792781829834,-1.5000483989715576,14.127424240112305,14.221062660217285,0.0002872000331990421,-0.0009746162686496973,-8.589290519012138e-05,0.0010196756338700652
lqr,0,0,56,56,1.12,2.96099853515625,-1.7351596355438232,1.018061876296997,0.0016919997287914157,-0.000481933617265895,2.0943076378898695e-05,0.0017594208475202322,2.9613189697265625,-1.7352508306503296,1.021186113357544,-0.43544262647628784,0.13339772820472717,15.871929168701172,15.878461837768555,-0.00292979902587831,-0.0089602405205369,6.746766302967444e-06,0.009427071548998356
lqr,1,0,56,56,1.12,1.8548831939697266,0.5233527421951294,0.784372866153717,0.0005995278479531407,-0.0007184211281128228,-0.00021385651780292392,0.0009598422911949456,1.854996681213379,0.523216724395752,0.787452757358551,-0.44894856214523315,0.13000617921352386,15.873546600341797,15.880426406860352,-0.002818461274728179,-0.009385297074913979,6.373362339218147e-06,0.009799365885555744
lqr,2,1,2,56,0.04,-1.2857394218444824,-0.7576484084129333,1.0742850303649902,-0.5353050231933594,7.3742356300354,1.1126365661621094,7.476888656616211,-1.3889763355255127,0.6645171642303467,1.2919814586639404,3.3673434257507324,-43.989906311035156,10.286505699157715,45.301910400390625,-0.15369658172130585,-0.022636977955698967,0.03238184005022049,0.1586935967206955
lqr,3,1,1,56,0.02,-1.4024348258972168,1.506422996520996,1.032533049583435,-4.53913688659668,7.6356000900268555,0.9686831831932068,8.935574531555176,-2.3564696311950684,3.1112520694732666,1.2392442226409912,-30.1475772857666,50.45759582519531,21.333711624145508,62.5297737121582,-0.23705890774726868,-0.16233792901039124,0.03386339172720909,0.2893047630786896
rl,0,0,57,57,1.1400000000000001,1.251870036125183,-1.5189878940582275,0.352364718914032,-0.02370801940560341,-0.1961822211742401,-0.7051339149475098,0.7323000431060791,2.9613189697265625,-1.7352508306503296,1.021186113357544,0.7097866535186768,0.7497630715370178,13.96572494506836,14.003835678100586,-0.002132376655936241,-0.008560771122574806,-6.80531156831421e-05,0.008822610601782799
rl,1,0,57,57,1.1400000000000001,1.0911263227462769,0.8776464462280273,0.3016762435436249,-0.019616516306996346,-0.18641816079616547,-0.7363592982292175,0.759843111038208,1.854996681213379,0.523216724395752,0.787452757358551,1.1356239318847656,1.115749478340149,13.244033813476562,13.339377403259277,-0.003139374079182744,-0.008460689336061478,0.00016828501247800887,0.009025921113789082
rl,2,1,3,57,0.06,-1.2474039793014526,-1.2484863996505737,0.9948151111602783,0.02677210420370102,0.008260980248451233,-0.07296247780323029,0.078156977891922,-1.3889763355255127,0.6645171642303467,1.2919814586639404,-1.2255479097366333,-0.7992600798606873,15.51907730102539,15.587897300720215,-0.0017814288148656487,-0.004736490547657013,0.00011666475620586425,0.005061762873083353
rl,3,1,2,57,0.04,-1.249497652053833,1.24760103225708,0.9978749752044678,-0.009318255819380283,-0.05682233348488808,-0.0634392723441124,0.08567467331886292,-2.3564696311950684,3.1112520694732666,1.2392442226409912,-1.502351999282837,-1.1039111614227295,14.079826354980469,14.202717781066895,0.00018297410861123353,-0.003949485719203949,-0.00021899201965425164,0.003959782421588898
lqr,0,0,57,57,1.1400000000000001,2.9610445499420166,-1.7351726293563843,1.0180623531341553,0.0014494021888822317,-0.00041278061689808965,1.8386483134236187e-05,0.0015071472153067589,2.9613189697265625,-1.7352508306503296,1.021186113357544,-0.4415351152420044,0.13550254702568054,15.871783256530762,15.878501892089844,-0.0029411863069981337,-0.00896996259689331,6.947076144570019e-06,0.009439854882657528
lqr,1,0,57,57,1.1400000000000001,1.854899287223816,0.5233331918716431,0.7843669652938843,0.000514054496306926,-0.0006155450828373432,-0.00018262227240484208,0.000822495436295867,1.854996681213379,0.523216724395752,0.787452757358551,-0.45696449279785156,0.1317494660615921,15.873066902160645,15.880189895629883,-0.0028259260579943657,-0.009402607567608356,5.548327862925362e-06,0.009818091057240963
lqr,2,1,3,57,0.06,-1.300422191619873,-0.5553812384605408,1.1048035621643066,-0.46611911058425903,6.421024799346924,0.9688102602958679,6.510408878326416,-1.3889763355255127,0.6645171642303467,1.2919814586639404,4.026597499847412,-51.61845397949219,9.608769416809082,52.65934371948242,-0.06568312644958496,-0.01246603112667799,0.020016079768538475,0.06978766620159149
lqr,3,1,2,57,0.04,-1.5345443487167358,1.728652834892273,1.0607247352600098,-4.261838436126709,7.169074535369873,0.9094412922859192,8.38963508605957,-2.3564696311950684,3.1112520694732666,1.2392442226409912,25.536212921142578,-42.65330505371094,11.861919403076172,51.10878372192383,-0.15092696249485016,-0.100320965051651,0.02663043700158596,0.18317320942878723
rl,0,0,58,58,1.16,1.250645399093628,-1.5243171453475952,0.3309631049633026,-0.049370769411325455,-0.16838206350803375,-0.7175086736679077,0.7386532425880432,2.9613189697265625,-1.7352508306503296,1.021186113357544,-1.807688593864441,1.609532117843628,15.155083656311035,15.347146034240723,-0.002899503568187356,-0.008424103260040283,5.746405076934025e-05,0.008909317664802074
rl,1,0,58,58,1.16,1.0899817943572998,0.8723029494285583,0.2794892489910126,-0.04740867391228676,-0.17396675050258636,-0.7411679029464722,0.7627856135368347,1.854996681213379,0.523216724395752,0.787452757358551,-1.9367084503173828,0.7819810509681702,15.565693855285645,15.705195426940918,-0.0034175438340753317,-0.00815559271723032,0.00024078256683424115,0.008845974691212177
rl,2,1,4,58,0.08,-1.246446132659912,-1.248502254486084,0.9916389584541321,0.034526970237493515,-0.004926505032926798,-0.12233144789934158,0.1272059977054596,-1.3889763355255127,0.6645171642303467,1.2919814586639404,0.4085538685321808,-0.7078622579574585,13.215473175048828,13.240721702575684,-0.0014603910967707634,-0.006561960093677044,-1.2980213796254247e-05,0.006722516845911741
rl,3,1,3,58,0.06,-1.249893307685852,1.245671033859253,0.9952504634857178,-0.015117932111024857,-0.0680793970823288,-0.09950863569974899,0.12151265144348145,-2.3564696311950684,3.1112520694732666,1.2392442226409912,-0.32018306851387024,-0.6076146364212036,13.93228816986084,13.949206352233887,-0.00016066659009084105,-0.006286748219281435,-0.00030299066565930843,0.006296095903962851
lqr,0,0,58,58,1.16,2.961083173751831,-1.7351837158203125,1.018062949180603,0.001241906313225627,-0.00035407172981649637,1.5830635675229132e-05,0.0012914908584207296,2.9613189697265625,-1.7352508306503296,1.021186113357544,-0.44780999422073364,0.13765622675418854,15.871549606323242,15.878461837768555,-0.0029527628794312477,-0.008980423212051392,7.153804290283006e-06,0.009453404694795609
lqr,1,0,58,58,1.16,1.8549129962921143,0.5233164429664612,0.7843620181083679,0.0004414058057591319,-0.0005271456320770085,-0.00015609851107001305,0.000705044949427247,1.854996681213379,0.523216724395752,0.787452757358551,-0.4650413393974304,0.1336365044116974,15.872605323791504,15.87997817993164,-0.0028336592949926853,-0.009420162066817284,4.8454076022608206e-06,0.009837129153311253
lqr,2,1,4,58,0.08,-1.3130780458450317,-0.38104191422462463,1.1311078071594238,-0.4006054401397705,5.518516540527344,0.8326355814933777,5.595336437225342,-1.3889763355255127,0.6645171642303467,1.2919814586639404,3.6473467350006104,-46.37037658691406,10.31205940246582,47.642982482910156,-0.009948942810297012,-0.0065099564380943775,0.01027732715010643,0.015715738758444786
lqr,3,1,3,58,0.06,-1.651442527770996,1.9252924919128418,1.0856698751449585,-3.710965394973755,6.2423906326293945,0.7918865084648132,7.30518913269043,-2.3564696311950684,3.1112520694732666,1.2392442226409912,30.02596664428711,-50.010536193847656,11.548831939697266,59.46417236328125,-0.06523147225379944,-0.04241479933261871,0.016490483656525612,0.07953675836324692
rl,0,0,59,59,1.18,1.2495981454849243,-1.5288127660751343,0.308786541223526,-0.027650948613882065,-0.14058411121368408,-0.7500764727592468,0.7636381387710571,2.9613189697265625,-1.7352508306503296,1.021186113357544,0.7702392935752869,1.6040663719177246,14.1376371383667,14.249177932739258,-0.003747823415324092,-0.008877087384462357,0.00019402612815611064,0.009637764655053616
rl,1,0,59,59,1.18,1.089116096496582,0.8675442934036255,0.25737887620925903,-0.01958705298602581,-0.1509523093700409,-0.7349351644515991,0.7505331039428711,1.854996681213379,0.523216724395752,0.787452757358551,1.0371365547180176,1.3586583137512207,16.24182891845703,16.33152198791504,-0.0036928136833012104,-0.008970026858150959,0.0002675885916687548,0.00970411580055952
rl,2,1,5,59,0.1,-1.2459183931350708,-1.248205542564392,0.9875569939613342,0.009124455973505974,0.017301879823207855,-0.1429338902235031,0.14426609873771667,-1.3889763355255127,0.6645171642303467,1.2919814586639404,-1.387246012687683,1.204349398612976,14.764892578125,14.878742218017578,-0.0017154422821477056,-0.0071539729833602905,-2.0423462046892382e-05,0.007356798741966486
rl,3,1,4,59,0.08,-1.2497907876968384,1.243579387664795,0.9917687773704529,0.012696929275989532,-0.07054197043180466,-0.12432875484228134,0.1435096561908722,-2.3564696311950684,3.1112520694732666,1.2392442226409912,1.4871505498886108,-0.1327919065952301,14.540877342224121,14.617331504821777,-0.0006972723640501499,-0.0066389949060976505,-0.00027316418709233403,0.0066810972057282925
lqr,0,0,59,59,1.18,2.961116313934326,-1.7351936101913452,1.0180633068084717,0.0010683350265026093,-0.000304032233543694,1.3434673746814951e-05,0.0011108355829492211,2.9613189697265625,-1.7352508306503296,1.021186113357544,-0.4542642831802368,0.13984698057174683,15.871366500854492,15.8784818649292,-0.0029645042959600687,-0.00899134948849678,7.375304448942188e-06,0.009467454627156258
lqr,1,0,59,59,1.18,1.8549249172210693,0.5233023166656494,0.7843577265739441,0.0003784607397392392,-0.00045176350977271795,-0.00013370192027650774,0.0006043169414624572,1.854996681213379,0.523216724395752,0.787452757358551,-0.47330424189567566,0.13557344675064087,15.872106552124023,15.879740715026855,-0.002841590903699398,-0.00943795870989561,4.245514901413117e-06,0.009856455959379673
lqr,2,1,5,59,0.1,-1.323934555053711,-0.23148442804813385,1.1536730527877808,-0.3434775173664093,4.731566905975342,0.7138993740081787,4.7974324226379395,-1.3889763355255127,0.6645171642303467,1.2919814586639404,3.1526286602020264,-40.02616882324219,11.037139892578125,41.63954544067383,0.021142788231372833,-0.003489589551463723,0.0033287492115050554,0.021685833111405373
lqr,3,1,4,59,0.08,-1.7522004842758179,2.0947816371917725,1.107170820236206,-3.1893773078918457,5.364992141723633,0.6805959343910217,6.278413772583008,-2.3564696311950684,3.1112520694732666,1.2392442226409912,26.997817993164062,-44.90730285644531,12.08218765258789,53.77292251586914,-0.011026504449546337,-0.007779446896165609,0.008519508875906467,0.0159588735550642
rl,0,0,60,60,1.2,1.2491172552108765,-1.5335866212844849,0.28534001111984253,-0.010209005326032639,-0.16839703917503357,-0.7972884178161621,0.8149421215057373,2.9613189697265625,-1.7352508306503296,1.021186113357544,0.5546218156814575,-1.3986350297927856,13.364109992980957,13.448539733886719,-0.003463257336989045,-0.0078116231597959995,0.00023008504649624228,0.008548014797270298
rl,1,0,60,60,1.2,1.0889317989349365,0.8631371855735779,0.23537157475948334,0.000588984286878258,-0.14487680792808533,-0.7328969240188599,0.7470793724060059,1.854996681213379,0.523216724395752,0.787452757358551,0.6231727600097656,0.44705930352211,16.0106143951416,16.028972625732422,-0.003894407767802477,-0.00828239880502224,0.0003464324108790606,0.009158851578831673
rl,2,1,6,60,0.12,-1.245522379875183,-1.2471301555633545,0.982281506061554,0.015244300477206707,0.04510258138179779,-0.19230249524116516,0.1981082558631897,-1.3889763355255127,0.6645171642303467,1.2919814586639404,0.30865052342414856,1.5064990520477295,13.214761734008789,13.303936958312988,-0.002769138664007187,-0.007943556644022465,0.00010456268501002342,0.008413035422563553
rl,3,1,5,60,0.1,-1.2494210004806519,1.2411433458328247,0.9881335496902466,0.012146251276135445,-0.08654950559139252,-0.11960040032863617,0.1481303572654724,-2.3564696311950684,3.1112520694732666,1.2392442226409912,-0.050418224185705185,-0.8623721599578857,16.1336727142334,16.156782150268555,-0.0011028855806216598,-0.006663807667791843,-0.00022606330458074808,0.00675823912024498
lqr,0,0,60,60,1.2,2.9611454010009766,-1.7352018356323242,1.0180637836456299,0.0009168396354652941,-0.00025894964346662164,1.1136927241750527e-05,0.0009527716902084649,2.9613189697265625,-1.7352508306503296,1.021186113357544,-0.46133047342300415,0.14228524267673492,15.871152877807617,15.878494262695312,-0.002976440591737628,-0.009002966806292534,7.609351087012328e-06,0.009482229128479958
lqr,1,0,60,60,1.2,1.8549354076385498,0.5232900381088257,0.7843540906906128,0.0003245689731556922,-0.00038757428410463035,-0.00011425720731494948,0.0005182793829590082,1.854996681213379,0.523216724395752,0.787452757358551,-0.48157191276550293,0.13767105340957642,15.871678352355957,15.879579544067383,-0.0028496647719293833,-0.009455962106585503,3.728987849171972e-06,0.00987602211534977
lqr,2,1,6,60,0.12,-1.3332397937774658,-0.10329803824424744,1.1730138063430786,-0.29436635971069336,4.055047512054443,0.6118252873420715,4.111495018005371,-1.3889763355255127,0.6645171642303467,1.2919814586639404,2.6926047801971436,-34.31022644042969,11.656265258789062,36.33607482910156,0.03665940836071968,-0.0021837367676198483,-0.0014276402071118355,0.0367521308362484
lqr,3,1,5,60,0.1,-1.838636040687561,2.240178108215332,1.1256159543991089,-2.7345685958862305,4.599937438964844,0.5835533738136292,5.383105278015137,-2.3564696311950684,3.1112520694732666,1.2392442226409912,23.308626174926758,-38.75735092163086,12.563085556030273,46.938846588134766,0.01919669844210148,0.01028431300073862,0.002828669035807252,0.0219609122723341
rl,0,0,61,61,1.22,1.248734951019287,-1.539138913154602,0.26110050082206726,-0.014012818224728107,-0.19341634213924408,-0.8133320212364197,0.8361310958862305,2.9613189697265625,-1.7352508306503296,1.021186113357544,-0.6459477543830872,-1.233035683631897,15.010503768920898,15.074907302856445,-0.0020811015274375677,-0.007649199105799198,3.4702734410529956e-05,0.007927321828901768
rl,1,0,61,61,1.22,1.089505672454834,0.8593469858169556,0.21350930631160736,0.02840728498995304,-0.11707992106676102,-0.7266631722450256,0.7365826368331909,1.854996681213379,0.523216724395752,0.787452757358551,1.0216730833053589,1.6239665746688843,16.240230560302734,16.35317039489746,-0.003919642418622971,-0.00795464962720871,0.0003843247832264751,0.008876246400177479
rl,2,1,7,61,0.14,-1.2456212043762207,-1.2462382316589355,0.9763501882553101,-0.012547406367957592,0.02205132134258747,-0.20042042434215546,0.20201990008354187,-1.3889763355255127,0.6645171642303467,1.2919814586639404,-1.5310901403427124,-1.2329530715942383,15.438257217407227,15.562911033630371,-0.002852311125025153,-0.008088568225502968,0.00013012408453505486,0.008577735163271427
rl,3,1,6,61,0.12,-1.2494218349456787,1.2380177974700928,0.9835580587387085,-0.0061151860281825066,-0.11299976706504822,-0.16896741092205048,0.20336255431175232,-2.3564696311950684,3.1112520694732666,1.2392442226409912,-1.007920265197754,-1.4250787496566772,13.213525772094727,13.328315734863281,-0.000901782070286572,-0.007609531749039888,-0.00030230366974137723,0.00766874011605978
lqr,0,0,61,61,1.22,2.961170196533203,-1.7352089881896973,1.0180641412734985,0.000785201380494982,-0.00022136623738333583,9.290439265896566e-06,0.0008158618002198637,2.9613189697265625,-1.7352508306503296,1.021186113357544,-0.46832275390625,0.14458133280277252,15.870953559875488,15.878520011901855,-0.0029885070398449898,-0.009015196934342384,7.841804290364962e-06,0.009497631341218948
lqr,1,0,61,61,1.22,1.8549443483352661,0.5232795476913452,0.7843510508537292,0.000276655366178602,-0.00033205249928869307,-9.81443008640781e-05,0.0004432035202626139,1.854996681213379,0.523216724395752,0.787452757358551,-0.48997610807418823,0.13984429836273193,15.871228218078613,15.87940502166748,-0.002857902552932501,-0.009474149905145168,3.2905509215197526e-06,0.009895813651382923
lqr,2,1,7,61,0.14,-1.3412140607833862,0.0065532224252820015,1.189588189125061,-0.2522563338279724,3.474968910217285,0.5243025422096252,3.523341417312622,-1.3889763355255127,0.6645171642303467,1.2919814586639404,2.288221597671509,-29.377086639404297,12.185965538024902,31.8864688873291,0.04288807511329651,-0.0018276502378284931,-0.0045530954375863075,0.04316778853535652
lqr,3,1,6,61,0.12,-1.9127203226089478,2.3647985458374023,1.141425609588623,-2.343578815460205,3.9422402381896973,0.5001237988471985,4.613430500030518,-2.3564696311950684,3.1112520694732666,1.2392442226409912,19.973365783691406,-33.22319412231445,12.951788902282715,40.87131881713867,0.03429229557514191,0.01846472918987274,-0.0010710831265896559,0.0389622263610363
rl,0,0,62,62,1.24,1.248870849609375,-1.5450397729873657,0.23682518303394318,0.013805779628455639,-0.19833716750144958,-0.8070992231369019,0.8312264680862427,2.9613189697265625,-1.7352508306503296,1.021186113357544,1.0169272422790527,-0.13832221925258636,16.254024505615234,16.286392211914062,-0.0016725364839658141,-0.008002649992704391,-6.793646025471389e-05,0.008175842463970184
rl,1,0,62,62,1.24,1.0898019075393677,0.8560077548027039,0.19183412194252014,0.0006162067875266075,-0.10843478888273239,-0.7204244136810303,0.7285395264625549,1.854996681213379,0.523216724395752,0.787452757358551,-1.9848084449768066,0.5952433943748474,16.158599853515625,16.290922164916992,-0.004184674005955458,-0.008422926999628544,0.0004338478029239923,0.009415170177817345
rl,2,1,8,62,0.16,-1.245441198348999,-1.2451567649841309,0.9696515798568726,0.015273083932697773,0.04303859919309616,-0.23472484946250916,0.23912620544433594,-1.3889763355255127,0.6645171642303467,1.2919814586639404,1.4647059440612793,1.1436529159545898,14.030714988708496,14.153242111206055,-0.0023887979332357645,-0.008399376645684242,4.3139447370776907e-05,0.008732568472623825
rl,3,1,7,62,0.14,-1.2498295307159424,1.234656572341919,0.9777641892433167,-0.017304081469774246,-0.11156163364648819,-0.20520856976509094,0.23421354591846466,-2.3564696311950684,3.1112520694732666,1.2392442226409912,-0.6339895725250244,0.07998944073915482,13.921868324279785,13.93652629852295,-0.0008121381979435682,-0.008121713064610958,-0.00035741954343393445,0.008170039393007755
lqr,0,0,62,62,1.24,2.9611918926239014,-1.7352150678634644,1.0180643796920776,0.0006719111697748303,-0.00018961550085805357,7.585957973788027e-06,0.0006981949554756284,2.9613189697265625,-1.7352508306503296,1.021186113357544,-0.4757001996040344,0.14699828624725342,15.870709419250488,15.878517150878906,-0.0030006191227585077,-0.00902774091809988,8.076827725744806e-06,0.009513352997601032
lqr,1,0,62,62,1.24,1.8549517393112183,0.5232705473899841,0.7843484282493591,0.00023701235477346927,-0.0002845452108886093,-8.379911014344543e-05,0.00037968819378875196,1.854996681213379,0.523216724395752,0.787452757358551,-0.49835139513015747,0.1420801877975464,15.870869636535645,15.879327774047852,-0.0028662378899753094,-0.009492389857769012,2.9185771381889936e-06,0.009915684349834919
lqr,2,1,8,62,0.16,-1.3480473756790161,0.10068893432617188,1.2037913799285889,-0.21616552770137787,2.977820873260498,0.44929224252700806,3.019272804260254,-1.3889763355255127,0.6645171642303467,1.2919814586639404,1.9382104873657227,-25.150524139404297,12.647768020629883,28.218284606933594,0.04379093647003174,-0.0019740876741707325,-0.0064902338199317455,0.04431327432394028
lqr,3,1,7,62,0.14,-1.9762074947357178,2.4715936183929443,1.1549738645553589,-2.0083258152008057,3.378298759460449,0.42858532071113586,3.953474521636963,-2.3564696311950684,3.1112520694732666,1.2392442226409912,17.088388442993164,-28.448909759521484,13.281262397766113,35.745567321777344,0.04037622734904289,0.021086104214191437,-0.0036393043119460344,0.045695822685956955
rl,0,0,63,63,1.26,1.2498414516448975,-1.5508897304534912,0.2121226191520691,0.04162238538265228,-0.19334359467029572,-0.8315795660018921,0.8547741174697876,2.9613189697265625,-1.7352508306503296,1.021186113357544,1.059972882270813,0.38511961698532104,14.593950271606445,14.637460708618164,-0.0020196023397147655,-0.0074816602282226086,-1.7266082068090327e-05,0.007749473210424185
rl,1,0,63,63,1.26,1.08981454372406,0.8530004024505615,0.17025576531887054,0.00033322861418128014,-0.09616798162460327,-0.718704879283905,0.7251104116439819,1.854996681213379,0.523216724395752,0.787452757358551,-0.5031837224960327,0.7921624183654785,15.957528114318848,15.985099792480469,-0.003956140018999577,-0.009623020887374878,0.0003647525445558131,0.01041088905185461
rl,2,1,9,63,0.18,-1.2445451021194458,-1.2438385486602783,0.9621819853782654,0.03716008737683296,0.04438438639044762,-0.2561167776584625,0.2625769376754761,-1.3889763355255127,0.6645171642303467,1.2919814586639404,1.1368061304092407,0.08704886585474014,14.727849006652832,14.771913528442383,-0.0028019093442708254,-0.007168568205088377,0.00015730746963527054,0.007698299363255501
rl,3,1,8,63,0.16,-1.250641942024231,1.2309575080871582,0.9707704186439514,-0.03195840120315552,-0.12916457653045654,-0.24707934260368347,0.2806296944618225,-2.3564696311950684,3.1112520694732666,1.2392442226409912,-0.8270920515060425,-0.9462261199951172,13.61758804321289,13.675457000732422,-0.0011564474552869797,-0.008376581594347954,-0.0003276528441347182,0.008462377823889256
lqr,0,0,63,63,1.26,2.961210012435913,-1.7352200746536255,1.0180646181106567,0.0005746163660660386,-0.0001631818595342338,6.368828053382458e-06,0.0005973716033622622,2.9613189697265625,-1.7352508306503296,1.021186113357544,-0.4829314947128296,0.14937159419059753,15.87048625946045,15.878535270690918,-0.0030128133948892355,-0.00904067326337099,8.31470788398292e-06,0.0095294751226902
lqr,1,0,63,63,1.26,1.854958176612854,0.5232629179954529,0.7843459844589233,0.0002031731855822727,-0.00024381022376473993,-7.184030255302787e-05,0.0003253979084547609,1.854996681213379,0.523216724395752,0.787452757358551,-0.5068382024765015,0.14436161518096924,15.870512008666992,15.87925910949707,-0.002874635625630617,-0.009510722942650318,2.6034558686660603e-06,0.00993566308170557
lqr,2,1,9,63,0.18,-1.3539032936096191,0.18135683238506317,1.2159624099731445,-0.1852378249168396,2.551786422729492,0.38501235842704773,2.5873076915740967,-1.3889763355255127,0.6645171642303467,1.2919814586639404,1.6372666358947754,-21.533119201660156,13.054929733276367,25.23464012145996,0.04179118201136589,-0.00236731325276196,-0.007574106566607952,0.04253791645169258
lqr,3,1,8,63,0.16,-2.0306124687194824,2.563110828399658,1.1665846109390259,-1.7210015058517456,2.8949790000915527,0.3672710955142975,3.387866258621216,-2.3564696311950684,3.1112520694732666,1.2392442226409912,14.612998008728027,-24.35951042175293,13.573156356811523,31.482629776000977,0.0412927083671093,0.020718611776828766,-0.005236160475760698,0.04649479314684868
rl,0,0,64,64,1.28,1.2508132457733154,-1.5564693212509155,0.18728941679000854,0.027777137234807014,-0.18231309950351715,-0.8258716464042664,0.846211314201355,2.9613189697265625,-1.7352508306503296,1.021186113357544,-1.2424118518829346,0.7263565063476562,16.150598526000977,16.21459197998047,-0.0025051229167729616,-0.0076766847632825375,4.923899541608989e-05,0.008075243793427944
rl,1,0,64,64,1.28,1.0898668766021729,0.8506712317466736,0.1477072387933731,0.0024467040784657,-0.06837078183889389,-0.7680734395980835,0.7711143493652344,1.854996681213379,0.523216724395752,0.787452757358551,-0.29682186245918274,1.610479474067688,13.199139595031738,13.300339698791504,-0.004027374088764191,-0.009317324496805668,0.0003872359811794013,0.010157865472137928
rl,2,1,10,64,0.2,-1.2428739070892334,-1.2427911758422852,0.9536889791488647,0.0649753212928772,0.030180415138602257,-0.29659295082092285,0.305122971534729,-1.3889763355255127,0.6645171642303467,1.2919814586639404,1.4543976783752441,-0.7507492303848267,13.70065975189209,13.798078536987305,-0.0024085084442049265,-0.00653625326231122,0.0001353265979560092,0.006967197172343731
rl,3,1,9,64,0.18,-1.2510442733764648,1.2271095514297485,0.9623705148696899,-0.004139293916523457,-0.1278197169303894,-0.2964507043361664,0.32285916805267334,-2.3564696311950684,3.1112520694732666,1.2392442226409912,1.4589942693710327,0.0763532891869545,13.219566345214844,13.300053596496582,-0.0011622232850641012,-0.007916475646197796,-0.00031806877814233303,0.008007653057575226
lqr,0,0,64,64,1.28,2.9612255096435547,-1.735224723815918,1.0180648565292358,0.0004933024174533784,-0.00013868496171198785,5.127067652210826e-06,0.0005124520394019783,2.9613189697265625,-1.7352508306503296,1.021186113357544,-0.4901866316795349,0.152047798037529,15.870256423950195,15.878552436828613,-0.0030250924173742533,-0.009053835645318031,8.564870768168475e-06,0.009545846842229366
lqr,1,0,64,64,1.28,1.854963779449463,0.5232563018798828,0.7843441963195801,0.00017388351261615753,-0.00020912395848426968,-6.117203156463802e-05,0.0002787657140288502,1.854996681213379,0.523216724395752,0.787452757358551,-0.515324592590332,0.14670655131340027,15.870098114013672,15.87913990020752,-0.0028830505907535553,-0.00952918641269207,2.333394149900414e-06,0.009955771267414093
lqr,2,1,10,64,0.2,-1.3589210510253906,0.25048357248306274,1.2263922691345215,-0.1587357521057129,2.186701774597168,0.32992812991142273,2.2171409130096436,-1.3889763355255127,0.6645171642303467,1.2919814586639404,1.379150152206421,-18.43701171875,13.415104866027832,22.842735290527344,0.03834494948387146,-0.0028627640567719936,-0.008055327460169792,0.03928637132048607
lqr,3,1,9,64,0.18,-2.0772335529327393,2.6415345668792725,1.1765339374542236,-1.4747766256332397,2.48079514503479,0.31472527980804443,2.9031643867492676,-2.3564696311950684,3.1112520694732666,1.2392442226409912,12.492292404174805,-20.858806610107422,13.837455749511719,27.97538948059082,0.03939021751284599,0.018849657848477364,-0.006134322378784418,0.04409680888056755
rl,0,0,65,65,1.3,1.251090407371521,-1.5620399713516235,0.16263797879219055,-1.1583769264689181e-05,-0.18737590312957764,-0.819633424282074,0.840778648853302,2.9613189697265625,-1.7352508306503296,1.021186113357544,-2.0040371417999268,-0.13873600959777832,16.162155151367188,16.286518096923828,-0.0027940692380070686,-0.009263190440833569,3.977158121415414e-05,0.009675489738583565
rl,1,0,65,65,1.3,1.0901918411254883,0.8480734825134277,0.12478969991207123,0.01503127720206976,-0.09569628536701202,-0.7618406414985657,0.7679745554924011,1.854996681213379,0.523216724395752,0.787452757358551,0.16537964344024658,-1.3342496156692505,16.24038314819336,16.29593849182129,-0.0036537686828523874,-0.00878398958593607,0.0003578557225409895,0.009520323947072029
rl,2,1,11,65,0.22,-1.240368366241455,-1.2416062355041504,0.9438497424125671,0.09278834611177444,0.04414546117186546,-0.3436617851257324,0.35869473218917847,-1.3889763355255127,0.6645171642303467,1.2919814586639404,1.45082688331604,0.7700191140174866,13.343628883361816,13.444339752197266,-0.002143464284017682,-0.005851220805197954,0.0001235613162862137,0.0062326956540346146
rl,3,1,10,65,0.2,-1.2515404224395752,1.222718596458435,0.9529059529304504,-0.022720521315932274,-0.1556263118982315,-0.3250008821487427,0.3610558807849884,-2.3564696311950684,3.1112520694732666,1.2392442226409912,-1.0535967350006104,-1.4944385290145874,14.335073471069336,14.45121955871582,-0.0012183422222733498,-0.007333477959036827,-0.0002811666636262089,0.00743930833414197
lqr,0,0,65,65,1.3,2.9612388610839844,-1.735228180885315,1.0180649757385254,0.0004232450155541301,-0.00011881801037816331,4.345276465755887e-06,0.00043962820200249553,2.9613189697265625,-1.7352508306503296,1.021186113357544,-0.4977806806564331,0.154488205909729,15.870020866394043,15.87857723236084,-0.003037421964108944,-0.009067266248166561,8.823241842037532e-06,0.009562496095895767
lqr,1,0,65,65,1.3,1.854968547821045,0.5232506990432739,0.7843425273895264,0.00014945240400265902,-0.0001794067065929994,-5.289021646603942e-05,0.0002394162875134498,1.854996681213379,0.523216724395752,0.787452757358551,-0.5236884355545044,0.14907941222190857,15.869704246520996,15.879042625427246,-0.0028914930298924446,-0.009547698311507702,2.103785845974926e-06,0.009975935332477093
lqr,2,1,11,65,0.22,-1.363221526145935,0.30972033739089966,1.2353298664093018,-0.13602527976036072,1.873847246170044,0.2827250361442566,1.89993155002594,-1.3889763355255127,0.6645171642303467,1.2919814586639404,1.1583596467971802,-15.786609649658203,13.733739852905273,20.95648956298828,0.034310098737478256,-0.0033805440180003643,-0.008119973354041576,0.03541955351829529
lqr,3,1,10,65,0.2,-2.117184638977051,2.7087390422821045,1.1850600242614746,-1.2637786865234375,2.1258656978607178,0.2696969211101532,2.4878058433532715,-2.3564696311950684,3.1112520694732666,1.2392442226409912,10.67623519897461,-17.86185646057129,14.078125,25.124122619628906,0.03607865050435066,0.016324155032634735,-0.006538082379847765,0.0401359386742115
rl,0,0,66,66,1.32,1.2516340017318726,-1.567298173904419,0.13760262727737427,0.027185244485735893,-0.16920121014118195,-0.8419514298439026,0.8592149615287781,2.9613189697265625,-1.7352508306503296,1.021186113357544,1.0008702278137207,1.1039392948150635,14.704962730407715,14.780269622802734,-0.0028748803306370974,-0.009585434570908546,3.555530201992951e-05,0.010007334873080254
rl,1,0,66,66,1.32,1.0900933742523193,0.8457587361335754,0.10201778262853622,-0.012435277923941612,-0.06789692491292953,-0.7576731443405151,0.760810911655426,1.854996681213379,0.523216724395752,0.787452757358551,-1.9982006549835205,1.6411794424057007,16.033580780029297,16.240751266479492,-0.0030351916793733835,-0.009279578924179077,0.00022742364672012627,0.009765997529029846
rl,2,1,12,66,0.24,-1.2372314929962158,-1.2408379316329956,0.9328446388244629,0.11046472191810608,0.016336387023329735,-0.37842610478401184,0.39455753564834595,-1.3889763355255127,0.6645171642303467,1.2919814586639404,0.897262454032898,-1.480881690979004,14.008728981018066,14.115331649780273,-0.0020694532431662083,-0.00561485392972827,0.0001297805574722588,0.0059854877181351185
rl,3,1,11,66,0.22,-1.2519584894180298,1.2185683250427246,0.9426814317703247,-0.00952016282826662,-0.1296948939561844,-0.34872642159461975,0.37218478322029114,-2.3564696311950684,3.1112520694732666,1.2392442226409912,0.6536880731582642,1.4052127599716187,14.6006441116333,14.68266773223877,-0.0013556036865338683,-0.007863073609769344,-0.0002824035473167896,0.007984068244695663
lqr,0,0,66,66,1.32,2.9612503051757812,-1.7352317571640015,1.0180648565292358,0.00036321720108389854,-0.0001019729970721528,4.438843461684883e-06,0.0003772862837649882,2.9613189697265625,-1.7352508306503296,1.021186113357544,-0.5053508281707764,0.15713830292224884,15.869829177856445,15.878650665283203,-0.0030497699044644833,-0.009080956690013409,9.077382856048644e-06,0.009579402394592762
lqr,1,0,66,66,1.32,1.8549727201461792,0.5232458114624023,0.7843409180641174,0.00012800536933355033,-0.00015382186393253505,-4.511246515903622e-05,0.00020513817435130477,1.854996681213379,0.523216724395752,0.787452757358551,-0.5323389768600464,0.1515265703201294,15.869375228881836,15.879024505615234,-0.0028999377973377705,-0.009566249325871468,1.9098260963801295e-06,0.009996137581765652
lqr,2,1,12,66,0.24,-1.3669066429138184,0.3604819178581238,1.2429887056350708,-0.11656166613101959,1.6057530641555786,0.24227511882781982,1.6281051635742188,-1.3889763355255127,0.6645171642303467,1.2919814586639404,0.9695525169372559,-13.516936302185059,14.015226364135742,19.49549102783203,0.030177520588040352,-0.0038781105540692806,-0.00790511816740036,0.03143586218357086
lqr,3,1,11,66,0.22,-2.1514201164245605,2.7663283348083496,1.1923660039901733,-1.0829662084579468,1.8217099905014038,0.23110947012901306,2.131866455078125,-2.3564696311950684,3.1112520694732666,1.2392442226409912,9.121146202087402,-15.295454025268555,14.29671573638916,22.83730125427246,0.03218871355056763,0.013611337170004845,-0.006599482614547014,0.035565923899412155
rl,0,0,67,67,1.34,1.2523566484451294,-1.572929859161377,0.11198440194129944,0.022540152072906494,-0.19701243937015533,-0.8599342703819275,0.882501482963562,2.9613189697265625,-1.7352508306503296,1.021186113357544,-0.731887698173523,-1.3718631267547607,14.90487003326416,14.985754013061523,-0.0027825806755572557,-0.00868198461830616,6.423881859518588e-05,0.00911722145974636
rl,1,1,0,67,0.0,1.2500057220458984,1.2500661611557007,0.9998675584793091,0.0005651170504279435,0.0066320570185780525,-0.013233057223260403,0.014812742359936237,-0.34891653060913086,2.135545492172241,1.345080852508545,0.09125997126102448,1.073420763015747,13.736751556396484,13.7789306640625,-0.0037079122848808765,-0.009754060767591,0.00029610274941660464,0.010439252480864525
rl,2,1,13,67,0.26,-1.233768105506897,-1.2409042119979858,0.921392023563385,0.11793980002403259,-0.011469827964901924,-0.38341131806373596,0.40130484104156494,-1.3889763355255127,0.6645171642303467,1.2919814586639404,0.33534154295921326,-1.4775145053863525,15.613359451293945,15.686697959899902,-0.00114280020352453,-0.006114669144153595,-4.127492138650268e-05,0.006220681127160788
rl,3,1,12,67,0.24,-1.2516875267028809,1.21450674533844,0.9312325119972229,0.018296176567673683,-0.1382327377796173,-0.39809754490852356,0.42181119322776794,-2.3564696311950684,3.1112520694732666,1.2392442226409912,1.4417059421539307,-0.4532333314418793,13.221733093261719,13.307823181152344,-0.002173815853893757,-0.0071037812158465385,-0.00010863340139621869,0.007429736666381359
lqr,0,0,67,67,1.34,2.961259365081787,-1.7352344989776611,1.0180648565292358,0.00031125915120355785,-8.726165106054395e-05,4.6317600208567455e-06,0.00032329291570931673,2.9613189697265625,-1.7352508306503296,1.021186113357544,-0.5134732723236084,0.1598096340894699,15.869504928588867,15.87861442565918,-0.0030621937476098537,-0.009094924665987492,9.344777936348692e-06,0.00959660205990076
lqr,1,1,0,67,0.0,1.2131556272506714,1.2704054117202759,1.0078808069229126,-3.6844482421875,2.0405616760253906,0.7880821228027344,4.284871578216553,-0.34891653060913086,2.135545492172241,1.345080852508545,-596.2691650390625,330.23828125,143.40280151367188,696.5332641601562,-0.0,-0.0,-0.0,0.0
lqr,2,1,13,67,0.26,-1.370064616203308,0.40398091077804565,1.249551773071289,-0.09988313168287277,1.3760147094726562,0.2076125144958496,1.3951689004898071,-1.3889763355255127,0.6645171642303467,1.2919814586639404,0.8077555298805237,-11.573356628417969,14.26268196105957,18.385297775268555,0.02621537819504738,-0.00433481577783823,-0.007510863244533539,0.027612492442131042
lqr,3,1,12,67,0.24,-2.180757522583008,2.815678358078003,1.1986266374588013,-0.9280216693878174,1.5610707998275757,0.19804421067237854,1.8268518447875977,-2.3564696311950684,3.1112520694732666,1.2392442226409912,7.789192199707031,-13.096822738647461,14.494064331054688,21.030363082885742,0.028195977210998535,0.01096174493432045,-0.006430762819945812,0.030927781015634537
rl,0,1,0,68,0.0,1.2499101161956787,-1.2499232292175293,1.0000176429748535,-0.008992884308099747,0.0076751988381147385,0.0017748699756339192,0.011955367401242256,2.5344347953796387,-0.3987259864807129,1.3852686882019043,-1.455404281616211,1.2420989274978638,16.165817260742188,16.278656005859375,-0.0023685828782618046,-0.009281289763748646,-2.8909929824294522e-05,0.009578797966241837
rl,1,1,1,68,0.02,1.2496755123138428,1.2504618167877197,0.9987322092056274,-0.016779428347945213,0.01646309904754162,-0.05015094205737114,0.05538681894540787,-0.34891653060913086,2.135545492172241,1.345080852508545,-0.9355618953704834,0.5303882360458374,13.886443138122559,13.928025245666504,-0.00046867402852512896,-0.0011517631355673075,2.793514431687072e-05,0.0012437821133062243
rl,2,1,14,68,0.28,-1.229744553565979,-1.2418041229248047,0.9100144505500793,0.14221158623695374,-0.0392744317650795,-0.3771778345108032,0.4050058424472809,-1.3889763355255127,0.6645171642303467,1.2919814586639404,1.2324963808059692,-1.4758546352386475,16.223194122314453,16.33674430847168,-0.000653921568300575,-0.006702044513076544,-0.00017455732449889183,0.0067361327819526196
rl,3,1,13,68,0.26,-1.2511426210403442,1.2104722261428833,0.919414222240448,0.018106119707226753,-0.13260628283023834,-0.3918614089488983,0.4140864908695221,-2.3564696311950684,3.1112520694732666,1.2392442226409912,-0.08828084915876389,0.31469208002090454,16.21455192565918,16.217844009399414,-0.0020944655407220125,-0.0067804004065692425,-7.744990580249578e-05,0.007096943911164999
lqr,0,1,0,68,0.0,1.279597282409668,-1.230383276939392,1.0088036060333252,2.9597370624542236,1.9616538286209106,0.8803613781929016,3.6583006381988525,2.5344347953796387,-0.3987259864807129,1.3852686882019043,478.99237060546875,317.4577331542969,158.38967895507812,596.07080078125,-0.0,-0.0,-0.0,0.0
lqr,1,1,1,68,0.02,1.0297185182571411,1.3720002174377441,1.0471138954162598,-6.5593719482421875,3.6328516006469727,1.4028620719909668,7.628302097320557,-0.34891653060913086,2.135545492172241,1.345080852508545,-43.478275299072266,24.033971786499023,24.40074348449707,55.34788513183594,-0.11643566191196442,-0.2331191450357437,0.009787827730178833,0.2607634961605072
lqr,2,1,14,68,0.28,-1.3727703094482422,0.4412563741207123,1.2551757097244263,-0.08559152483940125,1.179145336151123,0.17790910601615906,1.1955589056015015,-1.3889763355255127,0.6645171642303467,1.2919814586639404,0.6691901683807373,-9.908540725708008,14.479735374450684,17.558181762695312,0.022558195516467094,-0.0047423276118934155,-0.0070095304399728775,0.024093471467494965
lqr,3,1,13,68,0.26,-2.205897331237793,2.857966661453247,1.2039915323257446,-0.7952455282211304,1.3377233743667603,0.16970884799957275,1.565477728843689,-2.3564696311950684,3.1112520694732666,1.2392442226409912,6.648111820220947,-11.212888717651367,14.67086410522461,19.625507354736328,0.024360792711377144,0.008499904535710812,-0.006114094518125057,0.02651563286781311
rl,0,1,1,69,0.02,1.2501966953277588,-1.2496933937072754,1.000117301940918,0.01880391128361225,0.0076520987786352634,0.0041089411824941635,0.020712921395897865,2.5344347953796387,-0.3987259864807129,1.3852686882019043,1.4996590614318848,-0.0011539923725649714,16.004426956176758,16.074535369873047,-0.0006487356149591506,-0.001260572811588645,4.774933768203482e-05,0.0014185139443725348
rl,1,1,2,69,0.04,1.248616099357605,1.2505278587341309,0.997107207775116,-0.04458197206258774,-0.00492151128128171,-0.05616968125104904,0.07188050448894501,-0.34891653060913086,2.135545492172241,1.345080852508545,-1.5035653114318848,-1.152519941329956,15.553380966186523,15.668333053588867,-0.0011051775654777884,-0.004885346628725529,-1.8769671441987157e-05,0.005008830223232508
rl,2,1,15,69,0.3,-1.2256585359573364,-1.2424262762069702,0.8984051942825317,0.13320714235305786,-0.011468835175037384,-0.3918732702732086,0.4140535295009613,-1.3889763355255127,0.6645171642303467,1.2919814586639404,-0.5635561943054199,1.5229946374893188,15.080615043640137,15.167797088623047,-0.0010886809322983027,-0.007109183818101883,-0.00016327598132193089,0.007193912751972675
rl,3,1,14,69,0.28,-1.2500431537628174,1.2059378623962402,0.9077830910682678,0.04592355340719223,-0.16041523218154907,-0.3856290280818939,0.42018061876296997,-2.3564696311950684,3.1112520694732666,1.2392442226409912,1.4152820110321045,-1.487191081047058,16.22379493713379,16.353172302246094,-0.0020440081134438515,-0.007320120465010405,-8.194641122827306e-05,0.007600582204759121
lqr,0,1,1,69,0.02,1.4269555807113647,-1.1327191591262817,1.052643060684204,5.26926326751709,3.4922759532928467,1.5677236318588257,6.5129780769348145,2.5344347953796387,-0.3987259864807129,1.3852686882019043,34.85224151611328,23.176122665405273,25.766653060913086,49.15009689331055,-0.11252254992723465,0.15372739732265472,0.026205576956272125,0.19230228662490845
lqr,1,1,2,69,0.04,0.8388117551803589,1.4777324199676514,1.087942361831665,-6.158597469329834,3.4108970165252686,1.3171011209487915,7.16221284866333,-0.34891653060913086,2.135545492172241,1.345080852508545,36.76713562011719,-20.324954986572266,9.077351570129395,42.98051071166992,-0.07438473403453827,-0.14317573606967926,0.00763380341231823,0.16152600944042206
lqr,2,1,15,69,0.3,-1.3750892877578735,0.47319892048835754,1.2599953413009644,-0.0733458548784256,1.0104422569274902,0.15245503187179565,1.0245075225830078,-1.3889763355255127,0.6645171642303467,1.2919814586639404,0.5504732728004456,-8.482086181640625,14.669671058654785,16.95429229736328,0.019261643290519714,-0.005099110305309296,-0.00645261537283659,0.02094392664730549
lqr,3,1,14,69,0.28,-2.227440118789673,2.8942055702209473,1.2085891962051392,-0.6814677715301514,1.1463297605514526,0.1454278826713562,1.3414989709854126,-2.3564696311950684,3.1112520694732666,1.2392442226409912,5.670403003692627,-9.598519325256348,14.828493118286133,18.551799774169922,0.020814402028918266,0.006278812885284424,-0.005708971060812473,0.022477881982922554
rl,0,1,2,70,0.04,1.2511115074157715,-1.2498302459716797,0.9997494220733643,0.03633536025881767,-0.010664623230695724,-0.020443426445126534,0.043034013360738754,2.5344347953796387,-0.3987259864807129,1.3852686882019043,0.9433979988098145,-0.9871057271957397,14.554081916809082,14.61799144744873,-0.001108749769628048,-0.0033935613464564085,3.696098065120168e-05,0.003570287022739649
rl,1,1,3,70,0.06,1.246903419494629,1.250191330909729,0.9948579668998718,-0.06333621591329575,-0.014380913227796555,-0.08436496555805206,0.10646940767765045,-0.34891653060913086,2.135545492172241,1.345080852508545,-1.0210562944412231,-0.5085129737854004,14.356695175170898,14.401939392089844,-0.0009771771728992462,-0.0072931344620883465,-0.0001552346657263115,0.007359944749623537
rl,2,1,16,70,0.32,-1.2222181558609009,-1.2433265447616577,0.8867737054824829,0.10541742295026779,-0.03927752003073692,-0.38563573360443115,0.4017094373703003,-1.3889763355255127,0.6645171642303467,1.2919814586639404,-1.5902453660964966,-1.4735444784164429,16.208824157714844,16.35317039489746,-0.0018576928414404392,-0.00836329348385334,-0.00010209131869487464,0.00856773741543293
rl,3,1,15,70,0.3,-1.2492218017578125,1.2015191316604614,0.8962650895118713,0.018131306394934654,-0.14073626697063446,-0.3830820620059967,0.4085184335708618,-2.3564696311950684,3.1112520694732666,1.2392442226409912,-1.590071678161621,1.0765492916107178,16.006120681762695,16.120893478393555,-0.0018807335291057825,-0.007741155102849007,-0.00011687106598401442,0.007967201061546803
lqr,0,1,2,70,0.04,1.5803143978118896,-1.0310789346694946,1.0982731580734253,4.94732141494751,3.2788748741149902,1.472031831741333,6.115054130554199,2.5344347953796387,-0.3987259864807129,1.3852686882019043,-29.514549255371094,-19.66819953918457,7.7158074378967285,36.297115325927734,-0.07185453921556473,0.08894603699445724,0.020725710317492485,0.1162068322300911
lqr,1,1,3,70,0.06,0.6698880195617676,1.5712894201278687,1.1240687370300293,-5.362542629241943,2.970003128051758,1.146854281425476,6.236429691314697,-0.34891653060913086,2.135545492172241,1.345080852508545,43.169525146484375,-23.84236717224121,8.183140754699707,49.99030303955078,-0.03259288892149925,-0.058840975165367126,0.004681802820414305,0.06742756068706512
lqr,2,1,16,70,0.32,-1.3770763874053955,0.5005713701248169,1.2641252279281616,-0.06285038590431213,0.8658754229545593,0.1306428164243698,0.8779282569885254,-1.3889763355255127,0.6645171642303467,1.2919814586639404,0.4485795497894287,-7.259878158569336,14.835203170776367,16.522417068481445,0.016336185857653618,-0.005407221615314484,-0.005876114591956139,0.018183447420597076
lqr,3,1,15,70,0.3,-2.245901107788086,2.9252588748931885,1.212528944015503,-0.5839671492576599,0.9823188781738281,0.12461944669485092,1.149564266204834,-2.3564696311950684,3.1112520694732666,1.2392442226409912,4.832550048828125,-8.214754104614258,14.967844009399414,17.7446346282959,0.01761198602616787,0.004312085919082165,-0.00525785842910409,0.0188791211694479
rl,0,1,3,71,0.06,1.2519302368164062,-1.2504370212554932,0.9982743859291077,0.022771885618567467,-0.025006862357258797,-0.06353231519460678,0.0719740018248558,2.5344347953796387,-0.3987259864807129,1.3852686882019043,-0.7375097870826721,-0.772041380405426,13.553462028503418,13.595451354980469,-0.000946761982049793,-0.005021638236939907,-6.101794497226365e-05,0.005110472906380892
rl,1,1,4,71,0.08,1.2455594539642334,1.2492038011550903,0.9922032952308655,-0.0355176217854023,-0.04218636825680733,-0.09055197983980179,0.10602288693189621,-0.34891653060913086,2.135545492172241,1.345080852508545,1.4836770296096802,-1.497230052947998,15.546768188476562,15.689008712768555,-0.0009024639730341733,-0.0077110580168664455,-0.00021794917120132595,0.007766746915876865
rl,2,1,17,71,0.34,-1.2188594341278076,-1.245060920715332,0.8751112222671509,0.11523035913705826,-0.06708354502916336,-0.3903067708015442,0.41245314478874207,-1.3889763355255127,0.6645171642303467,1.2919814586639404,0.4330836534500122,-1.4732123613357544,15.632162094116211,15.707399368286133,-0.0010951573494821787,-0.009113078005611897,-0.00026595749659463763,0.009182499721646309
rl,3,1,16,71,0.32,-1.248311161994934,1.1970802545547485,0.8848894834518433,0.036484915763139725,-0.15157687664031982,-0.3772318959236145,0.4081796109676361,-2.3564696311950684,3.1112520694732666,1.2392442226409912,0.8895742297172546,-0.5677543878555298,16.200733184814453,16.23506736755371,-0.0024484628811478615,-0.008662278763949871,-5.690576654160395e-05,0.00900184828788042
lqr,0,1,3,71,0.06,1.7160136699676514,-0.9411432147026062,1.138649344444275,4.307825088500977,2.8550381660461426,1.2817453145980835,5.324610233306885,2.5344347953796387,-0.3987259864807129,1.3852686882019043,-34.630348205566406,-23.121084213256836,6.459903717041016,42.13758087158203,-0.031420543789863586,0.02890910767018795,0.012866904027760029,0.044593099504709244
lqr,1,1,4,71,0.08,0.5242875814437866,1.6519291400909424,1.1552077531814575,-4.608822345733643,2.552556276321411,0.9856715202331543,5.35988187789917,-0.34891653060913086,2.135545492172241,1.345080852508545,38.78388595581055,-21.41179084777832,9.024508476257324,45.21168518066406,-0.00623183511197567,-0.00819944404065609,0.0023775866720825434,0.010569747537374496
lqr,2,1,17,71,0.34,-1.3787790536880493,0.5240275859832764,1.267663836479187,-0.05385764688253403,0.7419918179512024,0.11195255815982819,0.7523202896118164,-1.3889763355255127,0.6645171642303467,1.2919814586639404,0.3607458770275116,-6.212459087371826,14.979263305664062,16.2204532623291,0.013767721131443977,-0.005670781247317791,-0.005304628051817417,0.015806548297405243
lqr,3,1,16,71,0.32,-2.2617204189300537,2.951869249343872,1.2159045934677124,-0.5004167556762695,0.8417763710021973,0.10678929835557938,0.9850930571556091,-2.3564696311950684,3.1112520694732666,1.2392442226409912,4.114184379577637,-7.0284528732299805,15.090689659118652,17.148019790649414,0.014764676801860332,0.0025919214822351933,-0.004790491424500942,0.015737297013401985
rl,0,1,4,72,0.08,1.2522445917129517,-1.2506309747695923,0.9958657622337341,0.00433858297765255,0.0027974359691143036,-0.0886610597372055,0.08881121873855591,2.5344347953796387,-0.3987259864807129,1.3852686882019043,-1.0060505867004395,1.5026990175247192,14.521595001220703,14.633761405944824,-0.0014787345426157117,-0.006728895008563995,-6.853146624052897e-05,0.006889802869409323
rl,1,1,5,72,0.1,1.2440799474716187,1.2475228309631348,0.9893553256988525,-0.05620840564370155,-0.06295482814311981,-0.09712129086256027,0.1286671757698059,-0.34891653060913086,2.135545492172241,1.345080852508545,-1.139853835105896,-1.1170246601104736,15.522608757019043,15.604434967041016,-0.0005793475429527462,-0.007696414832025766,-0.0003012457746081054,0.0077240657992661
rl,2,1,18,72,0.36,-1.2148460149765015,-1.2468682527542114,0.8635264039039612,0.14305101335048676,-0.05682263895869255,-0.38407403230667114,0.41376957297325134,-1.3889763355255127,0.6645171642303467,1.2919814586639404,1.3928953409194946,0.5822097659111023,16.223548889160156,16.293638229370117,-0.0011216202983632684,-0.008339214138686657,-0.0002649447997100651,0.008418475277721882
rl,3,1,17,72,0.34,-1.2466602325439453,1.1930890083312988,0.873138427734375,0.06430401653051376,-0.12377572804689407,-0.39894670248031616,0.42262738943099976,-2.3564696311950684,3.1112520694732666,1.2392442226409912,1.4029395580291748,1.5171527862548828,14.714927673339844,14.859310150146484,-0.0025837996508926153,-0.007830332964658737,5.659414455294609e-06,0.008245615288615227
lqr,0,1,4,72,0.08,1.8329765796661377,-0.8636249303817749,1.1734498739242554,3.7023415565490723,2.4537510871887207,1.1015658378601074,4.576207637786865,2.5344347953796387,-0.3987259864807129,1.3852686882019043,-31.11363983154297,-20.787996292114258,7.428862571716309,38.149539947509766,-0.0059283142909407616,-0.007235006429255009,0.006647949106991291,0.011475428938865662
lqr,1,1,5,72,0.1,0.3993835747241974,1.7211060523986816,1.1819205284118652,-3.951601982116699,2.188558340072632,0.8451237082481384,4.595560550689697,-0.34891653060913086,2.135545492172241,1.345080852508545,33.47261047363281,-18.477693557739258,9.925661087036133,39.50138854980469,0.008413846604526043,0.01828054152429104,0.0007387255318462849,0.020137446001172066
lqr,2,1,18,72,0.36,-1.3802379369735718,0.5441277623176575,1.2706966400146484,-0.046152256429195404,0.6358323097229004,0.09593616425991058,0.6446832418441772,-1.3889763355255127,0.6645171642303467,1.2919814586639404,0.2849597930908203,-5.315051555633545,15.103863716125488,16.01429557800293,0.011529753915965557,-0.005894614849239588,-0.004754364024847746,0.01379440724849701
lqr,3,1,17,72,0.34,-2.275275707244873,2.974672794342041,1.2187974452972412,-0.42882218956947327,0.7213408946990967,0.0915113240480423,0.8441537022590637,-2.3564696311950684,3.1112520694732666,1.2392442226409912,3.497972011566162,-6.011659145355225,15.198234558105469,16.714130401611328,0.012260057963430882,0.0011002509854733944,-0.004327243659645319,0.013047781772911549
rl,0,1,5,73,0.1,1.2524510622024536,-1.2507365942001343,0.9922184944152832,0.00814477726817131,-0.0066963983699679375,-0.13803021609783173,0.1384323686361313,2.5344347953796387,-0.3987259864807129,1.3852686882019043,0.18880492448806763,-0.5077736973762512,13.215396881103516,13.226495742797852,-0.002267387229949236,-0.007537431549280882,1.6756841432652436e-05,0.00787109974771738
rl,1,1,6,73,0.12,1.242080569267273,1.2450783252716064,0.985454261302948,-0.07184533029794693,-0.09075933694839478,-0.14648889005184174,0.18670298159122467,-0.34891653060913086,2.135545492172241,1.345080852508545,-0.870468258857727,-1.4967012405395508,13.213680267333984,13.326634407043457,-0.0003989698307123035,-0.00859870295971632,-0.00040057708974927664,0.008617269806563854
rl,2,1,19,73,0.38,-1.21058189868927,-1.249128818511963,0.8519290685653687,0.1416894644498825,-0.08463001996278763,-0.3878345191478729,0.4214899241924286,-1.3889763355255127,0.6645171642303467,1.2919814586639404,-0.18488706648349762,-1.4708631038665771,15.677558898925781,15.747490882873535,-0.0015053862007334828,-0.007925227284431458,-0.00019557311316020787,0.008069303818047047
rl,3,1,18,73,0.36,-1.244590401649475,1.1888195276260376,0.8609889149665833,0.07132972776889801,-0.1515868604183197,-0.40801137685775757,0.4410666525363922,-2.3564696311950684,3.1112520694732666,1.2392442226409912,0.269794225692749,-1.4791698455810547,15.393880844116211,15.46713638305664,-0.002762607531622052,-0.007267963606864214,8.443008118774742e-05,0.007775758393108845
lqr,0,1,5,73,0.1,1.9333137273788452,-0.7971256971359253,1.2033028602600098,3.174382209777832,2.1038448810577393,0.9444644451141357,3.923630714416504,2.5344347953796387,-0.3987259864807129,1.3852686882019043,-26.865110397338867,-17.94709587097168,8.537239074707031,33.41731262207031,0.008223353885114193,-0.026208383962512016,0.0021988009102642536,0.027556082233786583
lqr,1,1,6,73,0.12,0.29232773184776306,1.7803983688354492,1.2048163414001465,-3.386603832244873,1.8756381273269653,0.7242944240570068,3.938490390777588,-0.34891653060913086,2.135545492172241,1.345080852508545,28.683513641357422,-15.835688591003418,10.70829963684082,34.46999740600586,0.01569237746298313,0.03028680756688118,-0.0003824803279712796,0.03411286696791649
lqr,2,1,19,73,0.38,-1.3814878463745117,0.5613522529602051,1.2732951641082764,-0.03955026715993881,0.5448618531227112,0.0822104662656784,0.5524466037750244,-1.3889763355255127,0.6645171642303467,1.2919814586639404,0.21933463215827942,-4.545907497406006,15.211878776550293,15.878118515014648,0.0095905102789402,-0.006083532702177763,-0.004235442262142897,0.012121313251554966
lqr,3,1,18,73,0.36,-2.2868924140930176,2.994213581085205,1.2212765216827393,-0.36747124791145325,0.6181347370147705,0.0784180760383606,0.723377525806427,-2.3564696311950684,3.1112520694732666,1.2392442226409912,2.9695496559143066,-5.139881134033203,15.29199504852295,16.403711318969727,0.010073484852910042,-0.00018526543863117695,-0.003881555749103427,0.010797031223773956
rl,0,1,6,74,0.12,1.2526742219924927,-1.2514935731887817,0.9879591464996338,0.00710161030292511,-0.03450441360473633,-0.14395229518413544,0.14820003509521484,2.5344347953796387,-0.3987259864807129,1.3852686882019043,-0.08217523992061615,-1.4934152364730835,15.559605598449707,15.631326675415039,-0.0016620397800579667,-0.007543858606368303,-7.803355401847512e-05,0.007725170813500881
rl,1,1,7,74,0.14,1.2393693923950195,1.2417994737625122,0.9800721406936646,-0.09963443875312805,-0.11856290698051453,-0.19585512578487396,0.24968662858009338,-0.34891653060913086,2.135545492172241,1.345080852508545,-1.5327637195587158,-1.4965120553970337,13.21163272857666,13.384175300598145,-4.0692586480872706e-05,-0.00883362628519535,-0.0005059718387201428,0.008848198689520359
rl,2,1,20,74,0.4,-1.2064207792282104,-1.2515822649002075,0.8404186964035034,0.13722072541713715,-0.08034075051546097,-0.38159868121147156,0.41340261697769165,-1.3889763355255127,0.6645171642303467,1.2919814586639404,-0.36406970024108887,0.2626950144767761,16.212238311767578,16.218454360961914,-0.0012947741197422147,-0.008415255695581436,-0.0002525480231270194,0.008518025279045105
rl,3,1,19,74,0.38,-1.2420275211334229,1.1844570636749268,0.8484861850738525,0.09248020499944687,-0.14232610166072845,-0.4211362898349762,0.454054057598114,-2.3564696311950684,3.1112520694732666,1.2392442226409912,1.0273526906967163,0.5219632387161255,15.177857398986816,15.221539497375488,-0.0021273146849125624,-0.007333292625844479,-3.858278432744555e-06,0.007635618094354868
lqr,0,1,6,74,0.12,2.019313335418701,-0.740128755569458,1.2288897037506104,2.720508575439453,1.8030400276184082,0.8094147443771362,3.362628936767578,2.5344347953796387,-0.3987259864807129,1.3852686882019043,-23.040250778198242,-15.38014030456543,9.520394325256348,29.292316436767578,0.015239981934428215,-0.034859828650951385,-0.0008515047375112772,0.03805508837103844
lqr,1,1,7,74,0.14,0.20058460533618927,1.8312090635299683,1.2244375944137573,-2.9021451473236084,1.607324481010437,0.6206873059272766,3.3750839233398438,-0.34891653060913086,2.135545492172241,1.345080852508545,24.547826766967773,-13.555984497070312,11.382270812988281,30.264114379882812,0.018596027046442032,0.03413059189915657,-0.001119835302233696,0.03888397663831711
lqr,2,1,20,74,0.4,-1.3825591802597046,0.5761123299598694,1.2755224704742432,-0.03389234468340874,0.4669065475463867,0.07044956833124161,0.4734063446521759,-1.3889763355255127,0.6645171642303467,1.2919814586639404,0.16264118254184723,-3.8863673210144043,15.305316925048828,15.791866302490234,0.007916957139968872,-0.006242166273295879,-0.0037535864394158125,0.010757893323898315
lqr,3,1,19,74,0.38,-2.296847343444824,3.010958433151245,1.2234007120132446,-0.31489577889442444,0.5296966433525085,0.06719803810119629,0.619881808757782,-2.3564696311950684,3.1112520694732666,1.2392442226409912,2.516106367111206,-4.391691207885742,15.373600959777832,16.185344696044922,0.008174805901944637,-0.0012878290144726634,-0.00346177676692605,0.008970499038696289
rl,0,1,7,75,0.14,1.2525755167007446,-1.2519724369049072,0.9826533198356628,-0.008487344719469547,-0.00670069782063365,-0.19331862032413483,0.19362081587314606,2.5344347953796387,-0.3987259864807129,1.3852686882019043,-0.8691887855529785,1.5066853761672974,13.212461471557617,13.326467514038086,-0.0016545706894248724,-0.00802330020815134,-0.00011882117541972548,0.008192988112568855
rl,1,1,8,75,0.16,1.236177682876587,1.238561987876892,0.9743211269378662,-0.10975509136915207,-0.10261222720146179,-0.1896188110113144,0.2419312745332718,-0.34891653060913086,2.135545492172241,1.345080852508545,-0.5956333875656128,0.8646648526191711,16.213056564331055,16.247018814086914,-0.0004679214034695178,-0.009281325154006481,-0.0004993241163901985,0.00930651742964983
rl,2,1,21,75,0.42,-1.202351689338684,-1.253772497177124,0.8290954232215881,0.13484716415405273,-0.06936321407556534,-0.37536317110061646,0.40483641624450684,-1.3889763355255127,0.6645171642303467,1.2919814586639404,-0.2593080997467041,0.6252771019935608,16.212203979492188,16.226329803466797,-0.001999832224100828,-0.008829709142446518,-0.00016197994409594685,0.00905479583889246
rl,3,1,20,75,0.4,-1.238696813583374,1.1797912120819092,0.8356958627700806,0.12029564380645752,-0.1621418446302414,-0.42894721031188965,0.47408515214920044,-2.3564696311950684,3.1112520694732666,1.2392442226409912,1.378197431564331,-1.0441410541534424,15.470312118530273,15.566637992858887,-0.002192382700741291,-0.006929326802492142,2.7547623176360503e-05,0.0072679342702031136
lqr,0,1,7,75,0.14,2.0930118560791016,-0.6912844777107239,1.2508167028427124,2.3313350677490234,1.5451149940490723,0.6936210989952087,2.881599187850952,2.5344347953796387,-0.3987259864807129,1.3852686882019043,-19.741090774536133,-13.161245346069336,10.371262550354004,25.893863677978516,0.018014974892139435,-0.03767915442585945,-0.0028590874280780554,0.041862063109874725
lqr,1,1,8,75,0.16,0.12196651101112366,1.8747512102127075,1.2412517070770264,-2.4869461059570312,1.3773713111877441,0.5318900346755981,2.892224073410034,-0.34891653060913086,2.135545492172241,1.345080852508545,21.003036499023438,-11.603281021118164,11.968338012695312,26.81426429748535,0.01900053583085537,0.03358115628361702,-0.0015777135267853737,0.038616105914115906
lqr,2,1,21,75,0.42,-1.3834775686264038,0.5887606739997864,1.2774310111999512,-0.029044857248663902,0.4001048505306244,0.060369253158569336,0.40567466616630554,-1.3889763355255127,0.6645171642303467,1.2919814586639404,0.1131669208407402,-3.3210256099700928,15.385833740234375,15.740581512451172,0.006477209273725748,-0.006374777294695377,-0.0033114205580204725,0.009672514162957668
lqr,3,1,20,75,0.4,-2.305377721786499,3.02530837059021,1.225221037864685,-0.2698422968387604,0.4539095461368561,0.05758441612124443,0.5311917662620544,-2.3564696311950684,3.1112520694732666,1.2392442226409912,2.126544713973999,-3.7506496906280518,15.444344520568848,16.034879684448242,0.006532804574817419,-0.0022301319986581802,-0.00307266041636467,0.007555942516773939
rl,0,1,8,76,0.16,1.2528773546218872,-1.2527294158935547,0.9762570858001709,0.01933112181723118,-0.0345098115503788,-0.22315560281276703,0.2266341596841812,2.5344347953796387,-0.3987259864807129,1.3852686882019043,1.4635437726974487,-1.4909404516220093,14.273707389831543,14.425796508789062,-0.0021032579243183136,-0.007777365855872631,-4.394218194647692e-05,0.008056863211095333
rl,1,1,9,76,0.18,1.2334412336349487,1.2349275350570679,0.9682496190071106,-0.0819324180483818,-0.13041871786117554,-0.2087673395872116,0.2594335377216339,-0.34891653060913086,2.135545492172241,1.345080852508545,1.4471945762634277,-1.49527907371521,14.851388931274414,14.996465682983398,-0.0012185361701995134,-0.00888832937926054,-0.00037862846511416137,0.008979453705251217
rl,2,1,22,76,0.44,-1.1987603902816772,-1.2559634447097778,0.8179592490196228,0.11215241998434067,-0.07488745450973511,-0.3691261112689972,0.39298903942108154,-1.3889763355255127,0.6645171642303467,1.2919814586639404,-1.3642804622650146,-0.2625957429409027,16.204505920410156,16.263954162597656,-0.0023606549948453903,-0.009315566159784794,-0.00010993882460752502,0.009610647335648537
rl,3,1,21,76,0.42,-1.234776258468628,1.1749083995819092,0.8225418329238892,0.1358812302350998,-0.16306963562965393,-0.4432182312011719,0.4914242625236511,-2.3564696311950684,3.1112520694732666,1.2392442226409912,0.7156690955162048,-0.02414403110742569,15.115137100219727,15.132089614868164,-0.0018280457006767392,-0.0067284442484378815,-2.0132254576310515e-05,0.006972382310777903
lqr,0,1,8,76,0.16,2.1561670303344727,-0.6494277715682983,1.2696067094802856,1.9977995157241821,1.324063777923584,0.5943841934204102,2.4693400859832764,2.5344347953796387,-0.3987259864807129,1.3852686882019043,-16.916702270507812,-11.258950233459473,11.108516693115234,23.15896987915039,0.018363533541560173,-0.03735826909542084,-0.004105752799659967,0.04182961583137512
lqr,1,1,9,76,0.18,0.05459620803594589,1.9120635986328125,1.2556601762771606,-2.131139039993286,1.1803110837936401,0.45579424500465393,2.4784343242645264,-0.34891653060913086,2.135545492172241,1.345080852508545,17.967952728271484,-9.931891441345215,12.481916427612305,24.026819229125977,0.01804848201572895,0.03082463890314102,-0.00183491304051131,0.035766925662755966
lqr,2,1,22,76,0.44,-1.3842639923095703,0.599599301815033,1.2790663242340088,-0.024889977648854256,0.3428606390953064,0.05173163115978241,0.3476335406303406,-1.3889763355255127,0.6645171642303467,1.2919814586639404,0.07004189491271973,-2.836301565170288,15.455351829528809,15.713605880737305,0.005241880193352699,-0.006485323887318373,-0.0029094787314534187,0.008831863291561604
lqr,3,1,21,76,0.42,-2.312687635421753,3.037604331970215,1.2267807722091675,-0.23123492300510406,0.38896608352661133,0.049345698207616806,0.45519140362739563,-2.3564696311950684,3.1112520694732666,1.2392442226409912,1.7920877933502197,-3.2003538608551025,15.505480766296387,15.933417320251465,0.005117451772093773,-0.0030330715235322714,-0.002716398099437356,0.006539621856063604
rl,0,1,9,77,0.18,1.2540136575698853,-1.254320740699768,0.9689809679985046,0.04714696481823921,-0.06231614574790001,-0.2522238492965698,0.2640511393547058,2.5344347953796387,-0.3987259864807129,1.3852686882019043,1.4577157497406006,-1.4897572994232178,14.31583309173584,14.466769218444824,-0.0011588905472308397,-0.00673892954364419,-0.00015427223115693778,0.006839590612798929
rl,1,1,10,77,0.2,1.2315394878387451,1.2308598756790161,0.9616838693618774,-0.05411422252655029,-0.13818325102329254,-0.22389256954193115,0.26860907673835754,-0.34891653060913086,2.135545492172241,1.345080852508545,1.439572811126709,-0.41333624720573425,15.068714141845703,15.142964363098145,-0.0009007687913253903,-0.007557753473520279,-0.0003719778324011713,0.007620327174663544
rl,2,1,23,77,0.46,-1.1948394775390625,-1.2582918405532837,0.8066741228103638,0.13997656106948853,-0.07899519801139832,-0.3796975612640381,0.412315309047699,-1.3889763355255127,0.6645171642303467,1.2919814586639404,1.3602784872055054,-0.1862904131412506,15.32194995880127,15.383341789245605,-0.0022034752182662487,-0.009282095357775688,-0.0001226182939717546,0.009540840052068233
rl,3,1,22,77,0.44,-1.230168342590332,1.170209527015686,0.8086462616920471,0.16245299577713013,-0.15341347455978394,-0.47316962480545044,0.5232744812965393,-2.3564696311950684,3.1112520694732666,1.2392442226409912,1.3099796772003174,0.5469131469726562,14.27354907989502,14.343966484069824,-0.002140472177416086,-0.006630063988268375,3.0969258659752086e-05,0.0069670891389250755
lqr,0,1,9,77,0.18,2.210287094116211,-0.6135594844818115,1.2857083082199097,1.7119731903076172,1.1346315145492554,0.5093437433242798,2.116050958633423,2.5344347953796387,-0.3987259864807129,1.3852686882019043,-14.500799179077148,-9.630653381347656,11.749397277832031,21.001689910888672,0.017392955720424652,-0.03546140342950821,-0.004805436357855797,0.039788417518138885
lqr,1,1,10,77,0.2,-0.003135362174361944,1.9440377950668335,1.268007516860962,-1.8262341022491455,1.0114424228668213,0.3905845582485199,2.1238415241241455,-0.34891653060913086,2.135545492172241,1.345080852508545,15.369298934936523,-8.50119400024414,12.932682991027832,21.81146240234375,0.016423562541604042,0.027103759348392487,-0.0019503999501466751,0.031751397997140884
lqr,2,1,23,77,0.46,-1.384938359260559,0.6088873147964478,1.2804678678512573,-0.021329272538423538,0.293806254863739,0.04432957246899605,0.29789623618125916,-1.3889763355255127,0.6645171642303467,1.2919814586639404,0.0323328822851181,-2.4207301139831543,15.515029907226562,15.702775001525879,0.004184321500360966,-0.006577379535883665,-0.002546848962083459,0.00820103008300066
lqr,3,1,22,77,0.44,-2.3189516067504883,3.0481412410736084,1.2281174659729004,-0.19815166294574738,0.3333144187927246,0.042286068201065063,0.3900649845600128,-2.3564696311950684,3.1112520694732666,1.2392442226409912,1.5044996738433838,-2.7285141944885254,15.55824089050293,15.867172241210938,0.0039006955921649933,-0.0037154408637434244,-0.0023933688644319773,0.005894755478948355
rl,0,1,10,78,0.2,1.2550015449523926,-1.2556818723678589,0.960426926612854,0.025818156078457832,-0.036908868700265884,-0.30158913135528564,0.30493417382240295,2.5344347953796387,-0.3987259864807129,1.3852686882019043,-1.1951079368591309,1.3809362649917603,13.2100248336792,13.335667610168457,-0.0012680983636528254,-0.0067733111791312695,-0.0001563137921039015,0.006892767734825611
rl,1,1,11,78,0.22,1.2293603420257568,1.2264182567596436,0.9543764591217041,-0.08190764486789703,-0.1529846340417862,-0.2534272372722626,0.30714577436447144,-0.34891653060913086,2.135545492172241,1.345080852508545,-1.5632835626602173,-0.7918359637260437,14.278526306152344,14.385658264160156,-0.0010621265973895788,-0.007571320980787277,-0.00033604761119931936,0.0076528387144207954
rl,2,1,24,78,0.48,-1.1900837421417236,-1.2601057291030884,0.7946221232414246,0.16779549419879913,-0.05119401961565018,-0.4127541184425354,0.448488712310791,-1.3889763355255127,0.6645171642303467,1.2919814586639404,1.3646032810211182,1.5341683626174927,14.105264663696289,14.253922462463379,-0.002497465582564473,-0.007796508260071278,-8.870197234500665e-06,0.008186754770576954
rl,3,1,23,78,0.46,-1.2251225709915161,1.1652615070343018,0.7944599390029907,0.1710725575685501,-0.17068175971508026,-0.4727318584918976,0.5309175848960876,-2.3564696311950684,3.1112520694732666,1.2392442226409912,0.3212741017341614,-0.9002256393432617,15.907556533813477,15.936246871948242,-0.0022182639222592115,-0.006589117925614119,5.6245989981107414e-05,0.006952721159905195
lqr,0,1,10,78,0.2,2.2566640377044678,-0.5828227996826172,1.2995060682296753,1.4670379161834717,0.9723002314567566,0.43647053837776184,1.8133049011230469,2.5344347953796387,-0.3987259864807129,1.3852686882019043,-12.434432983398438,-8.237305641174316,12.307036399841309,19.33730697631836,0.01576758176088333,-0.03287752345204353,-0.005118388216942549,0.03682045638561249
lqr,1,1,11,78,0.22,-0.05260715261101723,1.9714373350143433,1.2785884141921997,-1.564950942993164,0.866733968257904,0.3347027599811554,1.8199794292449951,-0.34891653060913086,2.135545492172241,1.345080852508545,13.143771171569824,-7.2760009765625,13.327831268310547,20.083078384399414,0.014527248218655586,0.02310771308839321,-0.0019679334945976734,0.027365675196051598
lqr,2,1,24,78,0.48,-1.3855162858963013,0.6168463230133057,1.2816689014434814,-0.018277674913406372,0.2517707943916321,0.037986595183610916,0.25527551770210266,-1.3889763355255127,0.6645171642303467,1.2919814586639404,-0.0008925050497055054,-2.0642964839935303,15.56652545928955,15.702803611755371,0.0032807805109769106,-0.006653915159404278,-0.002221686765551567,0.0077442885376513
lqr,3,1,23,78,0.46,-2.324319362640381,3.0571706295013428,1.2292630672454834,-0.16980336606502533,0.28562507033348083,0.0362364687025547,0.3342573046684265,-2.3564696311950684,3.1112520694732666,1.2392442226409912,1.2569676637649536,-2.3237557411193848,15.603694915771484,15.825773239135742,0.002857246669009328,-0.004294081591069698,-0.0021027689799666405,0.005569975823163986
rl,0,1,11,79,0.22,1.2552201747894287,-1.256253719329834,0.9508928656578064,-0.001973814098164439,-0.010144062340259552,-0.32590046525001526,0.32606425881385803,2.5344347953796387,-0.3987259864807129,1.3852686882019043,-1.555003046989441,1.457288384437561,14.559635162353516,14.714777946472168,-0.002546158619225025,-0.008049248717725277,-5.609124855254777e-06,0.008442354388535023
rl,1,1,12,79,0.24,1.2267557382583618,1.2223848104476929,0.9457864165306091,-0.08925394713878632,-0.1251804083585739,-0.3027946352958679,0.3395894467830658,-0.34891653060913086,2.135545492172241,1.345080852508545,-0.4616629183292389,1.5068542957305908,13.21212100982666,13.305784225463867,-0.0015126033686101437,-0.008434007875621319,-0.00029250761144794524,0.008573564700782299
rl,2,1,25,79,0.5,-1.185253620147705,-1.261418342590332,0.7819721698760986,0.157610684633255,-0.04005443677306175,-0.42611968517303467,0.4560958743095398,-1.3889763355255127,0.6645171642303467,1.2919814586639404,-0.7019745111465454,0.6407551169395447,15.149487495422363,15.179272651672363,-0.0031575437169522047,-0.0074126264080405235,0.0001453313889214769,0.008058425970375538
rl,3,1,24,79,0.48,-1.2198231220245361,1.1597771644592285,0.7794952988624573,0.17943939566612244,-0.18887366354465485,-0.5118721723556519,0.5743560194969177,-2.3564696311950684,3.1112520694732666,1.2392442226409912,0.32112565636634827,-0.9528465867042542,13.772512435913086,13.809168815612793,-0.0016607227735221386,-0.00706476392224431,-4.774808985530399e-05,0.007257490418851376
lqr,0,1,11,79,0.22,2.296405553817749,-0.5564836263656616,1.3113298416137695,1.2571449279785156,0.8331924080848694,0.37402409315109253,1.5538716316223145,2.5344347953796387,-0.3987259864807129,1.3852686882019043,-10.666537284851074,-7.044884204864502,12.792268753051758,18.084455490112305,0.013878539204597473,-0.030098455026745796,-0.0051637315191328526,0.03354392573237419
lqr,1,1,12,79,0.24,-0.09500093013048172,1.9949164390563965,1.2876553535461426,-1.3410494327545166,0.7427283525466919,0.28681525588035583,1.5595903396606445,-0.34891653060913086,2.135545492172241,1.345080852508545,11.237248420715332,-6.226726055145264,13.67374324798584,18.76217269897461,0.012588552199304104,0.019203756004571915,-0.0019197396468371153,0.023042162880301476
lqr,2,1,25,79,0.5,-1.3860116004943848,0.6236668229103088,1.2826977968215942,-0.015663165599107742,0.2157493382692337,0.032551031559705734,0.21875256299972534,-1.3889763355255127,0.6645171642303467,1.2919814586639404,-0.030199892818927765,-1.758592128753662,15.610763549804688,15.709534645080566,0.002510306891053915,-0.006717646028846502,-0.001931599574163556,0.007426943629980087
lqr,3,1,24,79,0.48,-2.3289194107055664,3.0649075508117676,1.2302446365356445,-0.14550891518592834,0.24476242065429688,0.031051943078637123,0.2864362299442291,-2.3564696311950684,3.1112520694732666,1.2392442226409912,1.0441683530807495,-1.9763153791427612,15.642840385437012,15.801726341247559,0.0019644538406282663,-0.004783771466463804,-0.0018429993651807308,0.005490008741617203
rl,0,1,12,80,0.24,1.255456566810608,-1.2571145296096802,0.9410588145256042,0.012809589505195618,-0.03795524314045906,-0.32874348759651184,0.3311751186847687,2.5344347953796387,-0.3987259864807129,1.3852686882019043,0.7292855978012085,-1.4831868410110474,15.730207443237305,15.81679916381836,-0.002709046471863985,-0.008626534603536129,1.9654789866763167e-05,0.009041924960911274
rl,1,1,13,80,0.26,1.2235221862792969,1.2180734872817993,0.9360895752906799,-0.11704359203577042,-0.15298977494239807,-0.33343544602394104,0.38507696986198425,-0.34891653060913086,2.135545492172241,1.345080852508545,-1.5770378112792969,-1.4906589984893799,14.217957496643066,14.382608413696289,-0.001994514837861061,-0.00866218563169241,-0.00020197877893224359,0.00889113824814558
rl,2,1,26,80,0.52,-1.1799687147140503,-1.2630436420440674,0.7687414884567261,0.18542848527431488,-0.06124452129006386,-0.4484732151031494,0.4891450107097626,-1.3889763355255127,0.6645171642303467,1.2919814586639404,1.3461785316467285,-1.1020900011062622,14.690743446350098,14.793401718139648,-0.0027852533385157585,-0.007685460150241852,0.0001158258382929489,0.008175411261618137
rl,3,1,25,80,0.5,-1.2141202688217163,1.154060959815979,0.7641119956970215,0.19542600214481354,-0.1913803368806839,-0.5132310390472412,0.5815701484680176,-2.3564696311950684,3.1112520694732666,1.2392442226409912,0.7066601514816284,-0.10127700865268707,15.81326675415039,15.82937240600586,-0.0014702462358400226,-0.007100461982190609,-9.50081812334247e-05,0.00725170411169529
lqr,0,1,12,80,0.24,2.330460548400879,-0.5339128375053406,1.3214621543884277,1.0772829055786133,0.7139864563941956,0.3205118179321289,1.3315565586090088,2.5344347953796387,-0.3987259864807129,1.3852686882019043,-9.154069900512695,-6.024411201477051,13.213835716247559,17.166711807250977,0.011949523352086544,-0.027384957298636436,-0.00502934493124485,0.0302988663315773
lqr,1,1,13,80,0.26,-0.13132932782173157,2.0150368213653564,1.2954249382019043,-1.1491812467575073,0.6364650130271912,0.24577899277210236,1.336455225944519,-0.34891653060913086,2.135545492172241,1.345080852508545,9.603556632995605,-5.327645778656006,13.975747108459473,17.774520874023438,0.010732106864452362,0.015573845244944096,-0.0018293226603418589,0.01900182105600834
lqr,2,1,26,80,0.52,-1.386435627937317,0.6295113563537598,1.283579707145691,-0.013421979732811451,0.18488112092018127,0.027894921600818634,0.18745481967926025,-1.3889763355255127,0.6645171642303467,1.2919814586639404,-0.05638865754008293,-1.4964289665222168,15.64877700805664,15.720263481140137,0.0018546367064118385,-0.00677094841375947,-0.001673914142884314,0.007217160891741514
lqr,3,1,25,80,0.5,-2.3328614234924316,3.071537494659424,1.2310858964920044,-0.1246907040476799,0.20974580943584442,0.026608901098370552,0.24545693397521973,-2.3564696311950684,3.1112520694732666,1.2392442226409912,0.8606424331665039,-1.6780527830123901,15.676405906677246,15.789435386657715,0.0012024869211018085,-0.005197426769882441,-0.0016120229847729206,0.005572956055402756
rl,0,1,13,81,0.26,1.2560113668441772,-1.2588093280792236,0.9309107065200806,0.021339252591133118,-0.06576293706893921,-0.3430385887622833,0.3499365746974945,2.5344347953796387,-0.3987259864807129,1.3852686882019043,0.387435644865036,-1.4821439981460571,15.11117935180664,15.188633918762207,-0.0016034296713769436,-0.008131599985063076,-0.00012934829283040017,0.008289188146591187
rl,1,1,14,81,0.28,1.220186471939087,1.2140114307403564,0.9255430102348328,-0.10826722532510757,-0.12660756707191467,-0.3606095612049103,0.39722856879234314,-0.34891653060913086,2.135545492172241,1.345080852508545,0.3874730169773102,1.433716058731079,14.414010047912598,14.49031925201416,-0.001788624096661806,-0.00893395859748125,-0.00023275379498954862,0.009114217944443226
rl,2,1,27,81,0.54,-1.1748186349868774,-1.2653392553329468,0.7545499801635742,0.16479498147964478,-0.08417901396751404,-0.48533618450164795,0.5194176435470581,-1.3889763355255127,0.6645171642303467,1.2919814586639404,-1.2649716138839722,-1.1968345642089844,13.880186080932617,13.98900032043457,-0.0017689550295472145,-0.0074788425117731094,-2.225952994194813e-05,0.007685231044888496
rl,3,1,26,81,0.52,-1.2077014446258545,1.1479555368423462,0.7477789521217346,0.2232418656349182,-0.2095734030008316,-0.5600402355194092,0.6382812857627869,-2.3564696311950684,3.1112520694732666,1.2392442226409912,1.3632309436798096,-0.9516317248344421,13.370015144348145,13.472984313964844,-0.0015245088143274188,-0.006856370717287064,-8.977282413979992e-05,0.007024386432021856
lqr,0,1,13,81,0.26,2.3596434593200684,-0.5145713686943054,1.3301444053649902,0.9231551289558411,0.6118351817131042,0.27465611696243286,1.1410493850708008,2.5344347953796387,-0.3987259864807129,1.3852686882019043,-7.859983444213867,-5.150807857513428,13.579850196838379,16.514312744140625,0.010102690197527409,-0.02486531250178814,-0.004779484122991562,0.027261540293693542
lqr,1,1,14,81,0.28,-0.1624601036310196,2.0322787761688232,1.3020827770233154,-0.9847643375396729,0.5454028248786926,0.2106151282787323,1.1452440023422241,-0.34891653060913086,2.135545492172241,1.345080852508545,8.203265190124512,-4.557323455810547,14.238643646240234,17.05290985107422,0.009020166471600533,0.012295054271817207,-0.0017136118840426207,0.015344974584877491
lqr,2,1,27,81,0.54,-1.3867994546890259,0.6345195770263672,1.2843356132507324,-0.011501582339406013,0.15843014419078827,0.023902615532279015,0.16063539683818817,-1.3889763355255127,0.6645171642303467,1.2919814586639404,-0.07921541482210159,-1.2713826894760132,15.681196212768555,15.732851028442383,0.0012977983569726348,-0.006815862376242876,-0.0014458391815423965,0.007087362930178642
lqr,3,1,26,81,0.52,-2.3362388610839844,3.0772197246551514,1.2318066358566284,-0.1068500354886055,0.1797371655702591,0.022801779210567474,0.2103385329246521,-2.3564696311950684,3.1112520694732666,1.2392442226409912,0.7026108503341675,-1.422461986541748,15.705242156982422,15.785173416137695,0.0005536925164051354,-0.005546217784285545,-0.0014075199142098427,0.005748758092522621
rl,0,1,14,82,0.28,1.2564560174942017,-1.2609660625457764,0.9196321964263916,0.011568753980100155,-0.0749453604221344,-0.3924064338207245,0.3996666669845581,2.5344347953796387,-0.3987259864807129,1.3852686882019043,-0.5968082547187805,-0.47876226902008057,13.212671279907227,13.2348051071167,-0.0011118387337774038,-0.008013694547116756,-0.0002224311901954934,0.008093513548374176
rl,1,1,15,82,0.3,1.2174946069717407,1.209858775138855,0.9139344096183777,-0.08044885843992233,-0.14433445036411285,-0.40012505650520325,0.43290242552757263,-0.34891653060913086,2.135545492172241,1.345080852508545,1.4117909669876099,-0.9445589184761047,13.756912231445312,13.861384391784668,-0.0022946596145629883,-0.00789928250014782,-9.266748384106904e-05,0.008226342499256134
rl,2,1,28,82,0.56,-1.1702624559402466,-1.267598271369934,0.7401145696640015,0.14542560279369354,-0.0708698108792305,-0.47909852862358093,0.5056743621826172,-1.3889763355255127,0.6645171642303467,1.2919814586639404,-1.2298696041107178,0.7664220333099365,16.199861526489258,16.26454734802246,-0.0016149331349879503,-0.008618040941655636,-0.00010926252434728667,0.008768727071583271
rl,3,1,27,82,0.54,-1.2005494832992554,1.1414353847503662,0.7311023473739624,0.24597924947738647,-0.22122503817081451,-0.5538061261177063,0.6450949907302856,-2.3564696311950684,3.1112520694732666,1.2392442226409912,1.054266333580017,-0.5911480784416199,16.228485107421875,16.273435592651367,-0.0012579968897625804,-0.006393083371222019,-0.00012283689284231514,0.006516836583614349
lqr,0,1,14,82,0.28,2.3846514225006104,-0.4979969561100006,1.3375842571258545,0.7910772562026978,0.5242986083030701,0.23536178469657898,0.9777972102165222,2.5344347953796387,-0.3987259864807129,1.3852686882019043,-6.752773761749268,-4.4028096199035645,13.897088050842285,16.06591796875,0.008399082347750664,-0.022592976689338684,-0.004460621625185013,0.024512941017746925
lqr,1,1,15,82,0.3,-0.18913687765598297,2.047053575515747,1.307788372039795,-0.8438706994056702,0.46736931800842285,0.18048210442066193,0.9813896417617798,-0.34891653060913086,2.135545492172241,1.345080852508545,7.002727031707764,-3.896775007247925,14.466893196105957,16.538259506225586,0.007478219922631979,0.009386713616549969,-0.0015846181195229292,0.012105584144592285
lqr,2,1,28,82,0.56,-1.3871110677719116,0.638811469078064,1.2849831581115723,-0.0098560880869627,0.1357635259628296,0.020482001826167107,0.1376531422138214,-1.3889763355255127,0.6645171642303467,1.2919814586639404,-0.09990636259317398,-1.0783854722976685,15.709240913391113,15.746527671813965,0.0008259269525296986,-0.006853892933577299,-0.0012445928296074271,0.007014770992100239
lqr,3,1,27,82,0.54,-2.3391332626342773,3.0820884704589844,1.2324246168136597,-0.09156450629234314,0.15402281284332275,0.01953955553472042,0.18024671077728271,-2.3564696311950684,3.1112520694732666,1.2392442226409912,0.5663357973098755,-1.2026011943817139,15.729944229125977,15.7860107421875,2.8423078219930176e-06,-0.005839833524078131,-0.0012271119048818946,0.005967366509139538
rl,0,1,15,83,0.3,1.2573593854904175,-1.263770341873169,0.9079846143722534,0.0393873006105423,-0.10275083780288696,-0.3861740231513977,0.4015463590621948,2.5344347953796387,-0.3987259864807129,1.3852686882019043,1.4077227115631104,-1.478779673576355,16.225221633911133,16.353172302246094,-0.0009820365812629461,-0.007837940007448196,-0.0002597242419142276,0.007903490215539932
rl,1,1,16,83,0.32,1.215637445449829,1.2054897546768188,0.900982141494751,-0.05263341963291168,-0.14628161489963531,-0.4475468695163727,0.47377926111221313,-0.34891653060913086,2.135545492172241,1.345080852508545,1.4093092679977417,-0.09234826266765594,13.330137252807617,13.404747009277344,-0.0017789019038900733,-0.006707053165882826,-0.00010055224993266165,0.006939680315554142
rl,2,1,29,83,0.58,-1.166324257850647,-1.270280361175537,0.7247543931007385,0.12419567257165909,-0.09867824614048004,-0.5284662246704102,0.5517594814300537,-1.3889763355255127,0.6645171642303467,1.2919814586639404,-1.3034539222717285,-1.4590494632720947,13.20500373840332,13.34915542602539,-0.0018164301291108131,-0.009354500100016594,-0.00012317753862589598,0.009530019015073776
rl,3,1,28,83,0.56,-1.192613959312439,1.1349817514419556,0.7136787176132202,0.2737930715084076,-0.2120717167854309,-0.594271719455719,0.6878197193145752,-2.3564696311950684,3.1112520694732666,1.2392442226409912,1.3499114513397217,0.5264270305633545,13.70981216430664,13.786164283752441,-0.0015738534275442362,-0.006387808360159397,-8.252782572526485e-05,0.006579355802386999
lqr,0,1,15,83,0.3,2.406081438064575,-0.4837939739227295,1.343960165977478,0.6778961420059204,0.44928592443466187,0.2016880363225937,0.8379015922546387,2.5344347953796387,-0.3987259864807129,1.3852686882019043,-5.805295467376709,-3.762172222137451,14.171578407287598,15.769877433776855,0.006863841786980629,-0.020580368116497993,-0.004105929750949144,0.022079912945628166
lqr,1,1,16,83,0.32,-0.21199698746204376,2.0597143173217773,1.3126776218414307,-0.7231349945068359,0.40050196647644043,0.15465950965881348,0.8409789800643921,-0.34891653060913086,2.135545492172241,1.345080852508545,5.973182201385498,-3.330437660217285,14.66467571258545,16.180957794189453,0.006110685411840677,0.0068375966511666775,-0.0014506689039990306,0.00928426906466484
lqr,2,1,29,83,0.58,-1.3873778581619263,0.6424891948699951,1.2855381965637207,-0.008446156047284603,0.11633995920419693,0.017551004886627197,0.1179591491818428,-1.3889763355255127,0.6645171642303467,1.2919814586639404,-0.11849360167980194,-0.9126848578453064,15.7332181930542,15.760113716125488,0.0004270923091098666,-0.00688675744459033,-0.0010675200028344989,0.006982079707086086
lqr,3,1,28,83,0.56,-2.34161376953125,3.0862605571746826,1.2329539060592651,-0.07846508175134659,0.13198569416999817,0.016742805019021034,0.15445812046527863,-2.3564696311950684,3.1112520694732666,1.2392442226409912,0.44838809967041016,-1.0139864683151245,15.75108814239502,15.790060043334961,-0.0004633334756363183,-0.006086586508899927,-0.0010684182634577155,0.00619699340313673
rl,0,1,16,84,0.32,1.2590969800949097,-1.2674092054367065,0.8963407278060913,0.06720373034477234,-0.13055509328842163,-0.3891087472438812,0.41589251160621643,2.5344347953796387,-0.3987259864807129,1.3852686882019043,1.4037575721740723,-1.4788124561309814,15.731269836425781,15.862858772277832,-0.000586161739192903,-0.007230009883642197,-0.0003212503215763718,0.007260842248797417
rl,1,1,17,84,0.34,1.2145156860351562,1.2006311416625977,0.8868032693862915,-0.029764048755168915,-0.1697905957698822,-0.48517170548439026,0.5148847699165344,-0.34891653060913086,2.135545492172241,1.345080852508545,1.1337740421295166,-1.253614902496338,13.858508110046387,13.961204528808594,-0.0015343899140134454,-0.00608352106064558,-9.387656609760597e-05,0.00627474207431078
rl,2,1,30,84,0.6,-1.1631544828414917,-1.2726848125457764,0.708350419998169,0.09640832245349884,-0.07087443023920059,-0.5559569597244263,0.5686878561973572,-1.3889763355255127,0.6645171642303467,1.2919814586639404,-1.6789036989212036,1.5458014011383057,14.370583534240723,14.550666809082031,-0.0016554779140278697,-0.009575273841619492,-0.00018117106810677797,0.009719016961753368
rl,3,1,29,84,0.58,-1.1838440895080566,1.1289031505584717,0.6959753036499023,0.30160656571388245,-0.19789552688598633,-0.5880371928215027,0.6898673176765442,-2.3564696311950684,3.1112520694732666,1.2392442226409912,1.3168152570724487,0.8053910136222839,16.228946685791016,16.302188873291016,-0.0022604598198086023,-0.006111651659011841,4.395138967083767e-05,0.0065164328552782536
lqr,0,1,16,84,0.32,2.424445390701294,-0.47162309288978577,1.3494237661361694,0.5809061527252197,0.38500547409057617,0.17283232510089874,0.7180196046829224,2.5344347953796387,-0.3987259864807129,1.3852686882019043,-4.994970798492432,-3.213393449783325,14.408792495727539,15.584894180297852,0.00550133315846324,-0.018818343058228493,-0.00373862381093204,0.019959257915616035
lqr,1,1,17,84,0.34,-0.23158638179302216,2.070563793182373,1.3168671131134033,-0.6196733713150024,0.3432004153728485,0.13253147900104523,0.7206567525863647,-0.34891653060913086,2.135545492172241,1.345080852508545,5.090096950531006,-2.8450093269348145,14.835622787475586,15.940479278564453,0.004910747520625591,0.004621434491127729,-0.001317444839514792,0.006870863027870655
lqr,2,1,30,84,0.6,-1.3876063823699951,0.6456407308578491,1.2860134840011597,-0.007239219732582569,0.09969499707221985,0.015039988793432713,0.10108263790607452,-1.3889763355255127,0.6645171642303467,1.2919814586639404,-0.13545462489128113,-0.7705059051513672,15.75383472442627,15.773247718811035,9.092356776818633e-05,-0.006915713660418987,-0.0009121029870584607,0.006976194679737091
lqr,3,1,29,84,0.58,-2.3437387943267822,3.089836597442627,1.2334073781967163,-0.06724020838737488,0.11310271173715591,0.014347340911626816,0.1323605477809906,-2.3564696311950684,3.1112520694732666,1.2392442226409912,0.34642577171325684,-0.8518241047859192,15.769250869750977,15.796039581298828,-0.0008564330055378377,-0.006293918006122112,-0.0009291591704823077,0.006419518496841192
rl,0,1,17,85,0.34,1.2612169981002808,-1.2717241048812866,0.8841342329978943,0.07238617539405823,-0.1504766196012497,-0.4157734513282776,0.44805192947387695,2.5344347953796387,-0.3987259864807129,1.3852686882019043,0.1849581003189087,-1.054884910583496,14.442924499511719,14.482577323913574,-0.00040155681199394166,-0.007027800194919109,-0.00036512891529127955,0.0070487260818481445
rl,1,1,18,85,0.36,1.213371992111206,1.194981336593628,0.8713012933731079,-0.04230468347668648,-0.1975964903831482,-0.5325161814689636,0.569567859172821,-0.34891653060913086,2.135545492172241,1.345080852508545,-0.7774755954742432,-1.484776258468628,13.32032299041748,13.425350189208984,-0.0008522452553734183,-0.006395367439836264,-0.0002050821203738451,0.006455161143094301
rl,2,1,31,85,0.62,-1.1597058773040771,-1.274855375289917,0.6916256546974182,0.12423235177993774,-0.07309747487306595,-0.5582613348960876,0.5765697360038757,-1.3889763355255127,0.6645171642303467,1.2919814586639404,1.294835090637207,-0.06743695586919785,15.772961616516113,15.826164245605469,-0.0024902664590626955,-0.009365454316139221,-5.156351835466921e-05,0.009691017679870129
rl,3,1,30,85,0.6,-1.1747922897338867,1.1235225200653076,0.6773468852043152,0.3017892837524414,-0.1700955629348755,-0.637404203414917,0.7254608273506165,-2.3564696311950684,3.1112520694732666,1.2392442226409912,-0.14445120096206665,1.5352590084075928,13.210161209106445,13.299859046936035,-0.003002334851771593,-0.006467045750468969,0.00017387674597557634,0.007132105063647032
lqr,0,1,17,85,0.34,2.4401822090148926,-0.4611934721469879,1.354105830192566,0.4977935552597046,0.3299217224121094,0.14810526371002197,0.615290105342865,2.5344347953796387,-0.3987259864807129,1.3852686882019043,-4.301785945892334,-2.743194818496704,14.613764762878418,15.478778839111328,0.004304737783968449,-0.017287597060203552,-0.0033745935652405024,0.01813228242099285
lqr,1,1,18,85,0.36,-0.24837301671504974,2.0798611640930176,1.3204572200775146,-0.5310145020484924,0.2940977215766907,0.11357008665800095,0.6175500154495239,-0.34891653060913086,2.135545492172241,1.345080852508545,4.332431793212891,-2.4288158416748047,14.983185768127441,15.78495979309082,0.0038656145334243774,0.002705905819311738,-0.0011886290740221739,0.004865977913141251
lqr,2,1,31,85,0.62,-1.3878024816513062,0.6483413577079773,1.2864210605621338,-0.006204723380506039,0.08543208241462708,0.012887725606560707,0.08662120252847672,-1.3889763355255127,0.6645171642303467,1.2919814586639404,-0.15070050954818726,-0.6483786106109619,15.771356582641602,15.78539752960205,-0.00019155997142661363,-0.006941898725926876,-0.0007760042208246887,0.0069877635687589645
lqr,3,1,30,85,0.6,-2.345560312271118,3.092900514602661,1.2337960004806519,-0.05762111395597458,0.09692195802927017,0.012295176275074482,0.11342500150203705,-2.3564696311950684,3.1112520694732666,1.2392442226409912,0.25819092988967896,-0.7123249769210815,15.784784317016602,15.802957534790039,-0.0011863434920087457,-0.006467931438237429,-0.0008071925840340555,0.0066251871176064014
rl,0,1,18,86,0.36,1.2629402875900269,-1.2759045362472534,0.871284544467926,0.04997720569372177,-0.13378691673278809,-0.4345957934856415,0.45746055245399475,2.5344347953796387,-0.3987259864807129,1.3852686882019043,-1.3123140335083008,0.9214493632316589,14.852885246276855,14.939191818237305,-0.000912338902708143,-0.00771581195294857,-0.00033154114498756826,0.007776633836328983
rl,1,1,19,86,0.38,1.2118017673492432,1.1893296241760254,0.8546255230903625,-0.05734989792108536,-0.18378156423568726,-0.5675262212753296,0.5992918014526367,-0.34891653060913086,2.135545492172241,1.345080852508545,-0.9228756427764893,0.7618027329444885,13.981806755065918,14.032923698425293,-0.0008867791621014476,-0.007460240740329027,-0.0002589627692941576,0.007517222315073013
rl,2,1,32,86,0.64,-1.1557682752609253,-1.2764921188354492,0.6750025749206543,0.134773850440979,-0.0452972836792469,-0.5520263314247131,0.5700429081916809,-1.3889763355255127,0.6645171642303467,1.2919814586639404,0.348926305770874,1.5561552047729492,16.215898513793945,16.294132232666016,-0.0027758018113672733,-0.008395401760935783,4.3539526814129204e-05,0.008842496201395988
rl,3,1,31,86,0.62,-1.1655313968658447,1.1189757585525513,0.6580383777618408,0.31215667724609375,-0.1422981321811676,-0.6467108130455017,0.7320693135261536,-2.3564696311950684,3.1112520694732666,1.2392442226409912,0.37355726957321167,1.5440349578857422,15.377689361572266,15.459525108337402,-0.0036931242793798447,-0.006939521059393883,0.00030392379267141223,0.007866923697292805
lqr,0,1,18,86,0.36,2.4536666870117188,-0.4522560238838196,1.3581178188323975,0.42657333612442017,0.2827187478542328,0.12691541016101837,0.5272591710090637,2.5344347953796387,-0.3987259864807129,1.3852686882019043,-3.708735227584839,-2.34014630317688,14.790668487548828,15.427082061767578,0.0032614883966743946,-0.015964653342962265,-0.0030243112705647945,0.016572685912251472
lqr,1,1,19,86,0.38,-0.2627579867839813,2.0878286361694336,1.3235337734222412,-0.45504024624824524,0.2520184814929962,0.09732212871313095,0.5291942358016968,-0.34891653060913086,2.135545492172241,1.345080852508545,3.682136058807373,-2.0717720985412598,15.110360145568848,15.689911842346191,0.002960248850286007,0.0010574348270893097,-0.0010665099835023284,0.00331944040954113
lqr,2,1,32,86,0.64,-1.3879709243774414,0.6506556272506714,1.286769986152649,-0.0053157019428908825,0.07321003079414368,0.011044060811400414,0.07422894984483719,-1.3889763355255127,0.6645171642303467,1.2919814586639404,-0.16455751657485962,-0.5435030460357666,15.786510467529297,15.796720504760742,-0.00042810008744709194,-0.00696611450985074,-0.0006570753757841885,0.0070101190358400345
lqr,3,1,31,86,0.62,-2.347121238708496,3.0955262184143066,1.2341291904449463,-0.04937848448753357,0.08305315673351288,0.010536241345107555,0.097196064889431,-2.3564696311950684,3.1112520694732666,1.2392442226409912,0.18140780925750732,-0.5926361680030823,15.797964096069336,15.8101167678833,-0.001461678184568882,-0.006614182610064745,-0.0007005387451499701,0.006809894926846027
rl,0,1,19,87,0.38,1.2641175985336304,-1.2804003953933716,0.8572593331336975,0.033887606114149094,-0.15789468586444855,-0.4839635491371155,0.5101958513259888,2.5344347953796387,-0.3987259864807129,1.3852686882019043,-0.9668305516242981,-1.2804758548736572,13.210136413574219,13.307219505310059,-0.0014890379970893264,-0.008612440899014473,-0.000275309692369774,0.008744550868868828
rl,1,1,20,87,0.4,1.2105904817581177,1.183915138244629,0.8371115922927856,-0.031880974769592285,-0.17883141338825226,-0.5919322967529297,0.6191776394844055,-0.34891653060913086,2.135545492172241,1.345080852508545,1.2512872219085693,0.28511685132980347,14.572568893432617,14.628971099853516,-0.0017661161255091429,-0.007704314775764942,-0.000139906260301359,0.007905391044914722
rl,2,1,33,87,0.66,-1.151492714881897,-1.2778759002685547,0.6579070091247559,0.14639787375926971,-0.04654157906770706,-0.5787660479545593,0.5988059639930725,-1.3889763355255127,0.6645171642303467,1.2919814586639404,0.4243132174015045,-0.0140302125364542,14.443472862243652,14.449710845947266,-0.003223779145628214,-0.008158105425536633,0.0001544132683193311,0.008773327805101871
rl,3,1,32,87,0.64,-1.1557103395462036,1.1141505241394043,0.6386078000068665,0.3349795639514923,-0.1701115518808365,-0.6481723189353943,0.7491839528083801,-2.3564696311950684,3.1112520694732666,1.2392442226409912,1.0332300662994385,-1.451357126235962,15.818549156188965,15.918558120727539,-0.003472672775387764,-0.007150271907448769,0.0003061639436054975,0.007954846136271954
lqr,0,1,19,87,0.38,2.465221881866455,-0.4445973038673401,1.3615559339523315,0.36554402112960815,0.24226924777030945,0.10875779390335083,0.4518241882324219,2.5344347953796387,-0.3987259864807129,1.3852686882019043,-3.201761245727539,-1.9945944547653198,14.943037986755371,15.411815643310547,0.002356568817049265,-0.014825314283370972,-0.002694303635507822,0.015251316130161285
lqr,1,1,20,87,0.4,-0.27508482336997986,2.094655752182007,1.3261700868606567,-0.3899359405040741,0.2159600555896759,0.08339762687683105,0.4534797966480255,-0.34891653060913086,2.135545492172241,1.345080852508545,3.1237990856170654,-1.7652173042297363,15.219725608825684,15.636948585510254,0.002178695984184742,-0.00035635169479064643,-0.0009523052722215652,0.0024042853619903326
lqr,2,1,33,87,0.66,-1.3881149291992188,0.6526387929916382,1.2870692014694214,-0.0045547750778496265,0.06273610889911652,0.009463999420404434,0.06360922008752823,-1.3889763355255127,0.6645171642303467,1.2919814586639404,-0.17760708928108215,-0.45345646142959595,15.799325942993164,15.806829452514648,-0.0006253784522414207,-0.006989277433604002,-0.000553374644368887,0.007038985379040241
lqr,3,1,32,87,0.64,-2.348459005355835,3.097775936126709,1.2344144582748413,-0.04231487214565277,0.0711711198091507,0.009028476662933826,0.08329100161790848,-2.3564696311950684,3.1112520694732666,1.2392442226409912,0.11473723500967026,-0.4894191324710846,15.809287071228027,15.817276954650879,-0.001690039411187172,-0.006737255956977606,-0.0006073632393963635,0.0069724987260997295
rl,0,1,20,88,0.4,1.265315055847168,-1.2849469184875488,0.8423914909362793,0.042947154492139816,-0.1483689546585083,-0.5014041662216187,0.5246559977531433,2.5344347953796387,-0.3987259864807129,1.3852686882019043,0.3698640763759613,0.5372936129570007,14.940220832824707,14.95445442199707,-0.0013338811695575714,-0.008519802242517471,-0.0002974786621052772,0.008628716692328453
rl,1,1,21,88,0.42,1.2095940113067627,1.1787045001983643,0.8187177181243896,-0.03387153893709183,-0.17112332582473755,-0.6237262487411499,0.6476610898971558,-0.34891653060913086,2.135545492172241,1.345080852508545,-0.23240973055362701,0.43549269437789917,14.161080360412598,14.16968059539795,-0.0021476272959262133,-0.007310305722057819,-4.968684879713692e-05,0.007619405630975962
rl,2,1,34,88,0.68,-1.1465446949005127,-1.2795982360839844,0.6406687498092651,0.17421646416187286,-0.06284727156162262,-0.5725336670875549,0.6017441153526306,-1.3889763355255127,0.6645171642303467,1.2919814586639404,1.2656714916229248,-0.8174591064453125,16.238204956054688,16.30795669555664,-0.0026126590091735125,-0.007655349560081959,0.00010794587433338165,0.008089623413980007
rl,3,1,33,88,0.66,-1.1462169885635376,1.1086770296096802,0.6187506914138794,0.30718687176704407,-0.18860767781734467,-0.6687660217285156,0.7597266435623169,-2.3564696311950684,3.1112520694732666,1.2392442226409912,-1.69038987159729,-0.9495994448661804,14.749930381774902,14.876813888549805,-0.002199163194745779,-0.007674179971218109,9.912325913319364e-05,0.007983681745827198
lqr,0,1,20,88,0.4,2.4751245975494385,-0.43803438544273376,1.364501953125,0.31324535608291626,0.20760706067085266,0.09319819509983063,0.3871811628341675,2.5344347953796387,-0.3987259864807129,1.3852686882019043,-2.768720865249634,-1.6982512474060059,15.074418067932129,15.420374870300293,0.0015745805576443672,-0.013846646063029766,-0.0023882826790213585,0.014139052480459213
lqr,1,1,21,88,0.42,-0.285647988319397,2.10050630569458,1.328429102897644,-0.3341466188430786,0.18506217002868652,0.07146627455949783,0.3885992765426636,-0.34891653060913086,2.135545492172241,1.345080852508545,2.6444692611694336,-1.5021183490753174,15.313783645629883,15.61286449432373,0.0015058418503031135,-0.0015651837456971407,-0.0008465658174827695,0.0023311013355851173
lqr,2,1,34,88,0.68,-1.3882378339767456,0.6543381810188293,1.2873258590698242,-0.0039037850219756365,0.05376118794083595,0.008109251968562603,0.05450930818915367,-1.3889763355255127,0.6645171642303467,1.2919814586639404,-0.18969474732875824,-0.3760094940662384,15.81031322479248,15.815921783447266,-0.0007891939603723586,-0.007012047339230776,-0.0004631440679077059,0.007071501575410366
lqr,3,1,33,88,0.66,-2.3496053218841553,3.099703550338745,1.234659194946289,-0.03625989332795143,0.060988035053014755,0.007736486848443747,0.07137347757816315,-2.3564696311950684,3.1112520694732666,1.2392442226409912,0.05681070685386658,-0.4008384346961975,15.818876266479492,15.824055671691895,-0.001877828617580235,-0.006841027177870274,-0.0005260196630842984,0.00711354985833168
rl,0,1,21,89,0.42,1.2670954465866089,-1.2897273302078247,0.8272659182548523,0.06754782795906067,-0.16484646499156952,-0.5055673718452454,0.5360367894172668,2.5344347953796387,-0.3987259864807129,1.3852686882019043,1.1948872804641724,-0.8628133535385132,15.66615104675293,15.735325813293457,-0.0017374808667227626,-0.007959225215017796,-0.00020561626297421753,0.008149256929755211
rl,1,1,22,89,0.44,1.2081422805786133,1.173014521598816,0.8001307249069214,-0.05564569681882858,-0.19893260300159454,-0.6174891591072083,0.6511247754096985,-0.34891653060913086,2.135545492172241,1.345080852508545,-1.3256646394729614,-1.475322961807251,16.205673217773438,16.326597213745117,-0.0020055538043379784,-0.008167902939021587,-8.274124411400408e-05,0.008410928770899773
rl,2,1,35,89,0.7000000000000001,-1.141874074935913,-1.2820395231246948,0.6236175298690796,0.1464245617389679,-0.09065563976764679,-0.5662957429885864,0.5919032692909241,-1.3889763355255127,0.6645171642303467,1.2919814586639404,-1.74116051197052,-1.4361094236373901,16.196670532226562,16.35317039489746,-0.001818333868868649,-0.008052838034927845,-2.3818713088985533e-05,0.008255611173808575
rl,3,1,34,89,0.68,-1.137094259262085,1.1030446290969849,0.5987524390220642,0.30256199836730957,-0.18732020258903503,-0.6655301451683044,0.7546939849853516,-2.3564696311950684,3.1112520694732666,1.2392442226409912,-0.46535664796829224,0.12333261221647263,16.048038482666016,16.05525779724121,-0.0018873250810429454,-0.00883624516427517,-2.303991641383618e-05,0.009035582654178143
lqr,0,1,21,89,0.42,2.4836103916168213,-0.43241041898727417,1.3670268058776855,0.26842835545539856,0.17790424823760986,0.07986428588628769,0.3317860960960388,2.5344347953796387,-0.3987259864807129,1.3852686882019043,-2.3986587524414062,-1.4440118074417114,15.187338829040527,15.44325065612793,0.0009006401523947716,-0.013007751666009426,-0.0021079713478684425,0.01320819091051817
lqr,1,1,22,89,0.44,-0.29469987750053406,2.1055190563201904,1.3303653001785278,-0.28633928298950195,0.15858538448810577,0.06124148145318031,0.3330015242099762,-0.34891653060913086,2.135545492172241,1.345080852508545,2.2326130867004395,-1.2762802839279175,15.394506454467773,15.607827186584473,0.0009278155048377812,-0.002595852594822645,-0.0007494086748920381,0.00285673001781106
lqr,2,1,35,89,0.7000000000000001,-1.3883434534072876,0.6557945013046265,1.2875454425811768,-0.0033464732114225626,0.046070169657468796,0.006948760244995356,0.04671129211783409,-1.3889763355255127,0.6645171642303467,1.2919814586639404,-0.20080521702766418,-0.3094559609889984,15.81981372833252,15.824114799499512,-0.0009245318942703307,-0.007034999784082174,-0.00038480808143503964,0.007105917204171419
lqr,3,1,34,89,0.68,-2.350588321685791,3.101356029510498,1.2348690032958984,-0.0310711320489645,0.052264127880334854,0.006628873758018017,0.06116286665201187,-2.3564696311950684,3.1112520694732666,1.2392442226409912,0.006021380424499512,-0.3243442475795746,15.827125549316406,15.830450057983398,-0.0020307102240622044,-0.006928971037268639,-0.0004550324229057878,0.007234741002321243
rl,0,1,22,90,0.44,1.269677996635437,-1.294175148010254,0.8119426965713501,0.09536493569612503,-0.13997459411621094,-0.5133798718452454,0.5405980348587036,2.5344347953796387,-0.3987259864807129,1.3852686882019043,1.363897681236267,1.3689630031585693,15.46738338470459,15.587630271911621,-0.0019641038961708546,-0.007308837957680225,-0.00013036768359597772,0.007569267880171537
rl,1,1,23,90,0.46,1.206367015838623,1.1675561666488647,0.7810202240943909,-0.06093228608369827,-0.17344531416893005,-0.6467893123626709,0.6724079251289368,-0.34891653060913086,2.135545492172241,1.345080852508545,-0.4252667725086212,1.3979954719543457,14.292023658752441,14.366530418395996,-0.0018554659327492118,-0.009047568775713444,-0.00014461504179053009,0.009236999787390232
rl,2,1,36,90,0.72,-1.1375635862350464,-1.2848598957061768,0.6059140563011169,0.1423211544752121,-0.09568674117326736,-0.6020210385322571,0.6259717345237732,-1.3889763355255127,0.6645171642303467,1.2919814586639404,-0.4370868504047394,-0.21527518332004547,13.947007179260254,13.955514907836914,-0.0013266686582937837,-0.009090756066143513,-0.00016613253683317453,0.009188552387058735
rl,3,1,35,90,0.7000000000000001,-1.1282587051391602,1.0970864295959473,0.5789112448692322,0.2905017137527466,-0.2042539268732071,-0.6592944264411926,0.7488524913787842,-2.3564696311950684,3.1112520694732666,1.2392442226409912,-0.8774006366729736,-0.8571022152900696,16.207420349121094,16.253767013549805,-0.001957064727321267,-0.009263264946639538,-6.009318167343736e-05,0.009467934258282185
lqr,0,1,22,90,0.44,2.49088191986084,-0.4275911748409271,1.3691902160644531,0.23002344369888306,0.15245117247104645,0.06843802332878113,0.2843165695667267,2.5344347953796387,-0.3987259864807129,1.3852686882019043,-2.0825366973876953,-1.2258281707763672,15.284608840942383,15.474458694458008,0.00032100232783704996,-0.012289597652852535,-0.0018536830320954323,0.012432754971086979
lqr,1,1,23,90,0.46,-0.30245670676231384,2.1098146438598633,1.332024097442627,-0.2453717738389969,0.13589820265769958,0.052479978650808334,0.2853590250015259,-0.34891653060913086,2.135545492172241,1.345080852508545,1.8786276578903198,-1.0826612710952759,15.463860511779785,15.615133285522461,0.00043191833538003266,-0.003472278593108058,-0.000660622725263238,0.003560855984687805
lqr,2,1,36,90,0.72,-1.3884340524673462,0.6570426225662231,1.2877333164215088,-0.00286778318695724,0.03947905823588371,0.005955722648650408,0.04002862423658371,-1.3889763355255127,0.6645171642303467,1.2919814586639404,-0.21108603477478027,-0.2522372305393219,15.82800579071045,15.831422805786133,-0.0010357487481087446,-0.00705848541110754,-0.00031695765210315585,0.007141110021620989
lqr,3,1,35,90,0.7000000000000001,-2.3514301776885986,3.1027724742889404,1.2350484132766724,-0.026622349396348,0.04478564113378525,0.005679892376065254,0.0524095818400383,-2.3564696311950684,3.1112520694732666,1.2392442226409912,-0.0386289581656456,-0.25857603549957275,15.834135055541992,15.83629322052002,-0.002153469016775489,-0.0070042237639427185,-0.0003930996172130108,0.007338331546634436
rl,0,1,23,91,0.46,1.2728081941604614,-1.2979819774627686,0.7961428761482239,0.10882733762264252,-0.12035784125328064,-0.533306896686554,0.5574456453323364,2.5344347953796387,-0.3987259864807129,1.3852686882019043,0.5893692970275879,1.0868892669677734,14.807469367980957,14.85899829864502,-0.002945180982351303,-0.006983679253607988,7.034387090243399e-05,0.0075796316377818584
rl,1,1,24,91,0.48,1.2050632238388062,1.1625920534133911,0.7614149451255798,-0.03473243489861488,-0.16148993372917175,-0.6568716168403625,0.6773223876953125,-0.34891653060913086,2.135545492172241,1.345080852508545,1.2551920413970947,0.6715706586837769,15.347311019897461,15.413191795349121,-0.0027368369046598673,-0.008506180718541145,1.795964089978952e-05,0.008935642428696156
rl,2,1,37,91,0.74,-1.1334048509597778,-1.2871744632720947,0.587858259677887,0.13678884506225586,-0.06788387894630432,-0.6017777323722839,0.6208509206771851,-1.3889763355255127,0.6645171642303467,1.2919814586639404,-0.5520991086959839,1.5653105974197388,15.878583908081055,15.965100288391113,-0.0019306573085486889,-0.008969965390861034,-9.736610809341073e-05,0.009175903163850307
rl,3,1,36,91,0.72,-1.1197307109832764,1.0912890434265137,0.5591182112693787,0.2811545431613922,-0.18774527311325073,-0.6599997282028198,0.7415496110916138,-2.3564696311950684,3.1112520694732666,1.2392442226409912,-0.7344762682914734,0.9473708868026733,15.828228950500488,15.873557090759277,-0.00202685734257102,-0.009646479971706867,-9.503253386355937e-05,0.009857573546469212
lqr,0,1,23,91,0.46,2.497112989425659,-0.42346125841140747,1.3710439205169678,0.1971137523651123,0.1306394636631012,0.0586465485394001,0.24363891780376434,2.5344347953796387,-0.3987259864807129,1.3852686882019043,-1.8128947019577026,-1.0385353565216064,15.368256568908691,15.509624481201172,-0.00017676367133390158,-0.011675470508635044,-0.001624802127480507,0.011789309792220592
lqr,1,1,24,91,0.48,-0.30910369753837585,2.1134965419769287,1.33344566822052,-0.2102658599615097,0.11645492911338806,0.044970955699682236,0.24453192949295044,-0.34891653060913086,2.135545492172241,1.345080852508545,1.5740793943405151,-0.9166213274002075,15.52325439453125,15.62975788116455,6.946774647076381e-06,-0.004215404391288757,-0.0005798187339678407,0.0042550996877253056
lqr,2,1,37,91,0.74,-1.3885116577148438,0.6581120491027832,1.2878944873809814,-0.0024581828620284796,0.03383093327283859,0.005105271004140377,0.03430216386914253,-1.3889763355255127,0.6645171642303467,1.2919814586639404,-0.22095993161201477,-0.20299240946769714,15.834898948669434,15.837740898132324,-0.0011265943758189678,-0.007082897704094648,-0.00025834058760665357,0.007176586426794529
lqr,3,1,36,91,0.72,-2.3521509170532227,3.10398530960083,1.2352023124694824,-0.02281450666487217,0.03837616741657257,0.004867825657129288,0.04491021856665611,-2.3564696311950684,3.1112520694732666,1.2392442226409912,-0.07812454551458359,-0.2016701102256775,15.840163230895996,15.841639518737793,-0.002250396879389882,-0.007069431245326996,-0.00033905860618688166,0.0074267154559493065
rl,0,1,24,92,0.48,1.2764313220977783,-1.3010369539260864,0.780207097530365,0.12676461040973663,-0.09256002306938171,-0.530132532119751,0.5528807640075684,2.5344347953796387,-0.3987259864807129,1.3852686882019043,0.8128529191017151,1.53373122215271,16.05522346496582,16.148784637451172,-0.0035345826763659716,-0.007099167909473181,0.00021018584084231406,0.007933198474347591
rl,1,1,25,92,0.5,1.204275369644165,1.1578307151794434,0.7412976026535034,-0.022023852914571762,-0.15733055770397186,-0.6774288415908813,0.6958072781562805,-0.34891653060913086,2.135545492172241,1.345080852508545,0.5266096591949463,0.2526819407939911,14.775552749633789,14.787093162536621,-0.0028901074547320604,-0.007735691033303738,0.00010061497596325353,0.008258556947112083
rl,2,1,38,92,0.76,-1.1287496089935303,-1.2886550426483154,0.5690909028053284,0.1643746793270111,-0.04008437693119049,-0.6374744176864624,0.659544825553894,-1.3889763355255127,0.6645171642303467,1.2919814586639404,1.2578436136245728,1.5595579147338867,13.968807220458984,14.111766815185547,-0.003068682039156556,-0.008583193644881248,9.825888992054388e-05,0.0091157928109169
rl,3,1,37,92,0.74,-1.1107927560806274,1.0854154825210571,0.5387364625930786,0.30631309747695923,-0.19981802999973297,-0.6890892386436462,0.7801275253295898,-2.3564696311950684,3.1112520694732666,1.2392442226409912,1.140971064567566,-0.5981273055076599,14.330398559570312,14.38818645477295,-0.002395383547991514,-0.009112134575843811,-3.151558121317066e-05,0.009421776048839092
lqr,0,1,24,92,0.48,2.5024526119232178,-0.41992226243019104,1.372632622718811,0.168912872672081,0.1119481548666954,0.05025633051991463,0.20878134667873383,2.5344347953796387,-0.3987259864807129,1.3852686882019043,-1.582749605178833,-0.8776614665985107,15.440072059631348,15.545778274536133,-0.0006036951672285795,-0.011150958947837353,-0.0014201172161847353,0.011257223784923553
lqr,1,1,25,92,0.5,-0.3147996962070465,2.1166515350341797,1.33466374874115,-0.1801828294992447,0.09979210048913956,0.03853746876120567,0.2095458209514618,-0.34891653060913086,2.135545492172241,1.345080852508545,1.3120310306549072,-0.7738114595413208,15.574259757995605,15.648571014404297,-0.00035710851079784334,-0.004843616858124733,-0.0005064819124527276,0.004883101209998131
lqr,2,1,38,92,0.76,-1.388578176498413,0.6590284109115601,1.2880327701568604,-0.002106703585013747,0.028991220518946648,0.004375081043690443,0.029395075514912605,-1.3889763355255127,0.6645171642303467,1.2919814586639404,-0.23066866397857666,-0.16052259504795074,15.840703010559082,15.843195915222168,-0.001200346159748733,-0.0071085235103964806,-0.00020784772641491145,0.007212152238935232
lqr,3,1,37,92,0.74,-2.352769136428833,3.1050257682800293,1.235334038734436,-0.019549956545233727,0.03288622945547104,0.004171534441411495,0.038485147058963776,-2.3564696311950684,3.1112520694732666,1.2392442226409912,-0.11237836629152298,-0.15271702408790588,15.845187187194824,15.846322059631348,-0.0023253471590578556,-0.007126506417989731,-0.00029184011509642005,0.0075019667856395245
rl,0,1,25,93,0.5,1.2799526453018188,-1.304370403289795,0.7643790245056152,0.11270362883806229,-0.12037365883588791,-0.5263320207595825,0.5515590310096741,2.5344347953796387,-0.3987259864807129,1.3852686882019043,-0.921059250831604,-1.4624747037887573,16.078598022460938,16.17122459411621,-0.00339316064491868,-0.0077143036760389805,0.00022069791157264262,0.008430464193224907
rl,1,1,26,93,0.52,1.2033816576004028,1.1525545120239258,0.7202547788619995,-0.03367682918906212,-0.18514083325862885,-0.7134194374084473,0.7378200888633728,-0.34891653060913086,2.135545492172241,1.345080852508545,-0.7852398157119751,-1.4711021184921265,13.931914329528809,14.031356811523438,-0.002347281901165843,-0.007816650904715061,4.076218465343118e-05,0.008161582052707672
rl,2,1,39,93,0.78,-1.1232620477676392,-1.2903825044631958,0.5494399070739746,0.1921914964914322,-0.06632748246192932,-0.6638065576553345,0.694244921207428,-1.3889763355255127,0.6645171642303467,1.2919814586639404,1.255567193031311,-1.350888967514038,14.487488746643066,14.604406356811523,-0.002983159851282835,-0.0073051368817687035,0.00017128189210779965,0.007892630062997341
rl,3,1,38,93,0.76,-1.1010559797286987,1.0789111852645874,0.5181655287742615,0.33368900418281555,-0.22529248893260956,-0.6840025186538696,0.793703019618988,-2.3564696311950684,3.1112520694732666,1.2392442226409912,1.22535240650177,-1.312508225440979,16.17926788330078,16.278600692749023,-0.0017776662716642022,-0.007873334921896458,-8.305523078888655e-05,0.008071951568126678
lqr,0,1,25,93,0.5,2.507028579711914,-0.41688966751098633,1.373993992805481,0.14474527537822723,0.0959312915802002,0.043066684156656265,0.17890988290309906,2.5344347953796387,-0.3987259864807129,1.3852686882019043,-1.3868659734725952,-0.7393656373023987,15.50188159942627,15.581347465515137,-0.0009695439948700368,-0.01070341281592846,-0.001238045864738524,0.010818309150636196
lqr,1,1,26,93,0.52,-0.319680780172348,2.1193549633026123,1.3357075452804565,-0.1544038951396942,0.08551373332738876,0.0330246202647686,0.17956554889678955,-0.34891653060913086,2.135545492172241,1.345080852508545,1.0863453149795532,-0.6510351896286011,15.61782169342041,15.669088363647461,-0.0006691327434964478,-0.005372751969844103,-0.0004400188336148858,0.00543210981413722
lqr,2,1,39,93,0.78,-1.3886350393295288,0.6598137021064758,1.288151502609253,-0.0018061383161693811,0.024844253435730934,0.003748952178284526,0.02519034966826439,-1.3889763355255127,0.6645171642303467,1.2919814586639404,-0.2400963306427002,-0.12384253740310669,15.845641136169434,15.847944259643555,-0.0012598586035892367,-0.007135947234928608,-0.00016451011470053345,0.0072481753304600716
lqr,3,1,38,93,0.76,-2.3532984256744385,3.1059162616729736,1.2354469299316406,-0.016753681004047394,0.0281792301684618,0.0035750605165958405,0.03297780826687813,-2.3564696311950684,3.1112520694732666,1.2392442226409912,-0.14303530752658844,-0.11018326878547668,15.84952163696289,15.850549697875977,-0.0023811354767531157,-0.007177140563726425,-0.0002505880838725716,0.007565973326563835
rl,0,1,26,94,0.52,1.2832434177398682,-1.3082444667816162,0.7487138509750366,0.10818883031606674,-0.13350898027420044,-0.5200966596603394,0.547749936580658,2.5344347953796387,-0.3987259864807129,1.3852686882019043,-0.41550081968307495,-0.6682414412498474,16.213220596313477,16.2323055267334,-0.0022495416924357414,-0.008728891611099243,1.9117045667371713e-05,0.009014119394123554
rl,1,1,27,94,0.54,1.202135682106018,1.147153615951538,0.697928786277771,-0.04546999931335449,-0.1774854063987732,-0.7595912218093872,0.7813753485679626,-0.34891653060913086,2.135545492172241,1.345080852508545,-0.7924899458885193,0.4422062039375305,13.378168106079102,13.408914566040039,-0.001720857573673129,-0.008286355063319206,-7.919205381767824e-05,0.008463528007268906
rl,2,1,40,94,0.8,-1.1178122758865356,-1.2924704551696777,0.5289892554283142,0.17638592422008514,-0.0712333545088768,-0.6906272768974304,0.7163463830947876,-1.3889763355255127,0.6645171642303467,1.2919814586639404,-1.1025680303573608,-0.1983163058757782,14.415574073791504,14.459037780761719,-0.002013805555179715,-0.007274842355400324,4.1447154217166826e-05,0.007548540364950895
rl,3,1,39,94,0.78,-1.0910816192626953,1.0722966194152832,0.49704834818840027,0.3318691551685333,-0.2180933952331543,-0.713854193687439,0.8168780207633972,-2.3564696311950684,3.1112520694732666,1.2392442226409912,-0.3261972665786743,0.4442875385284424,14.262939453125,14.273585319519043,-0.001562480116263032,-0.007646583020687103,-0.00012023039744235575,0.007805512752383947
lqr,0,1,26,94,0.52,2.5109500885009766,-0.41429102420806885,1.3751606941223145,0.12403449416160583,0.08220631629228592,0.0369049496948719,0.15331147611141205,2.5344347953796387,-0.3987259864807129,1.3852686882019043,-1.2199532985687256,-0.6205005645751953,15.554913520812988,15.615013122558594,-0.0012827659957110882,-0.010321937501430511,-0.0010768119245767593,0.010456930845975876
lqr,1,1,27,94,0.54,-0.32386353611946106,2.121671438217163,1.336601972579956,-0.1323133409023285,0.07327853888273239,0.02830086648464203,0.1538749635219574,-0.34891653060913086,2.135545492172241,1.345080852508545,0.891889214515686,-0.5455575585365295,15.655231475830078,15.690104484558105,-0.0009367794846184552,-0.005816593766212463,-0.0003798477409873158,0.005903779063373804
lqr,2,1,40,94,0.8,-1.3886841535568237,0.6604868173599243,1.2882530689239502,-0.001547289895825088,0.021290019154548645,0.0032126205042004585,0.021586569026112556,-1.3889763355255127,0.6645171642303467,1.2919814586639404,-0.24899928271770477,-0.0922938883304596,15.850003242492676,15.852227210998535,-0.0013075503520667553,-0.0071651386097073555,-0.00012746201537083834,0.00728458259254694
lqr,3,1,39,94,0.78,-2.3537518978118896,3.1066794395446777,1.2355437278747559,-0.01435819361358881,0.02414936199784279,0.0030639946926385164,0.0282619446516037,-2.3564696311950684,3.1112520694732666,1.2392442226409912,-0.17005236446857452,-0.07344064861536026,15.853142738342285,15.854225158691406,-0.002420967910438776,-0.007223010528832674,-0.00021446017490234226,0.007620955351740122
rl,0,1,27,95,0.54,1.2870455980300903,-1.3120886087417603,0.7332355976104736,0.13601034879684448,-0.1254521906375885,-0.5138644576072693,0.5461627244949341,2.5344347953796387,-0.3987259864807129,1.3852686882019043,1.3207061290740967,0.47667932510375977,16.229408264160156,16.2900333404541,-0.0021692418958991766,-0.008639896288514137,-8.562752555008046e-06,0.00890805758535862
rl,1,1,28,95,0.56,1.2005343437194824,1.1412729024887085,0.6750736236572266,-0.05732939764857292,-0.20529377460479736,-0.7629567980766296,0.7921712398529053,-0.34891653060913086,2.135545492172241,1.345080852508545,-0.8313124179840088,-1.4642059803009033,15.691413879394531,15.781490325927734,-0.001702951150946319,-0.008693455718457699,-0.00011030409950762987,0.008859367109835148
rl,2,1,41,95,0.8200000000000001,-1.1122478246688843,-1.2943017482757568,0.5081010460853577,0.19002756476402283,-0.05595270171761513,-0.6990951299667358,0.7266190052032471,-1.3889763355255127,0.6645171642303467,1.2919814586639404,0.4616445004940033,0.8970077037811279,15.428325653076172,15.461273193359375,-0.002195071429014206,-0.007984747178852558,3.630863648140803e-05,0.00828105304390192
rl,3,1,40,95,0.8,-1.081386685371399,1.0651977062225342,0.47575730085372925,0.3188340663909912,-0.24590125679969788,-0.7076180577278137,0.8141534924507141,-2.3564696311950684,3.1112520694732666,1.2392442226409912,-0.9702565670013428,-1.4347295761108398,16.2071533203125,16.299436569213867,-0.001678935019299388,-0.008281056769192219,-0.0001329418591922149,0.008450585417449474
lqr,0,1,27,95,0.54,2.514310121536255,-0.41206419467926025,1.3761602640151978,0.1062881350517273,0.07044517248868942,0.03162560984492302,0.13137681782245636,2.5344347953796387,-0.3987259864807129,1.3852686882019043,-1.077877163887024,-0.5182433724403381,15.60057544708252,15.646352767944336,-0.0015507291536778212,-0.00999712198972702,-0.0009345742873847485,0.010159756056964397
lqr,1,1,28,95,0.56,-0.32744792103767395,2.123656988143921,1.3373686075210571,-0.11338295042514801,0.0627942681312561,0.024252764880657196,0.13185980916023254,-0.34891653060913086,2.135545492172241,1.345080852508545,0.7240812182426453,-0.4548027813434601,15.687202453613281,15.710488319396973,-0.0011666162172332406,-0.006187022663652897,-0.0003254122275393456,0.00630445359274745
lqr,2,1,41,95,0.8200000000000001,-1.3887263536453247,0.6610634922981262,1.2883398532867432,-0.0013252550270408392,0.01824423298239708,0.0027528905775398016,0.018498290330171585,-1.3889763355255127,0.6645171642303467,1.2919814586639404,-0.257694810628891,-0.06499716639518738,15.853631019592285,15.85585880279541,-0.0013455464504659176,-0.007196139078587294,-9.594488074071705e-05,0.007321482989937067
lqr,3,1,40,95,0.8,-2.3541407585144043,3.1073336601257324,1.2356268167495728,-0.012305911630392075,0.02069585584104061,0.0026254160329699516,0.024220790714025497,-2.3564696311950684,3.1112520694732666,1.2392442226409912,-0.1941281259059906,-0.04177229851484299,15.856188774108887,15.857431411743164,-0.002447067992761731,-0.007265340071171522,-0.00018279219511896372,0.007668553851544857
rl,0,1,28,96,0.56,1.2906959056854248,-1.315295934677124,0.7170150279998779,0.11452239006757736,-0.0976518765091896,-0.5540919899940491,0.5741682648658752,2.5344347953796387,-0.3987259864807129,1.3852686882019043,-1.3178093433380127,1.5377384424209595,13.689567565917969,13.838552474975586,-0.002803375944495201,-0.008296481333673,9.788596071302891e-05,0.008757859468460083
rl,1,1,29,96,0.58,1.199181318283081,1.135122537612915,0.651702880859375,-0.0389728881418705,-0.20486631989479065,-0.7870644927024841,0.8142233490943909,-0.34891653060913086,2.135545492172241,1.345080852508545,0.8050247430801392,0.05702313408255577,14.589269638061523,14.611574172973633,-0.001324705546721816,-0.008749441243708134,-0.00019452441483736038,0.008851294405758381
rl,2,1,42,96,0.84,-1.1059908866882324,-1.296263575553894,0.48721304535865784,0.2178461104631424,-0.0701155960559845,-0.6948528289794922,0.731569230556488,-1.3889763355255127,0.6645171642303467,1.2919814586639404,1.2068400382995605,-0.685752809047699,16.1357421875,16.195335388183594,-0.0024223728105425835,-0.007691868115216494,8.642437751404941e-05,0.008064750581979752
rl,3,1,41,96,0.8200000000000001,-1.071265459060669,1.0572646856307983,0.4546535313129425,0.3466547727584839,-0.2737068235874176,-0.7013860940933228,0.8288711905479431,-2.3564696311950684,3.1112520694732666,1.2392442226409912,1.2251091003417969,-1.433912992477417,16.244050979614258,16.35317039489746,-0.001033705659210682,-0.008630177937448025,-0.00026556829106993973,0.008695920929312706
lqr,0,1,28,96,0.56,2.5171899795532227,-0.41015592217445374,1.3770171403884888,0.09108027070760727,0.0603669211268425,0.027101188898086548,0.11257999390363693,2.5344347953796387,-0.3987259864807129,1.3852686882019043,-0.9573056697845459,-0.4302433729171753,15.639592170715332,15.674769401550293,-0.001779796788468957,-0.00972084328532219,-0.0008095005759969354,0.009915531612932682
lqr,1,1,29,96,0.58,-0.33051952719688416,2.1253576278686523,1.3380261659622192,-0.09716110676527023,0.05380953848361969,0.020781701430678368,0.11299392580986023,-0.34891653060913086,2.135545492172241,1.345080852508545,0.5792588591575623,-0.37667661905288696,15.714300155639648,15.729483604431152,-0.0013643009588122368,-0.006494324654340744,-0.0002761909272521734,0.006641825661063194
lqr,2,1,42,96,0.84,-1.3887618780136108,0.6615578532218933,1.2884142398834229,-0.0011351155117154121,0.015634138137102127,0.002359747188165784,0.015851913020014763,-1.3889763355255127,0.6645171642303467,1.2919814586639404,-0.26624974608421326,-0.04141033813357353,15.856749534606934,15.859038352966309,-0.001375695108436048,-0.007228930946439505,-6.928933726157993e-05,0.007358993403613567
lqr,3,1,41,96,0.8200000000000001,-2.3544740676879883,3.1078948974609375,1.235697865486145,-0.01054645050317049,0.01773347146809101,0.002250220626592636,0.02075492963194847,-2.3564696311950684,3.1112520694732666,1.2392442226409912,-0.21572184562683105,-0.014581091701984406,15.858943939208984,15.860418319702148,-0.0024615442380309105,-0.007305210456252098,-0.0001549898588564247,0.007710338570177555
rl,0,1,29,97,0.58,1.293682336807251,-1.3187817335128784,0.700516939163208,0.09206818789243698,-0.12546387314796448,-0.5478554964065552,0.569529116153717,2.5344347953796387,-0.3987259864807129,1.3852686882019043,-1.4079158306121826,-1.4524253606796265,16.20351791381836,16.32929039001465,-0.0028620234224945307,-0.00916252750903368,8.879005326889455e-05,0.009599530138075352
rl,1,1,30,97,0.6,1.1975582838058472,1.1288379430770874,0.6277238726615906,-0.061640556901693344,-0.2117869108915329,-0.805425226688385,0.8350826501846313,-0.34891653060913086,2.135545492172241,1.345080852508545,-1.4190927743911743,-0.33659929037094116,14.871358871459961,14.942705154418945,-0.0015995379071682692,-0.008504290133714676,-0.0001587612205184996,0.008654864504933357
rl,2,1,43,97,0.86,-1.098899483680725,-1.29881751537323,0.4659983515739441,0.24565355479717255,-0.09263667464256287,-0.7133089900016785,0.7600900530815125,-1.3889763355255127,0.6645171642303467,1.2919814586639404,1.2222435474395752,-1.140934705734253,14.914124488830566,15.00755500793457,-0.0017833140445873141,-0.007176779210567474,9.804999535845127e-06,0.007395029533654451
rl,3,1,42,97,0.84,-1.060440182685852,1.0490514039993286,0.43304896354675293,0.36794328689575195,-0.27382203936576843,-0.7295377254486084,0.8617343306541443,-2.3564696311950684,3.1112520694732666,1.2392442226409912,0.897979199886322,0.05301511287689209,14.3774995803833,14.405611991882324,-0.0009623824735172093,-0.007770136464387178,-0.000272291770670563,0.007834241725504398
lqr,0,1,29,97,0.58,2.519657850265503,-0.4085206389427185,1.3777512311935425,0.07804703712463379,0.051730088889598846,0.023223277181386948,0.09647104889154434,2.5344347953796387,-0.3987259864807129,1.3852686882019043,-0.8551174998283386,-0.3544161915779114,15.673222541809082,15.700532913208008,-0.001975437393411994,-0.00948625523597002,-0.0006998328026384115,0.009714996442198753
lqr,1,1,30,97,0.6,-0.33315151929855347,2.1268150806427,1.338589072227478,-0.0832604169845581,0.046112313866615295,0.017806800082325935,0.09682832658290863,-0.34891653060913086,2.135545492172241,1.345080852508545,0.4539642632007599,-0.309299498796463,15.737735748291016,15.747319221496582,-0.0015348850283771753,-0.00674752052873373,-0.00023168402549345046,0.006923769135028124
lqr,2,1,43,97,0.86,-1.388792634010315,0.6619814038276672,1.2884780168533325,-0.0009733068291097879,0.013396861031651497,0.0020226126071065664,0.013583599589765072,-1.3889763355255127,0.6645171642303467,1.2919814586639404,-0.2744322419166565,-0.021034985780715942,15.859370231628418,15.8617582321167,-0.0013995672343298793,-0.007263555191457272,-4.691506183007732e-05,0.007397312205284834
lqr,3,1,42,97,0.84,-2.354759931564331,3.10837459564209,1.235758900642395,-0.009036732837557793,0.015195438638329506,0.0019284234149381518,0.01778434030711651,-2.3564696311950684,3.1112520694732666,1.2392442226409912,-0.23503094911575317,0.009699761867523193,15.86107349395752,15.862817764282227,-0.0024661924690008163,-0.0073435646481812,-0.00013054140435997397,0.007747714873403311
rl,0,1,30,98,0.6,1.2968522310256958,-1.322493314743042,0.6830936074256897,0.11246400326490402,-0.12284450978040695,-0.5972269177436829,0.6200152635574341,2.5344347953796387,-0.3987259864807129,1.3852686882019043,0.9327273368835449,0.18165183067321777,13.227313995361328,13.26140308380127,-0.0020699750166386366,-0.009178146719932556,-4.467196049517952e-05,0.009408781304955482
rl,1,1,31,98,0.62,1.1953365802764893,1.1227611303329468,0.6036859154701233,-0.08026029914617538,-0.19796119630336761,-0.7991880178451538,0.8272435069084167,-0.34891653060913086,2.135545492172241,1.345080852508545,-1.2267266511917114,0.7874298691749573,16.197799682617188,16.263259887695312,-0.0019176228670403361,-0.009478536434471607,-0.000156416033860296,0.009671835228800774
rl,2,1,44,98,0.88,-1.0916976928710938,-1.301709532737732,0.44472384452819824,0.237263485789299,-0.0982830822467804,-0.7070721387863159,0.7522662281990051,-1.3889763355255127,0.6645171642303467,1.2919814586639404,-0.7613842487335205,-0.2227971851825714,16.204784393310547,16.224191665649414,-0.0014135444071143866,-0.007343113422393799,-6.648420094279572e-05,0.007478224579244852
rl,3,1,43,98,0.86,-1.0493501424789429,1.0409985780715942,0.41128748655319214,0.37053775787353516,-0.2657395303249359,-0.723301887512207,0.8550329804420471,-2.3564696311950684,3.1112520694732666,1.2392442226409912,-0.1493391990661621,0.5044771432876587,16.212926864624023,16.221460342407227,-0.001623449381440878,-0.007595202885568142,-0.0001716333208605647,0.007768664509057999
lqr,0,1,30,98,0.6,2.5217719078063965,-0.4071193039417267,1.378380537033081,0.06687787920236588,0.04432914778590202,0.01990058831870556,0.0826665461063385,2.5344347953796387,-0.3987259864807129,1.3852686882019043,-0.7685327529907227,-0.28898367285728455,15.70195484161377,15.723407745361328,-0.0021424274891614914,-0.009287599474191666,-0.0006039015133865178,0.009550612419843674
lqr,1,1,31,98,0.62,-0.3354070782661438,2.1280643939971924,1.3390716314315796,-0.07134861499071121,0.039514947682619095,0.01525866985321045,0.08297519385814667,-0.34891653060913086,2.135545492172241,1.345080852508545,0.3457878828048706,-0.25152111053466797,15.757787704467773,15.763587951660156,-0.0016824702033773065,-0.006954309996217489,-0.00019146411796100438,0.007157499436289072
lqr,2,1,44,98,0.88,-1.3888188600540161,0.662344217300415,1.288533091545105,-0.0008345745736733079,0.011480506509542465,0.0017332300776615739,0.011640559881925583,-1.3889763355255127,0.6645171642303467,1.2919814586639404,-0.2824421525001526,-0.0032775625586509705,15.861516952514648,15.864031791687012,-0.0014185963664203882,-0.007299870252609253,-2.8300302801653743e-05,0.0074364859610795975
lqr,3,1,43,98,0.86,-2.3550047874450684,3.10878586769104,1.23581063747406,-0.007743238005787134,0.013024254702031612,0.0016535840695723891,0.015242154709994793,-2.3564696311950684,3.1112520694732666,1.2392442226409912,-0.25270211696624756,0.030361834913492203,15.86308479309082,15.865126609802246,-0.0024630685802549124,-0.007381227798759937,-0.00010893015860347077,0.0077821011655032635
rl,0,1,31,99,0.62,1.300782322883606,-1.32562255859375,0.6653013229370117,0.14028261601924896,-0.09504339843988419,-0.5909934043884277,0.6148054003715515,2.5344347953796387,-0.3987259864807129,1.3852686882019043,1.2882258892059326,1.5513546466827393,16.228364944458008,16.353166580200195,-0.002558961510658264,-0.007861505262553692,6.923416367499158e-05,0.008267789147794247
rl,1,1,32,99,0.64,1.1934850215911865,1.1173783540725708,0.5793782472610474,-0.05243691802024841,-0.1701606810092926,-0.8157846331596375,0.8349903225898743,-0.34891653060913086,2.135545492172241,1.345080852508545,1.287064552307129,1.5397154092788696,14.999068260192871,15.132722854614258,-0.0027839180547744036,-0.009367140009999275,-1.6081305147963576e-05,0.009772091172635555
rl,2,1,45,99,0.9,-1.0842770338058472,-1.3042421340942383,0.4232619106769562,0.2524038255214691,-0.07747548818588257,-0.7195565700531006,0.7664670944213867,-1.3889763355255127,0.6645171642303467,1.2919814586639404,0.5200303196907043,1.2007111310958862,15.212096214294434,15.268267631530762,-0.0019470889819785953,-0.008096305653452873,-3.002606717927847e-05,0.008327197283506393
rl,3,1,44,99,0.88,-1.0376780033111572,1.0334101915359497,0.3897130787372589,0.3983563780784607,-0.2465507537126541,-0.717068612575531,0.8565409779548645,-2.3564696311950684,3.1112520694732666,1.2392442226409912,1.2039856910705566,1.1054507493972778,16.235042572021484,16.317113876342773,-0.002429889515042305,-0.007874089293181896,-4.458757030079141e-05,0.008240608498454094
lqr,0,1,31,99,0.62,2.523583173751831,-0.4059183597564697,1.3789198398590088,0.05731100216507912,0.03798671066761017,0.017052670940756798,0.07084020972251892,2.5344347953796387,-0.3987259864807129,1.3852686882019043,-0.6951587200164795,-0.2326153665781021,15.726716995239258,15.743791580200195,-0.0022847773507237434,-0.009119290858507156,-0.0005201498861424625,0.009415531530976295
lqr,1,1,32,99,0.64,-0.337339848279953,2.1291351318359375,1.3394848108291626,-0.06114126741886139,0.03386090323328972,0.013075449503958225,0.0711040273308754,-0.34891653060913086,2.135545492172241,1.345080852508545,0.2516319155693054,-0.20155689120292664,15.774917602539062,15.77821159362793,-0.0018107120413333178,-0.007121370639652014,-0.00015513646940235049,0.0073496028780937195
lqr,2,1,45,99,0.9,-1.3888412714004517,0.6626550555229187,1.288580060005188,-0.0007151595782488585,0.009838794358074665,0.0014855527551844716,0.009975980967283249,-1.3889763355255127,0.6645171642303467,1.2919814586639404,-0.2901706099510193,0.0120723657310009,15.86350154876709,15.86616039276123,-0.0014339888002723455,-0.0073377881199121475,-1.2991922631044872e-05,0.007476605009287596
lqr,3,1,44,99,0.88,-2.3552145957946777,3.1091396808624268,1.2358555793762207,-0.0066345129162073135,0.01116058137267828,0.0014177144039422274,0.013060828670859337,-2.3564696311950684,3.1112520694732666,1.2392442226409912,-0.2692412734031677,0.048361197113990784,15.864503860473633,15.866862297058105,-0.0024532375391572714,-0.007419027388095856,-8.982916187960654e-05,0.007814628072082996
rl,0,1,32,100,0.64,1.3049449920654297,-1.3290296792984009,0.647024929523468,0.13799726963043213,-0.12285477668046951,-0.6183236241340637,0.6453376412391663,2.5344347953796387,-0.3987259864807129,1.3852686882019043,-0.31863707304000854,-1.451737403869629,14.406007766723633,14.482477188110352,-0.002768113510683179,-0.007659238297492266,0.00012875092215836048,0.008145119063556194
rl,1,1,33,100,0.66,1.1924680471420288,1.112829566001892,0.554263710975647,-0.024617785587906837,-0.14236266911029816,-0.8478387594223022,0.8600603342056274,-0.34891653060913086,2.135545492172241,1.345080852508545,1.2919925451278687,1.5402520895004272,14.165459632873535,14.307406425476074,-0.0035587705206125975,-0.007913831621408463,0.00019403331680223346,0.00867935549467802
rl,2,1,46,100,0.92,-1.0772607326507568,-1.3067644834518433,0.4017033874988556,0.22461329400539398,-0.08738090842962265,-0.7181476354598999,0.757510781288147,-1.3889763355255127,0.6645171642303467,1.2919814586639404,-1.8176195621490479,-0.4499970078468323,15.92400074005127,16.033716201782227,-0.0024404642172157764,-0.008493774570524693,3.563051359378733e-05,0.008837495930492878
rl,3,1,45,100,0.9,-1.0254878997802734,1.026390552520752,0.36832571029663086,0.41033458709716797,-0.22770778834819794,-0.7108334898948669,0.8517684936523438,-2.3564696311950684,3.1112520694732666,1.2392442226409912,0.34253260493278503,1.08983314037323,16.21949005126953,16.259672164916992,-0.0031654455233365297,-0.0076546682976186275,0.00011241344327572733,0.008284118957817554
lqr,0,1,32,100,0.64,2.5251362323760986,-0.40488922595977783,1.3793816566467285,0.049110282212495804,0.0325513519346714,0.014612250030040741,0.06070360913872719,2.5344347953796387,-0.3987259864807129,1.3852686882019043,-0.6337893009185791,-0.1838463544845581,15.747909545898438,15.761730194091797,-0.002405993640422821,-0.00897728931158781,-0.0004471732536330819,0.009304863400757313
lqr,1,1,33,100,0.66,-0.3389960527420044,2.130052089691162,1.3398391008377075,-0.0523943267762661,0.02901616320014,0.011203903704881668,0.060931358486413956,-0.34891653060913086,2.135545492172241,1.345080852508545,0.17004171013832092,-0.15822306275367737,15.789356231689453,15.791065216064453,-0.001922750030644238,-0.007254640571773052,-0.0001223475846927613,0.007506113965064287
lqr,2,1,46,100,0.92,-1.3888604640960693,0.6629214286804199,1.2886204719543457,-0.0006134156137704849,0.008431848138570786,0.0012717775534838438,0.008549254387617111,-1.3889763355255127,0.6645171642303467,1.2919814586639404,-0.29786428809165955,0.025409312918782234,15.864974975585938,15.867791175842285,-0.001446755020879209,-0.0073771970346570015,-6.031523298588581e-07,0.007517721503973007
lqr,3,1,45,100,0.9,-2.3553946018218994,3.1094419956207275,1.2358940839767456,-0.005684655625373125,0.009561430662870407,0.001214582473039627,0.011189794167876244,-2.3564696311950684,3.1112520694732666,1.2392442226409912,-0.2844567596912384,0.06439231336116791,15.865791320800781,15.8684720993042,-0.002438012510538101,-0.007457619532942772,-7.290525536518544e-05,0.007846356369554996
rl,0,1,33,101,0.66,1.3091946840286255,-1.3321592807769775,0.6283952593803406,0.14349046349525452,-0.09505315124988556,-0.6223225593566895,0.6456856727600098,2.5344347953796387,-0.3987259864807129,1.3852686882019043,0.07724872976541519,1.5543625354766846,15.66010570526123,15.7372465133667,-0.0023328419774770737,-0.008004702627658844,5.1112878281855956e-05,0.008337867446243763
rl,1,1,34,101,0.68,1.1922292709350586,1.108180046081543,0.5289264917373657,0.00039034889778122306,-0.16130131483078003,-0.8429410457611084,0.8582352995872498,-0.34891653060913086,2.135545492172241,1.345080852508545,1.103452444076538,-0.9717060327529907,16.164623260498047,16.231355667114258,-0.0034274559002369642,-0.007179360371083021,0.00025783749879337847,0.007959720678627491
rl,2,1,47,101,0.9400000000000001,-1.070357322692871,-1.3093194961547852,0.3802836537361145,0.23288030922412872,-0.08406838774681091,-0.7119136452674866,0.753738522529602,-1.3889763355255127,0.6645171642303467,1.2919814586639404,0.11301007866859436,0.2665526270866394,16.219511032104492,16.222095489501953,-0.0022547205444425344,-0.009386982768774033,-2.7507097911438905e-05,0.009654013440012932
rl,3,1,46,101,0.92,-1.0133782625198364,1.0192575454711914,0.34617698192596436,0.40031859278678894,-0.24279524385929108,-0.752021312713623,0.8858558535575867,-2.3564696311950684,3.1112520694732666,1.2392442226409912,-0.8027617931365967,-0.7492435574531555,13.647151947021484,13.691258430480957,-0.0030982387252151966,-0.007998475804924965,0.0001334999833488837,0.008578608743846416
lqr,0,1,33,101,0.66,2.5264668464660645,-0.40400734543800354,1.379777431488037,0.0420835018157959,0.027893751859664917,0.012522760778665543,0.05201828479766846,2.5344347953796387,-0.3987259864807129,1.3852686882019043,-0.5819761753082275,-0.14160555601119995,15.766158103942871,15.777531623840332,-0.002509132493287325,-0.00885789655148983,-0.000383681443054229,0.009214406833052635
lqr,1,1,34,101,0.68,-0.3404153883457184,2.13083815574646,1.3401423692703247,-0.04489900544285774,0.024865485727787018,0.009601296856999397,0.05221491679549217,-0.34891653060913086,2.135545492172241,1.345080852508545,0.09920915961265564,-0.1208210363984108,15.801857948303223,15.802631378173828,-0.0020212961826473475,-0.007359034847468138,-9.277008939534426e-05,0.007632145192474127
lqr,2,1,47,101,0.9400000000000001,-1.3888771533966064,0.663149893283844,1.2886552810668945,-0.0005262715276330709,0.00722620589658618,0.0010883838403970003,0.0073266359977424145,-1.3889763355255127,0.6645171642303467,1.2919814586639404,-0.30539199709892273,0.03701488673686981,15.866307258605957,15.86928939819336,-0.0014578098198398948,-0.007417972665280104,9.213398698193487e-06,0.007559868507087231
lqr,3,1,46,101,0.92,-2.35554838180542,3.109701633453369,1.2359271049499512,-0.004870065022259951,0.008194368332624435,0.0010408296948298812,0.009588980115950108,-2.3564696311950684,3.1112520694732666,1.2392442226409912,-0.2985038161277771,0.0784020870923996,15.86691665649414,15.869917869567871,-0.002418853109702468,-0.0074972533620893955,-5.7813042076304555e-05,0.007878007367253304
rl,0,1,34,102,0.68,1.3134574890136719,-1.3344547748565674,0.6098000407218933,0.1414070725440979,-0.0672549307346344,-0.6185941696166992,0.6381049752235413,2.5344347953796387,-0.3987259864807129,1.3852686882019043,-0.34507668018341064,1.5587493181228638,16.070785522460938,16.14988899230957,-0.0033837282098829746,-0.008362531661987305,0.00020751633564941585,0.009023559279739857
rl,1,1,35,102,0.7000000000000001,1.192466139793396,1.1038970947265625,0.502970814704895,0.01165306568145752,-0.13350145518779755,-0.876315712928772,0.8865031003952026,-0.34891653060913086,2.135545492172241,1.345080852508545,0.3884192109107971,1.5456128120422363,14.080694198608398,14.170594215393066,-0.002941386541351676,-0.007149010896682739,0.00021503097377717495,0.007733456324785948
rl,2,1,48,102,0.96,-1.0631234645843506,-1.3122401237487793,0.3580464720726013,0.24526940286159515,-0.10399145632982254,-0.7558967471122742,0.8014681339263916,-1.3889763355255127,0.6645171642303467,1.2919814586639404,0.3837079405784607,-0.9997856616973877,13.52246379852295,13.564801216125488,-0.0020804672967642546,-0.008761461824178696,-3.478796861600131e-05,0.009005152620375156
rl,3,1,47,102,0.9400000000000001,-1.0013036727905273,1.0117814540863037,0.32374104857444763,0.40358519554138184,-0.2524022161960602,-0.7457866668701172,0.8847517371177673,-2.3564696311950684,3.1112520694732666,1.2392442226409912,-0.14317330718040466,-0.43944495916366577,16.217632293701172,16.22421646118164,-0.002321385545656085,-0.008381768129765987,1.6335205145878717e-05,0.00869730580598116
lqr,0,1,34,102,0.68,2.527606725692749,-0.4032517373561859,1.3801164627075195,0.03606235608458519,0.023902585729956627,0.010730942711234093,0.04457555711269379,2.5344347953796387,-0.3987259864807129,1.3852686882019043,-0.5388460755348206,-0.10496500134468079,15.781659126281738,15.791204452514648,-0.0025967329274863005,-0.008757846429944038,-0.0003285104176029563,0.009140613488852978
lqr,1,1,35,102,0.7000000000000001,-0.341631680727005,2.131511926651001,1.3404024839401245,-0.03847578167915344,0.021307528018951416,0.008228594437241554,0.04474490135908127,-0.34891653060913086,2.135545492172241,1.345080852508545,0.03758463263511658,-0.08854105323553085,15.81248950958252,15.81278133392334,-0.002108517102897167,-0.0074388617649674416,-6.613910954911262e-05,0.007732197642326355
lqr,2,1,48,102,0.96,-1.3888914585113525,0.6633456349372864,1.2886847257614136,-0.0004501103248912841,0.006192624103277922,0.0009325166465714574,0.006278596818447113,-1.3889763355255127,0.6645171642303467,1.2919814586639404,-0.3127071261405945,0.0471738837659359,15.86758804321289,15.870738983154297,-0.0014679067535325885,-0.0074599264189600945,1.6759899153839797e-05,0.007602994795888662
lqr,3,1,47,102,0.9400000000000001,-2.355679988861084,3.1099226474761963,1.235954999923706,-0.004174818284809589,0.00702160969376564,0.0008920288528315723,0.008217531256377697,-2.3564696311950684,3.1112520694732666,1.2392442226409912,-0.3117459714412689,0.09081412851810455,15.867888450622559,15.871210098266602,-0.0023964301217347383,-0.00753830885514617,-4.434802394825965e-05,0.007910179905593395
rl,0,1,35,103,0.7000000000000001,1.3174858093261719,-1.3370282649993896,0.5902547240257263,0.13071227073669434,-0.09506775438785553,-0.6679630279541016,0.6872395277023315,2.5344347953796387,-0.3987259864807129,1.3852686882019043,-0.7752443552017212,-1.4489431381225586,13.210585594177246,13.312400817871094,-0.0032385392114520073,-0.008681443519890308,0.00020024855621159077,0.00926799327135086
rl,1,1,36,103,0.72,1.192920446395874,1.0994848012924194,0.47595641016960144,0.016878977417945862,-0.15387773513793945,-0.9125642776489258,0.9256008267402649,-0.34891653060913086,2.135545492172241,1.345080852508545,0.05852489918470383,-1.0510153770446777,13.929315567016602,13.969033241271973,-0.0029848210979253054,-0.007223783992230892,0.00024310759908985347,0.007819931022822857
rl,2,1,49,103,0.98,-1.0552661418914795,-1.3156813383102417,0.33481016755104065,0.27022990584373474,-0.12006961554288864,-0.7838686108589172,0.8377892971038818,-1.3889763355255127,0.6645171642303467,1.2919814586639404,1.0370255708694458,-0.7863692045211792,14.399784088134766,14.458477973937988,-0.0014171871589496732,-0.007785741705447435,-0.00010998101060977206,0.007914435118436813
rl,3,1,48,103,0.96,-0.9886397123336792,1.0040652751922607,0.30133238434791565,0.43140479922294617,-0.25962138175964355,-0.7475385069847107,0.9012919068336487,-2.3564696311950684,3.1112520694732666,1.2392442226409912,1.1819226741790771,-0.3110255300998688,15.812959671020508,15.860118865966797,-0.002094667637720704,-0.008287203498184681,-2.107332147716079e-05,0.008547854609787464
lqr,0,1,35,103,0.7000000000000001,2.528583526611328,-0.40260428190231323,1.3804070949554443,0.030903559178113937,0.02048279531300068,0.009196516126394272,0.03819883242249489,2.5344347953796387,-0.3987259864807129,1.3852686882019043,-0.5030466318130493,-0.07317094504833221,15.795068740844727,15.80324649810791,-0.0026710603851825,-0.008674447424709797,-0.00028062137425877154,0.009080713614821434
lqr,1,1,36,103,0.72,-0.34267401695251465,2.1320888996124268,1.3406254053115845,-0.03297153860330582,0.018258487805724144,0.007051866501569748,0.03834349289536476,-0.34891653060913086,2.135545492172241,1.345080852508545,-0.016330763697624207,-0.06043175607919693,15.821508407592773,15.821632385253906,-0.0021863288711756468,-0.007497906684875488,-4.2207117076031864e-05,0.0078102764673531055
lqr,2,1,49,103,0.98,-1.3889034986495972,0.6635133624076843,1.2887099981307983,-0.0003860175784211606,0.005306459031999111,0.0007988371653482318,0.005380116868764162,-1.3889763355255127,0.6645171642303467,1.2919814586639404,-0.3201557695865631,0.0560254268348217,15.868491172790527,15.871819496154785,-0.001477740122936666,-0.007502947002649307,2.230656536994502e-05,0.0076471189968287945
lqr,3,1,48,103,0.96,-2.355792999267578,3.1101136207580566,1.2359790802001953,-0.0035785208456218243,0.006017856765538454,0.0007650420302525163,0.007043131627142429,-2.3564696311950684,3.1112520694732666,1.2392442226409912,-0.32384538650512695,0.10152037441730499,15.868558883666992,15.872187614440918,-0.002371768234297633,-0.007580920122563839,-3.226484841434285e-05,0.007943341508507729
rl,0,1,36,104,0.72,1.3214975595474243,-1.339995265007019,0.5703404545783997,0.13523736596107483,-0.1008300855755806,-0.66172856092453,0.682891309261322,2.5344347953796387,-0.3987259864807129,1.3852686882019043,-0.0069810450077056885,-0.24591989815235138,16.21792984008789,16.21979522705078,-0.0021418449468910694,-0.008692518807947636,2.7562948162085377e-05,0.00895254872739315
rl,1,1,37,104,0.74,1.193636178970337,1.0952980518341064,0.4478917121887207,0.027356738224625587,-0.13239827752113342,-0.9469548463821411,0.9565569758415222,-0.34891653060913086,2.135545492172241,1.345080852508545,0.3350428640842438,1.2089955806732178,14.026244163513184,14.082239151000977,-0.0024726076517254114,-0.007327173836529255,0.0001644133881200105,0.0077348751947283745
rl,2,1,50,104,1.0,-1.0466029644012451,-1.319758415222168,0.31097128987312317,0.2980455756187439,-0.1438174992799759,-0.8000088334083557,0.8657532930374146,-1.3889763355255127,0.6645171642303467,1.2919814586639404,1.1711574792861938,-1.1955701112747192,15.044170379638672,15.13697624206543,-0.0010465587256476283,-0.007078804541379213,-0.00015488534700125456,0.007157425861805677
rl,3,1,49,104,0.98,-0.9753323793411255,0.9964152574539185,0.27865153551101685,0.4496745765209198,-0.2526991069316864,-0.7602722644805908,0.9187371730804443,-2.3564696311950684,3.1112520694732666,1.2392442226409912,0.6721951961517334,0.45082205533981323,15.206583976745605,15.228108406066895,-0.0021664851810783148,-0.007659439463168383,8.41856308397837e-06,0.007959946058690548
lqr,0,1,36,104,0.72,2.5294206142425537,-0.40204936265945435,1.380656123161316,0.026481620967388153,0.017552264034748077,0.007880816236138344,0.0327332466840744,2.5344347953796387,-0.3987259864807129,1.3852686882019043,-0.4736918807029724,-0.045463405549526215,15.80640983581543,15.81357192993164,-0.0027339626103639603,-0.008605346083641052,-0.00023909985611680895,0.00903236959129572
lqr,1,1,37,104,0.74,-0.3435671627521515,2.1325836181640625,1.3408161401748657,-0.028254713863134384,0.015646304935216904,0.006043491419404745,0.03285817429423332,-0.34891653060913086,2.135545492172241,1.345080852508545,-0.06387171149253845,-0.03595346957445145,15.829306602478027,15.829476356506348,-0.0022564874961972237,-0.007539765443652868,-2.0745153960888274e-05,0.007870211265981197
lqr,2,1,50,104,1.0,-1.388913869857788,0.6636569499969482,1.2887318134307861,-0.0003302102268207818,0.004548124503344297,0.000683958234731108,0.00461110332980752,-1.3889763355255127,0.6645171642303467,1.2919814586639404,-0.32728448510169983,0.06393347680568695,15.869278907775879,15.872782707214355,-0.0014879137743264437,-0.007546823006123304,2.609084731375333e-05,0.007692145649343729
lqr,3,1,49,104,0.98,-2.3558897972106934,3.110276699066162,1.2359998226165771,-0.003067341400310397,0.005156444385647774,0.0006558294990099967,0.00603552907705307,-2.3564696311950684,3.1112520694732666,1.2392442226409912,-0.3353688716888428,0.1109723150730133,15.869144439697266,15.873075485229492,-0.002345508662983775,-0.007625123951584101,-2.1403002392617054e-05,0.00797774363309145
rl,0,1,37,105,0.74,1.3255747556686401,-1.3432774543762207,0.550613284111023,0.13623015582561493,-0.1136835440993309,-0.655493974685669,0.6790839433670044,2.5344347953796387,-0.3987259864807129,1.3852686882019043,-0.2059614062309265,-0.6264874935150146,16.216489791870117,16.229894638061523,-0.0019972436130046844,-0.008850614540278912,-2.266175943077542e-05,0.009073195047676563
rl,1,1,38,105,0.76,1.1949628591537476,1.0917869806289673,0.4194430410861969,0.05267751216888428,-0.10936225950717926,-0.948957085609436,0.9566894173622131,-0.34891653060913086,2.135545492172241,1.345080852508545,1.1002131700515747,1.3019325733184814,15.786588668823242,15.87834644317627,-0.0031702211126685143,-0.007229435723274946,0.00028062076307833195,0.007898974232375622
rl,2,1,51,105,1.02,-1.0371055603027344,-1.323690414428711,0.2866946756839752,0.32586023211479187,-0.12468452751636505,-0.8138276934623718,0.885464072227478,-1.3889763355255127,0.6645171642303467,1.2919814586639404,1.162770390510559,1.1192084550857544,15.156546592712402,15.242229461669922,-0.0012411593925207853,-0.006720526609569788,-0.00012694128963630646,0.006835354026407003
rl,3,1,50,105,1.0,-0.9618739485740662,0.9886292219161987,0.2559680938720703,0.44808411598205566,-0.26294898986816406,-0.7540367245674133,0.9156925678253174,-2.3564696311950684,3.1112520694732666,1.2392442226409912,-0.42755043506622314,-0.4678937792778015,16.212257385253906,16.224641799926758,-0.002304239897057414,-0.007824113592505455,2.8783544621546753e-05,0.008156415075063705
lqr,0,1,37,105,0.74,2.5301382541656494,-0.4015738368034363,1.3808701038360596,0.022693529725074768,0.015040822327136993,0.006753087509423494,0.028050433844327927,2.5344347953796387,-0.3987259864807129,1.3852686882019043,-0.44953691959381104,-0.021309763193130493,15.816089630126953,15.822491645812988,-0.0027870822232216597,-0.008548509329557419,-0.00020312561537139118,0.008993670344352722
lqr,1,1,38,105,0.76,-0.3443324565887451,2.133007287979126,1.3409801721572876,-0.02421308122575283,0.013407744467258453,0.005179265979677439,0.028157871216535568,-0.34891653060913086,2.135545492172241,1.345080852508545,-0.10561852157115936,-0.014522578567266464,15.83570671081543,15.836065292358398,-0.0023203056771308184,-0.007567387539893389,-1.5732814517832594e-06,0.007915123365819454
lqr,2,1,51,105,1.02,-1.3889230489730835,0.6637800335884094,1.2887499332427979,-0.00028249123715795577,0.0038977910298854113,0.0005867748404853046,0.003951820079237223,-1.3889763355255127,0.6645171642303467,1.2919814586639404,-0.33447179198265076,0.07077929377555847,15.870044708251953,15.873726844787598,-0.0014988654293119907,-0.0075912983156740665,2.832239624694921e-05,0.007737907115370035
lqr,3,1,50,105,1.0,-2.3559720516204834,3.110416889190674,1.2360175848007202,-0.0026299261953681707,0.004417454823851585,0.0005619606235995889,0.005171674769371748,-2.3564696311950684,3.1112520694732666,1.2392442226409912,-0.34632599353790283,0.11945143342018127,15.869619369506836,15.873847961425781,-0.0023183037992566824,-0.007671135477721691,-1.1606600310187787e-05,0.008013799786567688
rl,0,1,38,106,0.76,1.3295832872390747,-1.3463354110717773,0.5310731530189514,0.1323259323835373,-0.09603821486234665,-0.6492581367492676,0.669529378414154,2.5344347953796387,-0.3987259864807129,1.3852686882019043,-0.4784281849861145,1.0206609964370728,16.20514488220215,16.24430274963379,-0.0021522052120417356,-0.009105288423597813,-3.161504719173536e-05,0.009356241673231125
rl,1,1,39,106,0.78,1.196114420890808,1.0884811878204346,0.39066949486732483,0.03124382346868515,-0.11060985177755356,-0.9641914367675781,0.9710179567337036,-0.34891653060913086,2.135545492172241,1.345080852508545,-1.4165728092193604,-0.007138524204492569,15.034454345703125,15.101044654846191,-0.0033611219841986895,-0.007698366418480873,0.00031500295153819025,0.008406022563576698
rl,2,1,52,106,1.04,-1.0278855562210083,-1.3272161483764648,0.2624046206474304,0.2980663776397705,-0.11395099014043808,-0.8075884580612183,0.8683475852012634,-1.3889763355255127,0.6645171642303467,1.2919814586639404,-1.866966724395752,0.6743154525756836,16.17317008972168,16.294530868530273,-0.0022467682138085365,-0.007441143970936537,1.001235159492353e-05,0.007772946264594793
rl,3,1,51,106,1.02,-0.9489873647689819,0.9812966585159302,0.23249922692775726,0.4202934801578522,-0.23514747619628906,-0.7964256405830383,0.9307172894477844,-2.3564696311950684,3.1112520694732666,1.2392442226409912,-1.791751503944397,1.5731096267700195,13.547717094421387,13.755932807922363,-0.002483062446117401,-0.008698789402842522,2.3070224415278062e-05,0.009046274237334728
lqr,0,1,38,106,0.76,2.5307528972625732,-0.4011664092540741,1.381052851676941,0.01944621279835701,0.012888777069747448,0.00578546104952693,0.02403637394309044,2.5344347953796387,-0.3987259864807129,1.3852686882019043,-0.4294590950012207,-0.00033540651202201843,15.824479103088379,15.830305099487305,-0.002831753110513091,-0.008502108044922352,-0.0001719821011647582,0.008962936699390411
lqr,1,1,39,106,0.78,-0.3449883460998535,2.1333706378936768,1.3411203622817993,-0.02074969932436943,0.011488917283713818,0.004437506664544344,0.024129582569003105,-0.34891653060913086,2.135545492172241,1.345080852508545,-0.142357736825943,0.003985382616519928,15.841322898864746,15.841962814331055,-0.002378982724621892,-0.007583153899759054,1.5490955775021575e-05,0.007947579957544804
lqr,2,1,52,106,1.04,-1.3889306783676147,0.6638858318328857,1.2887662649154663,-0.00024117193243000656,0.0033405106514692307,0.0005025934078730643,0.0033867056481540203,-1.3889763355255127,0.6645171642303467,1.2919814586639404,-0.34153497219085693,0.0768183022737503,15.870387077331543,15.874247550964355,-0.0015110354870557785,-0.007636186201125383,2.918466088885907e-05,0.007784306071698666
lqr,3,1,51,106,1.02,-2.3560433387756348,3.110536575317383,1.2360328435897827,-0.0022556930780410767,0.0037846355699002743,0.00048177168355323374,0.0044321236200630665,-2.3564696311950684,3.1112520694732666,1.2392442226409912,-0.3566078841686249,0.12702536582946777,15.870004653930664,15.874519348144531,-0.0022908884566277266,-0.007719029672443867,-2.731434506131336e-06,0.008051807060837746
rl,0,1,39,107,0.78,1.3334695100784302,-1.3486605882644653,0.5117201805114746,0.12817524373531342,-0.06823890656232834,-0.6430220007896423,0.6592137217521667,2.5344347953796387,-0.3987259864807129,1.3852686882019043,-0.5004618167877197,1.5711668729782104,16.202089309692383,16.285781860351562,-0.003069687867537141,-0.009381623938679695,9.396216046297923e-05,0.009871507994830608
rl,1,1,40,107,0.8,1.1976078748703003,1.085247278213501,0.36126694083213806,0.05906374007463455,-0.10640296339988708,-0.9880319237709045,0.9954984784126282,-0.34891653060913086,2.135545492172241,1.345080852508545,1.2409565448760986,0.28729447722435,14.615726470947266,14.671127319335938,-0.0029635580722242594,-0.00824147928506136,0.00023951864568516612,0.008761393837630749
rl,2,1,53,107,1.06,-1.0188106298446655,-1.3305405378341675,0.23819798231124878,0.3047179877758026,-0.10925471037626266,-0.8065358400344849,0.8690740466117859,-1.3889763355255127,0.6645171642303467,1.2919814586639404,-0.0112571120262146,0.34944310784339905,15.937628746032715,15.941463470458984,-0.002622164785861969,-0.008851093240082264,3.333901986479759e-05,0.00923139788210392
rl,3,1,52,107,1.04,-0.9360906481742859,0.9743841290473938,0.20789344608783722,0.4346930682659149,-0.22806711494922638,-0.8320744037628174,0.9660851359367371,-2.3564696311950684,3.1112520694732666,1.2392442226409912,0.468210905790329,0.45945993065834045,13.966715812683105,13.982112884521484,-0.003081157337874174,-0.00885817315429449,0.00011787458061007783,0.009379480965435505
lqr,0,1,39,107,0.78,2.5312793254852295,-0.40081727504730225,1.3812097311019897,0.016664106398820877,0.011044885963201523,0.004958512727171183,0.0205977875739336,2.5344347953796387,-0.3987259864807129,1.3852686882019043,-0.4133273959159851,0.018036741763353348,15.83180046081543,15.837204933166504,-0.0028691396582871675,-0.008464409038424492,-0.0001450325653422624,0.008938636630773544
lqr,1,1,40,107,0.8,-0.34555041790008545,2.1336817741394043,1.3412405252456665,-0.017781857401132584,0.009845472872257233,0.0038024813402444124,0.020678168162703514,-0.34891653060913086,2.135545492172241,1.345080852508545,-0.1748620569705963,0.020481064915657043,15.84605884552002,15.847036361694336,-0.002433374524116516,-0.007589259650558233,3.0591574613936245e-05,0.007969887927174568
lqr,2,1,53,107,1.06,-1.3889368772506714,0.6639764308929443,1.288779616355896,-0.00020691940153483301,0.0028614806942641735,0.0004305304610170424,0.002901076339185238,-1.3889763355255127,0.6645171642303467,1.2919814586639404,-0.3492898643016815,0.08231526613235474,15.870935440063477,15.874992370605469,-0.0015246763359755278,-0.0076813590712845325,2.8831807867391035e-05,0.007831267081201077
lqr,3,1,52,107,1.04,-2.356104850769043,3.1106390953063965,1.2360460758209229,-0.001932438462972641,0.003242132719606161,0.00041214164230041206,0.0037967886310070753,-2.3564696311950684,3.1112520694732666,1.2392442226409912,-0.36635294556617737,0.133700430393219,15.870266914367676,15.875057220458984,-0.0022637543734163046,-0.007768674753606319,5.341523774404777e-06,0.008091781288385391
rl,0,1,40,108,0.8,1.3373881578445435,-1.3512638807296753,0.49199461936950684,0.13185349106788635,-0.09605120122432709,-0.664770781993866,0.6844935417175293,2.5344347953796387,-0.3987259864807129,1.3852686882019043,-0.060809262096881866,-1.4326115846633911,14.7131929397583,14.782899856567383,-0.003087000222876668,-0.009298361837863922,0.00011843672837130725,0.009798118844628334
rl,1,1,41,108,0.8200000000000001,1.1999356746673584,1.0817499160766602,0.3308597803115845,0.08687999844551086,-0.1216798946261406,-1.0263444185256958,1.0371774435043335,-0.34891653060913086,2.135545492172241,1.345080852508545,1.2484915256500244,-0.7648069858551025,13.840048789978027,13.917277336120605,-0.0025506846141070127,-0.007217691745609045,0.00021273328457027674,0.007658088579773903
rl,2,1,54,108,1.08,-1.009538173675537,-1.3332619667053223,0.21371038258075714,0.31125688552856445,-0.08145523816347122,-0.8211109042167664,0.8818950653076172,-1.3889763355255127,0.6645171642303467,1.2919814586639404,-0.005370080471038818,1.5931731462478638,15.086771011352539,15.170658111572266,-0.0029867319390177727,-0.008709573186933994,0.00011158529378008097,0.009208131581544876
rl,3,1,53,108,1.06,-0.922493577003479,0.9671669602394104,0.18305589258670807,0.46251168847084045,-0.2468215972185135,-0.8258423209190369,0.9781888723373413,-2.3564696311950684,3.1112520694732666,1.2392442226409912,1.1340388059616089,-0.9190427660942078,16.250185012817383,16.315610885620117,-0.00270059029571712,-0.00800297874957323,0.00010880565969273448,0.008447052910923958
lqr,0,1,40,108,0.8,2.5317306518554688,-0.40051811933517456,1.3813438415527344,0.014279748313128948,0.00946491863578558,0.004249202087521553,0.017650824040174484,2.5344347953796387,-0.3987259864807129,1.3852686882019043,-0.40066659450531006,0.03419541195034981,15.83792495727539,15.843029022216797,-0.0029002816881984472,-0.008434309624135494,-0.00012172428250778466,0.008919866755604744
lqr,1,1,41,108,0.8200000000000001,-0.34603211283683777,2.13394832611084,1.341343641281128,-0.015238247811794281,0.008437680080533028,0.003258772660046816,0.017720559611916542,-0.34891653060913086,2.135545492172241,1.345080852508545,-0.2036781758069992,0.034822978079319,15.85011100769043,15.851457595825195,-0.0024843839928507805,-0.007587615866214037,4.3881394958589226e-05,0.007984109222888947
lqr,2,1,54,108,1.08,-1.3889424800872803,0.6640539169311523,1.2887917757034302,-0.00017783785006031394,0.0024518186692148447,0.00036800140514969826,0.0024856519885361195,-1.3889763355255127,0.6645171642303467,1.2919814586639404,-0.35676270723342896,0.08735072612762451,15.87114143371582,15.875391006469727,-0.0015402281424030662,-0.007726863957941532,2.742186734394636e-05,0.007878926582634449
lqr,3,1,53,108,1.06,-2.3561573028564453,3.1107265949249268,1.2360572814941406,-0.0016544440295547247,0.002778833033517003,0.0003523802733980119,0.0032531938049942255,-2.3564696311950684,3.1112520694732666,1.2392442226409912,-0.3759201169013977,0.1397961676120758,15.870484352111816,15.875551223754883,-0.00223737140186131,-0.007820121012628078,1.2712246643786784e-05,0.008133897557854652
rl,0,1,41,109,0.8200000000000001,1.3413609266281128,-1.3535892963409424,0.4717845618724823,0.1327356994152069,-0.06825000792741776,-0.6781176924705505,0.694348931312561,2.5344347953796387,-0.3987259864807129,1.3852686882019043,-0.22703684866428375,1.571560263633728,15.149578094482422,15.232565879821777,-0.0025275968946516514,-0.008914734236896038,4.6896780986571684e-05,0.009266252629458904
rl,1,1,42,109,0.84,1.2030982971191406,1.0781190395355225,0.2999541461467743,0.11469404399394989,-0.1207101121544838,-1.0321096181869507,1.0454548597335815,-0.34891653060913086,2.135545492172241,1.345080852508545,1.2107189893722534,0.12098922580480576,15.59240436553955,15.639806747436523,-0.0020857821218669415,-0.006677718833088875,0.00015138887101784348,0.0069975233636796474
rl,2,1,55,109,1.1,-0.9996440410614014,-1.3356062173843384,0.18888111412525177,0.33907657861709595,-0.07646968960762024,-0.8309069871902466,0.9006813764572144,-1.3889763355255127,0.6645171642303467,1.2919814586639404,1.1285970211029053,0.36719781160354614,15.379956245422363,15.425681114196777,-0.00340258632786572,-0.008221456781029701,0.0002247628290206194,0.008900587446987629
rl,3,1,54,109,1.08,-0.908410906791687,0.9602592587471008,0.1574656218290329,0.47288021445274353,-0.22197091579437256,-0.8665911555290222,1.011863112449646,-2.3564696311950684,3.1112520694732666,1.2392442226409912,0.24459125101566315,1.4207109212875366,13.681220054626465,13.756962776184082,-0.00249379756860435,-0.007561016827821732,9.770418546395376e-05,0.007962257601320744
lqr,0,1,41,109,0.8200000000000001,2.5321171283721924,-0.4002618193626404,1.3814589977264404,0.012239987030625343,0.008111114613711834,0.0036409751046448946,0.015128256753087044,2.5344347953796387,-0.3987259864807129,1.3852686882019043,-0.39060282707214355,0.04844912886619568,15.842998504638672,15.84788703918457,-0.0029260783921927214,-0.008410693146288395,-0.00010156824282603338,0.008905728347599506
lqr,1,1,42,109,0.84,-0.34644484519958496,2.134176731109619,1.341431975364685,-0.013058710843324661,0.007230548653751612,0.002792542101815343,0.015185817144811153,-0.34891653060913086,2.135545492172241,1.345080852508545,-0.22941608726978302,0.04752744361758232,15.8535795211792,15.855310440063477,-0.0025325140450149775,-0.007579891476780176,5.546634929487482e-05,0.007991962134838104
lqr,2,1,55,109,1.1,-1.3889470100402832,0.6641204953193665,1.2888015508651733,-0.00015203554357867688,0.0021007463801652193,0.00031486357329413295,0.0021296453196555376,-1.3889763355255127,0.6645171642303467,1.2919814586639404,-0.36425480246543884,0.09176386892795563,15.871474266052246,15.8759183883667,-0.0015578570310026407,-0.007772195618599653,2.5096998797380365e-05,0.007926826365292072
lqr,3,1,54,109,1.08,-2.3562021255493164,3.1108012199401855,1.2360669374465942,-0.0014163610758259892,0.0023833452723920345,0.0003022999153472483,0.002788870595395565,-2.3564696311950684,3.1112520694732666,1.2392442226409912,-0.38509082794189453,0.1451549082994461,15.870704650878906,15.876039505004883,-0.0022122557274997234,-0.007873402908444405,1.946100383065641e-05,0.008178320713341236
rl,0,1,42,110,0.84,1.3457798957824707,-1.3550809621810913,0.45082855224609375,0.15457966923713684,-0.0404512993991375,-0.7087445855140686,0.7265328764915466,2.5344347953796387,-0.3987259864807129,1.3852686882019043,0.9133044481277466,1.5697391033172607,14.238152503967285,14.353507995605469,-0.0034411896485835314,-0.008452456444501877,0.00021310659940354526,0.00912859383970499
rl,1,1,43,110,0.86,1.2066606283187866,1.0745187997817993,0.2682564854621887,0.120777428150177,-0.11966349929571152,-1.0688250064849854,1.0822631120681763,-0.34891653060913086,2.135545492172241,1.345080852508545,0.06435839831829071,0.11966146528720856,13.900982856750488,13.901646614074707,-0.002202883129939437,-0.006807289086282253,0.0001539957447675988,0.007156507112085819
rl,2,1,56,110,1.12,-0.9897183179855347,-1.3379751443862915,0.16407862305641174,0.3267548978328705,-0.08020850270986557,-0.8246701955795288,0.8906643986701965,-1.3889763355255127,0.6645171642303467,1.2919814586639404,-1.0645722150802612,-0.09508520364761353,16.19466781616211,16.229900360107422,-0.003055260516703129,-0.008128894492983818,0.00020647367637138814,0.0086865508928895
rl,3,1,55,110,1.1,-0.8936684727668762,0.953697919845581,0.13159257173538208,0.5006973147392273,-0.21708233654499054,-0.8603578805923462,1.0188416242599487,-2.3564696311950684,3.1112520694732666,1.2392442226409912,1.1200679540634155,0.3615150451660156,16.243789672851562,16.286373138427734,-0.0030489619821310043,-0.00732350442558527,0.0002063569554593414,0.007935520261526108
lqr,0,1,42,110,0.84,2.5324485301971436,-0.4000420868396759,1.3815573453903198,0.010488987900316715,0.006950778421014547,0.0031209629960358143,0.012964281253516674,2.5344347953796387,-0.3987259864807129,1.3852686882019043,-0.3834156394004822,0.061003491282463074,15.847579956054688,15.852334976196289,-0.002947278553619981,-0.00839279219508171,-8.414591138716787e-05,0.008895644918084145
lqr,1,1,43,110,0.86,-0.3467985987663269,2.1343727111816406,1.3415076732635498,-0.011190962977707386,0.006195752881467342,0.002391980728134513,0.013013322837650776,-0.34891653060913086,2.135545492172241,1.345080852508545,-0.2524288296699524,0.058779194951057434,15.856380462646484,15.858498573303223,-0.0025783167220652103,-0.007567598018795252,6.546558870468289e-05,0.007995031774044037
lqr,2,1,56,110,1.12,-1.388951063156128,0.664177417755127,1.2888103723526,-0.0001308026839978993,0.0017992098582908511,0.0002696856390684843,0.0018240053905174136,-1.3889763355255127,0.6645171642303467,1.2919814586639404,-0.3717327117919922,0.09581676870584488,15.87161922454834,15.876260757446289,-0.0015776572981849313,-0.007817141711711884,2.1963238395983353e-05,0.007974784821271896
lqr,3,1,55,110,1.1,-2.3562405109405518,3.110865831375122,1.2360752820968628,-0.001212422619573772,0.002044761087745428,0.00025815184926614165,0.002391162561252713,-2.3564696311950684,3.1112520694732666,1.2392442226409912,-0.3940508961677551,0.15006425976753235,15.870710372924805,15.876310348510742,-0.002188613172620535,-0.007928448729217052,2.564114038250409e-05,0.00822502188384533
rl,0,1,43,111,0.86,1.3500308990478516,-1.3566042184829712,0.4290042221546173,0.13526444137096405,-0.055938269942998886,-0.7368467450141907,0.7512447237968445,2.5344347953796387,-0.3987259864807129,1.3852686882019043,-1.3159880638122559,-0.7616010904312134,14.34393310546875,14.424294471740723,-0.0033926977775990963,-0.008143548853695393,0.0002502512070350349,0.008825554512441158
rl,1,1,44,111,0.88,1.2106438875198364,1.071197271347046,0.23593106865882874,0.1387884020805359,-0.10624960064888,-1.0818575620651245,1.0958863496780396,-0.34891653060913086,2.135545492172241,1.345080852508545,0.677367627620697,0.7945665717124939,15.187873840332031,15.22372055053711,-0.002404486294835806,-0.007098840549588203,0.0001662708236835897,0.007496848702430725
rl,2,1,57,111,1.1400000000000001,-0.9798258543014526,-1.3402626514434814,0.1387297809123993,0.33124783635139465,-0.0742836743593216,-0.8551080226898193,0.920028805732727,-1.3889763355255127,0.6645171642303467,1.2919814586639404,-0.11638060212135315,0.41558772325515747,14.23551082611084,14.242051124572754,-0.002764743519946933,-0.008762297220528126,0.00014731156989000738,0.009189306758344173
rl,3,1,56,111,1.12,-0.8782196044921875,0.9477415680885315,0.10590648651123047,0.5220968723297119,-0.18928396701812744,-0.8541231751441956,1.0187934637069702,-2.3564696311950684,3.1112520694732666,1.2392442226409912,0.7673378586769104,1.6004810333251953,16.228282928466797,16.325057983398438,-0.0033388896845281124,-0.007256418466567993,0.0002759373455774039,0.007992492988705635
lqr,0,1,43,111,0.86,2.5327324867248535,-0.3998538553714752,1.3816418647766113,0.00898966658860445,0.005956526845693588,0.002674997551366687,0.011110802181065083,2.5344347953796387,-0.3987259864807129,1.3852686882019043,-0.3780917227268219,0.07219720631837845,15.851357460021973,15.856030464172363,-0.0029645406175404787,-0.008379790931940079,-6.908786599524319e-05,0.008888991549611092
lqr,1,1,44,111,0.88,-0.3471016585826874,2.13454008102417,1.3415721654891968,-0.009590509347617626,0.005310736130923033,0.0020501187536865473,0.01115279272198677,-0.34891653060913086,2.135545492172241,1.345080852508545,-0.27315863966941833,0.0689222440123558,15.85887622833252,15.861377716064453,-0.0026222621090710163,-0.007552022114396095,7.399114838335663e-05,0.00799467135220766
lqr,2,1,57,111,1.1400000000000001,-1.3889548778533936,0.6642260551452637,1.2888175249099731,-0.00011131945939268917,0.0015420435229316354,0.00023060102830640972,0.0015631592832505703,-1.3889763355255127,0.6645171642303467,1.2919814586639404,-0.3791158199310303,0.0995693951845169,15.871782302856445,15.87662124633789,-0.0015997857553884387,-0.00786128081381321,1.8149681636714377e-05,0.008022429421544075
lqr,3,1,56,111,1.12,-2.3562729358673096,3.1109213829040527,1.2360825538635254,-0.0010400267783552408,0.0017526759766042233,0.00022023575729690492,0.0020498859230428934,-2.3564696311950684,3.1112520694732666,1.2392442226409912,-0.40286242961883545,0.15439188480377197,15.870804786682129,15.876667976379395,-0.002166753401979804,-0.007985138334333897,3.1301649869419634e-05,0.008273948915302753
rl,0,1,44,112,0.88,1.3538094758987427,-1.3577260971069336,0.40679019689559937,0.12128886580467224,-0.028138743713498116,-0.7422760128974915,0.752646267414093,2.5344347953796387,-0.3987259864807129,1.3852686882019043,-1.0590342283248901,1.582236886024475,15.55968189239502,15.675737380981445,-0.0029931101016700268,-0.009028264321386814,0.0001640256232349202,0.009512894786894321
rl,1,1,45,112,0.9,1.2152785062789917,1.068390130996704,0.20317381620407104,0.16233721375465393,-0.08724674582481384,-1.0969346761703491,1.1123088598251343,-0.34891653060913086,2.135545492172241,1.345080852508545,0.9721826910972595,1.0979384183883667,15.0822114944458,15.153339385986328,-0.0029264038894325495,-0.0070925815962255,0.0002501500421203673,0.007676661014556885
rl,2,1,58,112,1.16,-0.9699335694313049,-1.3425151109695435,0.11320123076438904,0.3289969563484192,-0.07547765970230103,-0.8488726019859314,0.9135209918022156,-1.3889763355255127,0.6645171642303467,1.2919814586639404,-0.5379892587661743,0.04740479588508606,16.206592559814453,16.21558952331543,-0.0026806110981851816,-0.008695363067090511,0.00013725955795962363,0.009100211784243584
rl,3,2,0,112,0.0,-1.2499388456344604,1.249962329864502,0.9998465776443481,0.006108528934419155,-0.0037804879248142242,-0.015335583128035069,0.016934767365455627,-2.8147621154785156,2.129706859588623,0.9810984134674072,0.9885895252227783,-0.6116918325424194,13.396427154541016,13.44677448272705,-0.003429207717999816,-0.007068990729749203,0.00032785534858703613,0.007863687351346016
lqr,0,1,44,112,0.88,2.5329761505126953,-0.39969247579574585,1.3817142248153687,0.00770410755649209,0.005104347597807646,0.002292333170771599,0.009521681815385818,2.5344347953796387,-0.3987259864807129,1.3852686882019043,-0.3748817443847656,0.08215935528278351,15.854576110839844,15.859220504760742,-0.002978409407660365,-0.008370946161448956,-5.606981721939519e-05,0.008885201066732407
lqr,1,1,45,112,0.9,-0.34736135601997375,2.134683847427368,1.341627597808838,-0.008219124749302864,0.004551263060420752,0.0017583394655957818,0.009558230638504028,-0.34891653060913086,2.135545492172241,1.345080852508545,-0.2919044494628906,0.07786129415035248,15.861004829406738,15.863882064819336,-0.002664576517418027,-0.007534307893365622,8.112594514386728e-05,0.007992018014192581
lqr,2,1,58,112,1.16,-1.3889577388763428,0.6642678380012512,1.2888239622116089,-9.56811272772029e-05,0.001321407500654459,0.00019737801630981266,0.0013394890120252967,-1.3889763355255127,0.6645171642303467,1.2919814586639404,-0.3867712616920471,0.1029263362288475,15.871813774108887,15.876859664916992,-0.0016242831479758024,-0.00790443830192089,1.3752466657024343e-05,0.008069612085819244
lqr,3,2,0,112,0.0,-1.286057949066162,1.270270586013794,0.9994943141937256,-3.6057984828948975,2.027059316635132,-0.050566088408231735,4.136823654174805,-2.8147621154785156,2.129706859588623,0.9810984134674072,-583.5322875976562,328.0609436035156,7.666206359863281,669.4719848632812,-0.0,-0.0,-0.0,0.0
rl,0,1,45,113,0.9,1.3579233884811401,-1.3585480451583862,0.38403207063674927,0.1450439989566803,-0.027051253244280815,-0.7667707800865173,0.78083735704422,2.5344347953796387,-0.3987259864807129,1.3852686882019043,0.9881068468093872,0.13881632685661316,14.579419136047363,14.613524436950684,-0.003398495027795434,-0.008964377455413342,0.0002340633946005255,0.009589818306267262
rl,1,1,46,113,0.92,1.219592571258545,1.0663286447525024,0.169993057847023,0.13454435765743256,-0.059448838233947754,-1.110568642616272,1.120267391204834,-0.34891653060913086,2.135545492172241,1.345080852508545,-1.804836630821228,1.5759823322296143,15.101709365844727,15.290611267089844,-0.003485769731923938,-0.007689957972615957,0.00033149667433463037,0.008449611254036427
rl,2,2,0,113,0.0,-1.2499308586120605,-1.2499381303787231,0.9999172687530518,0.0069218785502016544,0.006194539368152618,-0.0082692950963974,0.012436477467417717,-1.6684812307357788,-1.3078045845031738,1.3517651557922363,1.1201448440551758,1.0025514364242554,14.540192604064941,14.617695808410645,-0.0027414506766945124,-0.008544385433197021,0.0001493134186603129,0.0089746518060565
rl,3,2,1,113,0.02,-1.2491998672485352,1.2496776580810547,0.9983992576599121,0.03390555456280708,-0.012358470819890499,-0.06470166891813278,0.07408525049686432,-2.8147621154785156,2.129706859588623,0.9810984134674072,1.5,-0.4629044830799103,13.21500015258789,13.30791187286377,0.00013594940537586808,-0.0005476330406963825,-3.868457497446798e-05,0.0005655799759551883
lqr,0,1,45,113,0.9,2.5331850051879883,-0.39955422282218933,1.3817766904830933,0.0066011701710522175,0.00437422888353467,0.0019641732797026634,0.008158878423273563,2.5344347953796387,-0.3987259864807129,1.3852686882019043,-0.3729943633079529,0.09114192426204681,15.85729694366455,15.861945152282715,-0.002989388769492507,-0.008365812711417675,-4.481995347305201e-05,0.008883990347385406
lqr,1,1,46,113,0.92,-0.34758394956588745,2.1348066329956055,1.3416756391525269,-0.0070439488627016544,0.0039010406471788883,0.0015060625737532973,0.008191675879061222,-0.34891653060913086,2.135545492172241,1.345080852508545,-0.30895695090293884,0.08601517975330353,15.862555503845215,15.86579704284668,-0.0027054829988628626,-0.007515416946262121,8.696068834979087e-05,0.007988033816218376
lqr,2,2,0,113,0.0,-1.2596435546875,-1.2513319253921509,1.0080331563949585,-0.9643574953079224,-0.1331852227449417,0.8033095598220825,1.262152910232544,-1.6684812307357788,-1.3078045845031738,1.3517651557922363,-156.06033325195312,-21.556529998779297,145.89552307128906,214.7207794189453,-0.0,-0.0,-0.0,0.0
lqr,3,2,1,113,0.02,-1.4655786752700806,1.3711949586868286,0.9969701170921326,-6.4192938804626465,3.6089072227478027,-0.09032905101776123,7.364760875701904,-2.8147621154785156,2.129706859588623,0.9810984134674072,-42.4099235534668,23.81142807006836,14.643853187561035,50.793975830078125,-0.11032992601394653,-0.2125687450170517,0.009817349724471569,0.23969677090644836
rl,0,1,46,114,0.92,1.3621560335159302,-1.3594199419021606,0.36115366220474243,0.13911102712154388,-0.030065996572375298,-0.7605348825454712,0.7737371325492859,2.5344347953796387,-0.3987259864807129,1.3852686882019043,-0.6541768312454224,-0.07057105004787445,16.205636978149414,16.2189884185791,-0.002985785948112607,-0.008439510129392147,0.0001999498053919524,0.008954341523349285
rl,1,1,47,114,0.9400000000000001,1.22395658493042,1.0639890432357788,0.1368006467819214,0.1509401947259903,-0.087262362241745,-1.1043362617492676,1.1180144548416138,-0.34891653060913086,2.135545492172241,1.345080852508545,0.5479058623313904,-1.415337324142456,16.237417221069336,16.308191299438477,-0.0033180282916873693,-0.008757073432207108,0.00028414317057467997,0.009368904866278172
rl,2,2,1,114,0.02,-1.2492969036102295,-1.2499674558639526,0.9986821413040161,0.028223179280757904,-0.004559846129268408,-0.057635094970464706,0.06433618068695068,-1.6684812307357788,-1.3078045845031738,1.3517651557922363,1.1495966911315918,-0.5802425146102905,13.21500015258789,13.277592658996582,-0.0002454511995892972,-0.000499799323733896,2.4810702598188072e-05,0.0005573699017986655
rl,3,2,2,114,0.04,-1.2476636171340942,1.2489337921142578,0.9960310459136963,0.059864070266485214,-0.031019426882267,-0.08606024831533432,0.10932647436857224,-2.8147621154785156,2.129706859588623,0.9810984134674072,1.3990105390548706,-1.006624460220337,14.72632122039795,14.826835632324219,-0.0002791271253954619,-0.0024557022843509912,-5.8634272136259824e-05,0.0024722102098166943
lqr,0,1,46,114,0.92,2.5333642959594727,-0.399435818195343,1.3818299770355225,0.005655300337821245,0.0037486229557543993,0.0016820172313600779,0.0069902632385492325,2.5344347953796387,-0.3987259864807129,1.3852686882019043,-0.3724989891052246,0.09919198602437973,15.859620094299316,15.864303588867188,-0.002997869858518243,-0.008363764733076096,-3.5088927688775584e-05,0.008884876035153866
lqr,1,1,47,114,0.9400000000000001,-0.3477747440338135,2.1349122524261475,1.341715931892395,-0.006036598701030016,0.0033440771512687206,0.0012903708266094327,0.007020572200417519,-0.34891653060913086,2.135545492172241,1.345080852508545,-0.32454901933670044,0.09324228763580322,15.864157676696777,15.867751121520996,-0.0027452290523797274,-0.007496209815144539,9.15824857656844e-05,0.007983597926795483
lqr,2,2,1,114,0.02,-1.307654619216919,-1.25796377658844,1.0480306148529053,-1.7167749404907227,-0.2371285855770111,1.4302748441696167,2.2470498085021973,-1.6684812307357788,-1.3078045845031738,1.3517651557922363,-11.390913963317871,-1.5647310018539429,25.24658966064453,27.741514205932617,0.0041591702029109,-0.07218620181083679,-0.0036567547358572483,0.07239833474159241
lqr,3,2,2,114,0.04,-1.6524077653884888,1.476230263710022,0.9943390488624573,-6.027041435241699,3.388439893722534,-0.08489491790533066,6.914763927459717,-2.8147621154785156,2.129706859588623,0.9810984134674072,35.81986618041992,-20.1053524017334,17.379615783691406,44.60200881958008,-0.07061778753995895,-0.13027997314929962,0.007730749901384115,0.14838972687721252
rl,0,1,47,115,0.9400000000000001,1.365869164466858,-1.359765887260437,0.33846232295036316,0.11613360792398453,-0.00226709246635437,-0.7542963027954102,0.7631874680519104,2.5344347953796387,-0.3987259864807129,1.3852686882019043,-1.5820013284683228,1.594399333000183,16.176225662231445,16.3314151763916,-0.003117698710411787,-0.00937142875045538,0.00018177797028329223,0.009878095239400864
rl,1,1,48,115,0.96,1.2284343242645264,1.061927318572998,0.10342337191104889,0.14842210710048676,-0.0594618059694767,-1.1166951656341553,1.1280837059020996,-0.34891653060913086,2.135545492172241,1.345080852508545,-0.458601713180542,1.5817821025848389,15.19713306427002,15.286111831665039,-0.0027121775783598423,-0.008651329204440117,0.0001858045725384727,0.009068402461707592
rl,2,2,2,115,0.04,-1.2484022378921509,-1.2506601810455322,0.9959656000137329,0.030617188662290573,-0.03236395865678787,-0.10700131207704544,0.11590564996004105,-1.6684812307357788,-1.3078045845031738,1.3517651557922363,0.12787532806396484,-1.499760627746582,13.21504020690918,13.300485610961914,-0.00026311472174711525,-0.002798148663714528,-5.642624091706239e-05,0.002811058424413204
rl,3,2,3,115,0.06,-1.245782732963562,1.2475099563598633,0.9929090738296509,0.06412141025066376,-0.0556710846722126,-0.11306416243314743,0.14140130579471588,-2.8147621154785156,2.129706859588623,0.9810984134674072,0.2254602164030075,-1.3295722007751465,14.421658515930176,14.484572410583496,-0.00027102933381684124,-0.004102772567421198,-0.00013908589608035982,0.00411406671628356
lqr,0,1,47,115,0.9400000000000001,2.533517599105835,-0.39933425188064575,1.3818756341934204,0.004845155868679285,0.0032124475110322237,0.001441356958821416,0.005989396013319492,2.5344347953796387,-0.3987259864807129,1.3852686882019043,-0.37306663393974304,0.10647690296173096,15.861635208129883,15.866378784179688,-0.003004209604114294,-0.008364361710846424,-2.6669615181162953e-05,0.008887548930943012
lqr,1,1,48,115,0.96,-0.34793820977211,2.135003089904785,1.3417507410049438,-0.005173437297344208,0.0028650646563619375,0.001107286661863327,0.006016571074724197,-0.34891653060913086,2.135545492172241,1.345080852508545,-0.3389178514480591,0.09980707615613937,15.865361213684082,15.869295120239258,-0.00278376042842865,-0.007477500010281801,9.504742047283798e-05,0.007979433983564377
lqr,2,2,2,115,0.04,-1.3576198816299438,-1.2648656368255615,1.0896587371826172,-1.6118650436401367,-0.22264514863491058,1.3429218530654907,2.109767436981201,-1.6684812307357788,-1.3078045845031738,1.3517651557922363,9.612570762634277,1.3285406827926636,7.8911614418029785,12.507476806640625,0.0020275579299777746,-0.04619818925857544,-0.0028944481164216995,0.04633316025137901
lqr,3,2,3,115,0.06,-1.8177229166030884,1.5691715478897095,0.9920105338096619,-5.247974395751953,2.9504482746124268,-0.07391904294490814,6.0209503173828125,-2.8147621154785156,2.129706859588623,0.9810984134674072,42.009456634521484,-23.559091567993164,17.894987106323242,51.381473541259766,-0.030879735946655273,-0.05336374044418335,0.00482776015996933,0.06184297800064087
rl,0,1,48,116,0.96,1.3693926334381104,-1.3603899478912354,0.314846009016037,0.11810092628002167,-0.03007940948009491,-0.8036670088768005,0.8128550052642822,2.5344347953796387,-0.3987259864807129,1.3852686882019043,-0.18107378482818604,-1.4203851222991943,13.22297191619873,13.300272941589355,-0.0030895934905856848,-0.009685003198683262,0.00016637382213957608,0.010167229920625687
rl,1,2,0,116,0.0,1.2499109506607056,1.2499984502792358,0.9999202489852905,-0.00889243558049202,-0.00015492519014514983,-0.007971369661390781,0.011943289078772068,0.7108442783355713,-0.0053904056549072266,1.4250974655151367,-1.439195990562439,-0.024979323148727417,14.588316917419434,14.659157752990723,-0.0031571611762046814,-0.009105644188821316,0.00023062663967721164,0.009640207514166832
rl,2,2,3,116,0.06,-1.2473241090774536,-1.251075029373169,0.9919707179069519,0.03860771656036377,-0.00455743633210659,-0.14624306559562683,0.15132203698158264,-1.6684812307357788,-1.3078045845031738,1.3517651557922363,0.42648810148239136,1.500430941581726,13.761364936828613,13.849489212036133,-0.0006311243632808328,-0.004546488169580698,-8.518721733707935e-05,0.004590875003486872
rl,3,2,4,116,0.08,-1.2441786527633667,1.245937705039978,0.9892579317092896,0.04813595488667488,-0.050773028284311295,-0.12602844834327698,0.14414624869823456,-2.8147621154785156,2.129706859588623,0.9810984134674072,-0.8714002966880798,0.26482224464416504,15.178467750549316,15.205766677856445,-0.0005256036529317498,-0.005894674453884363,-0.00019627646543085575,0.005921315401792526
lqr,0,1,48,116,0.96,2.533648729324341,-0.39924725890159607,1.381914496421814,0.004151252564042807,0.0027527501806616783,0.0012351835612207651,0.005131881684064865,2.5344347953796387,-0.3987259864807129,1.3852686882019043,-0.37465476989746094,0.11311869323253632,15.863269805908203,15.868096351623535,-0.003008689032867551,-0.008367256261408329,-1.9381815945962444e-05,0.00889176968485117
lqr,1,2,0,116,0.0,1.2375757694244385,1.2210718393325806,1.0097222328186035,-1.242418885231018,-2.892812490463257,0.9722347855567932,3.2950282096862793,0.7108442783355713,-0.0053904056549072266,1.4250974655151367,-201.06234741210938,-468.1611328125,173.24266052246094,538.1578979492188,-0.0,-0.0,-0.0,0.0
lqr,2,2,3,116,0.06,-1.4018312692642212,-1.2709728479385376,1.1264934539794922,-1.4035158157348633,-0.19386503100395203,1.1693341732025146,1.837058186531067,-1.6684812307357788,-1.3078045845031738,1.3517651557922363,11.286931037902832,1.5584139823913574,6.526486873626709,13.13082218170166,5.642906035063788e-05,-0.02139148861169815,-0.0018075347179546952,0.021467793732881546
lqr,3,2,4,116,0.08,-1.960212230682373,1.6492799520492554,0.9900040030479431,-4.510350704193115,2.5357422828674316,-0.06351132690906525,5.17467737197876,-2.8147621154785156,2.129706859588623,0.9810984134674072,37.73405075073242,-21.151193618774414,17.753881454467773,46.759300231933594,-0.005653685890138149,-0.007315149996429682,0.0025478522293269634,0.009589949622750282
rl,0,1,49,117,0.98,1.3723794221878052,-1.3610141277313232,0.29086071252822876,0.0903143435716629,-0.016171837225556374,-0.7974284887313843,0.8026894927024841,2.5344347953796387,-0.3987259864807129,1.3852686882019043,-1.8594729900360107,0.850231409072876,16.172780990600586,16.301515579223633,-0.0023189778439700603,-0.00950448215007782,3.767365342355333e-05,0.009783366695046425
rl,1,2,1,117,0.02,1.2490878105163574,1.2494375705718994,0.9986937046051025,-0.03670354187488556,-0.027957962825894356,-0.057334549725055695,0.07359380275011063,0.7108442783355713,-0.0053904056549072266,1.4250974655151367,-1.5003159046173096,-1.5000364780426025,13.214960098266602,13.384178161621094,0.0002177867281716317,-0.0017681053141131997,-0.00010517201735638082,0.0017845695838332176
rl,2,2,4,117,0.08,-1.2465083599090576,-1.2506555318832397,0.9869970679283142,0.02147996798157692,0.023244641721248627,-0.17556104063987732,0.17839109897613525,-1.6684812307357788,-1.3078045845031738,1.3517651557922363,-0.933337926864624,1.5018423795700073,14.295838356018066,14.404778480529785,-0.002138536423444748,-0.0059087881818413734,9.671373118180782e-05,0.006284621544182301
rl,3,2,5,117,0.1,-1.2421784400939941,1.244970440864563,0.9856019020080566,0.07595296949148178,-0.022969845682382584,-0.11979454010725021,0.14369133114814758,-2.8147621154785156,2.129706859588623,0.9810984134674072,1.484442114830017,1.5017844438552856,16.216266632080078,16.353172302246094,-0.001697327010333538,-0.006986076477915049,-7.623260171385482e-05,0.007189714349806309
lqr,0,1,49,117,0.98,2.5337612628936768,-0.39917272329330444,1.3819475173950195,0.0035572757478803396,0.0023590533528476954,0.001058689085766673,0.004397745709866285,2.5344347953796387,-0.3987259864807129,1.3852686882019043,-0.377190500497818,0.11920882761478424,15.864753723144531,15.869685173034668,-0.003011581487953663,-0.008372094482183456,-1.3064558515907265e-05,0.008897289633750916
lqr,1,2,1,117,0.02,1.1757203340530396,1.0770457983016968,1.058132290840149,-2.2118265628814697,-5.150121212005615,1.731113076210022,5.866231918334961,0.7108442783355713,-0.0053904056549072266,1.4250974655151367,-14.735610008239746,-34.07684326171875,26.92416000366211,45.86152648925781,0.15012365579605103,-0.08936917781829834,-0.03067747876048088,0.17738397419452667
lqr,2,2,4,117,0.08,-1.4399389028549194,-1.276236653327942,1.1582423448562622,-1.2062500715255737,-0.1666157990694046,1.0049726963043213,1.5788508653640747,-1.6684812307357788,-1.3078045845031738,1.3517651557922363,10.135424613952637,1.4008477926254272,7.471726417541504,12.669486999511719,-0.0011903169797733426,-0.006499116774648428,-0.0009509331430308521,0.00667530158534646
lqr,3,2,5,117,0.1,-2.0824477672576904,1.7180007696151733,0.9882830381393433,-3.867170572280884,2.1741368770599365,-0.054439395666122437,4.436760425567627,-2.8147621154785156,2.129706859588623,0.9810984134674072,32.57461929321289,-18.255685806274414,17.473901748657227,41.227577209472656,0.008452361449599266,0.016655979678034782,0.0009165841620415449,0.018700379878282547
rl,0,1,50,118,1.0,1.3756452798843384,-1.3613437414169312,0.2665640413761139,0.1181379035115242,-0.008389255963265896,-0.8161206245422363,0.8246695399284363,2.5344347953796387,-0.3987259864807129,1.3852686882019043,1.16099214553833,0.5141246914863586,14.897643089294434,14.951655387878418,-0.0028002015314996243,-0.00967555120587349,8.544416050426662e-05,0.01007296983152628
rl,1,2,2,118,0.04,1.2482296228408813,1.2480428218841553,0.9962654113769531,-0.024544019252061844,-0.05576018616557121,-0.09275755286216736,0.11097554117441177,0.7108442783355713,-0.0053904056549072266,1.4250974655151367,0.6522647142410278,-1.5002989768981934,13.967494010925293,14.062973976135254,0.00035303470212966204,-0.004717721603810787,-0.000267500028712675,0.004738468676805496
rl,2,2,5,118,0.1,-1.2453079223632812,-1.2501128911972046,0.9811837673187256,0.04929562285542488,0.015503297559916973,-0.20288071036338806,0.20935852825641632,-1.6684812307357788,-1.3078045845031738,1.3517651557922363,1.4853140115737915,-0.41325849294662476,14.40636920928955,14.488630294799805,-0.002602923661470413,-0.0067367590963840485,0.0001627821911824867,0.007223962340503931
rl,3,2,6,118,0.12,-1.2397780418395996,1.243725299835205,0.9816265106201172,0.0820411890745163,-0.05077969282865524,-0.13886724412441254,0.1690959632396698,-2.8147621154785156,2.129706859588623,0.9810984134674072,0.30745837092399597,-1.4962745904922485,14.850411415100098,14.928767204284668,-0.002196921966969967,-0.006891809403896332,2.123162084899377e-05,0.007233529817312956
lqr,0,1,50,118,1.0,2.5338571071624756,-0.3991088271141052,1.381975769996643,0.0030496646650135517,0.0020218610297888517,0.0009095135610550642,0.003770356997847557,2.5344347953796387,-0.3987259864807129,1.3852686882019043,-0.3801499009132385,0.12481473386287689,15.865944862365723,15.870989799499512,-0.0030131086241453886,-0.00837868545204401,-7.587126674479805e-06,0.00890400167554617
lqr,1,2,2,118,0.04,1.111346960067749,0.9271543025970459,1.1085169315338135,-2.0766782760620117,-4.835451602935791,1.625400185585022,5.507822513580322,0.7108442783355713,-0.0053904056549072266,1.4250974655151367,12.492982864379883,28.873733520507812,6.672709941864014,32.1604118347168,0.09411507844924927,-0.05619644373655319,-0.024171818047761917,0.11224956065416336
lqr,2,2,5,118,0.1,-1.4726297855377197,-1.2807520627975464,1.1854779720306396,-1.0342389345169067,-0.14285559952259064,0.8616563677787781,1.353702187538147,-1.6684812307357788,-1.3078045845031738,1.3517651557922363,8.741161346435547,1.2107263803482056,8.611562728881836,12.330157279968262,-0.0019034522119909525,0.0012342834379523993,-0.00034081394551321864,0.0022940663620829582
lqr,3,2,6,118,0.12,-2.187216281890869,1.7769018411636353,0.9868084788322449,-3.3142433166503906,1.863275408744812,-0.046645328402519226,3.802391290664673,-2.8147621154785156,2.129706859588623,0.9810984134674072,27.92633628845215,-15.651543617248535,17.1928768157959,36.33794403076172,0.015517433173954487,0.027443110942840576,-0.00020850897999480367,0.03152710944414139
rl,0,1,51,119,1.02,1.3791370391845703,-1.3615403175354004,0.24109305441379547,0.11551907658576965,-0.0056165545247495174,-0.8654891848564148,0.8731825351715088,2.5344347953796387,-0.3987259864807129,1.3852686882019043,-0.4495638906955719,0.23544007539749146,13.206864356994629,13.2166109085083,-0.002796485088765621,-0.008502748794853687,0.00012892282393295318,0.008951742202043533
rl,1,2,3,119,0.06,1.2469375133514404,1.2458140850067139,0.9924953579902649,-0.05234181508421898,-0.08356260508298874,-0.14212247729301453,0.17297737300395966,0.7108442783355713,-0.0053904056549072266,1.4250974655151367,-1.5074571371078491,-1.5005247592926025,13.214089393615723,13.384175300598145,0.0004294808313716203,-0.006061802618205547,-0.00037411987432278693,0.006088503170758486
rl,2,2,6,119,0.12,-1.2433879375457764,-1.2501150369644165,0.9743499159812927,0.07136813551187515,-0.007862206548452377,-0.24024997651576996,0.2507494390010834,-1.6684812307357788,-1.3078045845031738,1.3517651557922363,1.1711238622665405,-1.2546576261520386,13.864630699157715,13.970457077026367,-0.00186424411367625,-0.006165355909615755,8.862216782290488e-05,0.006441651377826929
rl,3,2,7,119,0.14,-1.2375686168670654,1.241934895515442,0.977159857749939,0.06946322321891785,-0.06414125114679337,-0.15390342473983765,0.180625319480896,-2.8147621154785156,2.129706859588623,0.9810984134674072,-0.7062275409698486,-0.7155309319496155,15.06627082824707,15.099777221679688,-0.0013909769477322698,-0.007458609528839588,-0.00011874040501425043,0.007588133681565523
lqr,0,1,51,119,1.02,2.533940315246582,-0.39905405044555664,1.3820005655288696,0.0026129968464374542,0.0017326464876532555,0.0007813113043084741,0.0032311398535966873,2.5344347953796387,-0.3987259864807129,1.3852686882019043,-0.3842841684818268,0.12998642027378082,15.86683177947998,15.872016906738281,-0.0030134422704577446,-0.008386717177927494,-2.8322983780526556e-06,0.008911670185625553
lqr,1,2,3,119,0.06,1.0543859004974365,0.7945232391357422,1.1530998945236206,-1.8082506656646729,-4.210409164428711,1.4152956008911133,4.795870780944824,0.7108442783355713,-0.0053904056549072266,1.4250974655151367,14.708354949951172,33.88376998901367,5.220707416534424,37.305511474609375,0.03841644898056984,-0.024845359846949577,-0.014967656694352627,0.048136744648218155
lqr,2,2,6,119,0.12,-1.500648856163025,-1.2846224308013916,1.2088216543197632,-0.8863658308982849,-0.12243042141199112,0.7384532690048218,1.1601494550704956,-1.6684812307357788,-1.3078045845031738,1.3517651557922363,7.4833807945251465,1.039700984954834,9.639360427856445,12.247417449951172,-0.0022854094859212637,0.004678293596953154,7.518303027609363e-05,0.005207223817706108
lqr,3,2,7,119,0.14,-2.2769994735717773,1.8273779153823853,0.9855450391769409,-2.840137243270874,1.5967295169830322,-0.039967361837625504,3.258453845977783,-2.8147621154785156,2.129706859588623,0.9810984134674072,23.912412643432617,-13.405230522155762,16.947021484375,32.22895050048828,0.018372902646660805,0.030817285180091858,-0.0009569805697537959,0.03589128702878952
rl,0,1,52,120,1.04,1.383158802986145,-1.3614133596420288,0.21450315415859222,0.14333736896514893,0.00914300698786974,-0.8967511653900146,0.9081805348396301,2.5344347953796387,-0.3987259864807129,1.3852686882019043,1.1625312566757202,0.8907898664474487,14.218056678771973,14.293289184570312,-0.0027989703230559826,-0.007965164259076118,0.0001539638906251639,0.008444038219749928
rl,1,2,4,120,0.08,1.2452946901321411,1.2432777881622314,0.9881229996681213,-0.055957186967134476,-0.08502914011478424,-0.1475561559200287,0.1792595386505127,0.7108442783355713,-0.0053904056549072266,1.4250974655151367,-0.21099187433719635,-0.08027414232492447,15.585166931152344,15.586801528930664,0.00010612318874336779,-0.007560982368886471,-0.00042985851177945733,0.007573935203254223
rl,2,2,7,120,0.14,-1.2409652471542358,-1.25090754032135,0.9672033786773682,0.08545398712158203,-0.03566831350326538,-0.2372070997953415,0.2546405792236328,-1.6684812307357788,-1.3078045845031738,1.3517651557922363,0.7316431999206543,-1.4922877550125122,16.0448055267334,16.13065528869629,-0.0010305448668077588,-0.006207259371876717,-4.7932262532413006e-05,0.006292407400906086
rl,3,2,8,120,0.16,-1.2356923818588257,1.2395364046096802,0.9721434116363525,0.059094805270433426,-0.08785270154476166,-0.17386861145496368,0.20356960594654083,-2.8147621154785156,2.129706859588623,0.9810984134674072,-0.5935604572296143,-1.2729451656341553,14.800602912902832,14.867095947265625,-0.0010931376600638032,-0.008220762014389038,-0.0002110933855874464,0.008295808918774128
lqr,0,1,52,120,1.04,2.5340113639831543,-0.3990071415901184,1.382021427154541,0.0022371220402419567,0.00148475612513721,0.0006703002145513892,0.0027674029115587473,2.5344347953796387,-0.3987259864807129,1.3852686882019043,-0.38856250047683716,0.1348143368959427,15.867690086364746,15.873019218444824,-0.0030127447098493576,-0.008396157994866371,1.2921468623972032e-06,0.008920319378376007
lqr,1,2,4,120,0.08,1.0052893161773682,0.680205225944519,1.1915267705917358,-1.55409836769104,-3.618612766265869,1.216356635093689,4.121784210205078,0.7108442783355713,-0.0053904056549072266,1.4250974655151367,13.228642463684082,30.440275192260742,6.324129581451416,33.787601470947266,0.003057566238567233,-0.006014182697981596,-0.0077130915597081184,0.010247481986880302
lqr,2,2,7,120,0.14,-1.524660587310791,-1.287939190864563,1.2288261651992798,-0.7595705389976501,-0.10491612553596497,0.632814884185791,0.9941878318786621,-1.6684812307357788,-1.3078045845031738,1.3517651557922363,6.396928787231445,0.8924746513366699,10.5281400680542,12.351475715637207,-0.0024726588744670153,0.0057097855024039745,0.0003465335175860673,0.006231835577636957
lqr,3,2,8,120,0.16,-2.353937864303589,1.8706324100494385,0.984462320804596,-2.433809757232666,1.3682912588119507,-0.034245893359184265,2.7922792434692383,-2.8147621154785156,2.129706859588623,0.9810984134674072,20.470033645629883,-11.480687141418457,16.74294662475586,28.829755783081055,0.01880868338048458,0.030217766761779785,-0.0014290525577962399,0.03562193363904953
rl,0,1,53,121,1.06,1.3879722356796265,-1.3605833053588867,0.18693974614143372,0.16899968683719635,0.03694238141179085,-0.9297947287559509,0.9457504153251648,2.5344347953796387,-0.3987259864807129,1.3852686882019043,1.0426433086395264,1.5961917638778687,14.114624977111816,14.242807388305664,-0.003281207289546728,-0.007102015893906355,0.00027657608734443784,0.007828245870769024
rl,1,2,5,121,0.1,1.2441720962524414,1.2409285306930542,0.9827088713645935,-0.028139017522335052,-0.07493133842945099,-0.19692696630954742,0.21257172524929047,0.7108442783355713,-0.0053904056549072266,1.4250974655151367,1.4811146259307861,0.5441638827323914,13.217153549194336,13.31100845336914,-0.0008675048593431711,-0.00752393389120698,-0.0003055339038837701,0.0075799403712153435
rl,2,2,8,121,0.16,-1.2387875318527222,-1.2522310018539429,0.9593425989151001,0.06617238372564316,-0.04832956939935684,-0.274431049823761,0.28640344738960266,-1.6684812307357788,-1.3078045845031738,1.3517651557922363,-1.0700777769088745,-0.6758432984352112,13.868242263793945,13.925874710083008,-0.0006564028444699943,-0.007045429665595293,-0.0001658579130889848,0.0070778848603367805
rl,3,2,9,121,0.18,-1.234047532081604,1.237001895904541,0.965939998626709,0.05269002914428711,-0.08279505372047424,-0.22323676943778992,0.24385634064674377,-2.8147621154785156,2.129706859588623,0.9810984134674072,-0.3826567530632019,0.2790590822696686,13.21386432647705,13.222349166870117,-0.0010125350672751665,-0.008374395780265331,-0.00025783132878132164,0.008439324796199799
lqr,0,1,53,121,1.06,2.534071683883667,-0.3989669978618622,1.3820393085479736,0.0019159663934260607,0.0012726477580145001,0.0005753129371441901,0.0023709796369075775,2.5344347953796387,-0.3987259864807129,1.3852686882019043,-0.393264502286911,0.13934561610221863,15.86832332611084,15.873806953430176,-0.003011178458109498,-0.008406644687056541,4.8847277867025696e-06,0.008929663337767124
lqr,1,2,5,121,0.1,0.9631714820861816,0.5821370482444763,1.224491000175476,-1.332485318183899,-3.1025917530059814,1.042893409729004,3.5340089797973633,0.7108442783355713,-0.0053904056549072266,1.4250974655151367,11.418004035949707,26.276182174682617,7.601212024688721,29.640968322753906,-0.01673981547355652,0.0038306573405861855,-0.0025310846976935863,0.017358046025037766
lqr,2,2,8,121,0.16,-1.5452371835708618,-1.2907814979553223,1.2459688186645508,-0.6509021520614624,-0.08990571647882462,0.5422788262367249,0.8519524335861206,-1.6684812307357788,-1.3078045845031738,1.3517651557922363,5.4651665687561035,0.766579806804657,11.291228294372559,12.567717552185059,-0.002550025936216116,0.005450252443552017,0.0005122800939716399,0.006039065774530172
lqr,3,2,9,121,0.18,-2.4198691844940186,1.9076985120773315,0.9835346937179565,-2.085606336593628,1.172529935836792,-0.02934488281607628,2.392789363861084,-2.8147621154785156,2.129706859588623,0.9810984134674072,17.520658493041992,-9.832794189453125,16.577878952026367,26.047714233398438,0.01792249083518982,0.02763301320374012,-0.0017008400755003095,0.03298017382621765
rl,0,1,54,122,1.08,1.3930652141571045,-1.3593915700912476,0.15917061269283295,0.17014218866825104,0.041093580424785614,-0.9235587120056152,0.9399988055229187,2.5344347953796387,-0.3987259864807129,1.3852686882019043,-0.3374198079109192,0.3381795585155487,16.209627151489258,16.216665267944336,-0.0036049929913133383,-0.007201464381068945,0.0003561864432413131,0.008061260916292667
rl,1,2,6,122,0.12,1.2438840866088867,1.2381727695465088,0.97683185338974,-0.00032392569119110703,-0.10033545643091202,-0.1953856498003006,0.21964257955551147,0.7108442783355713,-0.0053904056549072266,1.4250974655151367,1.4706202745437622,-1.3698594570159912,15.964638710021973,16.090646743774414,-0.001221200218424201,-0.006628409493714571,-0.0002063947031274438,0.00674312561750412
rl,2,2,9,122,0.18,-1.23624587059021,-1.2531248331069946,0.9511866569519043,0.09399052709341049,-0.020525112748146057,-0.2705836594104767,0.2871776819229126,-1.6684812307357788,-1.3078045845031738,1.3517651557922363,1.4589030742645264,1.5091793537139893,16.089181900024414,16.225528717041016,-0.0012731979368254542,-0.007539236918091774,-0.00012319060624577105,0.007646980229765177
rl,3,2,10,122,0.2,-1.232181191444397,1.2344144582748413,0.9593674540519714,0.06697452068328857,-0.08796677738428116,-0.21700306236743927,0.243544802069664,-2.8147621154785156,2.129706859588623,0.9810984134674072,0.7176671624183655,-0.27010706067085266,16.217538833618164,16.235658645629883,-0.0014827261911705136,-0.008100221864879131,-0.00018970423843711615,0.008236993104219437
lqr,0,1,54,122,1.08,2.534123659133911,-0.3989325761795044,1.382055401802063,0.0016422978369519114,0.0010907078394666314,0.000493000028654933,0.0020321994088590145,2.5344347953796387,-0.3987259864807129,1.3852686882019043,-0.39848968386650085,0.1435726284980774,15.868661880493164,15.874313354492188,-0.0030088378116488457,-0.008417977020144463,8.01973419584101e-06,0.008939547464251518
lqr,1,2,6,122,0.12,0.9270722270011902,0.4980824589729309,1.2527445554733276,-1.1419687271118164,-2.6589832305908203,0.8937753438949585,3.0287158489227295,0.7108442783355713,-0.0053904056549072266,1.4250974655151367,9.778361320495605,22.525074005126953,8.737388610839844,26.06410026550293,-0.026680927723646164,0.008292260579764843,0.0010200897231698036,0.02795843407511711
lqr,2,2,9,122,0.18,-1.562869668006897,-1.293217420578003,1.260658860206604,-0.5577778816223145,-0.0770421177148819,0.4646950364112854,0.730063796043396,-1.6684812307357788,-1.3078045845031738,1.3517651557922363,4.666638374328613,0.6590942144393921,11.946046829223633,12.842116355895996,-0.0025686456356197596,0.004549667239189148,0.00060208112699911,0.005259269382804632
lqr,3,2,10,122,0.2,-2.476367473602295,1.9394619464874268,0.9827396869659424,-1.7872158288955688,1.004775047302246,-0.02514537051320076,2.050450086593628,-2.8147621154785156,2.129706859588623,0.9810984134674072,14.993463516235352,-8.421454429626465,16.446096420288086,23.79493522644043,0.016374986618757248,0.024189496412873268,-0.0018296692287549376,0.029268065467476845
rl,0,1,55,123,1.1,1.3980799913406372,-1.3577651977539062,0.13069048523902893,0.16568639874458313,0.06077544763684273,-0.9622264504432678,0.9782767295837402,2.5344347953796387,-0.3987259864807129,1.3852686882019043,-0.5861217379570007,1.161607265472412,13.773900032043457,13.83521556854248,-0.0035024986136704683,-0.008045104332268238,0.0003312235639896244,0.008780712261795998
rl,1,2,7,123,0.14,1.2443205118179321,1.2349467277526855,0.9710160493850708,0.022000323981046677,-0.11112099140882492,-0.19310365617275238,0.22387699782848358,0.7108442783355713,-0.0053904056549072266,1.4250974655151367,1.1681488752365112,-0.5803990960121155,16.004472732543945,16.057540893554688,-0.0009281719103455544,-0.006612491328269243,-0.00023834554303903133,0.006681567989289761
rl,2,2,10,123,0.2,-1.2328697443008423,-1.2542965412139893,0.9420815706253052,0.12180592864751816,-0.04833381623029709,-0.31995487213134766,0.3457513153553009,-1.6684812307357788,-1.3078045845031738,1.3517651557922363,1.460878610610962,-1.4909768104553223,13.2204008102417,13.384176254272461,-0.0018410085467621684,-0.006749915424734354,-2.8076958642486716e-06,0.006996476091444492
rl,3,2,11,123,0.22,-1.2307277917861938,1.2322028875350952,0.9520525932312012,0.03918303921818733,-0.06658851355314255,-0.25723427534103394,0.2685866951942444,-2.8147621154785156,2.129706859588623,0.9810984134674072,-1.550389289855957,1.162360668182373,13.701454162597656,13.837797164916992,-0.0019444338977336884,-0.008273258805274963,-0.00012328849697951227,0.008499578572809696
lqr,0,1,55,123,1.1,2.534168243408203,-0.3989030718803406,1.3820686340332031,0.0014072895282879472,0.0009349394240416586,0.00042146994383074343,0.001741324900649488,2.5344347953796387,-0.3987259864807129,1.3852686882019043,-0.40393662452697754,0.14761443436145782,15.869147300720215,15.87497329711914,-0.003005815902724862,-0.008430211804807186,1.0753705282695591e-05,0.00895005650818348
lqr,1,2,7,123,0.14,0.8961363434791565,0.42605066299438477,1.2769570350646973,-0.9786098599433899,-2.2786128520965576,0.765916109085083,2.595453977584839,0.7108442783355713,-0.0053904056549072266,1.4250974655151367,8.359195709228516,19.288991928100586,9.717731475830078,23.159786224365234,-0.030729670077562332,0.009714510291814804,0.0033581566531211138,0.03240311145782471
lqr,2,2,10,123,0.2,-1.5779796838760376,-1.2953041791915894,1.273247241973877,-0.47797632217407227,-0.06601976603269577,0.39821022748947144,0.6256127953529358,-1.6684812307357788,-1.3078045845031738,1.3517651557922363,3.9823172092437744,0.5673432350158691,12.50757884979248,13.138503074645996,-0.0025586658157408237,0.0033766659907996655,0.0006381997372955084,0.004284383729100227
lqr,3,2,11,123,0.22,-2.524782419204712,1.9666805267333984,0.9820585250854492,-1.531516194343567,0.8610200881958008,-0.021547242999076843,1.7570890188217163,-2.8147621154785156,2.129706859588623,0.9810984134674072,12.827536582946777,-7.212108135223389,16.34125518798828,21.990835189819336,0.014555802568793297,0.0205087810754776,-0.0018585415091365576,0.02521776407957077
rl,0,1,56,124,1.12,1.4027637243270874,-1.356227993965149,0.10194838792085648,0.15136197209358215,0.04647447541356087,-0.955990195274353,0.9690136909484863,2.5344347953796387,-0.3987259864807129,1.3852686882019043,-1.1869608163833618,-0.6508832573890686,16.195261001586914,16.251737594604492,-0.003303222358226776,-0.008656052872538567,0.0002894112258218229,0.009269427508115768
rl,1,2,8,124,0.16,1.244594693183899,1.2313107252120972,0.9642356634140015,0.002717475173994899,-0.1262313574552536,-0.24247011542320251,0.2733742892742157,0.7108442783355713,-0.0053904056549072266,1.4250974655151367,-1.075455665588379,-0.8129350543022156,13.212356567382812,13.280957221984863,-0.0009677523630671203,-0.007104997988790274,-0.0002454066416248679,0.007174800615757704
rl,2,2,11,124,0.22,-1.22902250289917,-1.2558397054672241,0.9318695068359375,0.13147662580013275,-0.052998583763837814,-0.3506242632865906,0.3781961500644684,-1.6684812307357788,-1.3078045845031738,1.3517651557922363,0.47415199875831604,-0.24089211225509644,14.225712776184082,14.235651016235352,-0.0011585329193621874,-0.006227362900972366,-8.423724648309872e-05,0.006334772799164057
rl,3,2,12,124,0.24,-1.229662299156189,1.2297472953796387,0.9433482885360718,0.03367672488093376,-0.0894864946603775,-0.3066033720970154,0.3211659789085388,-2.8147621154785156,2.129706859588623,0.9810984134674072,-0.35324856638908386,-1.2247650623321533,13.214594841003418,13.275931358337402,-0.0021384181454777718,-0.008667564019560814,-9.307209984399378e-05,0.008927942253649235
lqr,0,1,56,124,1.12,2.534207344055176,-0.39887771010398865,1.382080078125,0.0012036578264087439,0.0008011633181013167,0.00036121782613918185,0.001490346621721983,2.5344347953796387,-0.3987259864807129,1.3852686882019043,-0.41003987193107605,0.15141597390174866,15.869539260864258,15.875557899475098,-0.0030022202990949154,-0.008443175815045834,1.3144939657649957e-05,0.008961066603660583
lqr,1,2,8,124,0.16,0.8696260452270508,0.3643238842487335,1.2977054119110107,-0.8386044502258301,-1.9526218175888062,0.6563370227813721,2.224133014678955,0.7108442783355713,-0.0053904056549072266,1.4250974655151367,7.141520023345947,16.517778396606445,10.563483238220215,20.866851806640625,-0.03139052167534828,0.009497212246060371,0.004811496939510107,0.03314683213829994
lqr,2,2,11,124,0.22,-1.5909276008605957,-1.2970929145812988,1.2840344905853271,-0.4095916450023651,-0.05657489225268364,0.3412379026412964,0.536105751991272,-1.6684812307357788,-1.3078045845031738,1.3517651557922363,3.3955893516540527,0.4891093373298645,12.989303588867188,13.434703826904297,-0.0025375201366841793,0.0021349063608795404,0.000637264980468899,0.0033768238499760628
lqr,3,2,12,124,0.24,-2.566270589828491,1.9900051355361938,0.9814748764038086,-1.3123985528945923,0.7378320693969727,-0.018464423716068268,1.5056982040405273,-2.8147621154785156,2.129706859588623,0.9810984134674072,10.970608711242676,-6.175679683685303,16.258060455322266,20.56253433227539,0.012688130140304565,0.01692061312496662,-0.0018194452859461308,0.021227486431598663
rl,0,2,0,125,0.0,1.2499430179595947,-1.249900460243225,0.999910831451416,-0.005690375342965126,0.009945784695446491,-0.008910899981856346,0.014515616931021214,-0.09528481960296631,-2.0929479598999023,0.6976820230484009,-0.9210317730903625,1.6096371412277222,14.436261177062988,14.554891586303711,-0.0030273308511823416,-0.009410914964973927,0.00020697354921139777,0.009888017550110817
rl,1,2,9,125,0.18,1.2451045513153076,1.2271682024002075,0.9559741020202637,0.024135028943419456,-0.14400766789913177,-0.2918406128883362,0.32633060216903687,0.7108442783355713,-0.0053904056549072266,1.4250974655151367,1.1142776012420654,-0.9564319849014282,13.218660354614258,13.299976348876953,-0.0007579109515063465,-0.0073979878798127174,-0.0002931870403699577,0.007442486938089132
rl,2,2,12,125,0.24,-1.22523832321167,-1.2579859495162964,0.9213035702705383,0.12347350269556046,-0.08080466836690903,-0.3529874086380005,0.3825901448726654,-1.6684812307357788,-1.3078045845031738,1.3517651557922363,-0.4902682304382324,-1.4871066808700562,15.750558853149414,15.828201293945312,-0.001028583850711584,-0.006912910845130682,-0.0001353807165287435,0.006990325637161732
rl,3,2,13,125,0.26,-1.2280954122543335,1.2265064716339111,0.9331627488136292,0.061495959758758545,-0.11729318648576736,-0.3559751808643341,0.3798128068447113,-2.8147621154785156,2.129706859588623,0.9810984134674072,1.4382034540176392,-1.488723635673523,13.223140716552734,13.384176254272461,-0.0011689559323713183,-0.007795464247465134,-0.00020801497157663107,0.00788536574691534
lqr,0,2,0,125,0.0,1.218999981880188,-1.2694251537322998,0.9929638504981995,-3.0999808311462402,-1.9424998760223389,-0.703613817691803,3.725353717803955,-0.09528481960296631,-2.0929479598999023,0.6976820230484009,-501.68463134765625,-314.352783203125,-98.02565002441406,600.0950927734375,-0.0,-0.0,-0.0,0.0
lqr,1,2,9,125,0.18,0.846908688545227,0.31142815947532654,1.3154852390289307,-0.7186259627342224,-1.673262119293213,0.5624330043792725,1.9059276580810547,0.7108442783355713,-0.0053904056549072266,1.4250974655151367,6.098374366760254,14.147235870361328,11.294421195983887,19.102313995361328,-0.030199307948350906,0.0084531856700778,0.00562879117205739,0.03186122700572014
lqr,2,2,12,125,0.24,-1.6020233631134033,-1.2986254692077637,1.2932783365249634,-0.35099101066589355,-0.0484803132712841,0.2924171984195709,0.459404855966568,-1.6684812307357788,-1.3078045845031738,1.3517651557922363,2.8921608924865723,0.4223211705684662,13.4024019241333,13.71741008758545,-0.0025148808490484953,0.0009322141413576901,0.0006116327131167054,0.0027509531937539577
lqr,3,2,13,125,0.26,-2.601823329925537,2.0099925994873047,0.980974555015564,-1.1246296167373657,0.6322687864303589,-0.015822792425751686,1.2902735471725464,-2.8147621154785156,2.129706859588623,0.9810984134674072,9.378726959228516,-5.287339687347412,16.191640853881836,19.444425582885742,0.01089412160217762,0.013587071560323238,-0.0017360418569296598,0.017501549795269966
rl,0,2,1,126,0.02,1.2502222061157227,-1.2501583099365234,0.9987127780914307,0.016813818365335464,-0.01785793900489807,-0.05544683337211609,0.0606297105550766,-0.09528481960296631,-2.0929479598999023,0.6976820230484009,1.2143237590789795,-1.4999737739562988,13.367715835571289,13.506307601928711,-0.00014601385919377208,-0.000869779905769974,-1.2122535736125428e-05,0.0008820340153761208
rl,1,2,10,126,0.2,1.2452726364135742,1.222359299659729,0.9472968578338623,-0.003658368019387126,-0.1684330254793167,-0.2879316508769989,0.3335981070995331,0.7108442783355713,-0.0053904056549072266,1.4250974655151367,-1.5558756589889526,-1.3136169910430908,16.084341049194336,16.212722778320312,-0.000541435438208282,-0.007548847701400518,-0.0003397898399271071,0.007575863506644964
rl,2,2,13,126,0.26,-1.2215911149978638,-1.260966181755066,0.9102336168289185,0.12062858790159225,-0.10860909521579742,-0.3770013153553009,0.4104597270488739,-1.6684812307357788,-1.3078045845031738,1.3517651557922363,-0.21432456374168396,-1.4875261783599854,14.58347225189209,14.660706520080566,-0.00045456335647031665,-0.007786320988088846,-0.000278644758509472,0.007804553955793381
rl,3,2,14,126,0.28,-1.2260664701461792,1.2227327823638916,0.9221699833869934,0.07070592045783997,-0.1300387680530548,-0.3716457188129425,0.4000374376773834,-2.8147621154785156,2.129706859588623,0.9810984134674072,0.42000001668930054,-0.6740249395370483,15.036073684692383,15.057032585144043,-0.0007061740034259856,-0.006916811224073172,-0.0002606704365462065,0.006957651115953922
lqr,0,2,1,126,0.02,1.064660668373108,-1.3661351203918457,0.9579248428344727,-5.518887996673584,-3.4581432342529297,-1.2530133724212646,6.632263660430908,-0.09528481960296631,-2.0929479598999023,0.6976820230484009,-36.40625,-22.736658096313477,7.151496410369873,43.51453399658203,0.10803543776273727,-0.17198628187179565,-0.026525603607296944,0.20482808351516724
lqr,1,2,10,126,0.2,0.8274414539337158,0.2661002278327942,1.3307218551635742,-0.6158114671707153,-1.4338678121566772,0.4819636642932892,1.6332451105117798,0.7108442783355713,-0.0053904056549072266,1.4250974655151367,5.205353260040283,12.119462013244629,11.92684268951416,17.78276252746582,-0.028080975636839867,0.007045643404126167,0.005996217485517263,0.029565807431936264
lqr,2,2,13,126,0.26,-1.6115314960479736,-1.2999389171600342,1.301200032234192,-0.3007732629776001,-0.04154428094625473,0.25057950615882874,0.39367571473121643,-1.6684812307357788,-1.3078045845031738,1.3517651557922363,2.4600918292999268,0.365530788898468,13.756357192993164,13.979378700256348,-0.0024955852422863245,-0.00017867340648081154,0.0005703492206521332,0.0025661580730229616
lqr,3,2,14,126,0.28,-2.632288694381714,2.027120351791382,0.9805458188056946,-0.9637248516082764,0.5418092608451843,-0.013558519072830677,1.1056703329086304,-2.8147621154785156,2.129706859588623,0.9810984134674072,8.013436317443848,-4.525568008422852,16.138490676879883,18.578126907348633,0.00923520140349865,0.010575920343399048,-0.001625617267563939,0.014134413562715054
rl,0,2,2,127,0.04,1.2510427236557007,-1.2512500286102295,0.9960620999336243,0.03262317180633545,-0.04566091299057007,-0.10481380671262741,0.11889123171567917,-0.09528481960296631,-2.0929479598999023,0.6976820230484009,0.8513957262039185,-1.5000107288360596,13.21510124206543,13.32718276977539,0.00013383111217990518,-0.002858024789020419,-0.00014132235082797706,0.0028646443970501423
rl,1,2,11,127,0.22,1.2457191944122314,1.216750144958496,0.9387835264205933,0.024162335321307182,-0.1962367743253708,-0.2816994786262512,0.344161719083786,0.7108442783355713,-0.0053904056549072266,1.4250974655151367,1.4356554746627808,-1.4960132837295532,16.22119140625,16.35317039489746,-0.0003203379746992141,-0.008478309027850628,-0.0004282841400709003,0.008495161309838295
rl,2,2,14,127,0.28,-1.217682957649231,-1.2640793323516846,0.8984735012054443,0.13509118556976318,-0.10137290507555008,-0.3994978368282318,0.43373334407806396,-1.6684812307357788,-1.3078045845031738,1.3517651557922363,0.7124468088150024,0.4030857980251312,14.667954444885254,14.690777778625488,-0.0005260176258161664,-0.007751906756311655,-0.00030176001018844545,0.007775590755045414
rl,3,2,15,127,0.3,-1.2233891487121582,1.2188571691513062,0.9111453890800476,0.09852204471826553,-0.12876808643341064,-0.3654123544692993,0.3997674286365509,-2.8147621154785156,2.129706859588623,0.9810984134674072,1.411427617073059,0.08387881517410278,16.222877502441406,16.284378051757812,-0.0010425583459436893,-0.00697310222312808,-0.00022345026081893593,0.007054148707538843
lqr,0,2,2,127,0.04,0.9040367007255554,-1.466781497001648,0.9214541912078857,-5.1816887855529785,-3.2468111515045166,-1.1765532493591309,6.227034568786621,-0.09528481960296631,-2.0929479598999023,0.6976820230484009,30.738374710083008,19.14182472229004,23.681663513183594,43.267520904541016,0.06754257529973984,-0.1058914065361023,-0.020855790004134178,0.12731830775737762
lqr,1,2,11,127,0.22,0.810759425163269,0.2272574007511139,1.343778133392334,-0.5277063846588135,-1.2287225723266602,0.4130067825317383,1.3995741605758667,0.7108442783355713,-0.0053904056549072266,1.4250974655151367,4.440735816955566,10.384312629699707,12.474355697631836,16.82746696472168,-0.02558150328695774,0.005532376002520323,0.006052122451364994,0.026863519102334976
lqr,2,2,14,127,0.28,-1.6196792125701904,-1.3010644912719727,1.307987928390503,-0.2577410042285919,-0.03560098633170128,0.21472734212875366,0.337350994348526,-1.6684812307357788,-1.3078045845031738,1.3517651557922363,2.0890626907348633,0.31696975231170654,14.060032844543457,14.217917442321777,-0.0024819455575197935,-0.0011761151254177094,0.0005200476152822375,0.002795308595523238
lqr,3,2,15,127,0.3,-2.658395528793335,2.041797399520874,0.9801785945892334,-0.8258419632911682,0.46429112553596497,-0.011619143187999725,0.9474788904190063,-2.8147621154785156,2.129706859588623,0.9810984134674072,6.842475891113281,-3.872514247894287,16.095596313476562,17.913236618041992,0.007736844010651112,0.007902816869318485,-0.0015006203902885318,0.011160875670611858
rl,0,2,3,128,0.06,1.2523311376571655,-1.2531760931015015,0.9927576184272766,0.04811732470989227,-0.07346292585134506,-0.11281053721904755,0.14296256005764008,-0.09528481960296631,-2.0929479598999023,0.6976820230484009,0.830532968044281,-1.500232219696045,15.44735050201416,15.542236328125,0.0002637399302329868,-0.0043428451754152775,-0.00024834999931044877,0.0043579284101724625
rl,1,2,12,128,0.24,1.246419906616211,1.2108893394470215,0.9301305413246155,0.022978363558650017,-0.1949184536933899,-0.2917976975440979,0.35166335105895996,0.7108442783355713,-0.0053904056549072266,1.4250974655151367,-0.1323258876800537,0.07533367723226547,15.33327865600586,15.33403491973877,-0.00047526173875667155,-0.008022749796509743,-0.00040778733091428876,0.008047153241932392
rl,2,2,15,128,0.3,-1.2133194208145142,-1.266667366027832,0.8866133093833923,0.15063844621181488,-0.07871189713478088,-0.3932631015777588,0.42841964960098267,-1.6684812307357788,-1.3078045845031738,1.3517651557922363,0.7570803165435791,1.237807035446167,16.217830657958984,16.282609939575195,-0.0015960336895659566,-0.007449059281498194,-0.00013553151802625507,0.007619328796863556
rl,3,2,16,128,0.32,-1.2202556133270264,1.2148557901382446,0.9003078937530518,0.10742618143558502,-0.13568347692489624,-0.3591774106025696,0.3986963927745819,-2.8147621154785156,2.129706859588623,0.9810984134674072,0.3848462700843811,-0.3562488257884979,16.217906951904297,16.226383209228516,-0.0014970955671742558,-0.00700336741283536,-0.00014969783660490066,0.007163160014897585
lqr,0,2,3,128,0.06,0.7619085311889648,-1.5558381080627441,0.889182448387146,-4.511901378631592,-2.8271098136901855,-1.0244683027267456,5.422115802764893,-0.09528481960296631,-2.0929479598999023,0.6976820230484009,36.03763198852539,22.392728805541992,25.223787307739258,49.35974884033203,0.027494287118315697,-0.04426323249936104,-0.012916935607790947,0.05368441715836525
lqr,1,2,12,128,0.24,0.7964640855789185,0.19397187232971191,1.3549660444259644,-0.4522063732147217,-1.0529274940490723,0.3539166748523712,1.199334740638733,0.7108442783355713,-0.0053904056549072266,1.4250974655151367,3.785813570022583,8.899500846862793,12.947639465332031,16.160905838012695,-0.02301393263041973,0.004051173105835915,0.005898531526327133,0.024100743234157562
lqr,2,2,15,128,0.3,-1.6266610622406006,-1.3020288944244385,1.3138052225112915,-0.2208661586046219,-0.030507544055581093,0.18400587141513824,0.2890860438346863,-1.6684812307357788,-1.3078045845031738,1.3517651557922363,1.770288109779358,0.27586817741394043,14.320204734802246,14.431849479675293,-0.0024744539987295866,-0.0020555544178932905,0.0004654716176446527,0.003250367706641555
lqr,3,2,16,128,0.32,-2.680767297744751,2.054375171661377,0.9798639416694641,-0.7076873779296875,0.39786291122436523,-0.009957137517631054,0.8119208216667175,-2.8147621154785156,2.129706859588623,0.9810984134674072,5.837798118591309,-3.3126139640808105,16.060840606689453,17.407007217407227,0.006404271349310875,0.0055565983057022095,-0.001369892037473619,0.008588776923716068
rl,0,2,4,129,0.08,1.2543307542800903,-1.2553706169128418,0.9888753294944763,0.0759274810552597,-0.07300157845020294,-0.13770583271980286,0.1733698546886444,-0.09528481960296631,-2.0929479598999023,0.6976820230484009,1.4909684658050537,0.02436053939163685,14.536371231079102,14.612654685974121,-9.02863685041666e-05,-0.005278365220874548,-0.00026585336308926344,0.005285826977342367
rl,1,2,13,129,0.26,1.2475584745407104,1.204886794090271,0.9211656451225281,0.04543909430503845,-0.20267045497894287,-0.30234771966934204,0.36681628227233887,0.7108442783355713,-0.0053904056549072266,1.4250974655151367,1.1360751390457153,-0.41333088278770447,15.315370559692383,15.36301040649414,-0.0010754570830613375,-0.007998093031346798,-0.0003163752262480557,0.008076273836195469
rl,2,2,16,129,0.32,-1.2082439661026,-1.2695109844207764,0.874319851398468,0.17845524847507477,-0.10283619910478592,-0.41804391145706177,0.4660281836986542,-1.6684812307357788,-1.3078045845031738,1.3517651557922363,1.4210057258605957,-1.2858216762542725,14.551034927368164,14.676689147949219,-0.0019951576832681894,-0.00715330895036459,-3.7381214497145265e-05,0.0074264309369027615
rl,3,2,17,129,0.34,-1.216686487197876,1.2109315395355225,0.8885452747344971,0.12474881112575531,-0.12837325036525726,-0.4085471034049988,0.44604113698005676,-2.8147621154785156,2.129706859588623,0.9810984134674072,0.8510912656784058,0.40925997495651245,13.220142364501953,13.253829956054688,-0.001711926655843854,-0.007098997477442026,-0.00010906097304541618,0.00730331102386117
lqr,0,2,4,129,0.08,0.6394045352935791,-1.632597804069519,0.8613671660423279,-3.877735137939453,-2.4297428131103516,-0.8804532885551453,4.660008430480957,-0.09528481960296631,-2.0929479598999023,0.6976820230484009,32.371463775634766,20.093242645263672,24.330196380615234,45.2062873840332,0.002148420549929142,-0.007417414803057909,-0.006680523976683617,0.010210933163762093
lqr,1,2,13,129,0.26,0.7842140793800354,0.16544856131076813,1.3645533323287964,-0.38750797510147095,-0.9022834897041321,0.3032819330692291,1.0277440547943115,0.7108442783355713,-0.0053904056549072266,1.4250974655151367,3.2247605323791504,7.628566265106201,13.35673999786377,15.71612548828125,-0.020549694076180458,0.002670577960088849,0.005610067863017321,0.02146845869719982
lqr,2,2,16,129,0.32,-1.632644534111023,-1.3028552532196045,1.3187899589538574,-0.18926726281642914,-0.026143783703446388,0.15767903625965118,0.2477262020111084,-1.6684812307357788,-1.3078045845031738,1.3517651557922363,1.49620521068573,0.24092018604278564,14.543313026428223,14.62205982208252,-0.0024728800635784864,-0.002821291796863079,0.0004100044898223132,0.0037739803083240986
lqr,3,2,17,129,0.34,-2.6999380588531494,2.065152645111084,0.9795941710472107,-0.6064350605010986,0.34094029664993286,-0.008533000014722347,0.6957561373710632,-2.8147621154785156,2.129706859588623,0.9810984134674072,4.975800037384033,-2.831942081451416,16.032438278198242,17.024028778076172,0.005231386516243219,0.003512812312692404,-0.0012395548401400447,0.006422129925340414
rl,0,2,5,130,0.1,1.257108211517334,-1.2581168413162231,0.9840300679206848,0.10091569274663925,-0.10080629587173462,-0.17341044545173645,0.2245374470949173,-0.09528481960296631,-2.0929479598999023,0.6976820230484009,1.3346412181854248,-1.4999381303787231,13.953529357910156,14.097236633300781,-0.0005221210885792971,-0.0053723822347819805,-0.00021899340208619833,0.005402134731411934
rl,1,2,14,130,0.28,1.2493185997009277,1.198644757270813,0.912159264087677,0.06527861952781677,-0.21076726913452148,-0.29913896322250366,0.3717099130153656,0.7108442783355713,-0.0053904056549072266,1.4250974655151367,0.984126091003418,-0.4305500388145447,16.057432174682617,16.093320846557617,-0.0012427886249497533,-0.007512804586440325,-0.00025811907835304737,0.007619277108460665
rl,2,2,17,130,0.34,-1.2030572891235352,-1.273152232170105,0.8617637157440186,0.17011559009552002,-0.13064239919185638,-0.41878268122673035,0.4705164134502411,-1.6684812307357788,-1.3078045845031738,1.3517651557922363,-0.5426466464996338,-1.481874704360962,15.837493896484375,15.915924072265625,-0.0011018402874469757,-0.00707539077848196,-0.00015540036838501692,0.007162356749176979
rl,3,2,18,130,0.36,-1.2128338813781738,1.2069028615951538,0.8764136433601379,0.13026228547096252,-0.1372492015361786,-0.40231195092201233,0.4445902705192566,-2.8147621154785156,2.129706859588623,0.9810984134674072,0.18874341249465942,-0.4586320221424103,16.217195510864258,16.224777221679688,-0.001903984579257667,-0.006943440996110439,-5.4826752602821216e-05,0.007199967745691538
lqr,0,2,5,130,0.1,0.5343137979507446,-1.6984461545944214,0.8375062942504883,-3.3247649669647217,-2.083258867263794,-0.7548820376396179,3.9954819679260254,-0.09528481960296631,-2.0929479598999023,0.6976820230484009,27.949874877929688,17.345699310302734,23.1645450592041,40.232635498046875,-0.012002403847873211,0.011783817782998085,-0.0022298500407487154,0.016967272385954857
lqr,1,2,14,130,0.28,0.7737166285514832,0.14100611209869385,1.3727697134017944,-0.332066148519516,-0.7731918692588806,0.2598903179168701,0.8807023167610168,0.7108442783355713,-0.0053904056549072266,1.4250974655151367,2.743893623352051,6.5406670570373535,13.709583282470703,15.435735702514648,-0.01827486790716648,0.0014197120908647776,0.0052406988106667995,0.019064398482441902
lqr,2,2,17,130,0.34,-1.6377718448638916,-1.3035632371902466,1.323061227798462,-0.1621878296136856,-0.022403966635465622,0.13511896133422852,0.21228274703025818,-1.6684812307357788,-1.3078045845031738,1.3517651557922363,1.2604904174804688,0.21136903762817383,14.734554290771484,14.789881706237793,-0.0024764579720795155,-0.003481992520391941,0.0003559965407475829,0.004287639167159796
lqr,3,2,18,130,0.36,-2.716367244720459,2.0743887424468994,0.979362964630127,-0.5196685791015625,0.2921615540981293,-0.0073129707016050816,0.596210777759552,-2.8147621154785156,2.129706859588623,0.9810984134674072,4.236032962799072,-2.4198293685913086,16.0090274810791,16.7358455657959,0.004206240642815828,0.0017414859030395746,-0.0011136847315356135,0.004686739761382341
rl,0,2,6,131,0.12,1.2595796585083008,-1.2610756158828735,0.9788697957992554,0.07311917841434479,-0.09753613919019699,-0.17131339013576508,0.21025696396827698,-0.09528481960296631,-2.0929479598999023,0.6976820230484009,-1.5202242136001587,0.17695488035678864,15.989596366882324,16.06267738342285,-0.0005812164745293558,-0.006358236074447632,-0.00025895776343531907,0.006389995105564594
rl,1,2,15,131,0.3,1.250720739364624,1.1923480033874512,0.9027350544929504,0.037486787885427475,-0.20946462452411652,-0.32164156436920166,0.38566043972969055,0.7108442783355713,-0.0053904056549072266,1.4250974655151367,-1.5843559503555298,0.07777345180511475,14.655416488647461,14.741013526916504,-0.0014604937750846148,-0.007982439361512661,-0.00022462794731836766,0.008118056692183018
rl,2,2,18,131,0.36,-1.1982711553573608,-1.2776278257369995,0.8489277362823486,0.15426476299762726,-0.15844684839248657,-0.43240371346473694,0.48567065596580505,-1.6684812307357788,-1.3078045845031738,1.3517651557922363,-0.9508962035179138,-1.4820233583450317,15.139721870422363,15.241777420043945,-0.0005077898385934532,-0.008156158961355686,-0.0003020956355612725,0.008177532814443111
rl,3,2,19,131,0.38,-1.2094217538833618,1.2027870416641235,0.8638057708740234,0.10546957701444626,-0.13715705275535583,-0.4292464554309845,0.462804913520813,-2.8147621154785156,2.129706859588623,0.9810984134674072,-1.440487027168274,0.024672076106071472,14.415372848510742,14.487187385559082,-0.001845771912485361,-0.007869032211601734,-8.516171510564163e-05,0.008083055727183819
lqr,0,2,6,131,0.12,0.44424018263816833,-1.7548847198486328,0.817055344581604,-2.8493900299072266,-1.7853978872299194,-0.6469373106956482,3.4242074489593506,-0.09528481960296631,-2.0929479598999023,0.6976820230484009,23.96621322631836,14.88137435913086,22.089981079101562,35.83018112182617,-0.01908239722251892,0.02046193741261959,0.0008196936687454581,0.02799108251929283
lqr,1,2,15,131,0.3,0.7647210955619812,0.12006072700023651,1.379810094833374,-0.28455621004104614,-0.6625697612762451,0.22270530462265015,0.7546977400779724,0.7108442783355713,-0.0053904056549072266,1.4250974655151367,2.331592082977295,5.609318733215332,14.01418399810791,15.274100303649902,-0.016225265339016914,0.0003058620495721698,0.00482893968001008,0.01693137362599373
lqr,2,2,18,131,0.36,-1.6421655416488647,-1.30417001247406,1.3267215490341187,-0.1389830857515335,-0.019200673326849937,0.11578752100467682,0.18191128969192505,-1.6684812307357788,-1.3078045845031738,1.3517651557922363,1.0575398206710815,0.1863105297088623,14.898333549499512,14.936982154846191,-0.0024841646663844585,-0.004048201255500317,0.0003050013619940728,0.004759415052831173
lqr,3,2,19,131,0.38,-2.7304446697235107,2.082303762435913,0.9791648387908936,-0.44531652331352234,0.2503589987754822,-0.0062661804258823395,0.5109067559242249,-2.8147621154785156,2.129706859588623,0.9810984134674072,3.6006648540496826,-2.066556453704834,15.9896879196167,16.519853591918945,0.003314911387860775,0.0002120430872309953,-0.0009949253872036934,0.003467488568276167
rl,0,2,7,132,0.14,1.2613073587417603,-1.2638113498687744,0.9734278917312622,0.04983162879943848,-0.08802363276481628,-0.18644364178180695,0.21211454272270203,-0.09528481960296631,-2.0929479598999023,0.6976820230484009,-1.2830445766448975,0.514858603477478,15.059881210327148,15.123204231262207,-0.0014586710603907704,-0.008374583907425404,-0.00021035844110883772,0.008503271266818047
rl,1,2,16,132,0.32,1.2516942024230957,1.1855080127716064,0.8928206562995911,0.02995145507156849,-0.23727218806743622,-0.3348977565765381,0.41152364015579224,0.7108442783355713,-0.0053904056549072266,1.4250974655151367,-0.502956748008728,-1.491237998008728,15.16137409210205,15.24283504486084,-0.0013820382300764322,-0.008958587422966957,-0.0002614319382701069,0.009068332612514496
rl,2,2,19,132,0.38,-1.1936790943145752,-1.281825304031372,0.8349683284759521,0.15246662497520447,-0.13064099848270416,-0.48177188634872437,0.5219361186027527,-1.6684812307357788,-1.3078045845031738,1.3517651557922363,-0.18710045516490936,1.5160021781921387,13.21220874786377,13.300214767456055,-0.0008154431125149131,-0.008489953354001045,-0.0002999621210619807,0.008534297347068787
rl,3,2,20,132,0.4,-1.2057011127471924,1.1981159448623657,0.85105299949646,0.13329045474529266,-0.16496498882770538,-0.42301467061042786,0.4732031524181366,-2.8147621154785156,2.129706859588623,0.9810984134674072,1.3767331838607788,-1.476723551750183,16.228063583374023,16.353168487548828,-0.0016149410512298346,-0.008271779865026474,-0.00013406772632151842,0.008429018780589104
lqr,0,2,7,132,0.14,0.36705026030540466,-1.803251028060913,0.799530029296875,-2.4417805671691895,-1.529997706413269,-0.5543854236602783,2.934370279312134,-0.09528481960296631,-2.0929479598999023,0.6976820230484009,20.524477005004883,12.758467674255371,21.15836524963379,32.1202278137207,-0.021947912871837616,0.023225663229823112,0.002828155644237995,0.03208022564649582
lqr,1,2,16,132,0.32,0.7570128440856934,0.1021120473742485,1.3858428001403809,-0.2438436895608902,-0.5677745342254639,0.1908421516418457,0.6467213034629822,0.7108442783355713,-0.0053904056549072266,1.4250974655151367,1.9778227806091309,4.812117099761963,14.276689529418945,15.195135116577148,-0.014407910406589508,-0.0006753778434358537,0.004401796497404575,0.015080445446074009
lqr,2,2,19,132,0.38,-1.6459306478500366,-1.304689884185791,1.329857587814331,-0.11909716576337814,-0.01645408757030964,0.09922249615192413,0.1558844894170761,-1.6684812307357788,-1.3078045845031738,1.3517651557922363,0.8825892806053162,0.16530832648277283,15.038763999938965,15.065546989440918,-0.002495014574378729,-0.0045305415987968445,0.00025804032338783145,0.0051785605028271675
lqr,3,2,20,132,0.4,-2.7425084114074707,2.089085340499878,0.9789950847625732,-0.38160285353660583,0.2145392894744873,-0.005369775928556919,0.43780896067619324,-2.8147621154785156,2.129706859588623,0.9810984134674072,3.0553505420684814,-1.7630019187927246,15.973356246948242,16.35822296142578,0.00254270457662642,-0.0011051063193008304,-0.0008848177967593074,0.002910241950303316
rl,0,2,8,133,0.16,1.2622774839401245,-1.2660319805145264,0.9675003886222839,0.023600440472364426,-0.06702078133821487,-0.203152596950531,0.21522022783756256,-0.09528481960296631,-2.0929479598999023,0.6976820230484009,-1.4497157335281372,1.1365742683410645,14.97346305847168,15.086353302001953,-0.0022461710032075644,-0.00932341068983078,-0.00012213026639074087,0.009590943343937397
rl,1,2,17,133,0.34,1.2521039247512817,1.1778335571289062,0.8824788331985474,0.005523999221622944,-0.26507773995399475,-0.34964773058891296,0.438805490732193,0.7108442783355713,-0.0053904056549072266,1.4250974655151367,-1.4218883514404297,-1.4902215003967285,15.074275016784668,15.21434497833252,-0.0006897541461512446,-0.009342244826257229,-0.00038978736847639084,0.009375778958201408
rl,2,2,20,133,0.4,-1.1895047426223755,-1.285502552986145,0.8198490738868713,0.13249708712100983,-0.11854147166013718,-0.5150802135467529,0.5448992848396301,-1.6684812307357788,-1.3078045845031738,1.3517651557922363,-1.1800204515457153,0.6714469790458679,14.072343826293945,14.13768482208252,-0.002000914653763175,-0.008399363607168198,-0.0001143345216405578,0.008635163307189941
rl,3,2,21,133,0.42,-1.2011703252792358,1.1926108598709106,0.8383820652961731,0.1599012166261673,-0.1927706003189087,-0.4220331013202667,0.4907553791999817,-2.8147621154785156,2.129706859588623,0.9810984134674072,1.3067207336425781,-1.4761288166046143,15.944939613342285,16.066349029541016,-0.0008987238979898393,-0.007481252774596214,-0.00022565816470887512,0.007538419682532549
lqr,0,2,8,133,0.16,0.3009032905101776,-1.8446979522705078,0.7845121026039124,-2.092444658279419,-1.3111097812652588,-0.4750681519508362,2.5145623683929443,-0.09528481960296631,-2.0929479598999023,0.6976820230484009,17.571460723876953,10.940326690673828,20.363758087158203,29.03669548034668,-0.022396204993128777,0.022813158109784126,0.004078007768839598,0.0322282537817955
lqr,1,2,17,133,0.34,0.7504071593284607,0.08673128485679626,1.3910123109817505,-0.2089565098285675,-0.486541748046875,0.16353921592235565,0.5541937947273254,0.7108442783355713,-0.0053904056549072266,1.4250974655151367,1.6741607189178467,4.129512310028076,14.502676963806152,15.171793937683105,-0.012813961133360863,-0.0015340938698500395,0.003977764397859573,0.013504578731954098
lqr,2,2,20,133,0.4,-1.6491570472717285,-1.3051354885101318,1.3325459957122803,-0.10205747187137604,-0.014101320877671242,0.08502724021673203,0.1335822194814682,-1.6684812307357788,-1.3078045845031738,1.3517651557922363,0.7317208051681519,0.1476515829563141,15.158872604370117,15.177240371704102,-0.002507877303287387,-0.004939457401633263,0.0002156721893697977,0.0055438438430428505
lqr,3,2,21,133,0.42,-2.752845287322998,2.0948967933654785,0.9788497090339661,-0.3270062506198883,0.1838459074497223,-0.004601809196174145,0.37517139315605164,-2.8147621154785156,2.129706859588623,0.9810984134674072,2.5867836475372314,-1.5026473999023438,15.959678649902344,16.237632751464844,0.001875258982181549,-0.0022368391510099173,-0.0007840865291655064,0.0030223894864320755
rl,0,2,9,134,0.18,1.2628722190856934,-1.268599033355713,0.9611181020736694,0.017936186864972115,-0.0948311910033226,-0.21753501892089844,0.23798349499702454,-0.09528481960296631,-2.0929479598999023,0.6976820230484009,-0.34918585419654846,-1.4945054054260254,15.102286338806152,15.180070877075195,-0.002337329089641571,-0.00964314304292202,-0.00010297556582372636,0.00992289837449789
rl,1,2,18,134,0.36,1.2519358396530151,1.1693251132965088,0.8710019588470459,-0.011158397421240807,-0.2928820848464966,-0.39901548624038696,0.4950937032699585,0.7108442783355713,-0.0053904056549072266,1.4250974655151367,-0.9990106225013733,-1.4911797046661377,13.208948135375977,13.330339431762695,-0.00022578313655685633,-0.00968736968934536,-0.000502272741869092,0.009703009389340878
rl,2,2,21,134,0.42,-1.1855347156524658,-1.2893023490905762,0.8034090995788574,0.13225921988487244,-0.13072744011878967,-0.5644496083259583,0.5942941308021545,-1.6684812307357788,-1.3078045845031738,1.3517651557922363,-0.1161467432975769,-0.6382257342338562,13.215422630310059,13.231334686279297,-0.002057851292192936,-0.008555754087865353,-8.89694711077027e-05,0.0088002048432827
rl,3,2,22,134,0.44,-1.196425437927246,1.1873838901519775,0.8258458375930786,0.1572846621274948,-0.1649656742811203,-0.4157964587211609,0.4741717278957367,-2.8147621154785156,2.129706859588623,0.9810984134674072,-0.27839767932891846,1.5253145694732666,16.210865020751953,16.284847259521484,-0.001195036224089563,-0.007470156531780958,-0.00019832811085507274,0.007567739579826593
lqr,0,2,9,134,0.18,0.24421988427639008,-1.8802152872085571,0.7716428637504578,-1.793079137802124,-1.1235322952270508,-0.4070988893508911,2.1548056602478027,-0.09528481960296631,-2.0929479598999023,0.6976820230484009,15.039886474609375,9.38306713104248,19.690311431884766,26.49431037902832,-0.02152523398399353,0.02080654166638851,0.0047827004455029964,0.030317025259137154
lqr,1,2,18,134,0.36,0.744746744632721,0.07355111837387085,1.395442247390747,-0.17906054854393005,-0.41693124175071716,0.14014297723770142,0.4749046266078949,0.7108442783355713,-0.0053904056549072266,1.4250974655151367,1.4132990837097168,3.5451128482818604,14.697153091430664,15.184582710266113,-0.011426357552409172,-0.0022826085332781076,0.0035690483637154102,0.012186470441520214
lqr,2,2,21,134,0.42,-1.6519217491149902,-1.3055176734924316,1.3348491191864014,-0.08745614439249039,-0.012084444984793663,0.07286223024129868,0.11447058618068695,-1.6684812307357788,-1.3078045845031738,1.3517651557922363,0.6014308929443359,0.13288681209087372,15.26207447052002,15.274497985839844,-0.002521849237382412,-0.005284360609948635,0.00017818613559938967,0.005857980810105801
lqr,3,2,22,134,0.44,-2.7617034912109375,2.099877119064331,0.9787249565124512,-0.2802220284938812,0.15754307806491852,-0.003943676594644785,0.3214961290359497,-2.8147621154785156,2.129706859588623,0.9810984134674072,2.184300422668457,-1.279425859451294,15.948087692260742,16.147743225097656,0.001299665542319417,-0.003207569010555744,-0.0006929915980435908,0.0035295705311000347
rl,0,2,10,135,0.2,1.2631702423095703,-1.2719995975494385,0.9536045789718628,0.005938987713307142,-0.12263836711645126,-0.26690348982810974,0.2937906086444855,-0.09528481960296631,-2.0929479598999023,0.6976820230484009,-0.692608118057251,-1.4939353466033936,13.213430404663086,13.315640449523926,-0.001252504182048142,-0.009270590730011463,-0.000257020175922662,0.009358348324894905
rl,1,2,19,135,0.38,1.2510451078414917,1.1605929136276245,0.858904242515564,-0.03894459828734398,-0.29017317295074463,-0.40536999702453613,0.5000419616699219,0.7108442783355713,-0.0053904056549072266,1.4250974655151367,-1.6233620643615723,0.15671277046203613,15.523087501525879,15.608527183532715,-0.0003264083352405578,-0.009791726246476173,-0.0005241913604550064,0.009811178781092167
rl,2,2,22,135,0.44,-1.1811414957046509,-1.2926971912384033,0.7859675884246826,0.15353330969810486,-0.10437121987342834,-0.5898515582084656,0.6183774471282959,-1.6684812307357788,-1.3078045845031738,1.3517651557922363,1.0278751850128174,1.444239616394043,14.514877319335938,14.622722625732422,-0.002045975998044014,-0.00784218404442072,-4.984622137271799e-05,0.008104834705591202
rl,3,2,23,135,0.46,-1.1912800073623657,1.1819730997085571,0.8130031228065491,0.17863976955413818,-0.18804892897605896,-0.43424108624458313,0.5058061480522156,-2.8147621154785156,2.129706859588623,0.9810984134674072,1.0186865329742432,-1.2203580141067505,14.895291328430176,14.979876518249512,-0.0019405706552788615,-0.007756572216749191,-8.688597881700844e-05,0.007996110245585442
lqr,0,2,10,135,0.2,0.19564621150493622,-1.9106515645980835,0.7606146931648254,-1.5365415811538696,-0.9627885818481445,-0.34885451197624207,1.8465160131454468,-0.09528481960296631,-2.0929479598999023,0.6976820230484009,12.869813919067383,8.049173355102539,19.12018394470215,24.413166046142578,-0.019994329661130905,0.01810370944440365,0.005101883318275213,0.02745080552995205
lqr,1,2,19,135,0.38,0.7398962378501892,0.06225668266415596,1.39923894405365,-0.15344195067882538,-0.3572799861431122,0.12009216845035553,0.4069589078426361,0.7108442783355713,-0.0053904056549072266,1.4250974655151367,1.1890537738800049,3.044804573059082,14.8643159866333,15.21947956085205,-0.010224860161542892,-0.0029337804298847914,0.003183322958648205,0.01110352948307991
lqr,2,2,22,135,0.44,-1.6542905569076538,-1.3058451414108276,1.3368229866027832,-0.07494426518678665,-0.010355743579566479,0.06243704631924629,0.09809316694736481,-1.6684812307357788,-1.3078045845031738,1.3517651557922363,0.48879769444465637,0.12054720520973206,15.350157737731934,15.35841178894043,-0.002536016283556819,-0.005573783069849014,0.00014562839351128787,0.006125328131020069
lqr,3,2,23,135,0.46,-2.769294261932373,2.1041440963745117,0.9786179661750793,-0.24013055860996246,0.1350049078464508,-0.0033793719485402107,0.2755003273487091,-2.8147621154785156,2.129706859588623,0.9810984134674072,1.8383874893188477,-1.0876519680023193,15.93830680847168,16.0808048248291,0.0008040929096750915,-0.004038665909320116,-0.000611372641287744,0.004163071513175964
rl,0,2,11,136,0.22,1.2629940509796143,-1.2762346267700195,0.9446101188659668,-0.011774145998060703,-0.15044346451759338,-0.3162710666656494,0.3504272401332855,-0.09528481960296631,-2.0929479598999023,0.6976820230484009,-1.008056402206421,-1.4933044910430908,13.211920738220215,13.334203720092773,-0.0005251795519143343,-0.009019342251121998,-0.0003858843701891601,0.00904285628348589
rl,1,2,20,136,0.4,1.2494311332702637,1.1517891883850098,0.845916748046875,-0.061220332980155945,-0.29510411620140076,-0.4466841220855713,0.5388516187667847,0.7108442783355713,-0.0053904056549072266,1.4250974655151367,-1.3194763660430908,-0.2559010088443756,13.63889217376709,13.704957962036133,-0.0010173928458243608,-0.01023322343826294,-0.00044916378101333976,0.010293478146195412
rl,2,2,23,136,0.46,-1.1770914793014526,-1.2957096099853516,0.7678830623626709,0.12574072182178497,-0.09843602776527405,-0.6092998385429382,0.6298783421516418,-1.6684812307357788,-1.3078045845031738,1.3517651557922363,-1.6281177997589111,0.34568092226982117,14.815042495727539,14.908244132995605,-0.002691403031349182,-0.007845576852560043,7.979195652296767e-05,0.008294763043522835
rl,3,2,24,136,0.48,-1.1861538887023926,1.1768194437026978,0.800100564956665,0.1669907122850418,-0.1636546403169632,-0.4280036389827728,0.48770466446876526,-2.8147621154785156,2.129706859588623,0.9810984134674072,-0.7800863981246948,1.3449076414108276,16.20607566833496,16.280485153198242,-0.0018497960409149528,-0.007736561819911003,-9.052778477780521e-05,0.007955145090818405
lqr,0,2,11,136,0.22,0.15402202308177948,-1.9367327690124512,0.7511645555496216,-1.3167061805725098,-0.825042188167572,-0.2989434003829956,1.582332730293274,-0.09528481960296631,-2.0929479598999023,0.6976820230484009,11.00930404663086,6.905649185180664,18.637670516967773,22.721256256103516,-0.018191654235124588,0.015202109701931477,0.005154180806130171,0.024261202663183212
lqr,1,2,20,136,0.4,0.7357395887374878,0.052578140050172806,1.4024920463562012,-0.1314888894557953,-0.30616316199302673,0.10290980339050293,0.3487343192100525,0.7108442783355713,-0.0053904056549072266,1.4250974655151367,0.9961295127868652,2.6166465282440186,15.008095741271973,15.267024993896484,-0.009188476949930191,-0.003499942598864436,0.0028249798342585564,0.010230259969830513
lqr,2,2,23,136,0.46,-1.6563206911087036,-1.3061254024505615,1.3385144472122192,-0.06422429531812668,-0.008874614723026752,0.053504202514886856,0.08406080305576324,-1.6684812307357788,-1.3078045845031738,1.3517651557922363,0.3913002014160156,0.11023696511983871,15.425802230834961,15.431158065795898,-0.002549604745581746,-0.005815519951283932,0.00011789367272285745,0.0063509573228657246
lqr,3,2,24,136,0.48,-2.77579927444458,2.107801675796509,0.9785263538360596,-0.20577624440193176,0.11569060385227203,-0.0028953722212463617,0.2360859215259552,-2.8147621154785156,2.129706859588623,0.9810984134674072,1.5406326055526733,-0.9234344959259033,15.929903984069824,16.03084945678711,0.0003780336701311171,-0.0047490778379142284,-0.000538826163392514,0.004794474225491285
rl,0,2,12,137,0.24,1.2631508111953735,-1.2813036441802979,0.9349623918533325,0.013734972104430199,-0.1782466471195221,-0.3242523968219757,0.37027034163475037,-0.09528481960296631,-2.0929479598999023,0.6976820230484009,1.3068156242370605,-1.492293119430542,15.45482349395752,15.581600189208984,-0.00012947617506142706,-0.008594001643359661,-0.00046726109576411545,0.008607668802142143
rl,1,2,21,137,0.42,1.2479736804962158,1.1434653997421265,0.8325575590133667,-0.04225584492087364,-0.2686358392238617,-0.4446127712726593,0.5211825966835022,0.7108442783355713,-0.0053904056549072266,1.4250974655151367,0.8766587972640991,1.4400385618209839,15.998003959655762,16.086589813232422,-0.0016565186670050025,-0.009685961529612541,-0.0003261664242018014,0.009832003153860569
rl,2,2,24,137,0.48,-1.1728023290634155,-1.298964023590088,0.7492803335189819,0.15159344673156738,-0.11351258307695389,-0.6254842281341553,0.6535259485244751,-1.6684812307357788,-1.3078045845031738,1.3517651557922363,1.2565439939498901,-0.7856316566467285,15.019146919250488,15.092080116271973,-0.002359807724133134,-0.008329262025654316,3.7947458622511476e-05,0.008657177910208702
rl,3,2,25,137,0.5,-1.1812752485275269,1.1724658012390137,0.78664231300354,0.16044236719608307,-0.13585501909255981,-0.4589143991470337,0.5047779083251953,-2.8147621154785156,2.129706859588623,0.9810984134674072,-0.49313807487487793,1.527305245399475,14.203740119934082,14.294127464294434,-0.0029188634362071753,-0.008481135591864586,6.446758197853342e-05,0.008969591930508614
lqr,0,2,12,137,0.24,0.11835307627916336,-1.9590826034545898,0.7430663704872131,-1.1283224821090698,-0.7070029973983765,-0.25617319345474243,1.3559459447860718,-0.09528481960296631,-2.0929479598999023,0.6976820230484009,9.413810729980469,5.925072193145752,18.229345321655273,21.354984283447266,-0.01633913442492485,0.01236677821725607,0.005027038045227528,0.021099185571074486
lqr,1,2,21,137,0.42,0.7321776747703552,0.04428432136774063,1.4052797555923462,-0.11267588287591934,-0.26235973834991455,0.08818628638982773,0.2988399565219879,0.7108442783355713,-0.0053904056549072266,1.4250974655151367,0.8300594091415405,2.2500107288360596,15.131591796875,15.320464134216309,-0.008296920917928219,-0.003992402460426092,0.002496090019121766,0.009539845399558544
lqr,2,2,24,137,0.48,-1.6580601930618286,-1.3063656091690063,1.3399641513824463,-0.05503666028380394,-0.007605378981679678,0.045848045498132706,0.07203415036201477,-1.6684812307357788,-1.3078045845031738,1.3517651557922363,0.30714306235313416,0.1018766388297081,15.490431785583496,15.49381160736084,-0.002561840694397688,-0.006016080267727375,9.476232662564144e-05,0.006539512891322374
lqr,3,2,25,137,0.5,-2.7813732624053955,2.110935688018799,0.9784479141235352,-0.17633719742298126,0.09913703799247742,-0.002480653813108802,0.20230944454669952,-2.8147621154785156,2.129706859588623,0.9810984134674072,1.2842533588409424,-0.7821216583251953,15.922682762145996,15.993525505065918,1.2473089554987382e-05,-0.005355308298021555,-0.0004748356877826154,0.005376332905143499
rl,0,2,13,138,0.26,1.2630070447921753,-1.2863874435424805,0.9250319004058838,-0.014055854640901089,-0.16506361961364746,-0.3343867361545563,0.37317296862602234,-0.09528481960296631,-2.0929479598999023,0.6976820230484009,-1.5749101638793945,0.7193822264671326,15.323729515075684,15.421236038208008,-0.0005096163367852569,-0.008402545005083084,-0.00043050176464021206,0.008428986184298992
rl,1,2,22,138,0.44,1.246150016784668,1.1356127262115479,0.8186273574829102,-0.07004386186599731,-0.2583117187023163,-0.4742033779621124,0.5445180535316467,0.7108442783355713,-0.0053904056549072266,1.4250974655151367,-1.6376371383666992,0.5709661841392517,14.266261100769043,14.371293067932129,-0.0025873687118291855,-0.00925501249730587,-0.00012839853297919035,0.00961073487997055
rl,2,2,25,138,0.5,-1.168810486793518,-1.3025816679000854,0.7304996252059937,0.12380190193653107,-0.1241234615445137,-0.6262996196746826,0.6503728032112122,-1.6684812307357788,-1.3078045845031738,1.3517651557922363,-1.6519081592559814,-0.5412731766700745,15.820414543151855,15.915630340576172,-0.001763077569194138,-0.008179917931556702,-4.022506618639454e-05,0.008367862552404404
rl,3,2,26,138,0.52,-1.1761045455932617,1.1680647134780884,0.7728121876716614,0.17831192910671234,-0.15211932361125946,-0.46205979585647583,0.5181068181991577,-2.8147621154785156,2.129706859588623,0.9810984134674072,0.8011558651924133,-0.8441241383552551,15.719917297363281,15.762937545776367,-0.0030201072804629803,-0.008265731856226921,0.00012448991765268147,0.008801071904599667
lqr,0,2,13,138,0.26,0.08778735250234604,-1.9782347679138184,0.7361269593238831,-0.9668906927108765,-0.6058515906333923,-0.21952249109745026,1.161948323249817,-0.09528481960296631,-2.0929479598999023,0.6976820230484009,8.045502662658691,5.084267616271973,17.883224487304688,20.258075714111328,-0.014558193273842335,0.009729215875267982,0.004784414079040289,0.018151838332414627
lqr,1,2,22,138,0.44,0.7291253805160522,0.037177134305238724,1.4076687097549438,-0.09655499458312988,-0.22482337057590485,0.07556988298892975,0.2560844123363495,0.7108442783355713,-0.0053904056549072266,1.4250974655151367,0.6867654323577881,1.9363789558410645,15.23774242401123,15.375630378723145,-0.007531322073191404,-0.004421308171004057,0.002197094727307558,0.009005332365632057
lqr,2,2,25,138,0.5,-1.6595510244369507,-1.306571364402771,1.3412060737609863,-0.04716389626264572,-0.006518174894154072,0.039287269115448,0.06172851100564003,-1.6684812307357788,-1.3078045845031738,1.3517651557922363,0.23355251550674438,0.09510046243667603,15.545979499816895,15.54802417755127,-0.0025722263380885124,-0.006181410513818264,7.596010982524604e-05,0.006695666816085577
lqr,3,2,26,138,0.52,-2.786149501800537,2.113621234893799,0.9783805012702942,-0.15110930800437927,0.084952712059021,-0.0021251579746603966,0.17336523532867432,-2.8147621154785156,2.129706859588623,0.9810984134674072,1.0634691715240479,-0.6608943343162537,15.91653060913086,15.965703964233398,-0.0003009865467902273,-0.00587152736261487,-0.00041869867709465325,0.005894126836210489
rl,0,2,14,139,0.28,1.2625399827957153,-1.2909592390060425,0.9146177172660828,-0.016334805637598038,-0.1460525095462799,-0.3535161316394806,0.38284698128700256,-0.09528481960296631,-2.0929479598999023,0.6976820230484009,-0.20409563183784485,1.0346332788467407,14.844985008239746,14.88239574432373,-0.0017308670794591308,-0.0091701690107584,-0.0002743301447480917,0.009336120449006557
rl,1,2,23,139,0.46,1.243492841720581,1.1278014183044434,0.8044198751449585,-0.09782904386520386,-0.26140308380126953,-0.47327324748039246,0.549444854259491,0.7108442783355713,-0.0053904056549072266,1.4250974655151367,-1.6628566980361938,-0.14875385165214539,15.912649154663086,15.999987602233887,-0.0025879335589706898,-0.010038652457296848,-0.00011379040370229632,0.010367492213845253
rl,2,2,26,139,0.52,-1.1645400524139404,-1.3068617582321167,0.7118158340454102,0.1516249030828476,-0.15193058550357819,-0.621046245098114,0.6570931673049927,-1.6684812307357788,-1.3078045845031738,1.3517651557922363,1.336470127105713,-1.4672677516937256,16.17957305908203,16.30084800720215,-0.001308871665969491,-0.008752396330237389,-0.00014342345821205527,0.00885088462382555
rl,3,2,27,139,0.54,-1.1709301471710205,1.1640572547912598,0.7582607269287109,0.16955624520778656,-0.12431884557008743,-0.49654635787010193,0.5392242670059204,-2.8147621154785156,2.129706859588623,0.9810984134674072,-0.6236873269081116,1.5316888093948364,14.008519172668457,14.105802536010742,-0.0026864102110266685,-0.008009255863726139,0.00010412763367639855,0.008448421023786068
lqr,0,2,14,139,0.28,0.061594750732183456,-1.9946471452713013,0.7301800847053528,-0.8285549879074097,-0.5191715359687805,-0.1881156712770462,0.9957057237625122,-0.09528481960296631,-2.0929479598999023,0.6976820230484009,6.871832847595215,4.363215923309326,17.58955955505371,19.381752014160156,-0.012909962795674801,0.007345312740653753,0.004472573287785053,0.015512081794440746
lqr,1,2,23,139,0.46,0.7265096306800842,0.03108678199350834,1.4097157716751099,-0.08274022489786148,-0.19265742599964142,0.0647573322057724,0.21944552659988403,0.7108442783355713,-0.0053904056549072266,1.4250974655151367,0.56327223777771,1.6679365634918213,15.328710556030273,15.429472923278809,-0.006874773185700178,-0.0047956472262740135,0.0019273702055215836,0.008600900880992413
lqr,2,2,26,139,0.52,-1.6608284711837769,-1.3067480325698853,1.3422702550888062,-0.040416911244392395,-0.0055865636095404625,0.03366685286164284,0.05289795249700546,-1.6684812307357788,-1.3078045845031738,1.3517651557922363,0.1697486937046051,0.08954166620969772,15.59357738494873,15.594758033752441,-0.0025803346652537584,-0.0063169486820697784,6.115855649113655e-05,0.0068239071406424046
lqr,3,2,27,139,0.54,-2.790243625640869,2.1159231662750244,0.9783229231834412,-0.12949015200138092,0.072797991335392,-0.0018207485554739833,0.14856164157390594,-2.8147621154785156,2.129706859588623,0.9810984134674072,0.8731895685195923,-0.5565424561500549,15.91111946105957,15.944777488708496,-0.0005692074773833156,-0.006310168653726578,-0.0003697489155456424,0.006346569396555424
rl,0,2,15,140,0.3,1.2626060247421265,-1.2952603101730347,0.9031099677085876,0.011485242284834385,-0.14203891158103943,-0.3986237943172455,0.42332953214645386,-0.09528481960296631,-2.0929479598999023,0.6976820230484009,1.420330286026001,0.22626984119415283,13.453548431396484,13.530207633972168,-0.002354246564209461,-0.008357412181794643,-0.00011913460912182927,0.008683490566909313
rl,1,2,24,140,0.48,1.2404974699020386,1.1199798583984375,0.7899817228317261,-0.10083694756031036,-0.26036307215690613,-0.4852677881717682,0.5598587989807129,0.7108442783355713,-0.0053904056549072266,1.4250974655151367,-0.32836297154426575,0.07494042813777924,15.228747367858887,15.232471466064453,-0.002380336169153452,-0.010324951261281967,-0.00013139439397491515,0.01059659756720066
rl,2,2,27,140,0.54,-1.1605472564697266,-1.3111448287963867,0.6927320957183838,0.12383367866277695,-0.13817423582077026,-0.643668532371521,0.6698776483535767,-1.6684812307357788,-1.3078045845031738,1.3517651557922363,-1.6550135612487793,0.7730265855789185,14.63958740234375,14.753107070922852,-0.0011715497821569443,-0.008452827110886574,-0.00017655096598900855,0.008535454981029034
rl,3,2,28,140,0.56,-1.1653889417648315,1.15977144241333,0.7432295680046082,0.1922898292541504,-0.15213030576705933,-0.5033002495765686,0.5598483085632324,-2.8147621154785156,2.129706859588623,0.9810984134674072,1.050917625427246,-1.4624996185302734,15.530750274658203,15.634818077087402,-0.0027154383715242147,-0.00793896708637476,0.00013168480654712766,0.008391551673412323
lqr,0,2,15,140,0.3,0.039149582386016846,-2.008711338043213,0.7250840663909912,-0.71001136302948,-0.4448920786380768,-0.1612015813589096,0.853247344493866,-0.09528481960296631,-2.0929479598999023,0.6976820230484009,5.865095138549805,3.745059013366699,17.3398494720459,18.68408966064453,-0.011420064605772495,0.005229208152741194,0.004124506376683712,0.01322021335363388
lqr,1,2,24,140,0.48,0.72426837682724,0.02586778625845909,1.4114699363708496,-0.07090184837579727,-0.16509349644184113,0.05549301207065582,0.18804894387722015,0.7108442783355713,-0.0053904056549072266,1.4250974655151367,0.4563976526260376,1.4383947849273682,15.406923294067383,15.48065185546875,-0.006312175653874874,-0.005123172886669636,0.0016855744179338217,0.008302506990730762
lqr,2,2,27,140,0.54,-1.6619234085083008,-1.3068993091583252,1.3431823253631592,-0.034636471420526505,-0.004787499085068703,0.028850121423602104,0.04533138871192932,-1.6684812307357788,-1.3078045845031738,1.3517651557922363,0.1141781285405159,0.08513718098402023,15.6342134475708,15.634861946105957,-0.0025857507716864347,-0.00642711715772748,4.999720840714872e-05,0.006927946116775274
lqr,3,2,28,140,0.56,-2.7937519550323486,2.1178953647613525,0.9782737493515015,-0.1109623983502388,0.06238063797354698,-0.0015605454100295901,0.12730447947978973,-2.8147621154785156,2.129706859588623,0.9810984134674072,0.7087484002113342,-0.46690404415130615,15.90648078918457,15.929106712341309,-0.0007982128881849349,-0.006681745406240225,-0.0003272831963840872,0.006737208925187588
rl,0,2,16,141,0.32,1.2625349760055542,-1.2995715141296387,0.8908777832984924,-0.009293796494603157,-0.1445464938879013,-0.4122988283634186,0.4370015859603882,-0.09528481960296631,-2.0929479598999023,0.6976820230484009,-1.2180031538009644,-0.12172063440084457,15.133320808410645,15.182744979858398,-0.0022946905810385942,-0.007806688081473112,-6.620711064897478e-05,0.00813722051680088
rl,1,2,25,141,0.5,1.236916422843933,1.1116814613342285,0.7750371694564819,-0.12862205505371094,-0.2847324311733246,-0.5045926570892334,0.5934896469116211,0.7108442783355713,-0.0053904056549072266,1.4250974655151367,-1.6700162887573242,-1.2937953472137451,14.819496154785156,14.96931266784668,-0.0019774362444877625,-0.010107419453561306,-0.00017018856306094676,0.010300444439053535
rl,2,2,28,141,0.56,-1.156275749206543,-1.3155850172042847,0.6734862327575684,0.151656374335289,-0.15291525423526764,-0.6404598355293274,0.6757007837295532,-1.6684812307357788,-1.3078045845031738,1.3517651557922363,1.321685791015625,-0.7601511478424072,16.069259643554688,16.141429901123047,-0.001627389807254076,-0.008734977804124355,-0.000128752930322662,0.008886214345693588
rl,3,2,29,141,0.58,-1.1601762771606445,1.1550629138946533,0.7273915410041809,0.16449780762195587,-0.15934883058071136,-0.540249764919281,0.586789071559906,-2.8147621154785156,2.129706859588623,0.9810984134674072,-1.662145733833313,-0.3537777364253998,13.867372512817383,13.971109390258789,-0.0017683174228295684,-0.007943481206893921,-1.2804789548681583e-05,0.00813793670386076
lqr,0,2,16,141,0.32,0.019915709272027016,-2.0207629203796387,0.720717191696167,-0.6084281206130981,-0.3812408149242401,-0.13813786208629608,0.7311712503433228,-0.09528481960296631,-2.0929479598999023,0.6976820230484009,5.001255035400391,3.214576482772827,17.12753677368164,18.13004493713379,-0.010093805380165577,0.0033729211427271366,0.0037633373867720366,0.01128823310136795
lqr,1,2,25,141,0.5,0.7223477363586426,0.021395482122898102,1.412973165512085,-0.06075800210237503,-0.1414732038974762,0.04755471646785736,0.16114482283592224,0.7108442783355713,-0.0053904056549072266,1.4250974655151367,0.363994300365448,1.241990089416504,15.474101066589355,15.528130531311035,-0.005830136593431234,-0.005410625133663416,0.001469924347475171,0.008088636212050915
lqr,2,2,28,141,0.56,-1.6628614664077759,-1.3070286512374878,1.343963861465454,-0.029681727290153503,-0.004103966988623142,0.02472233772277832,0.03884638473391533,-1.6684812307357788,-1.3078045845031738,1.3517651557922363,0.06575925648212433,0.08162147551774979,15.668989181518555,15.669340133666992,-0.002588062547147274,-0.006515726912766695,4.2099862184841186e-05,0.007011029403656721
lqr,3,2,29,141,0.58,-2.7967581748962402,2.1195855140686035,0.9782314300537109,-0.09508523344993591,0.053454216569662094,-0.0013375707203522325,0.10908869653940201,-2.8147621154785156,2.129706859588623,0.9810984134674072,0.5668213367462158,-0.3897511661052704,15.902507781982422,15.917378425598145,-0.0009933258406817913,-0.00699569471180439,-0.0002906158333644271,0.007071838714182377
rl,0,2,17,142,0.34,1.2621617317199707,-1.303794026374817,0.8781031966209412,-0.014001852832734585,-0.13885295391082764,-0.43258246779441833,0.45453688502311707,-0.09528481960296631,-2.0929479598999023,0.6976820230484009,-0.3560483455657959,0.32210031151771545,14.781798362731934,14.789593696594238,-0.002277395920827985,-0.008672432973980904,-7.461655332008377e-05,0.008966783061623573
rl,1,2,26,142,0.52,1.232501745223999,1.1026169061660767,0.7600241303443909,-0.15640445053577423,-0.3108653724193573,-0.4983553886413574,0.6078303456306458,0.7108442783355713,-0.0053904056549072266,1.4250974655151367,-1.6956478357315063,-1.3858739137649536,16.197765350341797,16.345136642456055,-0.001150554046034813,-0.010658161714673042,-0.00032696645939722657,0.010725067928433418
rl,2,2,29,142,0.58,-1.1511696577072144,-1.3204212188720703,0.6537699699401855,0.17947494983673096,-0.16535533964633942,-0.6655821800231934,0.7089099287986755,-1.6684812307357788,-1.3078045845031738,1.3517651557922363,1.3319668769836426,-0.6382662653923035,14.541153907775879,14.615973472595215,-0.0013032014248892665,-0.007616743911057711,-0.00013879027392249554,0.007728672586381435
rl,3,2,30,142,0.6,-1.1552023887634277,1.1503561735153198,0.7104014158248901,0.16645604372024536,-0.15565897524356842,-0.5793882012367249,0.6225978136062622,-2.8147621154785156,2.129706859588623,0.9810984134674072,-0.06275826692581177,0.23551014065742493,13.766657829284668,13.768815040588379,-0.0017415331676602364,-0.00849688146263361,-5.800430153612979e-05,0.008673712611198425
lqr,0,2,17,142,0.34,0.0034336955286562443,-2.031090497970581,0.7169752717018127,-0.5213785767555237,-0.3266969621181488,-0.11837441474199295,0.6265612840652466,-0.09528481960296631,-2.0929479598999023,0.6976820230484009,4.260010242462158,2.7601375579833984,16.94659996032715,17.690486907958984,-0.008925178088247776,0.0017574738012626767,0.003404826857149601,0.00971289724111557
lqr,1,2,26,142,0.52,0.7207019329071045,0.017563052475452423,1.4142613410949707,-0.05206537991762161,-0.12123233079910278,0.04075124114751816,0.1380896270275116,0.7108442783355713,-0.0053904056549072266,1.4250974655151367,0.28379788994789124,1.0741896629333496,15.531498908996582,15.571187973022461,-0.00541708106175065,-0.005663790740072727,0.001278419978916645,0.007940884679555893
lqr,2,2,29,142,0.58,-1.663665533065796,-1.3071399927139282,1.3446335792541504,-0.025436371564865112,-0.003517845878377557,0.021185390651226044,0.03328971192240715,-1.6684812307357788,-1.3078045845031738,1.3517651557922363,0.02327890694141388,0.07907719910144806,15.698827743530273,15.699044227600098,-0.0025871088728308678,-0.006586284376680851,3.710022065206431e-05,0.007076273672282696
lqr,3,2,30,142,0.6,-2.7993345260620117,2.1210339069366455,0.978195071220398,-0.08147946745157242,0.04580473527312279,-0.00114601815585047,0.09347882121801376,-2.8147621154785156,2.129706859588623,0.9810984134674072,0.4439705014228821,-0.32343554496765137,15.899017333984375,15.908503532409668,-0.0011590244248509407,-0.00725975027307868,-0.0002590884978417307,0.007356251589953899
rl,0,2,18,143,0.36,1.2618352174758911,-1.3080525398254395,0.865249752998352,-0.009306833148002625,-0.14350710809230804,-0.4263833165168762,0.44998180866241455,-0.09528481960296631,-2.0929479598999023,0.6976820230484009,0.13282671570777893,-0.23250070214271545,16.214792251586914,16.217002868652344,-0.002330821007490158,-0.00872208271175623,-4.9371727072866634e-05,0.009028282947838306
rl,1,2,27,143,0.54,1.227782964706421,1.0938469171524048,0.7446649670600891,-0.157728374004364,-0.2830606698989868,-0.5187843441963196,0.6116688251495361,0.7108442783355713,-0.0053904056549072266,1.4250974655151367,-0.2590458393096924,1.5220316648483276,14.772066116333008,14.852529525756836,-0.0013354381080716848,-0.010682591237127781,-0.00032805465161800385,0.010770737193524837
rl,2,2,30,143,0.6,-1.1452293395996094,-1.3248673677444458,0.6339251399040222,0.20729029178619385,-0.1396210640668869,-0.6594522595405579,0.705223798751831,-1.6684812307357788,-1.3078045845031738,1.3517651557922363,1.3063350915908813,1.4261817932128906,16.222864151000977,16.337743759155273,-0.0016445610672235489,-0.006903405766934156,-5.855592098669149e-05,0.007096831686794758
rl,3,2,31,143,0.62,-1.1498112678527832,1.145864725112915,0.6926187872886658,0.18633556365966797,-0.1467514932155609,-0.5994288921356201,0.6446487307548523,-2.8147621154785156,2.129706859588623,0.9810984134674072,0.8844690322875977,0.5212862491607666,14.808419227600098,14.843965530395508,-0.0020544717554003,-0.007909199222922325,-1.312098447669996e-07,0.008171675726771355
lqr,0,2,18,143,0.36,-0.010690197348594666,-2.039940595626831,0.7137685418128967,-0.4467834234237671,-0.2799553871154785,-0.10143882781267166,0.5369173884391785,-0.09528481960296631,-2.0929479598999023,0.6976820230484009,3.6237926483154297,2.3706018924713135,16.792348861694336,17.34170150756836,-0.007903029210865498,0.00035950177698396146,0.0030594447162002325,0.008482175879180431
lqr,1,2,27,143,0.54,0.7192915678024292,0.014278950169682503,1.41536545753479,-0.04461592435836792,-0.10388738662004471,0.03492078557610512,0.11833271384239197,0.7108442783355713,-0.0053904056549072266,1.4250974655151367,0.21410837769508362,0.9308672547340393,15.580803871154785,15.610054016113281,-0.005062995478510857,-0.00588764576241374,0.001108975731767714,0.0078439861536026
lqr,2,2,30,143,0.6,-1.6643545627593994,-1.3072350025177002,1.345207691192627,-0.021798668429255486,-0.003014017129316926,0.01815318688750267,0.028527257964015007,-1.6684812307357788,-1.3078045845031738,1.3517651557922363,-0.01388046145439148,0.07709338515996933,15.724235534667969,15.724431037902832,-0.0025828329380601645,-0.00664186617359519,3.4650249290280044e-05,0.007126472890377045
lqr,3,2,31,143,0.62,-2.8015410900115967,2.122274875640869,0.9781640768051147,-0.06982189416885376,0.039250053465366364,-0.0009817739482969046,0.08010385185480118,-2.8147621154785156,2.129706859588623,0.9810984134674072,0.3374089002609253,-0.2662299573421478,15.895936012268066,15.901745796203613,-0.0012991558760404587,-0.0074809580110013485,-0.00023209795472212136,0.007596473675221205
rl,0,2,19,144,0.38,1.2611576318740845,-1.3120671510696411,0.8516568541526794,-0.029203055426478386,-0.12898585200309753,-0.4664499759674072,0.48483580350875854,-0.09528481960296631,-2.0929479598999023,0.6976820230484009,-1.1822309494018555,0.801230788230896,13.706846237182617,13.781047821044922,-0.002382359467446804,-0.008875714614987373,-3.370279955561273e-05,0.009189944714307785
rl,1,2,28,144,0.56,1.2232117652893066,1.0848863124847412,0.7288927435874939,-0.14970403909683228,-0.3065020740032196,-0.5292108654975891,0.6296181082725525,0.7108442783355713,-0.0053904056549072266,1.4250974655151367,0.22819751501083374,-1.2399595975875854,15.32254695892334,15.374329566955566,-0.0019460812909528613,-0.009752062149345875,-0.0001962888491107151,0.009946279227733612
rl,2,2,31,144,0.62,-1.1388503313064575,-1.3287311792373657,0.6136637330055237,0.21531793475151062,-0.12337860465049744,-0.6833447813987732,0.7270104289054871,-1.6684812307357788,-1.3078045845031738,1.3517651557922363,0.25242698192596436,0.9126642942428589,14.591508865356445,14.62220287322998,-0.0026146825402975082,-0.0068935551680624485,0.00011836560588562861,0.0073737152852118015
rl,3,2,32,144,0.64,-1.1444175243377686,1.140905737876892,0.674760639667511,0.17652475833892822,-0.17456014454364777,-0.593192994594574,0.643047571182251,-2.8147621154785156,2.129706859588623,0.9810984134674072,-0.7426326274871826,-1.4532392024993896,16.21091079711914,16.2928524017334,-0.0019448483362793922,-0.007847842760384083,-1.0061000466521364e-05,0.008085244335234165
lqr,0,2,19,144,0.38,-0.02279333770275116,-2.0475242137908936,0.7110206484794617,-0.3828609585762024,-0.23990166187286377,-0.08692624419927597,0.460099458694458,-0.09528481960296631,-2.0929479598999023,0.6976820230484009,3.0775704383850098,2.036529779434204,16.660667419433594,17.06448745727539,-0.0070134312845766544,-0.0008453998598270118,0.0027336871717125177,0.007574692368507385
lqr,1,2,28,144,0.56,0.7180830836296082,0.011464692652225494,1.4163113832473755,-0.038232944905757904,-0.08902403712272644,0.029923614114522934,0.10140246897935867,0.7108442783355713,-0.0053904056549072266,1.4250974655151367,0.15342211723327637,0.8083834648132324,15.62312126159668,15.644773483276367,-0.004759147297590971,-0.006086490582674742,0.0009595044539310038,0.007785595953464508
lqr,2,2,31,144,0.62,-1.6649448871612549,-1.3073170185089111,1.3456991910934448,-0.018680227920413017,-0.0025826438795775175,0.01555724162608385,0.02444685436785221,-1.6684812307357788,-1.3078045845031738,1.3517651557922363,-0.04655427113175392,0.07572318613529205,15.746329307556152,15.746580123901367,-0.0025750345084816217,-0.00668506883084774,3.438245039433241e-05,0.007163946516811848
lqr,3,2,32,144,0.64,-2.8034329414367676,2.123337984085083,0.9781374335289001,-0.059832941740751266,0.033633753657341,-0.0008408467401750386,0.06864340603351593,-2.8147621154785156,2.129706859588623,0.9810984134674072,0.24530142545700073,-0.21702399849891663,15.89328384399414,15.896657943725586,-0.001417112653143704,-0.0076651740819215775,-0.00020906790450681,0.007797872181981802
rl,0,2,20,145,0.4,1.2600489854812622,-1.3162658214569092,0.8376961946487427,-0.040826134383678436,-0.14543452858924866,-0.4648120701313019,0.4887414872646332,-0.09528481960296631,-2.0929479598999023,0.6976820230484009,-0.7624894380569458,-0.8643668293952942,15.96233081817627,16.003890991210938,-0.0023958650417625904,-0.009273386560380459,-3.3436161174904555e-05,0.00957794301211834
rl,1,2,29,145,0.58,1.219276785850525,1.0762473344802856,0.7131412029266357,-0.12188242375850677,-0.27869904041290283,-0.5229780077934265,0.6050078272819519,0.7108442783355713,-0.0053904056549072266,1.4250974655151367,1.2769182920455933,1.5269064903259277,16.231582641601562,16.353172302246094,-0.001872311346232891,-0.008877639658749104,-0.0001631062914384529,0.009074394591152668
rl,2,2,32,145,0.64,-1.132869005203247,-1.3324490785598755,0.5921760201454163,0.1914142221212387,-0.12421632558107376,-0.7327109575271606,0.7674206495285034,-1.6684812307357788,-1.3078045845031738,1.3517651557922363,-1.4587098360061646,-0.009844549000263214,13.197524070739746,13.277897834777832,-0.00268557365052402,-0.007466289214789867,0.00014543929137289524,0.00793592631816864
rl,3,2,33,145,0.66,-1.1385655403137207,1.1362248659133911,0.6570896506309509,0.20434458553791046,-0.14675743877887726,-0.5869597792625427,0.6386049389839172,-2.8147621154785156,2.129706859588623,0.9810984134674072,1.2798826694488525,1.5479536056518555,16.229354858398438,16.353172302246094,-0.0018336642533540726,-0.008206491358578205,-5.20358225912787e-05,0.008409014903008938
lqr,0,2,20,145,0.4,-0.0331648513674736,-2.054023027420044,0.7086657285690308,-0.3280840814113617,-0.20557820796966553,-0.07448932528495789,0.39427176117897034,-0.09528481960296631,-2.0929479598999023,0.6976820230484009,2.6085152626037598,1.750322937965393,16.5482234954834,16.84374237060547,-0.006241919938474894,-0.001880710944533348,0.0024312343448400497,0.006957696285098791
lqr,1,2,29,145,0.58,0.717047393321991,0.009053067304193974,1.4171215295791626,-0.032762762159109116,-0.07628714293241501,0.025642964988946915,0.0868946984410286,0.7108442783355713,-0.0053904056549072266,1.4250974655151367,0.10078123211860657,0.7036224007606506,15.659465789794922,15.675589561462402,-0.004497894085943699,-0.006263716612011194,0.000827973650302738,0.007755690719932318
lqr,2,2,32,145,0.64,-1.665450930595398,-1.307386875152588,1.3461209535598755,-0.01600799523293972,-0.002211775863543153,0.01333118136972189,0.02094918303191662,-1.6684812307357788,-1.3078045845031738,1.3517651557922363,-0.07554975152015686,0.07493092119693756,15.764887809753418,15.765247344970703,-0.002563793445006013,-0.00671829329803586,3.5972501791547984e-05,0.00719095254316926
lqr,3,2,33,145,0.66,-2.8050537109375,2.124249219894409,0.978114664554596,-0.0512726716697216,0.028821567073464394,-0.0007206730078905821,0.058822520077228546,-2.8147621154785156,2.129706859588623,0.9810984134674072,0.16478846967220306,-0.1744314432144165,15.890902519226074,15.892714500427246,-0.001515697338618338,-0.007817504927515984,-0.00018948345677927136,0.007965339347720146
rl,0,2,21,146,0.42,1.2584046125411987,-1.3204612731933594,0.8228374719619751,-0.06178657338023186,-0.13705246150493622,-0.5105231404304504,0.5321981310844421,-0.09528481960296631,-2.0929479598999023,0.6976820230484009,-1.2519245147705078,0.473197340965271,13.400836944580078,13.467503547668457,-0.002059600315988064,-0.00955183431506157,-9.678269998403266e-05,0.009771839715540409
rl,1,2,30,146,0.6,1.2150646448135376,1.0679547786712646,0.6975195407867432,-0.14967113733291626,-0.2752823233604431,-0.5195936560630798,0.6067613959312439,0.7108442783355713,-0.0053904056549072266,1.4250974655151367,-1.7292393445968628,0.2150849550962448,16.037572860717773,16.1319637298584,-0.002692356938496232,-0.008834070526063442,-3.2527141229365952e-06,0.009235236793756485
rl,2,2,33,146,0.66,-1.1266319751739502,-1.3356194496154785,0.5697859525680542,0.21615652740001678,-0.09641651809215546,-0.7531515955924988,0.7894663214683533,-1.6684812307357788,-1.3078045845031738,1.3517651557922363,1.1387981176376343,1.5410405397415161,14.787948608398438,14.911575317382812,-0.002704238286241889,-0.007803692016750574,0.0001550045417388901,0.008260420523583889
rl,3,2,34,146,0.68,-1.1318789720535278,1.131545066833496,0.6396055221557617,0.2321622222661972,-0.16060301661491394,-0.580727219581604,0.6457063555717468,-2.8147621154785156,2.129706859588623,0.9810984134674072,1.2722399234771729,-0.6963470578193665,16.236690521240234,16.30133819580078,-0.002469222294166684,-0.007501774001866579,7.998292858246714e-05,0.007898105308413506
lqr,0,2,21,146,0.42,-0.04205247387290001,-2.059591770172119,0.7066478133201599,-0.28114429116249084,-0.17616687715053558,-0.06383144855499268,0.33786290884017944,-0.09528481960296631,-2.0929479598999023,0.6976820230484009,2.2055482864379883,1.5049782991409302,16.45210075378418,16.6673641204834,-0.005574615206569433,-0.002768170088529587,0.002153786364942789,0.0065861898474395275
lqr,1,2,30,146,0.6,0.716159999370575,0.0069864834658801556,1.4178165197372437,-0.02807551808655262,-0.06537249684333801,0.021975554525852203,0.0744628980755806,0.7108442783355713,-0.0053904056549072266,1.4250974655151367,0.054668329656124115,0.6142274737358093,15.690420150756836,15.702532768249512,-0.004272740799933672,-0.006422364618629217,0.0007124720723368227,0.007746657356619835
lqr,2,2,33,146,0.66,-1.6658846139907837,-1.307446837425232,1.3464820384979248,-0.01371881365776062,-0.0018945736810564995,0.011423450894653797,0.01795244961977005,-1.6684812307357788,-1.3078045845031738,1.3517651557922363,-0.1017347052693367,0.07468914985656738,15.78089427947998,15.78139877319336,-0.002549173776060343,-0.0067438180558383465,3.909712177119218e-05,0.007209639064967632
lqr,3,2,34,146,0.68,-2.806441307067871,2.125030040740967,0.9780951738357544,-0.04394065961241722,0.024697745218873024,-0.0006177104078233242,0.05040973797440529,-2.8147621154785156,2.129706859588623,0.9810984134674072,0.09460121393203735,-0.13775654137134552,15.8888578414917,15.889737129211426,-0.0015974354464560747,-0.00794254895299673,-0.00017287723312620074,0.008103442378342152
rl,0,2,22,147,0.44,1.255995273590088,-1.3240348100662231,0.8073531985282898,-0.08957225829362869,-0.11014875024557114,-0.5189458131790161,0.5380154848098755,-0.09528481960296631,-2.0929479598999023,0.6976820230484009,-1.6466212272644043,1.477710247039795,15.406537055969238,15.564587593078613,-0.002611263422295451,-0.009840038605034351,-2.5864899726002477e-05,0.010180654935538769
rl,1,2,31,147,0.62,1.2100187540054321,1.0592156648635864,0.6820566058158875,-0.1774560660123825,-0.2993224263191223,-0.5133565664291382,0.6201770305633545,0.7108442783355713,-0.0053904056549072266,1.4250974655151367,-1.7413849830627441,-1.2634762525558472,16.19347381591797,16.335769653320312,-0.0022778138518333435,-0.010155454277992249,-8.806957339402288e-05,0.01040814258158207
rl,2,2,34,147,0.68,-1.120405912399292,-1.3383811712265015,0.5468745231628418,0.203218474984169,-0.08987922221422195,-0.7689889669418335,0.8004499077796936,-1.6684812307357788,-1.3078045845031738,1.3517651557922363,-0.9036327600479126,0.3976948857307434,15.011971473693848,15.044401168823242,-0.003136959159746766,-0.007619029842317104,0.0002564745955169201,0.00824353750795126
rl,3,2,35,147,0.7000000000000001,-1.1243577003479004,1.1272833347320557,0.6223083734512329,0.2599784731864929,-0.13280242681503296,-0.5744932293891907,0.6444127559661865,-2.8147621154785156,2.129706859588623,0.9810984134674072,1.2659732103347778,1.5523847341537476,16.230022430419922,16.35317039489746,-0.0024652217980474234,-0.007099720183759928,0.0001093338942155242,0.007516335695981979
lqr,0,2,22,147,0.44,-0.04966852068901062,-2.0643646717071533,0.704918622970581,-0.24092039465904236,-0.15096066892147064,-0.05469907820224762,0.28952333331108093,-0.09528481960296631,-2.0929479598999023,0.6976820230484009,1.8593072891235352,1.2949687242507935,16.36978530883789,16.525854110717773,-0.004998696036636829,-0.0035273197572678328,0.0019016718724742532,0.006406660657376051
lqr,1,2,31,147,0.62,0.715399444103241,0.005215573124587536,1.4184116125106812,-0.024058960378170013,-0.05601944029331207,0.01883084513247013,0.06380918622016907,0.7108442783355713,-0.0053904056549072266,1.4250974655151367,0.01425144076347351,0.5379936695098877,15.717021942138672,15.72623348236084,-0.004078141879290342,-0.006565030664205551,0.000611230090726167,0.007752707228064537
lqr,2,2,34,147,0.68,-1.666256070137024,-1.3074983358383179,1.3467915058135986,-0.011757091619074345,-0.0016220820834860206,0.009788954630494118,0.015384537167847157,-1.6684812307357788,-1.3078045845031738,1.3517651557922363,-0.12505462765693665,0.07478709518909454,15.794601440429688,15.795273780822754,-0.002531368751078844,-0.006763466168195009,4.347409412730485e-05,0.007221785839647055
lqr,3,2,35,147,0.7000000000000001,-2.807631254196167,2.125699281692505,0.9780784249305725,-0.03765864297747612,0.02116425521671772,-0.0005296285380609334,0.043201617896556854,-2.8147621154785156,2.129706859588623,0.9810984134674072,0.03372615575790405,-0.10617940127849579,15.887020111083984,15.887411117553711,-0.001664438983425498,-0.008044026792049408,-0.00015881823492236435,0.008215957321226597
rl,0,2,23,148,0.46,1.2530550956726074,-1.3278954029083252,0.791307270526886,-0.10221091657876968,-0.13796037435531616,-0.5428230166435242,0.5693302750587463,-0.09528481960296631,-2.0929479598999023,0.6976820230484009,-0.8310471773147583,-1.4729503393173218,14.58543586730957,14.683159828186035,-0.0026977898087352514,-0.010188616812229156,-1.2626216630451381e-05,0.01053974125534296
rl,1,2,32,148,0.64,1.2052513360977173,1.0497671365737915,0.6666023135185242,-0.14962983131408691,-0.32276424765586853,-0.516032874584198,0.6267820596694946,0.7108442783355713,-0.0053904056549072266,1.4250974655151367,1.2557305097579956,-1.2322083711624146,15.758374214172363,15.856278419494629,-0.0014034241903573275,-0.010094301775097847,-0.0002259005414089188,0.010193898342549801
rl,2,2,35,148,0.7000000000000001,-1.1142773628234863,-1.3405215740203857,0.5233664512634277,0.2048296481370926,-0.06208067014813423,-0.7909090518951416,0.8193572759628296,-1.6684812307357788,-1.3078045845031738,1.3517651557922363,-0.12120284140110016,1.5462167263031006,14.690872192382812,14.772515296936035,-0.0032045780681073666,-0.008229786530137062,0.00026732293190434575,0.00883573293685913
rl,3,2,36,148,0.72,-1.116330623626709,1.1238552331924438,0.6051982641220093,0.27136585116386414,-0.10500482469797134,-0.5682578086853027,0.6384217739105225,-2.8147621154785156,2.129706859588623,0.9810984134674072,0.3732069134712219,1.555435061454773,16.21709442138672,16.295791625976562,-0.003404280636459589,-0.007111062295734882,0.0002822675451170653,0.007888980209827423
lqr,0,2,23,148,0.46,-0.05619491636753082,-2.0684540271759033,0.7034367918968201,-0.2064514309167862,-0.12936168909072876,-0.046873126178979874,0.24810025095939636,-0.09528481960296631,-2.0929479598999023,0.6976820230484009,1.5615649223327637,1.1148606538772583,16.299421310424805,16.411962509155273,-0.004502502270042896,-0.00417552562430501,0.0016742849256843328,0.006364807020872831
lqr,1,2,32,148,0.64,0.7147477865219116,0.0036980316508561373,1.4189218282699585,-0.020616501569747925,-0.04800453037023544,0.016136908903717995,0.0546797476708889,0.7108442783355713,-0.0053904056549072266,1.4250974655151367,-0.021327048540115356,0.47303488850593567,15.739910125732422,15.747031211853027,-0.0039093978703022,-0.006693958770483732,0.0005226254579611123,0.007769531104713678
lqr,2,2,35,148,0.7000000000000001,-1.6665743589401245,-1.307542324066162,1.3470566272735596,-0.010076424106955528,-0.0013894536532461643,0.008388521149754524,0.013184543699026108,-1.6684812307357788,-1.3078045845031738,1.3517651557922363,-0.14595982432365417,0.07508617639541626,15.806300163269043,15.80715274810791,-0.002510458929464221,-0.006778693292289972,4.882043140241876e-05,0.0072287945076823235
lqr,3,2,36,148,0.72,-2.8086512088775635,2.126272678375244,0.9780642986297607,-0.032272204756736755,0.018134798854589462,-0.0004540173977147788,0.03702124208211899,-2.8147621154785156,2.129706859588623,0.9810984134674072,-0.01934865117073059,-0.07877251505851746,15.885396003723145,15.885602951049805,-0.0017184780444949865,-0.00812502671033144,-0.00014693748380523175,0.008306071162223816
rl,0,2,24,149,0.48,1.2494921684265137,-1.332349419593811,0.7741565704345703,-0.12704125046730042,-0.1537277102470398,-0.5861219167709351,0.6191208362579346,-0.09528481960296631,-2.0929479598999023,0.6976820230484009,-1.4856609106063843,-0.823702335357666,13.528901100158691,13.635132789611816,-0.0016195147763937712,-0.009977485053241253,-0.00017759649199433625,0.01010962761938572
rl,1,2,33,149,0.66,1.2007595300674438,1.0404061079025269,0.6505189538002014,-0.14977329969406128,-0.306670606136322,-0.5461475849151611,0.6440156102180481,0.7108442783355713,-0.0053904056549072266,1.4250974655151367,-0.23643085360527039,0.8991550803184509,14.249921798706055,14.280219078063965,-0.0013567997375503182,-0.00890827551484108,-0.00020569079788401723,0.00901335570961237
rl,2,2,36,149,0.72,-1.1086888313293457,-1.342940092086792,0.49969661235809326,0.1770397573709488,-0.08989270031452179,-0.7880339622497559,0.8126630783081055,-1.6684812307357788,-1.3078045845031738,1.3517651557922363,-1.7341198921203613,-1.446421504020691,16.014907836914062,16.173328399658203,-0.0030068065971136093,-0.008724040351808071,0.0002400402881903574,0.009230785071849823
rl,3,2,37,149,0.74,-1.1077444553375244,1.1202136278152466,0.5878284573554993,0.29361629486083984,-0.12958069145679474,-0.5843685865402222,0.6666995882987976,-2.8147621154785156,2.129706859588623,0.9810984134674072,0.9702529907226562,-1.271020770072937,15.030777931213379,15.115593910217285,-0.003258327255025506,-0.00725181307643652,0.0002964030718430877,0.007955711334943771
lqr,0,2,24,149,0.48,-0.06178755685687065,-2.0719587802886963,0.7021669745445251,-0.17691414058208466,-0.11085230112075806,-0.04016678035259247,0.21260342001914978,-0.09528481960296631,-2.0929479598999023,0.6976820230484009,1.3054438829421997,0.9608120322227478,16.239152908325195,16.319847106933594,-0.004075692966580391,-0.004728084895759821,0.0014704229542985559,0.0064131272956728935
lqr,1,2,33,149,0.66,0.7141894698143005,0.002397633856162429,1.4193590879440308,-0.01766711100935936,-0.041136354207992554,0.013827875256538391,0.04685655236244202,0.7108442783355713,-0.0053904056549072266,1.4250974655151367,-0.05295147746801376,0.41781163215637207,15.759384155273438,15.765010833740234,-0.003762422828003764,-0.006811071652919054,0.00044518159120343626,0.007793889380991459
lqr,2,2,36,149,0.72,-1.6668474674224854,-1.3075802326202393,1.3472838401794434,-0.008635890670120716,-0.001188813941553235,0.007188242860138416,0.011298793368041515,-1.6684812307357788,-1.3078045845031738,1.3517651557922363,-0.16483931243419647,0.07584965974092484,15.816314697265625,15.817355155944824,-0.002486618235707283,-0.006790766492486,5.488856913871132e-05,0.0072319284081459045
lqr,3,2,37,149,0.74,-2.809525728225708,2.1267640590667725,0.9780517816543579,-0.02765488624572754,0.015541010536253452,-0.0003894045657943934,0.03172487020492554,-2.8147621154785156,2.129706859588623,0.9810984134674072,-0.06600823253393173,-0.05493100732564926,15.884016990661621,15.884248733520508,-0.0017612702213227749,-0.008188514970242977,-0.00013687177852261811,0.00837690755724907
rl,0,2,25,150,0.5,1.2462373971939087,-1.3373005390167236,0.7560397386550903,-0.09921841323375702,-0.17070601880550385,-0.6127827763557434,0.6438071131706238,-0.09528481960296631,-2.0929479598999023,0.6976820230484009,1.336991548538208,-0.8869127035140991,14.45816707611084,14.546915054321289,-0.001199794001877308,-0.009320958517491817,-0.0002445857971906662,0.009401042014360428
rl,1,2,34,150,0.68,1.1968228816986084,1.031676173210144,0.6336106061935425,-0.1219540610909462,-0.28316935896873474,-0.5723456740379333,0.6501055359840393,0.7108442783355713,-0.0053904056549072266,1.4250974655151367,1.261683464050293,1.300225019454956,14.485109329223633,14.597972869873047,-0.0022724070586264133,-0.008300242945551872,-3.6687466490548104e-05,0.008605766110122204
rl,2,2,37,150,0.74,-1.103131651878357,-1.345672845840454,0.47615471482276917,0.18933655321598053,-0.09168694168329239,-0.7830753922462463,0.8108402490615845,-1.6684812307357788,-1.3078045845031738,1.3517651557922363,0.4178606867790222,-0.04075786843895912,16.15464210510254,16.160097122192383,-0.002020925283432007,-0.009356722235679626,5.283460268401541e-05,0.009572627022862434
rl,3,2,38,150,0.76,-1.0992895364761353,1.11688232421875,0.5704220533370972,0.27593451738357544,-0.101780466735363,-0.5781302452087402,0.6486399173736572,-2.8147621154785156,2.129706859588623,0.9810984134674072,-1.208469033241272,1.5613067150115967,16.192258834838867,16.312183380126953,-0.0026613317895680666,-0.00757483160123229,0.0002049696195172146,0.008031361736357212
lqr,0,2,25,150,0.5,-0.06658002734184265,-2.0749616622924805,0.7010787725448608,-0.15160290896892548,-0.09499111026525497,-0.034419599920511246,0.18218523263931274,-0.09528481960296631,-2.0929479598999023,0.6976820230484009,1.0850220918655396,0.8287624716758728,16.18750762939453,16.244983673095703,-0.0037091895937919617,-0.005198291968554258,0.001288536936044693,0.006514649372547865
lqr,1,2,34,150,0.68,0.7137109637260437,0.0012832916108891368,1.4197335243225098,-0.015139424242079258,-0.03525090590119362,0.01184922643005848,0.040152616798877716,0.7108442783355713,-0.0053904056549072266,1.4250974655151367,-0.0812537670135498,0.37103158235549927,15.77616024017334,15.780732154846191,-0.0036338740028440952,-0.0069181346334517,0.00037757918471470475,0.007823566906154156
lqr,2,2,37,150,0.74,-1.667081356048584,-1.307612419128418,1.3474782705307007,-0.007400586735457182,-0.0010182142723351717,0.0061602420173585415,0.009682666510343552,-1.6684812307357788,-1.3078045845031738,1.3517651557922363,-0.1818520426750183,0.07660384476184845,15.824874877929688,15.826105117797852,-0.002460090210661292,-0.006800860166549683,6.144615326775238e-05,0.007232393603771925
lqr,3,2,38,150,0.76,-2.810275077819824,2.1271846294403076,0.9780412912368774,-0.023697853088378906,0.013317536562681198,-0.0003334457578603178,0.0271855890750885,-2.8147621154785156,2.129706859588623,0.9810984134674072,-0.1075664758682251,-0.034217339009046555,15.882750511169434,15.88315200805664,-0.0017941758269444108,-0.008237338624894619,-0.00012834547669626772,0.008431445807218552
rl,0,2,26,151,0.52,1.2438173294067383,-1.34186589717865,0.7377808690071106,-0.07139931619167328,-0.14290188252925873,-0.6065493226051331,0.6272327303886414,-0.09528481960296631,-2.0929479598999023,0.6976820230484009,1.3099483251571655,1.533670425415039,16.228309631347656,16.353168487548828,-0.001577825634740293,-0.007972586899995804,-0.0001534863986307755,0.008128667250275612
rl,1,2,35,151,0.7000000000000001,1.19260835647583,1.0227419137954712,0.6155386567115784,-0.14974641799926758,-0.3051198124885559,-0.6174195408821106,0.7047900557518005,0.7108442783355713,-0.0053904056549072266,1.4250974655151367,-1.7283616065979004,-1.1504875421524048,13.42203426361084,13.581673622131348,-0.0023833508603274822,-0.008016915060579777,2.5474189897067845e-05,0.008363727480173111
rl,2,2,38,151,0.76,-1.097938060760498,-1.3486446142196655,0.45266488194465637,0.1650158017873764,-0.10273680090904236,-0.7829517722129822,0.8067208528518677,-1.6684812307357788,-1.3078045845031738,1.3517651557922363,-1.5617284774780273,-0.5390836596488953,15.864662170410156,15.950458526611328,-0.0018832909408956766,-0.00927481334656477,8.965542292571627e-06,0.009464091621339321
rl,3,2,39,151,0.78,-1.0909624099731445,1.1132726669311523,0.552922785282135,0.27839407324790955,-0.12959186732769012,-0.5858948826789856,0.661490797996521,-2.8147621154785156,2.129706859588623,0.9810984134674072,-0.11847535520792007,-1.4388649463653564,15.465657234191895,15.53289794921875,-0.0027747598942369223,-0.008556865155696869,0.00018950228695757687,0.008997508324682713
lqr,0,2,26,151,0.52,-0.07068688422441483,-2.0775351524353027,0.7001463770866394,-0.12991297245025635,-0.0814002975821495,-0.02949439361691475,0.15611952543258667,-0.09528481960296631,-2.0929479598999023,0.6976820230484009,0.8949339985847473,0.7159441709518433,16.143301010131836,16.183931350708008,-0.003394932486116886,-0.0055977036245167255,0.0011268716771155596,0.006643018219619989
lqr,1,2,35,151,0.7000000000000001,0.7133009433746338,0.0003283864352852106,1.4200546741485596,-0.012973472476005554,-0.030207497999072075,0.01015414483845234,0.034407999366521835,0.7108442783355713,-0.0053904056549072266,1.4250974655151367,-0.1066041961312294,0.33131977915763855,15.790433883666992,15.794269561767578,-0.003520758356899023,-0.007016434334218502,0.0003186320245731622,0.007856693118810654
lqr,2,2,38,151,0.76,-1.6672815084457397,-1.3076399564743042,1.3476452827453613,-0.006342181470245123,-0.0008723398204892874,0.005280292592942715,0.008298537693917751,-1.6684812307357788,-1.3078045845031738,1.3517651557922363,-0.19744795560836792,0.0776573121547699,15.83220386505127,15.833624839782715,-0.0024311174638569355,-0.006810003891587257,6.82792451698333e-05,0.00723126158118248
lqr,3,2,39,151,0.78,-2.8109166622161865,2.1275460720062256,0.9780324101448059,-0.020309163257479668,0.011411856859922409,-0.00028629458392970264,0.023297522217035294,-2.8147621154785156,2.129706859588623,0.9810984134674072,-0.1444023698568344,-0.016497306525707245,15.881597518920898,15.882262229919434,-0.0018185335211455822,-0.008273969404399395,-0.00012109015369787812,0.008472325280308723
rl,0,2,27,152,0.54,1.2422313690185547,-1.3464205265045166,0.7188290357589722,-0.04358256980776787,-0.1562804877758026,-0.6443174481391907,0.664430558681488,-0.09528481960296631,-2.0929479598999023,0.6976820230484009,1.3311833143234253,-0.6909616589546204,13.859830856323242,13.94074535369873,-0.0022909054532647133,-0.007261608727276325,2.467255399096757e-06,0.007614408154040575
rl,1,2,36,152,0.72,1.1885437965393066,1.01303231716156,0.5962846279144287,-0.12834596633911133,-0.33292725682258606,-0.6539923548698425,0.7449961304664612,0.7108442783355713,-0.0053904056549072266,1.4250974655151367,0.9101319313049316,-1.4654868841171265,13.927254676818848,14.03368854522705,-0.001321573043242097,-0.008380443789064884,-0.0001425535447197035,0.008485205471515656
rl,2,2,39,152,0.78,-1.0924311876296997,-1.3522828817367554,0.42910146713256836,0.19283954799175262,-0.13054396212100983,-0.7866992354393005,0.8204416632652283,-1.6684812307357788,-1.3078045845031738,1.3517651557922363,1.245351791381836,-1.4425843954086304,15.70428466796875,15.819498062133789,-0.0013560078805312514,-0.009309787303209305,-0.00010356969141867012,0.00940859317779541
rl,3,2,40,152,0.8,-1.0831665992736816,1.1099408864974976,0.5352758169174194,0.25060534477233887,-0.10179034620523453,-0.5894012451171875,0.6485045552253723,-2.8147621154785156,2.129706859588623,0.9810984134674072,-1.761256456375122,1.5640751123428345,15.655774116516113,15.83198070526123,-0.002298506908118725,-0.008977469988167286,8.429514127783477e-05,0.009267427027225494
lqr,0,2,27,152,0.54,-0.07420614361763,-2.079740285873413,0.6993474364280701,-0.11132623255252838,-0.06975310295820236,-0.025275131687521935,0.13378287851810455,-0.09528481960296631,-2.0929479598999023,0.6976820230484009,0.7309480905532837,0.619469165802002,16.10529136657715,16.133766174316406,-0.003126244992017746,-0.005936522036790848,0.0009836487006396055,0.00678109610453248
lqr,1,2,36,152,0.72,0.7129493951797485,-0.0004898988991044462,1.4203299283981323,-0.011117172427475452,-0.025885645300149918,0.008699990808963776,0.029484707862138748,0.7108442783355713,-0.0053904056549072266,1.4250974655151367,-0.12923327088356018,0.2976591885089874,15.80258846282959,15.805919647216797,-0.00342050613835454,-0.0071070147678256035,0.0002672783739399165,0.007891828194260597
lqr,2,2,39,152,0.78,-1.6674530506134033,-1.3076633214950562,1.3477880954742432,-0.005436590872704983,-0.000746763835195452,0.004524673335254192,0.00711244298145175,-1.6684812307357788,-1.3078045845031738,1.3517651557922363,-0.2117719054222107,0.07884864509105682,15.838410377502441,15.840022087097168,-0.002400058088824153,-0.006819089874625206,7.520634972024709e-05,0.007229517214000225
lqr,3,2,40,152,0.8,-2.811466693878174,2.1278553009033203,0.9780245423316956,-0.017404496669769287,0.009777268394827843,-0.0002453230554237962,0.01996425911784172,-2.8147621154785156,2.129706859588623,0.9810984134674072,-0.17697970569133759,-0.0006753206253051758,15.880678176879883,15.881664276123047,-0.0018351913895457983,-0.008300113491714,-0.00011490582255646586,0.008501353673636913
rl,0,2,28,153,0.56,1.2403677701950073,-1.3516651391983032,0.699505627155304,-0.07137668877840042,-0.18408851325511932,-0.6440101265907288,0.6735965013504028,-0.09528481960296631,-2.0929479598999023,0.6976820230484009,-1.7002551555633545,-1.4624723196029663,15.878334999084473,16.035934448242188,-0.001563572557643056,-0.007483133114874363,-9.566816152073443e-05,0.007645337842404842
rl,1,2,37,153,0.74,1.1849688291549683,1.002805233001709,0.576250433921814,-0.11456773430109024,-0.3448961079120636,-0.6747127175331116,0.766365647315979,0.7108442783355713,-0.0053904056549072266,1.4250974655151367,0.4781723618507385,-0.6080910563468933,14.77324104309082,14.79348087310791,-0.0007813782431185246,-0.007663503754884005,-0.00021504533651750535,0.0077062370255589485
rl,2,2,40,153,0.8,-1.086120843887329,-1.3566629886627197,0.4053976535797119,0.21910496056079865,-0.1537562608718872,-0.791843056678772,0.8358608484268188,-1.6684812307357788,-1.3078045845031738,1.3517651557922363,1.1550847291946411,-1.194310188293457,15.627245903015137,15.715324401855469,-0.0007055954774841666,-0.00805105734616518,-0.00019228844030294567,0.008084204979240894
rl,3,2,41,153,0.8200000000000001,-1.075979471206665,1.107072114944458,0.5177184343338013,0.23406264185905457,-0.09255249053239822,-0.5831647515296936,0.6351633071899414,-2.8147621154785156,2.129706859588623,0.9810984134674072,-1.1730284690856934,0.5676784515380859,16.194908142089844,16.247255325317383,-0.003039180999621749,-0.009878491051495075,0.00015252328012138605,0.010336559265851974
lqr,0,2,28,153,0.56,-0.07722189277410507,-2.081629514694214,0.6986626982688904,-0.09539880603551865,-0.0597730353474617,-0.021658802404999733,0.11464227735996246,-0.09528481960296631,-2.0929479598999023,0.6976820230484009,0.5894986987113953,0.5368958711624146,16.072818756103516,16.09258460998535,-0.0028970162384212017,-0.006223314441740513,0.0008570606587454677,0.006917867809534073
lqr,1,2,37,153,0.74,0.712648332118988,-0.0011911096516996622,1.4205654859542847,-0.009526670910418034,-0.022182097658514977,0.007455443497747183,0.025266313925385475,0.7108442783355713,-0.0053904056549072266,1.4250974655151367,-0.149759903550148,0.26917997002601624,15.813251495361328,15.816251754760742,-0.0033309264108538628,-0.007190694101154804,0.00022258215176407248,0.007927843369543552
lqr,2,2,40,153,0.8,-1.667600393295288,-1.3076837062835693,1.3479105234146118,-0.004658869933336973,-0.000640053185634315,0.0038777575828135014,0.0060952226631343365,-1.6684812307357788,-1.3078045845031738,1.3517651557922363,-0.22484120726585388,0.08012934774160385,15.843710899353027,15.845508575439453,-0.0023671805392950773,-0.006828800309449434,8.205439371522516e-05,0.007227917667478323
lqr,3,2,41,153,0.8200000000000001,-2.8119382858276367,2.1281204223632812,0.9780179262161255,-0.014914913102984428,0.00837834645062685,-0.00021032494259998202,0.01710834726691246,-2.8147621154785156,2.129706859588623,0.9810984134674072,-0.20599786937236786,0.012960914522409439,15.879731178283691,15.881072998046875,-0.0018454474629834294,-0.008317433297634125,-0.00010954566823784262,0.00852040946483612
rl,0,2,29,154,0.58,1.2379777431488037,-1.3569285869598389,0.6803100109100342,-0.08380430936813354,-0.1711234450340271,-0.6377733945846558,0.6656284928321838,-0.09528481960296631,-2.0929479598999023,0.6976820230484009,-0.8831399083137512,0.738733172416687,16.203102111816406,16.24395751953125,-0.001418396015651524,-0.009095186367630959,-0.00019130816508550197,0.009207108989357948
rl,1,2,38,154,0.76,1.1818166971206665,0.9924269914627075,0.5555987358093262,-0.10032224655151367,-0.3464628756046295,-0.6952304840087891,0.7832282185554504,0.7108442783355713,-0.0053904056549072266,1.4250974655151367,0.4971690773963928,-0.04618772864341736,14.783390998840332,14.791820526123047,-0.0009769144235178828,-0.007574526127427816,-0.0001968118012882769,0.0076397997327148914
rl,2,2,41,154,0.8200000000000001,-1.0793317556381226,-1.3609306812286377,0.38103607296943665,0.229910209774971,-0.13649199903011322,-0.8221544623374939,0.8645384311676025,-1.6684812307357788,-1.3078045845031738,1.3517651557922363,0.33804377913475037,0.9848066568374634,14.247505187988281,14.285500526428223,-0.0009203513036482036,-0.00746424263343215,-0.00016963155940175056,0.007522681728005409
rl,3,2,42,154,0.84,-1.068601369857788,1.1043968200683594,0.4996147155761719,0.25188085436820984,-0.08749641478061676,-0.6136022806167603,0.6690346598625183,-2.8147621154785156,2.129706859588623,0.9810984134674072,0.7063736319541931,0.3360883593559265,14.250046730041504,14.271501541137695,-0.0029895328916609287,-0.009529790841042995,0.00015607943350914866,0.009988922625780106
lqr,0,2,29,154,0.58,-0.07980616390705109,-2.0832483768463135,0.698076069355011,-0.08175025880336761,-0.051222167909145355,-0.018560267984867096,0.09824102371931076,-0.09528481960296631,-2.0929479598999023,0.6976820230484009,0.4673740267753601,0.466264933347702,16.04486083984375,16.05843734741211,-0.0027019777335226536,-0.006465467624366283,0.0007453776779584587,0.007046882063150406
lqr,1,2,38,154,0.76,0.7123903036117554,-0.0017919953679665923,1.4207674264907837,-0.00816359743475914,-0.01900840923190117,0.006389351561665535,0.021651508286595345,0.7108442783355713,-0.0053904056549072266,1.4250974655151367,-0.16829794645309448,0.24513201415538788,15.82219123840332,15.824984550476074,-0.003250173991546035,-0.0072682579047977924,0.00018371576152276248,0.007963978685438633
lqr,2,2,41,154,0.8200000000000001,-1.6677263975143433,-1.3077008724212646,1.3480159044265747,-0.003993248101323843,-0.0005475509678944945,0.0033231819979846478,0.0052239238284528255,-1.6684812307357788,-1.3078045845031738,1.3517651557922363,-0.2371698021888733,0.08156278729438782,15.848196029663086,15.850179672241211,-0.0023329078685492277,-0.006839798763394356,8.868212171364576e-05,0.00722725223749876
lqr,3,2,42,154,0.84,-2.8123419284820557,2.128347396850586,0.978012204170227,-0.012782049365341663,0.0071792579255998135,-0.00018021017604041845,0.014661343768239021,-2.8147621154785156,2.129706859588623,0.9810984134674072,-0.23209357261657715,0.02505272626876831,15.87893295288086,15.880648612976074,-0.0018498421413823962,-0.008327350951731205,-0.00010487173858564347,0.00853098463267088
rl,0,2,30,155,0.6,1.2357321977615356,-1.362571120262146,0.6602746248245239,-0.07037009298801422,-0.1965697556734085,-0.6828880906105042,0.7140922546386719,-0.09528481960296631,-2.0929479598999023,0.6976820230484009,0.5402710437774658,-1.3389402627944946,13.4566650390625,13.53390121459961,-0.0016912845894694328,-0.009073159657418728,-0.00015863489534240216,0.009230809286236763
rl,1,2,39,155,0.78,1.1785730123519897,0.9816303253173828,0.5341648459434509,-0.11201103031635284,-0.36661237478256226,-0.7240802645683289,0.8192943930625916,0.7108442783355713,-0.0053904056549072266,1.4250974655151367,-0.9003265500068665,-1.0481173992156982,14.310473442077637,14.377022743225098,-0.001075658481568098,-0.00785113126039505,-0.0001958737993845716,0.007926895283162594
rl,2,2,42,155,0.84,-1.0721285343170166,-1.365397334098816,0.3564962148666382,0.24522505700588226,-0.15509285032749176,-0.8159205913543701,0.8659766316413879,-1.6684812307357788,-1.3078045845031738,1.3517651557922363,0.5403218865394592,-0.9411046504974365,16.230731964111328,16.2669677734375,-0.0014849962899461389,-0.0074142226949334145,-8.549394988222048e-05,0.007561958860605955
rl,3,2,43,155,0.86,-1.0604889392852783,1.1013250350952148,0.4805310368537903,0.27970072627067566,-0.10984241962432861,-0.6473844051361084,0.713725745677948,-2.8147621154785156,2.129706859588623,0.9810984134674072,1.242020845413208,-1.140749454498291,14.086637496948242,14.18722152709961,-0.0024274513125419617,-0.008039192296564579,0.0001264943857677281,0.008398639038205147
lqr,0,2,30,155,0.6,-0.08202070742845535,-2.0846362113952637,0.6975731253623962,-0.07005446404218674,-0.04389478266239166,-0.015904445201158524,0.08418628573417664,-0.09528481960296631,-2.0929479598999023,0.6976820230484009,0.36183106899261475,0.4060404598712921,16.02095603942871,16.030183792114258,-0.0025366786867380142,-0.006669370457530022,0.0006469822837971151,0.007164762821048498
lqr,1,2,39,155,0.78,0.7121691703796387,-0.002306909766048193,1.42094087600708,-0.006995835341513157,-0.01628875732421875,0.005474878940731287,0.01855369471013546,0.7108442783355713,-0.0053904056549072266,1.4250974655151367,-0.18522487580776215,0.2248755395412445,15.829785346984863,15.832466125488281,-0.0031766591127961874,-0.007340246345847845,0.0001499553327448666,0.00799955427646637
lqr,2,2,42,155,0.84,-1.667834758758545,-1.307715654373169,1.3481056690216064,-0.003422411624342203,-0.0004690509813372046,0.00284775928594172,0.004476901143789291,-1.6684812307357788,-1.3078045845031738,1.3517651557922363,-0.24855975806713104,0.08303005993366241,15.852160453796387,15.854326248168945,-0.002297524828463793,-0.0068526556715369225,9.49473469518125e-05,0.0072281756438314915
lqr,3,2,43,155,0.86,-2.8126890659332275,2.1285417079925537,0.9780073761940002,-0.010952572338283062,0.006151599809527397,-0.00015442853327840567,0.012562837451696396,-2.8147621154785156,2.129706859588623,0.9810984134674072,-0.25513529777526855,0.03544911742210388,15.87821102142334,15.88029956817627,-0.0018492749659344554,-0.008331239223480225,-0.00010072228906210512,0.008534606546163559
rl,0,2,31,156,0.62,1.233299732208252,-1.3679550886154175,0.6390461921691895,-0.08643746376037598,-0.17088522017002106,-0.7199777960777283,0.7450108528137207,-0.09528481960296631,-2.0929479598999023,0.6976820230484009,-1.062761902809143,1.4218844175338745,13.86011028289795,13.97332763671875,-0.0015718346694484353,-0.008474676869809628,-0.00016359868459403515,0.008620764128863811
rl,1,2,40,156,0.8,1.1757689714431763,0.9700877070426941,0.5125378370285034,-0.08419167250394821,-0.39381107687950134,-0.719304621219635,0.824363112449646,0.7108442783355713,-0.0053904056549072266,1.4250974655151367,1.188562273979187,-1.4240014553070068,16.166200637817383,16.272262573242188,-0.0006411164649762213,-0.008173078298568726,-0.00028576215845532715,0.008203163743019104
rl,2,2,43,156,0.86,-1.0653276443481445,-1.3700494766235352,0.33202865719795227,0.21743308007717133,-0.15505583584308624,-0.8154198527336121,0.8580378890037537,-1.6684812307357788,-1.3078045845031738,1.3517651557922363,-1.7862143516540527,0.06443963944911957,15.875715255737305,15.976015090942383,-0.0013253575889393687,-0.008171578869223595,-0.0001382957852911204,0.00827951729297638
rl,3,2,44,156,0.88,-1.0525591373443604,1.0983341932296753,0.46040022373199463,0.2566453814506531,-0.0946241170167923,-0.6828481554985046,0.7355964779853821,-2.8147621154785156,2.129706859588623,0.9810984134674072,-1.506136417388916,0.886770486831665,13.935224533081055,14.044404029846191,-0.0019577580969780684,-0.007645176257938147,5.8984034694731236e-05,0.007892085239291191
lqr,0,2,31,156,0.62,-0.08391845971345901,-2.085825204849243,0.6971421837806702,-0.06003187596797943,-0.03761516883969307,-0.013628617860376835,0.07214198261499405,-0.09528481960296631,-2.0929479598999023,0.6976820230484009,0.2699725925922394,0.35461968183517456,16.000375747680664,16.006582260131836,-0.0023973872885107994,-0.006840717047452927,0.0005603923927992582,0.007270276080816984
lqr,1,2,40,156,0.8,0.7119796276092529,-0.0027481536380946636,1.4210891723632812,-0.005994520150125027,-0.013958195224404335,0.004690657835453749,0.015898671001195908,0.7108442783355713,-0.0053904056549072266,1.4250974655151367,-0.20068080723285675,0.20786495506763458,15.83637523651123,15.839011192321777,-0.0031090921256691217,-0.007407201454043388,0.00012066809722455218,0.008034154772758484
lqr,2,2,43,156,0.86,-1.6679270267486572,-1.3077282905578613,1.3481827974319458,-0.0029330356046557426,-0.00040097831515595317,0.0024410136975347996,0.003836929565295577,-1.6684812307357788,-1.3078045845031738,1.3517651557922363,-0.2593201994895935,0.08467291295528412,15.855462074279785,15.857808113098145,-0.0022614477202296257,-0.006867772433906794,0.00010074045712826774,0.007231223396956921
lqr,3,2,44,156,0.88,-2.8129851818084717,2.1287081241607666,0.9780030846595764,-0.009385342709720135,0.005273751448839903,-0.00013219102402217686,0.010766363702714443,-2.8147621154785156,2.129706859588623,0.9810984134674072,-0.276583731174469,0.04486575722694397,15.877568244934082,15.880040168762207,-0.0018444155575707555,-0.008330093696713448,-9.69680113485083e-05,0.008532392792403698
rl,0,2,32,157,0.64,1.2306417226791382,-1.3729770183563232,0.6175155639648438,-0.08968000113964081,-0.16566021740436554,-0.7165377140045166,0.7408860325813293,-0.09528481960296631,-2.0929479598999023,0.6976820230484009,-0.410467267036438,0.3259527087211609,16.059064865112305,16.067615509033203,-0.0024485373869538307,-0.008940714411437511,-3.813710281974636e-05,0.009270014241337776
rl,1,2,41,157,0.8200000000000001,1.1737995147705078,0.9584774971008301,0.49053066968917847,-0.05637452006340027,-0.3836098313331604,-0.7407041788101196,0.8360486030578613,0.7108442783355713,-0.0053904056549072266,1.4250974655151367,1.2102389335632324,0.590136706829071,14.749225616455078,14.81055736541748,-0.0007397820008918643,-0.007559872232377529,-0.00026342799537815154,0.007600548677146435
rl,2,2,44,157,0.88,-1.059098720550537,-1.3742790222167969,0.30720004439353943,0.20273305475711823,-0.13395048677921295,-0.8337214589118958,0.8684093952178955,-1.6684812307357788,-1.3078045845031738,1.3517651557922363,-1.0695624351501465,1.1984575986862183,14.869128227233887,14.955641746520996,-0.0018963153706863523,-0.009330762550234795,-0.0001013192959362641,0.009522048756480217
rl,3,2,45,157,0.9,-1.0444265604019165,1.0954136848449707,0.4400363266468048,0.27831223607063293,-0.09872771799564362,-0.676769495010376,0.7383913397789001,-2.8147621154785156,2.129706859588623,0.9810984134674072,0.8560239672660828,-0.14283625781536102,16.227027893066406,16.250219345092773,-0.002309908624738455,-0.008200928568840027,8.324666850967333e-05,0.008520436473190784
lqr,0,2,32,157,0.64,-0.08554469794034958,-2.0868444442749023,0.6967728137969971,-0.051443226635456085,-0.032232679426670074,-0.011678176932036877,0.061820149421691895,-0.09528481960296631,-2.0929479598999023,0.6976820230484009,0.19027315080165863,0.31089913845062256,15.982770919799805,15.986926078796387,-0.002280726097524166,-0.0069844843819737434,0.0004842285707127303,0.0073633696883916855
lqr,1,2,41,157,0.8200000000000001,0.71181720495224,-0.0031262633856385946,1.4212158918380737,-0.00513663562014699,-0.011961042881011963,0.004020201973617077,0.013624007813632488,0.7108442783355713,-0.0053904056549072266,1.4250974655151367,-0.21494519710540771,0.1936304271221161,15.842140197753906,15.844781875610352,-0.0030463701114058495,-0.007469563279300928,9.52994596445933e-05,0.008067455142736435
lqr,2,2,44,157,0.88,-1.6680063009262085,-1.3077391386032104,1.3482489585876465,-0.0025144631508737803,-0.0003439405409153551,0.0020920385140925646,0.003288988256826997,-1.6684812307357788,-1.3078045845031738,1.3517651557922363,-0.2695285379886627,0.08615076541900635,15.85822582244873,15.860750198364258,-0.002225052798166871,-0.006885547190904617,0.00010595969797577709,0.007236908655613661
lqr,3,2,45,157,0.9,-2.813239812850952,2.1288509368896484,0.977999746799469,-0.008043235167860985,0.0045202141627669334,-0.00011295471631456167,0.009227065369486809,-2.8147621154785156,2.129706859588623,0.9810984134674072,-0.29572033882141113,0.05287803336977959,15.87690258026123,15.879744529724121,-0.0018357699736952782,-0.008325234055519104,-9.352104098070413e-05,0.008525744080543518
rl,0,2,33,158,0.66,1.2285075187683105,-1.3782620429992676,0.5950320363044739,-0.061860062181949615,-0.18142078816890717,-0.7659099698066711,0.7895303964614868,-0.09528481960296631,-2.0929479598999023,0.6976820230484009,1.299712896347046,-0.8125458359718323,13.238550186157227,13.326991081237793,-0.0022582507226616144,-0.008526762016117573,-3.216156619600952e-05,0.008820793591439724
rl,1,2,42,158,0.84,1.1726642847061157,0.9464131593704224,0.4684341847896576,-0.02855946309864521,-0.41141650080680847,-0.7344710230827332,0.8423341512680054,0.7108442783355713,-0.0053904056549072266,1.4250974655151367,1.1727064847946167,-1.454891324043274,16.24605369567871,16.35317039489746,-0.0011222563916817307,-0.007130984216928482,-0.000182128424057737,0.007221050560474396
rl,2,2,45,158,0.9,-1.052829623222351,-1.378387451171875,0.28193899989128113,0.21210262179374695,-0.13845396041870117,-0.8461930751800537,0.8832891583442688,-1.6684812307357788,-1.3078045845031738,1.3517651557922363,0.2143140584230423,-0.17972509562969208,15.213529586791992,15.216100692749023,-0.0023493932094424963,-0.009206590242683887,-1.8570277461549267e-05,0.00950164720416069
rl,3,2,46,158,0.92,-1.035908818244934,1.0923588275909424,0.41982001066207886,0.2867353856563568,-0.10338397324085236,-0.6724295616149902,0.7382864952087402,-2.8147621154785156,2.129706859588623,0.9810984134674072,0.13630206882953644,-0.1711159348487854,16.11964225769043,16.121126174926758,-0.002156512113288045,-0.007958206348121166,6.512073014164343e-05,0.008245473727583885
lqr,0,2,33,158,0.66,-0.08693826198577881,-2.087717294692993,0.6964563131332397,-0.044083356857299805,-0.02762133628129959,-0.010006626136600971,0.05297559127211571,-0.09528481960296631,-2.0929479598999023,0.6976820230484009,0.12102612853050232,0.27342453598976135,15.967577934265137,15.970376968383789,-0.0021838024258613586,-0.007104689721018076,0.00041724881157279015,0.007444441318511963
lqr,1,2,42,158,0.84,0.7116780281066895,-0.0034502677153795958,1.4213250875473022,-0.004401376470923424,-0.010249606333673,0.0034445771016180515,0.011674401350319386,0.7108442783355713,-0.0053904056549072266,1.4250974655151367,-0.22821356356143951,0.1817651093006134,15.846700668334961,15.849386215209961,-0.0029875680338591337,-0.007527671754360199,7.337010174524039e-05,0.00809918437153101
lqr,2,2,45,158,0.9,-1.6680742502212524,-1.3077483177185059,1.3483054637908936,-0.0021556236315518618,-0.0002944946172647178,0.0017923833802342415,0.002818878972902894,-1.6684812307357788,-1.3078045845031738,1.3517651557922363,-0.2791529893875122,0.08780068159103394,15.860621452331543,15.863320350646973,-0.0021887444891035557,-0.006906210444867611,0.00011052201443817466,0.007245589047670364
lqr,3,2,46,158,0.92,-2.81345796585083,2.1289732456207275,0.977996826171875,-0.00689154677093029,0.0038740956224501133,-9.838201367529109e-05,0.007906435057520866,-2.8147621154785156,2.129706859588623,0.9810984134674072,-0.3133682906627655,0.060171227902173996,15.876290321350098,15.879496574401855,-0.0018238803604617715,-0.008317213505506516,-9.029599459609017e-05,0.008515323512256145
rl,0,2,34,159,0.68,1.2272080183029175,-1.3834161758422852,0.5721794962882996,-0.034043602645397186,-0.16700156033039093,-0.7596763372421265,0.7785606384277344,-0.09528481960296631,-2.0929479598999023,0.6976820230484009,1.2478846311569214,0.8258253335952759,16.233985900878906,16.302806854248047,-0.002026196103543043,-0.007375231012701988,-1.2617430002137553e-05,0.007648507133126259
rl,1,2,43,159,0.86,1.171251654624939,0.9335147142410278,0.44652479887008667,-0.05635158345103264,-0.4392215311527252,-0.7282323241233826,0.8522988557815552,0.7108442783355713,-0.0053904056549072266,1.4250974655151367,-1.833457350730896,-1.452506184577942,16.185020446777344,16.353172302246094,-0.0005477489903569221,-0.007929249666631222,-0.00029669865034520626,0.007953681983053684
rl,2,2,46,159,0.92,-1.0467944145202637,-1.382025122642517,0.2559780478477478,0.19571642577648163,-0.11266875267028809,-0.8749507069587708,0.9036248922348022,-1.6684812307357788,-1.3078045845031738,1.3517651557922363,-1.1651711463928223,1.4526020288467407,14.300749778747559,14.421481132507324,-0.0024397200904786587,-0.00889469776302576,2.0835374016314745e-05,0.009223248809576035
rl,3,2,47,159,0.9400000000000001,-1.0277725458145142,1.0898131132125854,0.3992918133735657,0.26345351338386536,-0.07558277994394302,-0.690191924571991,0.7426206469535828,-2.8147621154785156,2.129706859588623,0.9810984134674072,-1.557023286819458,1.575799584388733,14.883913040161133,15.047868728637695,-0.002452325774356723,-0.008480642922222614,8.548054756829515e-05,0.008828505873680115
lqr,0,2,34,159,0.68,-0.08813240379095078,-2.088465690612793,0.696185290813446,-0.03777659311890602,-0.023669207468628883,-0.00857447274029255,0.04539629817008972,-0.09528481960296631,-2.0929479598999023,0.6976820230484009,0.06071925163269043,0.24168328940868378,15.954526901245117,15.956473350524902,-0.002104087732732296,-0.00720486044883728,0.0003583387879189104,0.007514359895139933
lqr,1,2,43,159,0.86,0.7115589380264282,-0.0037279161624610424,1.42141854763031,-0.003771519521251321,-0.008783013559877872,0.0029511332977563143,0.010003742761909962,0.7108442783355713,-0.0053904056549072266,1.4250974655151367,-0.24057817459106445,0.1719304621219635,15.850774765014648,15.853532791137695,-0.002931940369307995,-0.007581823971122503,5.446119394036941e-05,0.008129163645207882
lqr,2,2,46,159,0.92,-1.6681323051452637,-1.3077558279037476,1.3483541011810303,-0.0018484486499801278,-0.00025292960344813764,0.0015361194964498281,0.002416691742837429,-1.6684812307357788,-1.3078045845031738,1.3517651557922363,-0.28838983178138733,0.08940629661083221,15.862591743469238,15.865464210510254,-0.002152899047359824,-0.0069299787282943726,0.00011435736087150872,0.007257593329995871
lqr,3,2,47,159,0.9400000000000001,-2.813645124435425,2.1290783882141113,0.9779942035675049,-0.005904257297515869,0.003320155432447791,-8.452095062239096e-05,0.006774277426302433,-2.8147621154785156,2.129706859588623,0.9810984134674072,-0.3295394778251648,0.06648212671279907,15.875852584838867,15.879411697387695,-0.0018093583639711142,-0.0083070183172822,-8.720666664885357e-05,0.008502230979502201
rl,0,2,35,160,0.7000000000000001,1.226097583770752,-1.388285517692566,0.5492221713066101,-0.03850465640425682,-0.15997666120529175,-0.768028736114502,0.7854573726654053,-0.09528481960296631,-2.0929479598999023,0.6976820230484009,-0.48756134510040283,0.4273219704627991,15.420808792114258,15.434431076049805,-0.002565165515989065,-0.007584019098430872,8.402187086176127e-05,0.008006527088582516
rl,1,2,44,160,0.88,1.169500708580017,0.9207231998443604,0.4248025417327881,-0.05936324596405029,-0.41995567083358765,-0.7219964861869812,0.8373563885688782,0.7108442783355713,-0.0053904056549072266,1.4250974655151367,-0.5040146708488464,1.0864688158035278,16.204893112182617,16.24909210205078,-0.0008172812522388995,-0.009387311525642872,-0.0003316598595120013,0.009428656660020351
rl,2,2,47,160,0.9400000000000001,-1.0407270193099976,-1.384848952293396,0.22885623574256897,0.20551835000514984,-0.08487018942832947,-0.9186167120933533,0.9451441168785095,-1.6684812307357788,-1.3078045845031738,1.3517651557922363,0.2559719383716583,1.560109257698059,13.523792266845703,13.615888595581055,-0.003160559805110097,-0.00876182783395052,0.00015927832282613963,0.009315800853073597
rl,3,2,48,160,0.96,-1.0199028253555298,1.0880566835403442,0.3787107467651367,0.26175570487976074,-0.05003470182418823,-0.6839561462402344,0.7340405583381653,-2.8147621154785156,2.129706859588623,0.9810984134674072,-0.42780786752700806,1.4639308452606201,16.202138900756836,16.273765563964844,-0.003319469979032874,-0.009177940897643566,0.0002003900008276105,0.00976184569299221
lqr,0,2,35,160,0.7000000000000001,-0.08915572613477707,-2.089107036590576,0.6959529519081116,-0.032372232526540756,-0.020282074809074402,-0.007347649894654751,0.03890131041407585,-0.09528481960296631,-2.0929479598999023,0.6976820230484009,0.008086875081062317,0.21458417177200317,15.943292617797852,15.944738388061523,-0.0020394681487232447,-0.007288059219717979,0.00030651752604171634,0.00757424533367157
lqr,1,2,44,160,0.88,0.7114567160606384,-0.00396583741530776,1.4214982986450195,-0.0032318520825356245,-0.007526232395321131,0.002528365468606353,0.008572145365178585,0.7108442783355713,-0.0053904056549072266,1.4250974655151367,-0.25220516324043274,0.16382655501365662,15.854240417480469,15.85709285736084,-0.0028788531199097633,-0.0076322369277477264,3.8210338971111923e-05,0.008157223463058472
lqr,2,2,47,160,0.9400000000000001,-1.6681824922561646,-1.3077623844146729,1.3483960628509521,-0.0015840535052120686,-0.00021776558423880488,0.0013153775362297893,0.002070474671199918,-1.6684812307357788,-1.3078045845031738,1.3517651557922363,-0.29712963104248047,0.09108705818653107,15.864148139953613,15.867192268371582,-0.002117907628417015,-0.0069569130428135395,0.00011740853369701654,0.007273098453879356
lqr,3,2,48,160,0.96,-2.813805103302002,2.1291685104370117,0.9779918789863586,-0.005056479945778847,0.002843746915459633,-7.257260585902259e-05,0.005801737308502197,-2.8147621154785156,2.129706859588623,0.9810984134674072,-0.3444069027900696,0.07214915752410889,15.87541675567627,15.879316329956055,-0.0017925279680639505,-0.008295293897390366,-8.420963422395289e-05,0.008487176150083542
rl,0,2,36,161,0.72,1.2254990339279175,-1.3925858736038208,0.5251939296722412,-0.010686659254133701,-0.135030135512352,-0.8173992037773132,0.8285462260246277,-0.09528481960296631,-2.0929479598999023,0.6976820230484009,1.2831453084945679,1.3888561725616455,13.233391761779785,13.3677978515625,-0.0028861972969025373,-0.007697705645114183,0.00015257028280757368,0.008222413249313831
rl,1,2,45,161,0.9,1.1671639680862427,0.9080761671066284,0.4022766947746277,-0.08715056627988815,-0.4223834276199341,-0.7652906775474548,0.8784490823745728,0.7108442783355713,-0.0053904056549072266,1.4250974655151367,-1.79233980178833,-0.08933955430984497,13.507359504699707,13.626049041748047,-0.0016990251606330276,-0.009731894358992577,-0.00021175698202569038,0.009881360456347466
rl,2,2,48,161,0.96,-1.0347304344177246,-1.387553095817566,0.2012130320072174,0.1970849186182022,-0.0927625298500061,-0.9228507280349731,0.9482092261314392,-1.6684812307357788,-1.3078045845031738,1.3517651557922363,-0.7781075239181519,-0.3527080714702606,15.639223098754883,15.6625394821167,-0.0031883788760751486,-0.00838526338338852,0.00021668538101948798,0.008973591960966587
rl,3,2,49,161,0.98,-1.012606143951416,1.086329698562622,0.3579261004924774,0.23396891355514526,-0.06132598966360092,-0.6972528696060181,0.738013505935669,-2.8147621154785156,2.129706859588623,0.9810984134674072,-1.821494460105896,-0.5259130001068115,15.128931999206543,15.247262001037598,-0.0033332332968711853,-0.009533721022307873,0.00021154532441869378,0.010101833380758762
lqr,0,2,36,161,0.72,-0.09003261476755142,-2.089656352996826,0.6957540512084961,-0.027741089463233948,-0.017380882054567337,-0.006296428386121988,0.03333628922700882,-0.09528481960296631,-2.0929479598999023,0.6976820230484009,-0.03796808421611786,0.19145044684410095,15.933675765991211,15.934871673583984,-0.0019880065228790045,-0.007356933318078518,0.0002608969807624817,0.0076252673752605915
lqr,1,2,45,161,0.9,0.7113690972328186,-0.004169716499745846,1.4215667247772217,-0.0027690762653946877,-0.006449233740568161,0.002167347352951765,0.007345596794039011,0.7108442783355713,-0.0053904056549072266,1.4250974655151367,-0.2631845772266388,0.15720289945602417,15.8572416305542,15.860204696655273,-0.0028278029058128595,-0.0076791043393313885,2.4303808459080756e-05,0.008183257654309273
lqr,2,2,48,161,0.96,-1.6682251691818237,-1.3077682256698608,1.348431944847107,-0.0013568104477599263,-0.0001879563496913761,0.0011259056627750397,0.0017731118714436889,-1.6684812307357788,-1.3078045845031738,1.3517651557922363,-0.3056362271308899,0.09276995807886124,15.865665435791016,15.868880271911621,-0.0020841527730226517,-0.006987080909311771,0.00011963512952206656,0.007292277179658413
lqr,3,2,49,161,0.98,-2.8139426708221436,2.1292452812194824,0.9779897928237915,-0.00433142576366663,0.0024374208878725767,-6.189088890096173e-05,0.004970523063093424,-2.8147621154785156,2.129706859588623,0.9810984134674072,-0.3584677577018738,0.07744613289833069,15.874992370605469,15.879227638244629,-0.001773935160599649,-0.008282685652375221,-8.123961015371606e-05,0.008470910601317883
rl,0,2,37,162,0.74,1.2249274253845215,-1.3965332508087158,0.5006545186042786,-0.023224249482154846,-0.12986084818840027,-0.8182730674743652,0.8288389444351196,-0.09528481960296631,-2.0929479598999023,0.6976820230484009,-0.9434566497802734,0.33406153321266174,15.816621780395508,15.84825611114502,-0.0032003195956349373,-0.007464161608368158,0.00024387554731220007,0.008124975487589836
rl,1,2,46,162,0.92,1.1647197008132935,0.8952010273933411,0.379335880279541,-0.07863282412290573,-0.43256619572639465,-0.7643973231315613,0.8818162083625793,0.7108442783355713,-0.0053904056549072266,1.4250974655151367,0.10480709373950958,-0.5002488493919373,15.934744834899902,15.942939758300781,-0.001597116352058947,-0.009810183197259903,-0.00022334075765684247,0.009941848926246166
rl,2,2,49,162,0.98,-1.028261661529541,-1.389780044555664,0.1732705682516098,0.22490544617176056,-0.06496371328830719,-0.9356970191001892,0.9645370244979858,-1.6684812307357788,-1.3078045845031738,1.3517651557922363,1.1794826984405518,1.5728905200958252,15.206498146057129,15.333060264587402,-0.00293314759619534,-0.00837499275803566,0.00020034427870996296,0.008876034989953041
rl,3,2,50,162,1.0,-1.0055896043777466,1.0840809345245361,0.3362042307853699,0.23384062945842743,-0.081763356924057,-0.7374637722969055,0.7779585123062134,-2.8147621154785156,2.129706859588623,0.9810984134674072,-0.3069329261779785,-1.0251896381378174,13.711715698242188,13.753413200378418,-0.00232089776545763,-0.009683151729404926,4.902084401692264e-05,0.009957529604434967
lqr,0,2,37,162,0.74,-0.09078405797481537,-2.0901272296905518,0.6955835223197937,-0.023772554472088814,-0.014894787222146988,-0.005396174266934395,0.02856759913265705,-0.09528481960296631,-2.0929479598999023,0.6976820230484009,-0.07838451862335205,0.17199799418449402,15.925362586975098,15.926484107971191,-0.0019480875926092267,-0.007413789164274931,0.00022070367413107306,0.007668639067560434
lqr,1,2,46,162,0.92,0.7112941145896912,-0.004344420041888952,1.4216252565383911,-0.0023723209742456675,-0.005526300985366106,0.0018582222983241081,0.006294513586908579,0.7108442783355713,-0.0053904056549072266,1.4250974655151367,-0.2735793888568878,0.151840478181839,15.859807968139648,15.862894058227539,-0.00277836830355227,-0.007722595240920782,1.246806095878128e-05,0.008207189850509167
lqr,2,2,49,162,0.98,-1.6682617664337158,-1.3077733516693115,1.3484623432159424,-0.0011633834801614285,-0.0001609970349818468,0.0009640794596634805,0.0015194835141301155,-1.6684812307357788,-1.3078045845031738,1.3517651557922363,-0.31398409605026245,0.09450319409370422,15.866929054260254,15.870316505432129,-0.0020521171391010284,-0.007020564284175634,0.00012100687308702618,0.007315336726605892
lqr,3,2,50,162,1.0,-2.814060926437378,2.1293113231658936,0.9779881834983826,-0.0037100755143910646,0.002090022899210453,-5.306696402840316e-05,0.0042585995979607105,-2.8147621154785156,2.129706859588623,0.9810984134674072,-0.3715197443962097,0.08200426399707794,15.874547958374023,15.879106521606445,-0.0017540071858093143,-0.00826975330710411,-7.825378997949883e-05,0.00845408160239458
rl,0,2,38,163,0.76,1.2247185707092285,-1.3998732566833496,0.4761873185634613,0.0011818866478279233,-0.10206244140863419,-0.8142221570014954,0.8205947875976562,-0.09528481960296631,-2.0929479598999023,0.6976820230484009,1.0374385118484497,1.5581951141357422,16.112041473388672,16.220422744750977,-0.0033468795008957386,-0.008217204362154007,0.0002646133361849934,0.008876603096723557
rl,1,2,47,163,0.9400000000000001,1.1619880199432373,0.88227379322052,0.3565286099910736,-0.09725432097911835,-0.4300730526447296,-0.7581602931022644,0.8770565986633301,0.7108442783355713,-0.0053904056549072266,1.4250974655151367,-1.3740243911743164,0.18684886395931244,16.18742561340332,16.2467098236084,-0.0016094386810436845,-0.009781977161765099,-0.00021368284069467336,0.009915797039866447
rl,2,2,50,163,1.0,-1.0219007730484009,-1.3918744325637817,0.14489760994911194,0.20558415353298187,-0.07224845886230469,-0.9507983922958374,0.975449800491333,-1.6684812307357788,-1.3078045845031738,1.3517651557922363,-1.3676656484603882,-0.31735488772392273,15.039509773254395,15.104902267456055,-0.0031032569240778685,-0.008092448115348816,0.0002621566818561405,0.008671022951602936
rl,3,2,51,163,1.02,-0.9991301894187927,1.081284523010254,0.31420502066612244,0.20605358481407166,-0.09894877672195435,-0.7312263250350952,0.7661206722259521,-2.8147621154785156,2.129706859588623,0.9810984134674072,-1.862199306488037,-0.8342114090919495,16.182453155517578,16.31059455871582,-0.0015423757722601295,-0.009508651681244373,-9.196255268761888e-05,0.00963337067514658
lqr,0,2,38,163,0.76,-0.0914279967546463,-2.0905306339263916,0.6954373121261597,-0.020371846854686737,-0.012763780541718006,-0.0046242172829806805,0.024480801075696945,-0.09528481960296631,-2.0929479598999023,0.6976820230484009,-0.11397529393434525,0.15552186965942383,15.918302536010742,15.919469833374023,-0.0019183773547410965,-0.007460637483745813,0.00018527099746279418,0.007705557160079479
lqr,1,2,47,163,0.9400000000000001,0.7112299799919128,-0.004494124092161655,1.421675682067871,-0.0020333731081336737,-0.004735406953841448,0.001592650543898344,0.005393998697400093,0.7108442783355713,-0.0053904056549072266,1.4250974655151367,-0.28356480598449707,0.14755095541477203,15.861834526062012,15.865055084228516,-0.0027302312664687634,-0.007762868423014879,2.4657790618221043e-06,0.00822899118065834
lqr,2,2,50,163,1.0,-1.6682931184768677,-1.307777762413025,1.3484889268875122,-0.00099705730099231,-0.0001372417900711298,0.0008248843369074166,0.001301304204389453,-1.6684812307357788,-1.3078045845031738,1.3517651557922363,-0.32198697328567505,0.09616813063621521,15.867844581604004,15.871402740478516,-0.002022083615884185,-0.007057281211018562,0.00012149988469900563,0.007342261262238026
lqr,3,2,51,163,1.02,-2.8141613006591797,2.1293675899505615,0.9779866933822632,-0.0031776842661201954,0.0017912148032337427,-4.519071080721915e-05,0.003648036392405629,-2.8147621154785156,2.129706859588623,0.9810984134674072,-0.38409483432769775,0.0861954391002655,15.87413215637207,15.879012107849121,-0.0017329246038571,-0.008256842382252216,-7.52445193938911e-05,0.00843706913292408
rl,0,2,39,164,0.78,1.2247220277786255,-1.4034913778305054,0.4515175223350525,-0.00040853681275621057,-0.12987560033798218,-0.8263809680938721,0.8365245461463928,-0.09528481960296631,-2.0929479598999023,0.6976820230484009,-0.35744109749794006,-1.4415751695632935,15.224306106567383,15.296581268310547,-0.0032026544213294983,-0.008092048577964306,0.00027545480406843126,0.008707130327820778
rl,1,2,48,164,0.96,1.1592588424682617,0.8688845634460449,0.333124577999115,-0.08782611042261124,-0.454425573348999,-0.7911182641983032,0.9165610074996948,0.7108442783355713,-0.0053904056549072266,1.4250974655151367,0.17749446630477905,-1.2676440477371216,14.112756729125977,14.170685768127441,-0.0015147695085033774,-0.009870183654129505,-0.00022596580674871802,0.009988298639655113
rl,2,2,51,164,1.02,-1.0152318477630615,-1.3940272331237793,0.11562954634428024,0.2306627482175827,-0.07151692360639572,-0.9880044460296631,1.0170903205871582,-1.6684812307357788,-1.3078045845031738,1.3517651557922363,1.0458383560180664,0.11111484467983246,13.897418022155762,13.93715763092041,-0.0024947773199528456,-0.00830909051001072,0.00016911829879973084,0.008677182719111443
rl,3,2,52,164,1.04,-0.9924957156181335,1.0786874294281006,0.2920880615711212,0.22870758175849915,-0.08036845177412033,-0.7402334213256836,0.7789170145988464,-2.8147621154785156,2.129706859588623,0.9810984134674072,0.8678184747695923,1.0919501781463623,15.410649299621582,15.473641395568848,-0.0016866151709109545,-0.009665658697485924,-0.00011443196126492694,0.009812376461923122
lqr,0,2,39,164,0.78,-0.09197980165481567,-2.090876579284668,0.695311963558197,-0.017457658424973488,-0.0109375836327672,-0.003962529823184013,0.020978612825274467,-0.09528481960296631,-2.0929479598999023,0.6976820230484009,-0.14542534947395325,0.14159609377384186,15.912165641784668,15.913460731506348,-0.0018976203864440322,-0.007499218452721834,0.0001539979421067983,0.007737115491181612
lqr,1,2,48,164,0.96,0.7111747860908508,-0.004622405860573053,1.421718955039978,-0.001742339227348566,-0.004057643469423056,0.0013643833808600903,0.004621878266334534,0.7108442783355713,-0.0053904056549072266,1.4250974655151367,-0.2930583357810974,0.1441810429096222,15.863600730895996,15.866962432861328,-0.0026831452269107103,-0.007799975108355284,-5.906246769882273e-06,0.008248570375144482
lqr,2,2,51,164,1.02,-1.6683205366134644,-1.307781457901001,1.3485114574432373,-0.0008540554554201663,-0.00011716409062501043,0.0007058347691781819,0.0011141548166051507,-1.6684812307357788,-1.3078045845031738,1.3517651557922363,-0.3297996520996094,0.09784089028835297,15.868781089782715,15.872509002685547,-0.0019943511579185724,-0.007097066380083561,0.00012109087401768193,0.007372953929007053
lqr,3,2,52,164,1.04,-2.8142471313476562,2.129415988922119,0.9779854416847229,-0.002723101293668151,0.001536254188977182,-3.8490965380333364e-05,0.003126793773844838,-2.8147621154785156,2.129706859588623,0.9810984134674072,-0.39582598209381104,0.09005308151245117,15.873790740966797,15.87898063659668,-0.001711122109554708,-0.008244557306170464,-7.217900565592572e-05,0.008420562371611595
rl,0,2,40,165,0.8,1.2249115705490112,-1.4070178270339966,0.42595264315605164,0.009698377922177315,-0.11139623820781708,-0.8650512099266052,0.872248113155365,-0.09528481960296631,-2.0929479598999023,0.6976820230484009,0.2928745150566101,1.05186128616333,13.795809745788574,13.838951110839844,-0.002409103326499462,-0.008216684684157372,0.00014718485181219876,0.008563839830458164
rl,1,2,49,165,0.98,1.1569726467132568,0.8552826642990112,0.3090110123157501,-0.07040032744407654,-0.4528885781764984,-0.8101206421852112,0.9307844638824463,0.7108442783355713,-0.0053904056549072266,1.4250974655151367,0.5845012664794922,0.13204438984394073,14.87128734588623,14.883355140686035,-0.001132686622440815,-0.008863317780196667,-0.0002501398848835379,0.008938901126384735
rl,2,3,0,165,0.0,-1.2500196695327759,-1.249902367591858,0.9999558925628662,-0.0019603308755904436,0.009764209389686584,-0.004406698979437351,0.01089043915271759,0.014181137084960938,-0.5576579570770264,0.7884647846221924,-0.31719136238098145,1.5802559852600098,15.165295600891113,15.25070571899414,-0.0026473409961909056,-0.007653397507965565,0.00021593041310552508,0.008101205341517925
rl,3,2,53,165,1.06,-0.9859263300895691,1.075943112373352,0.2690449357032776,0.21412783861160278,-0.09703649580478668,-0.7820386290550232,0.8166095614433289,-2.8147621154785156,2.129706859588623,0.9810984134674072,-1.1068618297576904,-0.8181236982345581,13.605901718139648,13.67534351348877,-0.0020489918533712626,-0.008787737227976322,-3.753589408006519e-05,0.009023530408740044
lqr,0,2,40,165,0.8,-0.09245267510414124,-2.0911731719970703,0.6952046155929565,-0.014960402622818947,-0.009372800588607788,-0.0033951555378735065,0.017977489158511162,-0.09528481960296631,-2.0929479598999023,0.6976820230484009,-0.17332391440868378,0.12981058657169342,15.906895637512207,15.908369064331055,-0.0018847296014428139,-0.007531011011451483,0.00012636484461836517,0.007764296606183052
lqr,1,2,49,165,0.98,0.711127519607544,-0.004732322879135609,1.4217556715011597,-0.00149249576497823,-0.003476843936368823,0.0011692940024659038,0.003960206639021635,0.7108442783355713,-0.0053904056549072266,1.4250974655151367,-0.302223801612854,0.14158859848976135,15.865137100219727,15.868647575378418,-0.002636899473145604,-0.007834015414118767,-1.2825309568142984e-05,0.008265906013548374
lqr,2,3,0,165,0.0,-1.2208688259124756,-1.2340458631515503,0.9950534701347351,2.9131147861480713,1.5954142808914185,-0.49465078115463257,3.3580148220062256,0.014181137084960938,-0.5576579570770264,0.7884647846221924,471.4393615722656,258.188720703125,-64.17086791992188,541.3265380859375,-0.0,-0.0,-0.0,0.0
lqr,3,2,53,165,1.06,-2.814321756362915,2.129457473754883,0.9779844284057617,-0.002333074575290084,0.0013186328578740358,-3.290607128292322e-05,0.0026801328640431166,-2.8147621154785156,2.129706859588623,0.9810984134674072,-0.4068371057510376,0.09353500604629517,15.873408317565918,15.878896713256836,-0.0016889283433556557,-0.00823309738188982,-6.903582834638655e-05,0.008404828608036041
rl,0,2,41,166,0.8200000000000001,1.225319743156433,-1.4101331233978271,0.40012574195861816,0.015564589761197567,-0.10008025914430618,-0.8588160276412964,0.8647677898406982,-0.09528481960296631,-2.0929479598999023,0.6976820230484009,0.012310430407524109,0.6777921915054321,16.215404510498047,16.229568481445312,-0.002877446124330163,-0.008075693622231483,0.00021996087161824107,0.008575833402574062
rl,1,2,50,166,1.0,1.1552083492279053,0.8417661786079407,0.28483206033706665,-0.05300721153616905,-0.44938650727272034,-0.8038868308067322,0.922492265701294,0.7108442783355713,-0.0053904056549072266,1.4250974655151367,0.5423257350921631,0.24402382969856262,16.232284545898438,16.243175506591797,-0.001560367294587195,-0.008352337405085564,-0.0001577287184773013,0.008498303592205048
rl,2,3,1,166,0.02,-1.2496143579483032,-1.2490533590316772,0.9999485015869141,0.021244866773486137,0.037569209933280945,0.0018313974142074585,0.04319888725876808,0.014181137084960938,-0.5576579570770264,0.7884647846221924,1.251957654953003,1.5002367496490479,16.215002059936523,16.332311630249023,-0.0008995328680612147,-0.0011824315879493952,0.00010775155533337966,0.0014896020293235779
rl,3,2,54,166,1.08,-0.9789462089538574,1.0727715492248535,0.2454376369714737,0.24194848537445068,-0.11006081104278564,-0.7893445491790771,0.832896888256073,-2.8147621154785156,2.129706859588623,0.9810984134674072,1.128195881843567,-0.6090126633644104,15.520054817199707,15.572919845581055,-0.0014983693836256862,-0.008477818220853806,-0.00011984559387201443,0.008610045537352562
lqr,0,2,41,166,0.8200000000000001,-0.09285788983106613,-2.0914270877838135,0.6951128244400024,-0.012820396572351456,-0.008029806427657604,-0.0029096684884279966,0.015404757112264633,-0.09528481960296631,-2.0929479598999023,0.6976820230484009,-0.19818410277366638,0.12015679478645325,15.90230655670166,15.9039945602417,-0.0018787765875458717,-0.007557305507361889,0.00010192248009843752,0.0077880071476101875
lqr,1,2,50,166,1.0,0.7110872268676758,-0.004826510790735483,1.4217873811721802,-0.0012790526961907744,-0.0029791302513331175,0.0010020006448030472,0.0033934051170945168,0.7108442783355713,-0.0053904056549072266,1.4250974655151367,-0.31118810176849365,0.13966254889965057,15.866379737854004,15.87004566192627,-0.0025914108846336603,-0.00786510854959488,-1.844924918259494e-05,0.008281043730676174
lqr,2,3,1,166,0.02,-1.0758345127105713,-1.1546152830123901,0.9704269170761108,5.186162948608398,2.840280771255493,-0.8805924654006958,5.978204250335693,0.014181137084960938,-0.5576579570770264,0.7884647846221924,34.18915557861328,18.766942977905273,9.672551155090332,40.18276596069336,-0.08510107547044754,0.17408013343811035,0.022450579330325127,0.19506438076496124
lqr,3,2,54,166,1.08,-2.814384937286377,2.129493474960327,0.9779836535453796,-0.001996284117922187,0.0011291232658550143,-2.8532687792903744e-05,0.002293661469593644,-2.8147621154785156,2.129706859588623,0.9810984134674072,-0.4174794852733612,0.09649761766195297,15.873040199279785,15.878822326660156,-0.001666505471803248,-0.008222658187150955,-6.581706838915125e-05,0.00839009415358305
rl,0,2,42,167,0.84,1.226342797279358,-1.4131916761398315,0.37345314025878906,0.04338284954428673,-0.10288236290216446,-0.9042237997055054,0.9110913872718811,-0.09528481960296631,-2.0929479598999023,0.6976820230484009,1.2419604063034058,-0.09325303137302399,13.455693244934082,13.51321029663086,-0.002843251684680581,-0.007905809208750725,0.0002275042061228305,0.008404620923101902
rl,1,2,51,167,1.02,1.153314232826233,0.8288405537605286,0.26060160994529724,-0.0682142823934555,-0.4215845465660095,-0.8095798492431641,0.9153175354003906,0.7108442783355713,-0.0053904056549072266,1.4250974655151367,-1.206797480583191,1.5556678771972656,15.540692329406738,15.664916038513184,-0.002217368222773075,-0.00869476143270731,-4.7128760343184695e-05,0.008973171934485435
rl,2,3,2,167,0.04,-1.249130129814148,-1.2484822273254395,0.9993544816970825,0.013591871596872807,0.009761464782059193,-0.030617350712418556,0.03489193692803383,0.014181137084960938,-0.5576579570770264,0.7884647846221924,-0.4153110384941101,-1.498546838760376,14.127840042114258,14.213162422180176,-0.0015676474431529641,-0.0037473132833838463,0.00015139157767407596,0.004064823966473341
rl,3,2,55,167,1.1,-0.9711752533912659,1.069671869277954,0.2218819558620453,0.26757875084877014,-0.09994925558567047,-0.7831111550331116,0.8335773944854736,-2.8147621154785156,2.129706859588623,0.9810984134674072,0.9854137897491455,0.6448684930801392,16.240285873413086,16.282928466796875,-0.0016324367607012391,-0.007660356815904379,-7.953574822749943e-05,0.007832767441868782
lqr,0,2,42,167,0.84,-0.09320519119501114,-2.091644763946533,0.6950339674949646,-0.01098647154867649,-0.006880021188408136,-0.0024937987327575684,0.013200617395341396,-0.09528481960296631,-2.0929479598999023,0.6976820230484009,-0.22097882628440857,0.1120339184999466,15.898384094238281,15.900314331054688,-0.0018789280438795686,-0.0075793578289449215,8.027243165997788e-05,0.007809191942214966
lqr,1,2,51,167,1.02,0.7110525965690613,-0.0049072206020355225,1.4218143224716187,-0.001096559688448906,-0.0025526131503283978,0.0008597132982686162,0.002908158116042614,0.7108442783355713,-0.0053904056549072266,1.4250974655151367,-0.31983688473701477,0.1382995992898941,15.867511749267578,15.871337890625,-0.0025465681683272123,-0.007893340662121773,-2.291517739649862e-05,0.008293995633721352
lqr,2,3,2,167,0.04,-0.9248948097229004,-1.071950912475586,0.9447978734970093,4.869282245635986,2.666722297668457,-0.8267886638641357,5.612922191619873,0.014181137084960938,-0.5576579570770264,0.7884647846221924,-28.80769920349121,-15.88607406616211,21.475128173828125,39.286537170410156,-0.054367367178201675,0.10173670202493668,0.017761211842298508,0.11671172827482224
lqr,3,2,55,167,1.1,-2.814439058303833,2.1295244693756104,0.9779825210571289,-0.0017094099894165993,0.000967254105489701,-2.3726801373413764e-05,0.001964236842468381,-2.8147621154785156,2.129706859588623,0.9810984134674072,-0.42718958854675293,0.09942029416561127,15.872858047485352,15.87891674041748,-0.0016441739862784743,-0.008213614113628864,-6.251809827517718e-05,0.008376793935894966
rl,0,2,43,168,0.86,1.227088451385498,-1.4166452884674072,0.3459218740463257,0.015589802525937557,-0.1212591603398323,-0.9244493842124939,0.9324985146522522,-0.09528481960296631,-2.0929479598999023,0.6976820230484009,-1.7901252508163452,-0.9250781536102295,14.759169578552246,14.896086692810059,-0.0022265815641731024,-0.007770597469061613,0.00013857425074093044,0.0080844946205616
rl,1,2,52,168,1.04,1.1512410640716553,0.8165904879570007,0.2355537712574005,-0.06954458355903625,-0.4017041325569153,-0.8476025462150574,0.9405491948127747,0.7108442783355713,-0.0053904056549072266,1.4250974655151367,-0.42294830083847046,1.1240793466567993,13.816781044006348,13.868882179260254,-0.003004236612468958,-0.009214994497597218,8.89485381776467e-05,0.009692753665149212
rl,2,3,3,168,0.06,-1.248731255531311,-1.2487455606460571,0.997448742389679,0.013167032040655613,-0.01804370991885662,-0.07998502999544144,0.08304547518491745,0.014181137084960938,-0.5576579570770264,0.7884647846221924,-0.029273325577378273,-1.4979628324508667,13.215219497680664,13.29987907409668,-0.0006346061709336936,-0.00548451766371727,-5.48004791198764e-05,0.005521382205188274
rl,3,2,56,168,1.12,-0.9630234837532043,1.0672293901443481,0.19758057594299316,0.2738046944141388,-0.07214827090501785,-0.8235130906105042,0.8708319067955017,-2.8147621154785156,2.129706859588623,0.9810984134674072,-0.00525665283203125,1.5854970216751099,13.69322395324707,13.784708976745605,-0.0024444551672786474,-0.007411244325339794,6.395312084350735e-05,0.007804229389876127
lqr,0,2,43,168,0.86,-0.09350278973579407,-2.0918309688568115,0.6949664354324341,-0.009414794854819775,-0.0058965496718883514,-0.0021372330375015736,0.01131262257695198,-0.09528481960296631,-2.0929479598999023,0.6976820230484009,-0.24155116081237793,0.10534178465604782,15.894959449768066,15.897143363952637,-0.00188441073987633,-0.0075983041897416115,6.105983629822731e-05,0.007828726433217525
lqr,1,2,52,168,1.04,0.7110230326652527,-0.004976373165845871,1.4218374490737915,-0.0009402210707776248,-0.0021870997734367847,0.0007374017150141299,0.002492224331945181,0.7108442783355713,-0.0053904056549072266,1.4250974655151367,-0.3282971978187561,0.1374129354953766,15.868431091308594,15.872421264648438,-0.0025023079942911863,-0.007918713614344597,-2.6339946998632513e-05,0.008304713293910027
lqr,2,3,3,168,0.06,-0.7913355231285095,-0.9988057017326355,0.9221197366714478,4.23988151550293,2.322011947631836,-0.7199221253395081,4.887393951416016,0.014181137084960938,-0.5576579570770264,0.7884647846221924,-33.75804901123047,-18.642993927001953,22.59380531311035,44.695045471191406,-0.023827973753213882,0.03479849919676781,0.011057021096348763,0.043600063771009445
lqr,3,2,56,168,1.12,-2.814485549926758,2.1295506954193115,0.9779819846153259,-0.0014649865915998816,0.0008276960579678416,-2.0196028344798833e-05,0.0016827579820528626,-2.8147621154785156,2.129706859588623,0.9810984134674072,-0.4367917776107788,0.10201915353536606,15.872417449951172,15.878754615783691,-0.001622167881578207,-0.008205892518162727,-5.91219068155624e-05,0.008364902809262276
rl,0,2,44,169,0.88,1.227172613143921,-1.419938325881958,0.31786543130874634,-0.0035729289520531893,-0.10402204841375351,-0.9405964612960815,0.9463376998901367,-0.09528481960296631,-2.0929479598999023,0.6976820230484009,-1.3364921808242798,0.998649537563324,14.979000091552734,15.071627616882324,-0.002027882030233741,-0.009161088615655899,3.110936813754961e-05,0.009382899850606918
rl,1,2,53,169,1.06,1.1497106552124023,0.8049283623695374,0.20979365706443787,-0.04172481223940849,-0.3822557330131531,-0.8642078638076782,0.9458941221237183,0.7108442783355713,-0.0053904056549072266,1.4250974655151367,1.1120625734329224,1.1068549156188965,15.012470245361328,15.094240188598633,-0.0032590634655207396,-0.008589440025389194,0.0001943626266438514,0.0091890012845397
rl,2,3,4,169,0.08,-1.2478437423706055,-1.2491395473480225,0.9947527050971985,0.037805020809173584,-0.0106888422742486,-0.09481743723154068,0.10263438522815704,0.014181137084960938,-0.5576579570770264,0.7884647846221924,1.3165522813796997,0.399399071931839,15.07938003540039,15.142011642456055,-0.0005312551511451602,-0.005972113460302353,-0.00011982429714407772,0.005996893160045147
rl,3,2,57,169,1.1400000000000001,-0.9547926783561707,1.064992904663086,0.17247991263866425,0.27463802695274353,-0.07574700564146042,-0.8432747721672058,0.8900988698005676,-2.8147621154785156,2.129706859588623,0.9810984134674072,-0.33044254779815674,-0.09885144233703613,14.809693336486816,14.813709259033203,-0.002857417333871126,-0.007534140720963478,0.00015456123219337314,0.00805927999317646
lqr,0,2,44,169,0.88,-0.09375780075788498,-2.0919907093048096,0.6949084401130676,-0.008068021386861801,-0.005054543260484934,-0.001831062021665275,0.009695058688521385,-0.09528481960296631,-2.0929479598999023,0.6976820230484009,-0.2602161765098572,0.09991177916526794,15.892054557800293,15.894498825073242,-0.001894619083032012,-0.0076148794032633305,4.399869067128748e-05,0.007847159169614315
lqr,1,2,53,169,1.06,0.7109976410865784,-0.005035629961639643,1.4218573570251465,-0.0008061885018832982,-0.001873882138170302,0.0006330515607260168,0.0021359138190746307,0.7108442783355713,-0.0053904056549072266,1.4250974655151367,-0.33650797605514526,0.13693058490753174,15.869111061096191,15.873269081115723,-0.0024586457293480635,-0.007941337302327156,-2.8830627343268134e-05,0.008313278667628765
lqr,2,3,4,169,0.08,-0.6762168407440186,-0.9357600212097168,0.9025728106498718,3.6439547538757324,1.995640754699707,-0.618736982345581,4.200455188751221,0.014181137084960938,-0.5576579570770264,0.7884647846221924,-30.322019577026367,-16.754606246948242,21.941059112548828,41.00672912597656,-0.00453130342066288,-0.005463855806738138,0.005755007266998291,0.009138191118836403
lqr,3,2,57,169,1.1400000000000001,-2.8145253658294678,2.129572868347168,0.9779815673828125,-0.0012559077003970742,0.0007090193103067577,-1.7454492990509607e-05,0.0014423305401578546,-2.8147621154785156,2.129706859588623,0.9810984134674072,-0.44582968950271606,0.10451620072126389,15.872129440307617,15.87873363494873,-0.0016007665544748306,-0.008199894800782204,-5.5628079280722886e-05,0.008354867808520794
rl,0,2,45,170,0.9,1.2276217937469482,-1.4228837490081787,0.28945472836494446,0.024249622598290443,-0.0952511802315712,-0.9502335786819458,0.955303430557251,-0.09528481960296631,-2.0929479598999023,0.6976820230484009,1.182118535041809,0.545484721660614,15.38415241241455,15.439142227172852,-0.002611803589388728,-0.009146166034042835,0.00010217842645943165,0.009512323886156082
rl,1,2,54,170,1.08,1.1479030847549438,0.7938771843910217,0.1839921474456787,-0.06951490789651871,-0.36143961548805237,-0.8579686880111694,0.9335851073265076,0.7108442783355713,-0.0053904056549072266,1.4250974655151367,-1.926523208618164,1.190568447113037,16.165058135986328,16.32292938232422,-0.0034844481851905584,-0.00863786693662405,0.00027557663270272315,0.00931826513260603
rl,2,3,5,170,0.1,-1.2469927072525024,-1.250016212463379,0.9913035035133362,0.023643529042601585,-0.03849441930651665,-0.12504781782627106,0.13295786082744598,0.014181137084960938,-0.5576579570770264,0.7884647846221924,-0.7809522747993469,-1.496716856956482,14.24692440032959,14.346598625183105,-0.0008394953329116106,-0.006402692757546902,-0.00010483996447874233,0.006458344869315624
rl,3,2,58,170,1.16,-0.9459972381591797,1.0627952814102173,0.14730633795261383,0.3024563789367676,-0.07200546562671661,-0.8370417952537537,0.892918586730957,-2.8147621154785156,2.129706859588623,0.9810984134674072,1.0821354389190674,0.30859681963920593,16.246562957763672,16.285486221313477,-0.002565668197348714,-0.007647444028407335,0.0001291644584853202,0.008067387156188488
lqr,0,2,45,170,0.9,-0.09397631138563156,-2.0921273231506348,0.6948588490486145,-0.006914002355188131,-0.00433234591037035,-0.0015691606095060706,0.00830872543156147,-0.09528481960296631,-2.0929479598999023,0.6976820230484009,-0.2772321403026581,0.09554385393857956,15.889458656311035,15.89216423034668,-0.0019090117421001196,-0.007629689760506153,2.8843074687756598e-05,0.007864942774176598
lqr,1,2,54,170,1.08,0.7109758853912354,-0.005086401477456093,1.4218744039535522,-0.0006912437384016812,-0.0016054697334766388,0.0005427573923952878,0.001830283086746931,0.7108442783355713,-0.0053904056549072266,1.4250974655151367,-0.3445749282836914,0.13678894937038422,15.869701385498047,15.874031066894531,-0.0024155708961188793,-0.007961232215166092,-3.0480048735626042e-05,0.008319683372974396
lqr,2,3,5,170,0.1,-0.577461838722229,-0.8816761374473572,0.8858042359352112,3.1243250370025635,1.7110601663589478,-0.5305055379867554,3.6014676094055176,0.014181137084960938,-0.5576579570770264,0.7884647846221924,-26.191755294799805,-14.468867301940918,21.08448028564453,36.604801177978516,0.006229322869330645,-0.02663579396903515,0.001961628906428814,0.0274247694760561
lqr,3,2,58,170,1.16,-2.8145592212677,2.129591941833496,0.9779810309410095,-0.0010756112169474363,0.0006086630164645612,-1.5007169167802203e-05,0.0012359755346551538,-2.8147621154785156,2.129706859588623,0.9810984134674072,-0.4546121060848236,0.10678386688232422,15.871868133544922,15.87873649597168,-0.0015802369453012943,-0.008195691742002964,-5.202818283578381e-05,0.008346809074282646
rl,0,2,46,171,0.92,1.2286851406097412,-1.4253894090652466,0.26103124022483826,0.041049525141716,-0.07766520977020264,-0.9460546374320984,0.9501243829727173,-0.09528481960296631,-2.0929479598999023,0.6976820230484009,0.5645860433578491,1.0272470712661743,16.114871978759766,16.157445907592773,-0.002920281607657671,-0.008288636803627014,0.00018581064068712294,0.008789998479187489
rl,1,2,55,171,1.1,1.1452616453170776,0.7828855514526367,0.15804030001163483,-0.09729988127946854,-0.3688604235649109,-0.8686071038246155,0.9486851692199707,0.7108442783355713,-0.0053904056549072266,1.4250974655151367,-1.9122174978256226,-0.3333452641963959,15.260066032409668,15.383020401000977,-0.003304353915154934,-0.010130512528121471,0.0002263663918711245,0.010658202692866325
rl,2,3,6,171,0.12,-1.2460155487060547,-1.2517266273498535,0.9874223470687866,0.03703731298446655,-0.06629812717437744,-0.1315191686153412,0.151869997382164,0.014181137084960938,-0.5576579570770264,0.7884647846221924,0.6974076628684998,-1.4960606098175049,15.530996322631836,15.618464469909668,-0.000230875113629736,-0.007186731323599815,-0.000252018915489316,0.007194853853434324
rl,3,2,59,171,1.18,-0.936823308467865,1.0603578090667725,0.12179869413375854,0.30747175216674805,-0.08586755394935608,-0.8568621277809143,0.9143986105918884,-2.8147621154785156,2.129706859588623,0.9810984134674072,-0.11803814023733139,-0.6481717228889465,14.815910339355469,14.830552101135254,-0.002342469058930874,-0.007477663457393646,0.00011588641791604459,0.007836839184165001
lqr,0,2,46,171,0.92,-0.09416358917951584,-2.092244863510132,0.6948162317276001,-0.005925069097429514,-0.0037125214003026485,-0.0013441852061077952,0.007120118942111731,-0.09528481960296631,-2.0929479598999023,0.6976820230484009,-0.29283398389816284,0.092166468501091,15.887261390686035,15.890227317810059,-0.001927012111991644,-0.007643322926014662,1.536905620014295e-05,0.007882512174546719
lqr,1,2,55,171,1.1,0.7109568119049072,-0.005129906348884106,1.4218889474868774,-0.0005919215036556125,-0.001375446212477982,0.00046512341941706836,0.0015679806238040328,0.7108442783355713,-0.0053904056549072266,1.4250974655151367,-0.3524649739265442,0.1369379162788391,15.870173454284668,15.874677658081055,-0.002373145427554846,-0.0079784682020545,-3.137305611744523e-05,0.008323987014591694
lqr,2,3,6,171,0.12,-0.4928184747695923,-0.8353205919265747,0.8714320063591003,2.677612066268921,1.466413974761963,-0.45465391874313354,3.0865330696105957,0.014181137084960938,-0.5576579570770264,0.7884647846221924,-22.478546142578125,-12.40719985961914,20.294036865234375,32.727230072021484,0.011607884429395199,-0.03635961562395096,-0.0006393668008968234,0.03817293792963028
lqr,3,2,59,171,1.18,-2.8145883083343506,2.129608631134033,0.9779804348945618,-0.0009216791368089616,0.0005220938473939896,-1.2050952136632986e-05,0.0010593486949801445,-2.8147621154785156,2.129706859588623,0.9810984134674072,-0.46316662430763245,0.10882600396871567,15.871684074401855,15.878813743591309,-0.0015607093228027225,-0.008193598128855228,-4.8344187234761193e-05,0.008341055363416672
rl,0,2,47,172,0.9400000000000001,1.2299035787582397,-1.4278419017791748,0.23268015682697296,0.040406979620456696,-0.08380270004272461,-0.9445264339447021,0.9490973353385925,-0.09528481960296631,-2.0929479598999023,0.6976820230484009,-0.3809838593006134,-0.2502405643463135,15.957996368408203,15.964505195617676,-0.0030212774872779846,-0.008426781743764877,0.00021348609880078584,0.00895457062870264
rl,1,2,56,172,1.12,1.1417869329452515,0.7717801928520203,0.13210679590702057,-0.12508177757263184,-0.37083810567855835,-0.8623695373535156,0.9470203518867493,0.7108442783355713,-0.0053904056549072266,1.4250974655151367,-1.9466652870178223,-0.03328997269272804,16.167774200439453,16.28458023071289,-0.0026137973181903362,-0.010931783355772495,9.163842332782224e-05,0.011240295134484768
rl,2,3,7,172,0.14,-1.244778037071228,-1.253536343574524,0.9836013913154602,0.043356943875551224,-0.057334497570991516,-0.12528394162654877,0.14444077014923096,0.014181137084960938,-0.5576579570770264,0.7884647846221924,0.3081088364124298,0.4877469837665558,16.215517044067383,16.22577667236328,-0.000393958151107654,-0.007314230315387249,-0.0002652372349984944,0.007329632993787527
rl,3,2,60,172,1.2,-0.9273045659065247,1.057594656944275,0.09621752053499222,0.3222067356109619,-0.09522758424282074,-0.8506281971931458,0.9145784974098206,-2.8147621154785156,2.129706859588623,0.9810984134674072,0.36195072531700134,-0.3940320909023285,16.23346519470215,16.242279052734375,-0.001848679850809276,-0.00770890386775136,2.9830505809513852e-05,0.007927528582513332
lqr,0,2,47,172,0.9400000000000001,-0.09432406723499298,-2.092345952987671,0.6947797536849976,-0.005077545065432787,-0.003179985098540783,-0.0011515658115968108,0.006100809201598167,-0.09528481960296631,-2.0929479598999023,0.6976820230484009,-0.3072291612625122,0.08954726159572601,15.885315895080566,15.888538360595703,-0.0019481612835079432,-0.007656250149011612,3.3909154808497988e-06,0.007900222204625607
lqr,1,2,56,172,1.12,0.7109408974647522,-0.005167179275304079,1.4219015836715698,-0.0005067546735517681,-0.0011783308582380414,0.0003993018763139844,0.0013433933490887284,0.7108442783355713,-0.0053904056549072266,1.4250974655151367,-0.3603612184524536,0.13732802867889404,15.87055778503418,15.875242233276367,-0.002331398893147707,-0.007993128150701523,-3.158481922582723e-05,0.008326254785060883
lqr,2,3,7,172,0.14,-0.4202820062637329,-0.7955955862998962,0.8591153621673584,2.294576644897461,1.256643295288086,-0.3896152675151825,2.6450018882751465,0.014181137084960938,-0.5576579570770264,0.7884647846221924,-19.275793075561523,-10.625540733337402,19.61026954650879,29.479162216186523,0.01377556100487709,-0.03961511701345444,-0.0023520682007074356,0.04200780391693115
lqr,3,2,60,172,1.2,-2.8146133422851562,2.129622459411621,0.9779800176620483,-0.0007910955464467406,0.00044741504825651646,-1.0238721188216005e-05,0.0009089098894037306,-2.8147621154785156,2.129706859588623,0.9810984134674072,-0.4717732071876526,0.11093158274888992,15.871313095092773,15.878710746765137,-0.00154232163913548,-0.008193712681531906,-4.458814873942174e-05,0.008337725885212421
rl,0,2,48,173,0.96,1.230560064315796,-1.4309121370315552,0.20393028855323792,0.012618526816368103,-0.1116129457950592,-0.9652288556098938,0.9717424511909485,-0.09528481960296631,-2.0929479598999023,0.6976820230484009,-1.8270738124847412,-1.423182487487793,14.732229232788086,14.913155555725098,-0.0022317455150187016,-0.009189006872475147,6.561761256307364e-05,0.009456365369260311
rl,1,2,57,173,1.1400000000000001,1.1374787092208862,0.7600986957550049,0.10636041313409805,-0.15286220610141754,-0.39864787459373474,-0.8561328649520874,0.9566872715950012,0.7108442783355713,-0.0053904056549072266,1.4250974655151367,-1.9584919214248657,-1.4246981143951416,16.17283821105957,16.353168487548828,-0.002002886962145567,-0.011546794325113297,-4.5694439904764295e-05,0.011719304136931896
rl,2,3,8,173,0.16,-1.2439465522766113,-1.2553727626800537,0.9799675941467285,0.019892148673534393,-0.06315436959266663,-0.11904648691415787,0.1362212747335434,0.014181137084960938,-0.5576579570770264,0.7884647846221924,-1.3059265613555908,-0.3086651861667633,16.211978912353516,16.267419815063477,-0.0011501015396788716,-0.008096786215901375,-0.00018994815764017403,0.008180267177522182
rl,3,3,0,173,0.0,-1.249975562095642,1.2500896453857422,0.999985933303833,0.0024449722841382027,0.008975066244602203,-0.0014064139686524868,0.00940785277634859,-0.7153472900390625,1.4619464874267578,1.0863325595855713,0.3957420587539673,1.4524940252304077,15.65095329284668,15.723189353942871,-0.002140142722055316,-0.0077679152600467205,6.195902824401855e-05,0.008057577535510063
lqr,0,2,48,173,0.96,-0.0944615826010704,-2.0924317836761475,0.6947484016418457,-0.004351306706666946,-0.0027249930426478386,-0.0009865048341453075,0.005228063557296991,-0.09528481960296631,-2.0929479598999023,0.6976820230484009,-0.32059627771377563,0.08740732073783875,15.88363265991211,15.887107849121094,-0.0019719498232007027,-0.007668931968510151,-7.271715276147006e-06,0.007918406277894974
lqr,1,2,57,173,1.1400000000000001,0.7109272480010986,-0.005199111998081207,1.421912670135498,-0.00043431157246232033,-0.0010094238677993417,0.00034097288153134286,0.0011505762813612819,0.7108442783355713,-0.0053904056549072266,1.4250974655151367,-0.36813241243362427,0.1379212737083435,15.870743751525879,15.875611305236816,-0.002290403936058283,-0.00800531916320324,-3.118760650977492e-05,0.00832658726722002
lqr,2,3,8,173,0.16,-0.35812267661094666,-0.7615535855293274,0.8485609292984009,1.966301441192627,1.0768622159957886,-0.3338744342327118,2.2665934562683105,0.014181137084960938,-0.5576579570770264,0.7884647846221924,-16.531421661376953,-9.09747314453125,19.029651641845703,26.798871994018555,0.014097246341407299,-0.0393802709877491,-0.00341638270765543,0.041966769844293594
lqr,3,3,0,173,0.0,-1.2376797199249268,1.2548840045928955,1.0019166469573975,1.23201322555542,0.48841148614883423,0.19167368113994598,1.3390822410583496,-0.7153472900390625,1.4619464874267578,1.0863325595855713,199.38308715820312,79.03924560546875,46.91020202636719,219.5481414794922,-0.0,-0.0,-0.0,0.0
rl,0,2,49,174,0.98,1.2307978868484497,-1.4341038465499878,0.1743389219045639,0.005591619294136763,-0.10376313328742981,-0.9969540238380432,1.0023549795150757,-0.09528481960296631,-2.0929479598999023,0.6976820230484009,-0.7018612623214722,0.49856653809547424,14.152164459228516,14.178326606750488,-0.0016757402336224914,-0.009744752198457718,-7.392535189865157e-05,0.009888061322271824
rl,1,3,0,174,0.0,1.2500414848327637,1.2500075101852417,0.9998973608016968,0.004155867733061314,0.0007646590238437057,-0.010267850942909718,0.011103364638984203,2.2103633880615234,1.4553301334381104,0.8687673807144165,0.6722979545593262,0.12372150272130966,14.216757774353027,14.233181953430176,-0.0013862012419849634,-0.011020955629646778,-0.00016319111455231905,0.011108988896012306
rl,2,3,9,174,0.18,-1.2433958053588867,-1.2578234672546387,0.9754089117050171,0.01759706437587738,-0.09096035361289978,-0.16841590404510498,0.19221696257591248,0.014181137084960938,-0.5576579570770264,0.7884647846221924,-0.1635640263557434,-1.4948879480361938,13.2151517868042,13.300439834594727,-0.0009309179149568081,-0.008708134293556213,-0.0002526624593883753,0.008761395700275898
rl,3,3,1,174,0.02,-1.2500624656677246,1.2498029470443726,0.9997656345367432,-0.005578514188528061,-0.01882844790816307,-0.010322029702365398,0.022185008972883224,-0.7153472900390625,1.4619464874267578,1.0863325595855713,-0.4328213334083557,-1.499941349029541,15.397355079650879,15.47629451751709,-0.000224367729970254,-0.0013966307742521167,-1.1544327207957394e-05,0.001414585392922163
lqr,0,2,49,174,0.98,-0.09457941353321075,-2.09250545501709,0.6947216987609863,-0.0037290402688086033,-0.002335245255380869,-0.0008448915905319154,0.004480285104364157,-0.09528481960296631,-2.0929479598999023,0.6976820230484009,-0.3330734670162201,0.08594004064798355,15.882166862487793,15.88589096069336,-0.0019980145152658224,-0.007681719958782196,-1.6759389836806804e-05,0.007937327027320862
lqr,1,3,0,174,0.0,1.2721296548843384,1.2547314167022705,0.996903657913208,2.2129788398742676,0.473145067691803,-0.3096298575401306,2.2840781211853027,2.2103633880615234,1.4553301334381104,0.8687673807144165,358.139404296875,76.57186889648438,-34.224365234375,367.8293151855469,-0.0,-0.0,-0.0,0.0
lqr,2,3,9,174,0.18,-0.3048563301563263,-0.7323819398880005,0.8395165205001831,1.6849833726882935,0.9227981567382812,-0.2861074209213257,1.94231379032135,0.014181137084960938,-0.5576579570770264,0.7884647846221924,-14.181085586547852,-7.788125038146973,18.540170669555664,24.606828689575195,0.013408304192125797,-0.0373845137655735,-0.004014314617961645,0.03991865739226341
lqr,3,3,1,174,0.02,-1.1763412952423096,1.2792004346847534,1.0114622116088867,2.1933493614196777,0.8695011138916016,0.3413706421852112,2.383977174758911,-0.7153472900390625,1.4619464874267578,1.0863325595855713,14.492599487304688,5.750795364379883,18.06633949279785,23.864192962646484,-0.027426263317465782,0.06570181995630264,0.007823208346962929,0.07162493467330933
rl,0,2,50,175,1.0,1.2312592267990112,-1.4367581605911255,0.1445549875497818,0.02028348296880722,-0.08082637190818787,-0.9907200336456299,0.9942185282707214,-0.09528481960296631,-2.0929479598999023,0.6976820230484009,0.41407114267349243,1.325232744216919,16.22210693359375,16.281414031982422,-0.0023628093767911196,-0.009355352260172367,1.9825629351544194e-05,0.009649138897657394
rl,1,3,1,175,0.02,1.2507115602493286,1.2494745254516602,0.999208927154541,0.031422827392816544,-0.027039101347327232,-0.029283571988344193,0.05075465142726898,2.2103633880615234,1.4553301334381104,0.8687673807144165,1.4716989994049072,-1.49997878074646,14.852468490600586,15.000388145446777,3.705428389366716e-05,-0.0003765397414099425,-1.9617669750005007e-05,0.000378866825485602
rl,2,3,10,175,0.2,-1.2431279420852661,-1.2607954740524292,0.9696614146232605,0.004606815055012703,-0.10311926901340485,-0.2031739354133606,0.22789132595062256,0.014181137084960938,-0.5576579570770264,0.7884647846221924,-0.7494329810142517,-0.650132954120636,14.001029968261719,14.036137580871582,-0.0004266117757651955,-0.008335310034453869,-0.0003367962490301579,0.00835301261395216
rl,3,3,2,175,0.04,-1.2502440214157104,1.2489787340164185,0.9986971616744995,-0.006276274099946022,-0.03179969638586044,-0.048258889466524124,0.058133747428655624,-0.7153472900390625,1.4619464874267578,1.0863325595855713,-0.04096432402729988,-0.6997434496879578,13.83167552947998,13.849424362182617,-0.00010794578702189028,-0.0043520755134522915,-0.00015088397776708007,0.00435602804645896
lqr,0,2,50,175,1.0,-0.09468037635087967,-2.0925686359405518,0.6946988105773926,-0.0031957514584064484,-0.0020024816039949656,-0.0007240663398988545,0.0038401864003390074,-0.09528481960296631,-2.0929479598999023,0.6976820230484009,-0.344781756401062,0.0849197506904602,15.880833625793457,15.88480281829834,-0.0020259893499314785,-0.00769494054839015,-2.5198443836416118e-05,0.007957221940159798
lqr,1,3,1,175,0.02,1.3823076486587524,1.2782881259918213,0.9814897179603577,3.9397757053375244,0.8423488736152649,-0.551163375377655,4.066345691680908,2.2103633880615234,1.4553301334381104,0.8687673807144165,26.004085540771484,5.571195602416992,12.058900833129883,29.20047378540039,-0.02511611580848694,0.13119088113307953,0.01012936420738697,0.13395698368549347
lqr,2,3,10,175,0.2,-0.2592109143733978,-0.7073838114738464,0.8317658305168152,1.4439114332199097,0.7907738089561462,-0.24517372250556946,1.6644258499145508,0.014181137084960938,-0.5576579570770264,0.7884647846221924,-12.16817855834961,-6.666658401489258,18.128488540649414,22.828731536865234,0.012211710214614868,-0.034611985087394714,-0.004282334819436073,0.036952048540115356
lqr,3,3,2,175,0.04,-1.1125048398971558,1.3045063018798828,1.0213984251022339,2.0593369007110596,0.8163661360740662,0.3205443322658539,2.238318920135498,-0.7153472900390625,1.4619464874267578,1.0863325595855713,-12.259780883789062,-4.869618892669678,14.046606063842773,19.269731521606445,-0.017797401174902916,0.03642382472753525,0.00619772681966424,0.04101041704416275
rl,0,2,51,176,1.02,1.2320281267166138,-1.4395612478256226,0.1149580329656601,0.028312716633081436,-0.09973810613155365,-0.9844863414764404,0.9899306297302246,-0.09528481960296631,-2.0929479598999023,0.6976820230484009,0.0459202378988266,-0.9296182990074158,16.22612190246582,16.25279426574707,-0.0026451589073985815,-0.009035052731633186,8.17454420030117e-05,0.009414654225111008
rl,1,3,2,176,0.04,1.2510981559753418,1.2486509084701538,0.997343122959137,0.003616678062826395,-0.027656415477395058,-0.0786471888422966,0.08344661444425583,2.2103633880615234,1.4553301334381104,0.8687673807144165,-1.5014207363128662,-0.033472709357738495,13.214838027954102,13.29990005493164,-2.619597398734186e-05,-0.003371236613020301,-0.0001104964831029065,0.0033731486182659864
rl,2,3,11,176,0.22,-1.2424691915512085,-1.2637585401535034,0.9632391929626465,0.030645115301012993,-0.09659026563167572,-0.21952928602695465,0.24178898334503174,0.014181137084960938,-0.5576579570770264,0.7884647846221924,1.345399022102356,0.35880544781684875,15.001506805419922,15.065990447998047,-0.000760126335080713,-0.00802137516438961,-0.00029271404491737485,0.008062625303864479
rl,3,3,3,176,0.06,-1.249906301498413,1.24760103225708,0.9973741173744202,0.02003665082156658,-0.05297842249274254,-0.042024753987789154,0.07052844017744064,-0.7153472900390625,1.4619464874267578,1.0863325595855713,1.4105550050735474,-1.1422711610794067,16.215768814086914,16.317033767700195,-0.0002511355560272932,-0.005455206613987684,-0.00019657579832710326,0.005464521236717701
lqr,0,2,51,176,1.02,-0.09476690739393234,-2.0926225185394287,0.6946792006492615,-0.002738765673711896,-0.0017170851351693273,-0.0006200882489793003,0.003291463013738394,-0.09528481960296631,-2.0929479598999023,0.6976820230484009,-0.3558386266231537,0.08443224430084229,15.879753112792969,15.883963584899902,-0.002055562101304531,-0.0077088563703000546,-3.26881927321665e-05,0.00797827448695898
lqr,1,3,2,176,0.04,1.4969723224639893,1.3028041124343872,0.9654487371444702,3.6990692615509033,0.7908838987350464,-0.5174751877784729,3.817903995513916,2.2103633880615234,1.4553301334381104,0.8687673807144165,-21.937604904174805,-4.719732761383057,19.279741287231445,29.584503173828125,-0.01655224710702896,0.07551117241382599,0.007991530001163483,0.07771601527929306
lqr,2,3,11,176,0.22,-0.22009600698947906,-0.6859622001647949,0.825124204158783,1.2373284101486206,0.677638590335846,-0.21009577810764313,1.4262944459915161,0.014181137084960938,-0.5576579570770264,0.7884647846221924,-10.443916320800781,-5.705917835235596,17.782373428344727,21.397329330444336,0.010804870165884495,-0.03160909190773964,-0.0043220240622758865,0.033683229237794876
lqr,3,3,3,176,0.06,-1.0560195446014404,1.3268979787826538,1.0301905870437622,1.7931458950042725,0.7108396291732788,0.2791067063808441,1.9489909410476685,-0.7153472900390625,1.4619464874267578,1.0863325595855713,-14.385528564453125,-5.715158462524414,13.748285293579102,20.703184127807617,-0.008142503909766674,0.009709224104881287,0.0038680494762957096,0.013248818926513195
